producto_id,tienda_id,fecha,stock_actual,stock_minimo,stock_seguridad,unidades_vendidas,unidades_recibidas
2766,1,2024-09-15,52,20,8,5,0
3587,1,2024-09-15,71,30,12,48,0
2656,1,2024-09-15,39,20,8,5,100
2068,1,2024-09-15,89,20,8,5,0
2493,1,2024-09-15,71,30,12,6,100
2731,1,2024-09-15,229,50,20,29,0
2063,1,2024-09-15,274,75,30,3,0
2225,1,2024-09-15,130,30,12,1,100
2153,1,2024-09-15,112,30,12,14,0
3586,1,2024-09-15,55,40,16,53,0
2239,1,2024-09-15,196,50,20,9,0
2363,1,2024-09-15,230,75,30,2,300
3598,1,2024-09-15,159,50,20,0,0
3113,1,2024-09-15,175,50,20,0,0
2771,1,2024-09-15,170,50,20,31,50
3740,1,2024-09-15,38,30,12,18,0
2372,1,2024-09-15,30,30,12,3,0
2723,1,2024-09-15,212,50,20,5,0
3764,1,2024-09-15,82,30,12,7,300
2070,1,2024-09-15,285,75,30,20,0
2042,1,2024-09-15,0,40,16,0,0
2546,1,2024-09-15,49,30,12,7,0
3277,1,2024-09-15,320,100,40,1,0
2311,1,2024-09-15,103,30,12,42,0
2171,1,2024-09-15,139,30,12,8,0
2525,1,2024-09-15,123,40,16,1,0
3662,1,2024-09-15,119,40,16,41,0
2440,1,2024-09-15,50,30,12,3,50
2495,1,2024-09-15,51,30,12,5,0
3430,1,2024-09-15,71,20,8,6,0
2606,1,2024-09-15,0,30,12,4,0
3724,1,2024-09-15,90,30,12,11,0
2538,1,2024-09-15,28,30,12,41,0
2060,1,2024-09-15,134,30,12,20,300
2214,1,2024-09-15,174,75,30,30,0
2802,1,2024-09-15,138,30,12,14,0
2696,1,2024-09-15,311,50,20,13,0
3717,1,2024-09-15,180,50,20,28,0
3513,1,2024-09-15,87,20,8,2,150
2195,1,2024-09-15,123,30,12,14,0
3085,1,2024-09-15,139,40,16,11,200
3532,1,2024-09-15,81,40,16,13,0
2150,1,2024-09-15,98,20,8,3,0
3795,1,2024-09-15,100,50,20,19,150
3293,1,2024-09-15,38,30,12,1,0
2777,1,2024-09-15,35,30,12,17,0
3261,1,2024-09-15,83,40,16,12,0
3554,1,2024-09-15,26,30,12,0,0
3603,1,2024-09-15,114,30,12,2,0
3640,1,2024-09-15,26,20,8,12,0
3457,1,2024-09-15,21,30,12,2,0
2387,1,2024-09-15,162,40,16,2,0
3218,1,2024-09-15,312,100,40,1,0
2338,1,2024-09-15,199,50,20,19,0
2545,1,2024-09-15,198,40,16,29,0
2065,1,2024-09-15,216,50,20,46,0
2785,1,2024-09-15,92,40,16,45,0
2340,1,2024-09-15,110,30,12,22,300
2909,1,2024-09-15,29,50,20,1,0
2080,1,2024-09-15,0,50,20,12,0
3463,1,2024-09-15,88,30,12,16,0
2957,1,2024-09-15,150,40,16,50,0
3758,1,2024-09-15,20,30,12,15,0
3188,1,2024-09-15,108,40,16,34,0
3687,1,2024-09-15,113,50,20,2,0
3056,1,2024-09-15,97,40,16,0,0
2528,1,2024-09-15,197,75,30,39,0
2093,1,2024-09-15,283,100,40,2,0
3366,1,2024-09-15,55,20,8,41,0
3487,1,2024-09-15,83,20,8,9,0
2326,1,2024-09-15,59,50,20,13,0
2719,1,2024-09-15,267,100,40,11,50
3619,1,2024-09-15,358,75,30,38,0
2206,1,2024-09-15,85,20,8,15,0
2327,1,2024-09-15,135,40,16,1,0
2689,1,2024-09-15,0,40,16,50,0
3480,1,2024-09-15,92,40,16,19,0
2272,1,2024-09-15,87,40,16,9,0
3251,1,2024-09-15,35,20,8,8,0
3747,1,2024-09-15,159,40,16,5,0
2552,1,2024-09-15,50,20,8,22,0
2797,1,2024-09-15,101,30,12,20,0
2083,1,2024-09-15,96,50,20,1,0
2054,1,2024-09-15,85,20,8,45,0
3768,1,2024-09-15,93,30,12,15,0
3216,1,2024-09-15,4,40,16,9,100
2132,1,2024-09-15,146,40,16,1,0
2998,1,2024-09-15,58,20,8,14,0
3253,1,2024-09-15,88,30,12,2,0
2458,1,2024-09-15,92,20,8,1,0
2919,1,2024-09-15,151,50,20,21,0
3204,1,2024-09-15,109,50,20,35,50
2942,1,2024-09-15,117,40,16,12,300
3075,1,2024-09-15,106,20,8,1,150
2576,1,2024-09-15,105,50,20,2,0
2392,1,2024-09-15,156,50,20,6,0
3660,1,2024-09-15,151,40,16,12,100
2794,1,2024-09-15,112,30,12,48,0
3436,1,2024-09-15,44,50,20,19,0
3055,1,2024-09-15,37,30,12,30,0
2075,1,2024-09-15,41,20,8,40,0
3178,1,2024-09-15,72,20,8,99,0
2039,1,2024-09-15,64,20,8,25,100
2773,1,2024-09-15,309,75,30,5,0
3823,1,2024-09-15,0,30,12,16,0
2345,1,2024-09-15,76,30,12,31,0
2753,1,2024-09-15,20,30,12,28,0
2776,1,2024-09-15,126,50,20,7,0
2518,1,2024-09-15,87,50,20,5,0
2717,1,2024-09-15,56,30,12,0,0
2510,1,2024-09-15,4,30,12,1,0
2403,1,2024-09-15,158,100,40,4,0
2045,1,2024-09-15,123,30,12,6,0
3748,1,2024-09-15,103,20,8,67,0
2265,1,2024-09-15,60,20,8,8,0
3771,1,2024-09-15,79,30,12,3,0
2428,1,2024-09-15,76,20,8,7,200
2904,1,2024-09-15,611,100,40,2,0
2789,1,2024-09-15,91,20,8,12,0
3803,1,2024-09-15,137,40,16,10,0
2305,1,2024-09-15,88,30,12,15,100
3282,1,2024-09-15,112,50,20,15,0
3005,1,2024-09-15,78,30,12,40,0
2605,1,2024-09-15,101,30,12,7,0
2077,1,2024-09-15,129,20,8,45,0
2001,1,2024-09-15,196,30,12,19,0
2479,1,2024-09-15,231,75,30,7,300
3596,1,2024-09-15,176,75,30,1,0
3409,1,2024-09-15,169,50,20,36,0
2107,1,2024-09-15,87,40,16,9,0
2125,1,2024-09-15,179,40,16,30,0
3597,1,2024-09-15,52,20,8,11,0
2670,1,2024-09-15,106,30,12,12,0
2530,1,2024-09-15,82,20,8,13,0
2233,1,2024-09-15,111,50,20,6,50
3776,1,2024-09-15,97,40,16,11,0
3033,1,2024-09-15,99,30,12,5,0
2177,1,2024-09-15,46,30,12,13,0
3420,1,2024-09-15,143,50,20,2,0
2288,1,2024-09-15,129,40,16,4,0
2155,1,2024-09-15,448,100,40,14,0
3514,1,2024-09-15,199,40,16,12,0
3616,1,2024-09-15,25,50,20,23,0
2508,1,2024-09-15,151,40,16,8,0
2127,1,2024-09-15,108,20,8,12,0
3788,1,2024-09-15,53,20,8,60,0
2213,1,2024-09-15,182,50,20,3,0
3386,1,2024-09-15,176,40,16,8,0
3654,1,2024-09-15,109,40,16,0,0
2216,1,2024-09-15,0,30,12,6,0
3839,1,2024-09-15,258,100,40,17,0
2020,1,2024-09-15,124,40,16,3,0
3300,1,2024-09-15,181,40,16,12,0
2688,1,2024-09-15,88,30,12,0,0
2847,1,2024-09-15,163,40,16,26,0
2341,1,2024-09-15,97,30,12,1,0
2762,1,2024-09-15,257,40,16,2,0
3262,1,2024-09-15,79,20,8,27,0
3649,1,2024-09-15,185,40,16,25,0
3577,1,2024-09-15,174,40,16,15,0
2844,1,2024-09-15,50,30,12,8,0
3571,1,2024-09-15,193,40,16,14,0
2943,1,2024-09-15,92,30,12,30,0
2024,1,2024-09-15,126,20,8,10,0
3841,1,2024-09-15,151,100,40,1,0
3613,1,2024-09-15,112,50,20,9,0
2939,1,2024-09-15,86,30,12,4,0
3020,1,2024-09-15,44,30,12,0,0
3280,1,2024-09-15,172,50,20,3,0
2729,1,2024-09-15,4,20,8,7,50
3706,1,2024-09-15,177,40,16,2,0
3702,1,2024-09-15,60,30,12,4,0
2422,1,2024-09-15,94,50,20,9,0
3250,1,2024-09-15,174,40,16,14,0
2558,1,2024-09-15,96,30,12,2,0
2330,1,2024-09-15,177,50,20,4,0
2598,1,2024-09-15,151,50,20,32,0
2934,1,2024-09-15,175,30,12,14,0
2744,1,2024-09-15,53,20,8,24,0
2413,1,2024-09-15,31,40,16,126,0
2966,1,2024-09-15,142,40,16,1,0
3838,1,2024-09-15,18,20,8,7,0
2743,1,2024-09-15,178,50,20,2,0
2780,1,2024-09-15,141,30,12,20,0
2676,1,2024-09-15,23,30,12,4,0
3629,1,2024-09-15,421,100,40,2,0
3107,1,2024-09-15,207,50,20,9,0
2526,1,2024-09-15,206,40,16,5,0
3110,1,2024-09-15,85,40,16,11,0
2742,1,2024-09-15,36,20,8,3,0
3162,1,2024-09-15,34,50,20,9,0
3560,1,2024-09-15,61,40,16,1,0
2201,1,2024-09-15,244,50,20,48,0
2514,1,2024-09-15,207,50,20,0,0
2022,1,2024-09-15,107,50,20,7,0
2768,1,2024-09-15,0,75,30,9,300
3550,1,2024-09-15,77,40,16,10,0
3515,1,2024-09-15,315,75,30,4,0
2241,1,2024-09-15,54,40,16,14,0
2160,1,2024-09-15,168,50,20,21,100
3086,1,2024-09-15,263,75,30,35,0
3600,1,2024-09-15,23,20,8,14,0
2561,1,2024-09-15,219,100,40,10,0
2913,1,2024-09-15,129,50,20,42,0
2141,1,2024-09-15,83,30,12,44,0
3622,1,2024-09-15,58,30,12,5,50
2085,1,2024-09-15,113,50,20,7,0
2550,1,2024-09-15,234,50,20,2,50
2834,1,2024-09-15,85,40,16,3,300
3488,1,2024-09-15,100,40,16,4,300
2757,1,2024-09-15,130,30,12,12,0
2611,1,2024-09-15,154,50,20,5,0
3553,1,2024-09-15,93,20,8,9,0
3382,1,2024-09-15,82,40,16,1,0
3105,1,2024-09-15,109,40,16,2,150
2940,1,2024-09-15,372,75,30,21,0
3139,1,2024-09-15,59,20,8,4,0
3071,1,2024-09-15,1,30,12,8,0
3333,1,2024-09-15,68,40,16,0,0
3572,1,2024-09-15,100,20,8,17,0
2228,1,2024-09-15,110,50,20,17,0
2033,1,2024-09-15,209,100,40,9,100
3421,1,2024-09-15,61,75,30,26,0
2396,1,2024-09-15,128,40,16,1,0
2788,1,2024-09-15,56,20,8,59,0
2207,1,2024-09-15,120,40,16,28,0
2809,1,2024-09-15,180,40,16,36,0
2623,1,2024-09-15,47,30,12,3,150
2028,1,2024-09-15,111,40,16,0,0
2170,1,2024-09-15,182,50,20,0,300
3719,1,2024-09-15,152,50,20,4,0
3461,1,2024-09-15,16,20,8,3,0
2103,1,2024-09-15,108,50,20,16,0
2573,1,2024-09-15,466,100,40,2,0
2192,1,2024-09-15,208,40,16,17,0
3509,1,2024-09-15,128,30,12,6,0
3521,1,2024-09-15,117,30,12,15,0
2725,1,2024-09-15,348,50,20,8,0
2157,1,2024-09-15,203,50,20,16,0
2309,1,2024-09-15,419,75,30,0,0
3504,1,2024-09-15,165,50,20,22,0
2679,1,2024-09-15,86,50,20,14,0
2188,1,2024-09-15,227,75,30,45,0
2721,1,2024-09-15,88,20,8,30,0
3242,1,2024-09-15,236,75,30,8,0
3537,1,2024-09-15,42,20,8,12,0
3637,1,2024-09-15,193,50,20,1,100
3791,1,2024-09-15,117,30,12,18,0
2799,1,2024-09-15,26,30,12,6,0
2324,1,2024-09-15,115,20,8,11,0
2284,1,2024-09-15,156,30,12,34,0
3531,1,2024-09-15,122,20,8,5,0
2984,1,2024-09-15,197,50,20,16,0
2196,1,2024-09-15,84,30,12,0,0
2101,1,2024-09-15,118,50,20,1,0
3459,1,2024-09-15,35,20,8,1,0
3414,1,2024-09-15,46,20,8,16,0
3316,1,2024-09-15,131,30,12,21,0
3655,1,2024-09-15,61,50,20,2,0
2908,1,2024-09-15,333,75,30,11,150
2874,1,2024-09-15,48,20,8,3,0
2480,1,2024-09-15,109,50,20,1,0
2997,1,2024-09-15,190,50,20,21,0
2711,1,2024-09-15,439,75,30,36,150
2883,1,2024-09-15,18,50,20,23,0
3025,1,2024-09-15,209,40,16,7,50
2448,1,2024-09-15,148,40,16,3,0
2824,1,2024-09-15,58,30,12,8,50
3168,1,2024-09-15,137,40,16,33,0
3558,1,2024-09-15,124,30,12,4,0
3735,1,2024-09-15,73,30,12,2,0
3525,1,2024-09-15,94,20,8,18,50
3014,1,2024-09-15,109,30,12,16,100
2293,1,2024-09-15,272,75,30,9,0
3019,1,2024-09-15,80,30,12,3,0
3575,1,2024-09-15,294,100,40,2,0
2704,1,2024-09-15,101,30,12,2,0
3501,1,2024-09-15,9,40,16,8,0
2466,1,2024-09-15,89,30,12,16,0
2417,1,2024-09-15,150,50,20,67,0
2751,1,2024-09-15,4,40,16,41,0
2567,1,2024-09-15,150,40,16,8,100
3569,1,2024-09-15,43,40,16,4,100
3784,1,2024-09-15,420,100,40,8,0
3324,1,2024-09-15,214,50,20,5,200
2664,1,2024-09-15,69,30,12,7,0
2702,1,2024-09-15,355,75,30,13,150
2856,1,2024-09-15,184,30,12,17,300
2405,1,2024-09-15,90,20,8,28,50
3578,1,2024-09-15,94,20,8,50,0
3464,1,2024-09-15,81,20,8,4,0
2636,1,2024-09-15,108,20,8,3,0
2590,1,2024-09-15,88,75,30,32,150
2359,1,2024-09-15,61,20,8,24,0
2497,1,2024-09-15,272,50,20,12,0
3639,1,2024-09-15,5,20,8,0,0
3102,1,2024-09-15,166,30,12,13,0
3103,1,2024-09-15,84,40,16,2,0
3715,1,2024-09-15,39,30,12,67,300
2900,1,2024-09-15,234,50,20,22,50
2433,1,2024-09-15,123,75,30,14,50
2684,1,2024-09-15,464,100,40,28,200
2123,1,2024-09-15,185,75,30,6,0
2230,1,2024-09-15,84,30,12,1,0
2690,1,2024-09-15,305,75,30,19,0
2052,1,2024-09-15,287,100,40,12,0
2237,1,2024-09-15,122,30,12,19,0
2926,1,2024-09-15,21,30,12,13,0
2056,1,2024-09-15,57,20,8,17,0
2445,1,2024-09-15,156,50,20,0,0
2124,1,2024-09-15,237,75,30,7,0
2983,1,2024-09-15,85,50,20,1,0
3062,1,2024-09-15,528,75,30,3,0
3221,1,2024-09-15,264,75,30,9,0
2222,1,2024-09-15,134,40,16,8,0
3126,1,2024-09-15,78,20,8,31,0
3278,1,2024-09-15,57,30,12,6,0
2857,1,2024-09-15,308,40,16,26,0
2600,1,2024-09-15,34,30,12,14,0
2718,1,2024-09-15,284,50,20,0,0
3274,1,2024-09-15,231,50,20,3,0
3310,1,2024-09-15,38,40,16,2,150
2442,1,2024-09-15,57,30,12,0,100
3627,1,2024-09-15,31,20,8,4,0
3518,1,2024-09-15,89,30,12,16,0
2994,1,2024-09-15,154,50,20,19,0
2618,1,2024-09-15,167,50,20,1,0
3526,1,2024-09-15,119,30,12,9,0
3016,1,2024-09-15,54,20,8,1,0
2432,1,2024-09-15,23,40,16,20,0
2898,1,2024-09-15,117,40,16,37,0
3027,1,2024-09-15,103,40,16,30,0
2450,1,2024-09-15,135,50,20,2,0
2527,1,2024-09-15,64,20,8,6,0
2905,1,2024-09-15,22,20,8,0,0
3059,1,2024-09-15,15,40,16,1,0
2219,1,2024-09-15,99,30,12,0,0
3040,1,2024-09-15,130,20,8,15,0
2069,1,2024-09-15,61,30,12,21,0
2268,1,2024-09-15,74,40,16,26,0
2310,1,2024-09-15,118,40,16,8,0
2976,1,2024-09-15,69,30,12,6,0
2892,1,2024-09-15,42,50,20,5,0
3385,1,2024-09-15,140,40,16,0,50
2602,1,2024-09-15,248,100,40,42,0
3584,1,2024-09-15,91,20,8,19,0
3111,1,2024-09-15,178,50,20,17,100
2040,1,2024-09-15,83,30,12,14,0
2312,1,2024-09-15,-4,100,40,2,0
3692,1,2024-09-15,26,50,20,7,0
2443,1,2024-09-15,114,50,20,13,0
3099,1,2024-09-15,150,40,16,1,0
2726,1,2024-09-15,107,30,12,9,0
3539,1,2024-09-15,203,50,20,4,0
2119,1,2024-09-15,83,50,20,2,100
3721,1,2024-09-15,159,40,16,14,0
3523,1,2024-09-15,86,30,12,9,150
3671,1,2024-09-15,43,30,12,25,0
2006,1,2024-09-15,116,30,12,20,0
3709,1,2024-09-15,91,40,16,5,150
3551,1,2024-09-15,172,100,40,44,0
3100,1,2024-09-15,326,75,30,3,0
2829,1,2024-09-15,64,30,12,27,0
3279,1,2024-09-15,137,75,30,4,0
2468,1,2024-09-15,251,100,40,30,0
3306,1,2024-09-15,222,40,16,4,0
2620,1,2024-09-15,221,100,40,19,0
3131,1,2024-09-15,25,40,16,34,0
3150,1,2024-09-15,60,30,12,11,0
3151,1,2024-09-15,69,30,12,0,0
2303,1,2024-09-15,83,50,20,25,50
3678,1,2024-09-15,136,40,16,51,0
2215,1,2024-09-15,307,100,40,26,100
3202,1,2024-09-15,71,30,12,4,0
2113,1,2024-09-15,203,50,20,22,0
3013,1,2024-09-15,182,50,20,3,0
3605,1,2024-09-15,193,40,16,13,100
2008,1,2024-09-15,120,40,16,36,0
3048,1,2024-09-15,76,30,12,21,150
3634,1,2024-09-15,186,30,12,4,150
2631,1,2024-09-15,94,20,8,53,0
2685,1,2024-09-15,197,50,20,7,0
2531,1,2024-09-15,23,30,12,2,0
3432,1,2024-09-15,93,50,20,4,0
2494,1,2024-09-15,93,50,20,4,0
2009,1,2024-09-15,120,40,16,10,0
3798,1,2024-09-15,148,40,16,4,0
2193,1,2024-09-15,83,30,12,8,300
2307,1,2024-09-15,101,40,16,2,0
3179,1,2024-09-15,271,75,30,8,0
3136,1,2024-09-15,153,30,12,15,0
2572,1,2024-09-15,28,30,12,11,0
3808,1,2024-09-15,111,30,12,12,100
2295,1,2024-09-15,57,30,12,46,0
3701,1,2024-09-15,57,40,16,1,0
2659,1,2024-09-15,91,30,12,0,0
2314,1,2024-09-15,51,40,16,9,0
2767,1,2024-09-15,90,30,12,15,0
2863,1,2024-09-15,35,30,12,44,0
3555,1,2024-09-15,89,50,20,3,0
3058,1,2024-09-15,36,20,8,5,0
3243,1,2024-09-15,240,50,20,23,0
2005,1,2024-09-15,47,20,8,10,300
3793,1,2024-09-15,332,100,40,1,0
3144,1,2024-09-15,58,40,16,43,0
2202,1,2024-09-15,131,30,12,7,0
2708,1,2024-09-15,59,20,8,15,0
3030,1,2024-09-15,74,30,12,15,0
3404,1,2024-09-15,164,100,40,18,0
2580,1,2024-09-15,0,50,20,39,0
2032,1,2024-09-15,137,30,12,0,0
3097,1,2024-09-15,221,75,30,70,0
3108,1,2024-09-15,84,50,20,15,0
2750,1,2024-09-15,21,20,8,5,0
2906,1,2024-09-15,41,20,8,2,0
3345,1,2024-09-15,109,30,12,35,0
2159,1,2024-09-15,10,20,8,49,0
3581,1,2024-09-15,131,75,30,22,0
2194,1,2024-09-15,57,40,16,15,0
3835,1,2024-09-15,106,30,12,11,0
2047,1,2024-09-15,125,40,16,19,0
2404,1,2024-09-15,117,50,20,41,0
3631,1,2024-09-15,46,20,8,6,0
2914,1,2024-09-15,0,30,12,19,0
2464,1,2024-09-15,273,50,20,14,0
3003,1,2024-09-15,118,50,20,7,0
3272,1,2024-09-15,39,50,20,11,0
3434,1,2024-09-15,94,40,16,24,0
3847,1,2024-09-15,57,30,12,10,0
3424,1,2024-09-15,91,50,20,23,50
2262,1,2024-09-15,229,50,20,8,0
3200,1,2024-09-15,350,75,30,9,0
3326,1,2024-09-15,102,30,12,9,0
3230,1,2024-09-15,72,20,8,10,0
2566,1,2024-09-15,26,40,16,8,0
2358,1,2024-09-15,31,20,8,2,0
2887,1,2024-09-15,27,20,8,20,0
2481,1,2024-09-15,439,100,40,5,0
2740,1,2024-09-15,114,40,16,10,0
2758,1,2024-09-15,116,50,20,23,300
2686,1,2024-09-15,86,20,8,2,150
3659,1,2024-09-15,23,40,16,12,100
3567,1,2024-09-15,95,30,12,45,0
2181,1,2024-09-15,72,30,12,5,0
2511,1,2024-09-15,165,30,12,3,0
2929,1,2024-09-15,195,75,30,35,0
3667,1,2024-09-15,141,30,12,6,0
2981,1,2024-09-15,145,40,16,17,0
2700,1,2024-09-15,94,50,20,0,0
2505,1,2024-09-15,33,20,8,0,100
3541,1,2024-09-15,338,75,30,34,0
2805,1,2024-09-15,133,30,12,4,0
3287,1,2024-09-15,188,40,16,8,0
3288,1,2024-09-15,203,40,16,36,0
2274,1,2024-09-15,66,30,12,50,0
3780,1,2024-09-15,160,50,20,24,0
2832,1,2024-09-15,125,30,12,25,0
3540,1,2024-09-15,206,50,20,7,100
2173,1,2024-09-15,111,40,16,8,0
2271,1,2024-09-15,50,20,8,0,0
2613,1,2024-09-15,51,40,16,13,0
3137,1,2024-09-15,124,40,16,10,0
2339,1,2024-09-15,179,30,12,15,300
3322,1,2024-09-15,143,40,16,3,0
3604,1,2024-09-15,288,50,20,0,0
2163,1,2024-09-15,58,20,8,14,0
2666,1,2024-09-15,114,30,12,41,0
2176,1,2024-09-15,187,30,12,3,0
2848,1,2024-09-15,0,50,20,40,0
3210,1,2024-09-15,208,50,20,0,0
2055,1,2024-09-15,90,50,20,1,0
3352,1,2024-09-15,66,40,16,9,0
3674,1,2024-09-15,24,20,8,12,0
3313,1,2024-09-15,24,20,8,5,0
3138,1,2024-09-15,150,40,16,8,0
2724,1,2024-09-15,280,50,20,15,0
3076,1,2024-09-15,321,50,20,16,0
3636,1,2024-09-15,68,30,12,8,0
3836,1,2024-09-15,94,75,30,17,0
2313,1,2024-09-15,47,30,12,10,0
2822,1,2024-09-15,573,100,40,38,0
2570,1,2024-09-15,121,20,8,0,150
2179,1,2024-09-15,35,20,8,10,0
3083,1,2024-09-15,57,40,16,14,0
3754,1,2024-09-15,51,30,12,14,0
3119,1,2024-09-15,78,30,12,0,0
3128,1,2024-09-15,146,30,12,6,0
3739,1,2024-09-15,25,40,16,23,0
2891,1,2024-09-15,107,30,12,34,0
3246,1,2024-09-15,167,30,12,2,0
2628,1,2024-09-15,48,30,12,22,0
3177,1,2024-09-15,84,30,12,7,100
2234,1,2024-09-15,0,30,12,12,0
3222,1,2024-09-15,302,75,30,32,0
2116,1,2024-09-15,170,50,20,5,0
3646,1,2024-09-15,136,30,12,0,50
3503,1,2024-09-15,218,50,20,33,0
3632,1,2024-09-15,210,40,16,7,0
3805,1,2024-09-15,434,100,40,11,0
3123,1,2024-09-15,208,40,16,44,0
3337,1,2024-09-15,75,50,20,74,50
2231,1,2024-09-15,83,50,20,52,0
2050,1,2024-09-15,254,75,30,2,0
2640,1,2024-09-15,44,40,16,1,0
3726,1,2024-09-15,116,50,20,15,0
3215,1,2024-09-15,25,40,16,3,300
3402,1,2024-09-15,95,30,12,12,0
2148,1,2024-09-15,53,20,8,14,0
2081,1,2024-09-15,155,40,16,7,0
2315,1,2024-09-15,297,100,40,15,50
2232,1,2024-09-15,119,40,16,5,0
2964,1,2024-09-15,110,50,20,2,0
3234,1,2024-09-15,89,75,30,21,0
2013,1,2024-09-15,157,40,16,7,150
2111,1,2024-09-15,96,30,12,3,0
2439,1,2024-09-15,112,30,12,5,0
3191,1,2024-09-15,151,30,12,8,0
2351,1,2024-09-15,190,40,16,24,50
3271,1,2024-09-15,80,30,12,10,150
3072,1,2024-09-15,94,30,12,2,150
2760,1,2024-09-15,158,30,12,14,200
3794,1,2024-09-15,73,30,12,20,0
3264,1,2024-09-15,131,40,16,10,0
3505,1,2024-09-15,0,40,16,0,0
3679,1,2024-09-15,24,20,8,10,0
2461,1,2024-09-15,80,30,12,18,200
2819,1,2024-09-15,64,30,12,0,100
2665,1,2024-09-15,269,50,20,40,0
3759,1,2024-09-15,117,30,12,15,0
2371,1,2024-09-15,43,20,8,23,0
2221,1,2024-09-15,32,50,20,2,0
2915,1,2024-09-15,215,75,30,49,100
2318,1,2024-09-15,203,50,20,5,0
3708,1,2024-09-15,157,40,16,16,50
3255,1,2024-09-15,66,20,8,2,100
2254,1,2024-09-15,0,50,20,15,100
2982,1,2024-09-15,69,30,12,5,300
2316,1,2024-09-15,97,30,12,2,0
3334,1,2024-09-15,149,40,16,16,0
3182,1,2024-09-15,116,30,12,2,0
2818,1,2024-09-15,124,40,16,6,0
3493,1,2024-09-15,87,50,20,34,0
2681,1,2024-09-15,150,40,16,2,0
2880,1,2024-09-15,156,40,16,29,0
2400,1,2024-09-15,47,20,8,18,0
3238,1,2024-09-15,286,100,40,22,0
3753,1,2024-09-15,80,20,8,8,0
2594,1,2024-09-15,99,50,20,87,0
2585,1,2024-09-15,31,40,16,10,0
2482,1,2024-09-15,189,50,20,22,0
2058,1,2024-09-15,99,20,8,9,0
3164,1,2024-09-15,38,20,8,11,0
2961,1,2024-09-15,77,20,8,1,0
3399,1,2024-09-15,175,50,20,1,0
2584,1,2024-09-15,88,50,20,3,0
2968,1,2024-09-15,61,30,12,5,0
2002,1,2024-09-15,65,30,12,5,0
3273,1,2024-09-15,112,40,16,0,0
3628,1,2024-09-15,134,40,16,4,0
3429,1,2024-09-15,152,30,12,21,0
2960,1,2024-09-15,59,20,8,6,0
3364,1,2024-09-15,93,30,12,10,0
3552,1,2024-09-15,121,75,30,0,0
2761,1,2024-09-15,54,20,8,2,0
2589,1,2024-09-15,109,30,12,6,0
2963,1,2024-09-15,273,75,30,5,50
3433,1,2024-09-15,100,100,40,13,200
2783,1,2024-09-15,28,50,20,6,0
3423,1,2024-09-15,115,20,8,2,0
2352,1,2024-09-15,70,20,8,0,0
3680,1,2024-09-15,115,40,16,48,0
2639,1,2024-09-15,128,30,12,18,0
3663,1,2024-09-15,161,50,20,5,0
2322,1,2024-09-15,187,40,16,37,150
3176,1,2024-09-15,72,20,8,38,0
2246,1,2024-09-15,122,30,12,0,0
2444,1,2024-09-15,24,20,8,9,50
3012,1,2024-09-15,33,20,8,2,0
2419,1,2024-09-15,53,50,20,38,0
3698,1,2024-09-15,186,50,20,6,0
2814,1,2024-09-15,230,50,20,34,0
2261,1,2024-09-15,256,40,16,23,0
2118,1,2024-09-15,186,50,20,13,200
2995,1,2024-09-15,98,20,8,19,150
2669,1,2024-09-15,97,20,8,16,0
2504,1,2024-09-15,168,40,16,4,0
3579,1,2024-09-15,79,20,8,36,0
2556,1,2024-09-15,77,50,20,25,0
2722,1,2024-09-15,255,75,30,5,0
2695,1,2024-09-15,93,100,40,8,0
3796,1,2024-09-15,209,40,16,0,0
3415,1,2024-09-15,79,30,12,12,0
2115,1,2024-09-15,112,75,30,0,0
3447,1,2024-09-15,203,50,20,11,100
2927,1,2024-09-15,82,50,20,14,0
3010,1,2024-09-15,127,30,12,5,50
3519,1,2024-09-15,39,40,16,2,0
2895,1,2024-09-15,54,30,12,12,0
2211,1,2024-09-15,162,40,16,7,0
2186,1,2024-09-15,126,30,12,3,0
3712,1,2024-09-15,139,50,20,45,0
2304,1,2024-09-15,37,20,8,33,0
3080,1,2024-09-15,0,75,30,11,0
2117,1,2024-09-15,31,40,16,9,0
3453,1,2024-09-15,29,50,20,49,0
2478,1,2024-09-15,135,50,20,4,0
3039,1,2024-09-15,70,30,12,18,0
2447,1,2024-09-15,127,40,16,22,0
3751,1,2024-09-15,113,30,12,9,0
2378,1,2024-09-15,42,30,12,0,0
2917,1,2024-09-15,167,50,20,13,0
2747,1,2024-09-15,203,50,20,35,0
3657,1,2024-09-15,165,40,16,22,100
2078,1,2024-09-15,90,50,20,13,0
3351,1,2024-09-15,122,30,12,28,0
2168,1,2024-09-15,95,30,12,3,0
3009,1,2024-09-15,127,50,20,1,0
3458,1,2024-09-15,45,30,12,19,0
2896,1,2024-09-15,176,50,20,1,0
2156,1,2024-09-15,488,100,40,22,0
2053,1,2024-09-15,82,30,12,2,0
2855,1,2024-09-15,51,30,12,15,0
2778,1,2024-09-15,150,40,16,4,300
3398,1,2024-09-15,15,30,12,8,0
2547,1,2024-09-15,70,20,8,7,200
3063,1,2024-09-15,64,20,8,71,50
2073,1,2024-09-15,56,30,12,8,0
2705,1,2024-09-15,352,75,30,14,0
3755,1,2024-09-15,132,50,20,12,0
3024,1,2024-09-15,72,20,8,6,0
3133,1,2024-09-15,143,40,16,1,0
2619,1,2024-09-15,85,20,8,4,0
3781,1,2024-09-15,64,30,12,4,0
2334,1,2024-09-15,203,40,16,16,0
2370,1,2024-09-15,58,30,12,36,0
2539,1,2024-09-15,137,40,16,14,0
2373,1,2024-09-15,158,50,20,37,0
2958,1,2024-09-15,152,40,16,1,0
3147,1,2024-09-15,44,30,12,15,0
3778,1,2024-09-15,67,30,12,9,0
2051,1,2024-09-15,128,40,16,20,150
2990,1,2024-09-15,142,40,16,48,0
2473,1,2024-09-15,29,20,8,9,200
2306,1,2024-09-15,83,40,16,4,0
2935,1,2024-09-15,94,30,12,5,0
2290,1,2024-09-15,47,30,12,10,0
2120,1,2024-09-15,167,40,16,16,0
3813,1,2024-09-15,104,50,20,6,0
3372,1,2024-09-15,569,100,40,47,0
2578,1,2024-09-15,198,40,16,9,50
2953,1,2024-09-15,35,20,8,13,200
2106,1,2024-09-15,132,30,12,3,0
3474,1,2024-09-15,109,30,12,17,50
2126,1,2024-09-15,57,50,20,19,0
2012,1,2024-09-15,123,20,8,0,0
3804,1,2024-09-15,71,30,12,15,0
3673,1,2024-09-15,52,50,20,60,0
2716,1,2024-09-15,25,20,8,13,0
2787,1,2024-09-15,173,40,16,31,0
3141,1,2024-09-15,111,50,20,45,0
3475,1,2024-09-15,144,40,16,1,0
2859,1,2024-09-15,172,30,12,11,0
3303,1,2024-09-15,199,40,16,9,0
2595,1,2024-09-15,166,50,20,4,100
3449,1,2024-09-15,0,30,12,14,0
2540,1,2024-09-15,155,50,20,18,100
2820,1,2024-09-15,49,20,8,0,0
3625,1,2024-09-15,88,50,20,0,0
3563,1,2024-09-15,154,100,40,1,0
3349,1,2024-09-15,63,20,8,13,0
2986,1,2024-09-15,93,50,20,22,50
3775,1,2024-09-15,83,40,16,22,0
2592,1,2024-09-15,26,30,12,13,0
3394,1,2024-09-15,51,20,8,5,0
2095,1,2024-09-15,91,40,16,2,150
2367,1,2024-09-15,138,75,30,8,0
2368,1,2024-09-15,49,20,8,7,0
3606,1,2024-09-15,57,40,16,9,100
2738,1,2024-09-15,41,20,8,7,0
3497,1,2024-09-15,210,100,40,68,0
3643,1,2024-09-15,72,30,12,2,0
2337,1,2024-09-15,59,50,20,3,0
2260,1,2024-09-15,99,40,16,15,0
2349,1,2024-09-15,345,75,30,7,0
3760,1,2024-09-15,310,75,30,13,0
3172,1,2024-09-15,99,40,16,11,0
3472,1,2024-09-15,276,40,16,6,50
2683,1,2024-09-15,111,40,16,6,0
3023,1,2024-09-15,101,50,20,12,0
2674,1,2024-09-15,95,20,8,15,300
3327,1,2024-09-15,152,30,12,23,0
3500,1,2024-09-15,176,75,30,0,200
3074,1,2024-09-15,103,30,12,7,50
2827,1,2024-09-15,179,40,16,9,0
3174,1,2024-09-15,128,40,16,16,0
2652,1,2024-09-15,237,50,20,5,0
2506,1,2024-09-15,89,40,16,0,0
2088,1,2024-09-15,169,75,30,59,0
2411,1,2024-09-15,82,30,12,13,0
3450,1,2024-09-15,7,40,16,8,0
2642,1,2024-09-15,57,20,8,12,0
2945,1,2024-09-15,53,20,8,1,0
2831,1,2024-09-15,93,50,20,10,200
2512,1,2024-09-15,111,40,16,8,0
3167,1,2024-09-15,119,50,20,22,0
2882,1,2024-09-15,3,20,8,6,200
2038,1,2024-09-15,61,30,12,11,0
2870,1,2024-09-15,156,40,16,0,0
3534,1,2024-09-15,31,20,8,13,0
3446,1,2024-09-15,228,50,20,8,0
3543,1,2024-09-15,59,20,8,7,0
2902,1,2024-09-15,85,40,16,24,0
2536,1,2024-09-15,33,40,16,6,0
3510,1,2024-09-15,24,50,20,17,0
2971,1,2024-09-15,49,20,8,3,0
2849,1,2024-09-15,158,50,20,10,0
3664,1,2024-09-15,28,40,16,5,50
3574,1,2024-09-15,211,40,16,6,0
3158,1,2024-09-15,86,30,12,3,100
3160,1,2024-09-15,117,40,16,4,0
2017,1,2024-09-15,150,30,12,6,200
2048,1,2024-09-15,0,50,20,28,0
3356,1,2024-09-15,91,40,16,0,100
2941,1,2024-09-15,87,20,8,18,0
3800,1,2024-09-15,294,75,30,1,0
2251,1,2024-09-15,302,50,20,62,200
2427,1,2024-09-15,244,40,16,0,0
2852,1,2024-09-15,52,20,8,0,0
3710,1,2024-09-15,203,50,20,6,0
2091,1,2024-09-15,8,30,12,21,50
2138,1,2024-09-15,182,50,20,1,0
3403,1,2024-09-15,112,40,16,13,0
2250,1,2024-09-15,51,40,16,13,0
3615,1,2024-09-15,304,75,30,27,0
2409,1,2024-09-15,22,30,12,8,0
3741,1,2024-09-15,122,40,16,1,50
3331,1,2024-09-15,236,75,30,33,0
2845,1,2024-09-15,261,75,30,6,0
3422,1,2024-09-15,105,30,12,3,0
3684,1,2024-09-15,0,20,8,52,0
2291,1,2024-09-15,138,30,12,0,0
3819,1,2024-09-15,206,100,40,0,0
3529,1,2024-09-15,221,40,16,30,300
2084,1,2024-09-15,96,50,20,9,0
3732,1,2024-09-15,125,30,12,1,0
2869,1,2024-09-15,215,75,30,12,0
2541,1,2024-09-15,187,40,16,6,0
3829,1,2024-09-15,63,40,16,36,0
3431,1,2024-09-15,101,30,12,1,100
3665,1,2024-09-15,197,40,16,3,0
3066,1,2024-09-15,125,40,16,8,0
2379,1,2024-09-15,90,40,16,5,0
2130,1,2024-09-15,169,40,16,0,0
3824,1,2024-09-15,235,50,20,3,0
2877,1,2024-09-15,75,30,12,4,0
3653,1,2024-09-15,145,50,20,33,0
3522,1,2024-09-15,41,30,12,13,50
3750,1,2024-09-15,84,30,12,1,50
3114,1,2024-09-15,95,40,16,32,0
3130,1,2024-09-15,55,20,8,4,0
3037,1,2024-09-15,19,20,8,3,0
3635,1,2024-09-15,147,40,16,29,0
2346,1,2024-09-15,84,20,8,1,0
2406,1,2024-09-15,58,20,8,40,0
3723,1,2024-09-15,226,50,20,3,0
3087,1,2024-09-15,0,40,16,16,0
2434,1,2024-09-15,244,40,16,11,0
2698,1,2024-09-15,105,30,12,62,0
2064,1,2024-09-15,254,75,30,6,0
2465,1,2024-09-15,200,30,12,1,0
2860,1,2024-09-15,197,40,16,9,50
2559,1,2024-09-15,105,30,12,15,0
2933,1,2024-09-15,12,40,16,8,0
3237,1,2024-09-15,393,100,40,59,0
3155,1,2024-09-15,113,100,40,3,0
2276,1,2024-09-15,0,20,8,12,0
2793,1,2024-09-15,352,75,30,33,0
3008,1,2024-09-15,115,75,30,16,0
2985,1,2024-09-15,22,40,16,4,50
2637,1,2024-09-15,184,50,20,10,0
3315,1,2024-09-15,83,50,20,2,0
3789,1,2024-09-15,77,30,12,12,0
2348,1,2024-09-15,142,50,20,3,0
2707,1,2024-09-15,31,20,8,5,0
3498,1,2024-09-15,0,40,16,7,0
3675,1,2024-09-15,47,50,20,9,0
2529,1,2024-09-15,82,30,12,11,0
3658,1,2024-09-15,71,20,8,10,100
3140,1,2024-09-15,57,30,12,15,0
3844,1,2024-09-15,169,50,20,18,50
2110,1,2024-09-15,14,30,12,2,0
2524,1,2024-09-15,75,30,12,4,0
3350,1,2024-09-15,76,40,16,6,0
2987,1,2024-09-15,82,40,16,32,50
3268,1,2024-09-15,45,30,12,18,0
2470,1,2024-09-15,108,40,16,11,0
2320,1,2024-09-15,403,75,30,26,0
2627,1,2024-09-15,90,50,20,21,0
2519,1,2024-09-15,144,30,12,6,0
3257,1,2024-09-15,113,40,16,3,0
3845,1,2024-09-15,70,40,16,23,0
2377,1,2024-09-15,47,30,12,41,0
3736,1,2024-09-15,175,50,20,1,0
2164,1,2024-09-15,32,20,8,17,0
2097,1,2024-09-15,127,50,20,22,0
3197,1,2024-09-15,128,30,12,2,200
2673,1,2024-09-15,59,50,20,4,0
2457,1,2024-09-15,132,75,30,8,0
2865,1,2024-09-15,91,40,16,1,0
2509,1,2024-09-15,60,20,8,6,0
2644,1,2024-09-15,113,30,12,1,0
2801,1,2024-09-15,182,40,16,10,0
3363,1,2024-09-15,75,20,8,3,200
2031,1,2024-09-15,191,40,16,8,100
3832,1,2024-09-15,136,50,20,41,0
2399,1,2024-09-15,0,30,12,12,0
3120,1,2024-09-15,82,30,12,18,0
2691,1,2024-09-15,105,40,16,12,0
2041,1,2024-09-15,145,40,16,4,0
2837,1,2024-09-15,51,20,8,0,300
3378,1,2024-09-15,26,50,20,2,0
2635,1,2024-09-15,29,40,16,19,0
2936,1,2024-09-15,82,40,16,12,50
3142,1,2024-09-15,252,75,30,31,0
2287,1,2024-09-15,335,50,20,1,0
2191,1,2024-09-15,0,30,12,16,0
2067,1,2024-09-15,116,30,12,4,0
2687,1,2024-09-15,26,30,12,22,0
3384,1,2024-09-15,70,20,8,24,0
3785,1,2024-09-15,46,20,8,40,0
2376,1,2024-09-15,84,30,12,6,0
2680,1,2024-09-15,235,50,20,11,0
3096,1,2024-09-15,39,40,16,25,0
2366,1,2024-09-15,97,30,12,14,0
3438,1,2024-09-15,305,75,30,72,0
2499,1,2024-09-15,89,40,16,6,0
2709,1,2024-09-15,20,30,12,24,0
3557,1,2024-09-15,174,30,12,41,0
3391,1,2024-09-15,141,40,16,10,0
3668,1,2024-09-15,67,40,16,27,0
3153,1,2024-09-15,58,20,8,1,0
3686,1,2024-09-15,157,30,12,0,0
2854,1,2024-09-15,218,75,30,10,0
2792,1,2024-09-15,69,30,12,13,0
3109,1,2024-09-15,95,75,30,16,0
3729,1,2024-09-15,243,50,20,10,0
2579,1,2024-09-15,91,30,12,22,0
3026,1,2024-09-15,142,30,12,33,0
3002,1,2024-09-15,252,75,30,8,0
3538,1,2024-09-15,276,50,20,28,0
2886,1,2024-09-15,269,75,30,28,0
3054,1,2024-09-15,55,75,30,10,0
3163,1,2024-09-15,171,40,16,1,0
2003,1,2024-09-15,53,30,12,5,0
3018,1,2024-09-15,179,50,20,14,0
3745,1,2024-09-15,157,40,16,12,300
3185,1,2024-09-15,170,50,20,41,0
3227,1,2024-09-15,76,40,16,1,0
2451,1,2024-09-15,41,50,20,45,0
3528,1,2024-09-15,308,75,30,22,100
3656,1,2024-09-15,153,40,16,15,0
3536,1,2024-09-15,52,50,20,15,0
2236,1,2024-09-15,132,30,12,17,0
3818,1,2024-09-15,52,20,8,9,0
3573,1,2024-09-15,51,20,8,7,0
2248,1,2024-09-15,110,75,30,10,0
3125,1,2024-09-15,52,20,8,15,300
3118,1,2024-09-15,34,20,8,0,0
3652,1,2024-09-15,258,75,30,0,300
3810,1,2024-09-15,35,30,12,53,200
3029,1,2024-09-15,111,40,16,1,0
3428,1,2024-09-15,93,20,8,7,0
2203,1,2024-09-15,100,40,16,8,0
2947,1,2024-09-15,269,50,20,16,0
2167,1,2024-09-15,142,100,40,9,200
2071,1,2024-09-15,203,75,30,14,0
2197,1,2024-09-15,165,40,16,7,0
2252,1,2024-09-15,61,30,12,2,0
3325,1,2024-09-15,128,40,16,25,300
2385,1,2024-09-15,95,50,20,5,0
2408,1,2024-09-15,138,40,16,8,0
3184,1,2024-09-15,177,40,16,22,0
2285,1,2024-09-15,0,20,8,12,50
2389,1,2024-09-15,121,40,16,15,0
2881,1,2024-09-15,179,50,20,8,0
2415,1,2024-09-15,115,50,20,8,0
2782,1,2024-09-15,133,30,12,7,0
3846,1,2024-09-15,88,30,12,20,0
2798,1,2024-09-15,0,30,12,6,0
2903,1,2024-09-15,68,30,12,10,0
2925,1,2024-09-15,178,40,16,0,0
2438,1,2024-09-15,108,40,16,5,0
2154,1,2024-09-15,55,40,16,41,300
3520,1,2024-09-15,377,100,40,2,0
2931,1,2024-09-15,67,30,12,7,0
3609,1,2024-09-15,203,100,40,3,0
2899,1,2024-09-15,85,30,12,33,0
3309,1,2024-09-15,69,20,8,1,0
2209,1,2024-09-15,164,50,20,19,0
3704,1,2024-09-15,234,40,16,22,0
3269,1,2024-09-15,135,40,16,13,100
2907,1,2024-09-15,108,30,12,6,0
2924,1,2024-09-15,103,40,16,2,200
3047,1,2024-09-15,147,40,16,3,0
3621,1,2024-09-15,82,30,12,18,0
3377,1,2024-09-15,78,40,16,3,300
3650,1,2024-09-15,105,40,16,15,0
3212,1,2024-09-15,163,100,40,38,0
2741,1,2024-09-15,69,50,20,18,50
2554,1,2024-09-15,89,30,12,2,0
2693,1,2024-09-15,92,30,12,16,0
3041,1,2024-09-15,115,75,30,14,0
3057,1,2024-09-15,364,75,30,4,0
3252,1,2024-09-15,20,30,12,24,0
3734,1,2024-09-15,301,100,40,7,0
3263,1,2024-09-15,262,50,20,4,0
2781,1,2024-09-15,388,75,30,2,0
3022,1,2024-09-15,39,20,8,7,0
3367,1,2024-09-15,271,50,20,65,0
3441,1,2024-09-15,30,30,12,2,0
2257,1,2024-09-15,171,30,12,18,0
3545,1,2024-09-15,57,20,8,4,300
2210,1,2024-09-15,190,30,12,28,0
2011,1,2024-09-15,68,30,12,3,0
2884,1,2024-09-15,68,20,8,14,0
2728,1,2024-09-15,72,20,8,18,0
2649,1,2024-09-15,126,50,20,11,0
2035,1,2024-09-15,53,40,16,28,150
3082,1,2024-09-15,61,40,16,10,0
2023,1,2024-09-15,189,30,12,4,0
2015,1,2024-09-15,72,40,16,7,0
3834,1,2024-09-15,131,30,12,2,0
3412,1,2024-09-15,138,40,16,34,0
3362,1,2024-09-15,184,40,16,14,0
3270,1,2024-09-15,80,20,8,0,0
2375,1,2024-09-15,122,40,16,1,0
3112,1,2024-09-15,109,50,20,18,0
2866,1,2024-09-15,136,30,12,39,0
3730,1,2024-09-15,430,75,30,3,100
2779,1,2024-09-15,125,30,12,38,0
2343,1,2024-09-15,83,30,12,19,0
2790,1,2024-09-15,153,30,12,0,0
3416,1,2024-09-15,161,30,12,5,0
3817,1,2024-09-15,25,40,16,1,0
3718,1,2024-09-15,217,40,16,7,0
2648,1,2024-09-15,336,100,40,0,0
3307,1,2024-09-15,141,40,16,37,0
3595,1,2024-09-15,191,40,16,1,300
3106,1,2024-09-15,161,40,16,2,0
3738,1,2024-09-15,117,40,16,1,0
2104,1,2024-09-15,76,40,16,14,0
3494,1,2024-09-15,56,20,8,18,0
2321,1,2024-09-15,50,30,12,0,150
2165,1,2024-09-15,38,20,8,5,150
3676,1,2024-09-15,98,50,20,36,100
2223,1,2024-09-15,104,30,12,11,50
3380,1,2024-09-15,114,30,12,18,0
2212,1,2024-09-15,135,30,12,26,0
2661,1,2024-09-15,132,20,8,10,0
3535,1,2024-09-15,225,50,20,35,0
2140,1,2024-09-15,66,30,12,5,0
2807,1,2024-09-15,74,20,8,7,0
3296,1,2024-09-15,0,40,16,1,0
3346,1,2024-09-15,109,50,20,25,0
3816,1,2024-09-15,207,75,30,1,0
2641,1,2024-09-15,123,40,16,27,0
2108,1,2024-09-15,146,30,12,0,0
3437,1,2024-09-15,181,50,20,20,100
2993,1,2024-09-15,76,30,12,32,0
2791,1,2024-09-15,74,20,8,16,0
2190,1,2024-09-15,28,20,8,2,300
3837,1,2024-09-15,252,75,30,4,0
3456,1,2024-09-15,69,30,12,33,0
2991,1,2024-09-15,31,20,8,8,0
3360,1,2024-09-15,169,50,20,15,0
2710,1,2024-09-15,116,40,16,2,50
2347,1,2024-09-15,0,30,12,2,0
2643,1,2024-09-15,176,30,12,7,0
2441,1,2024-09-15,102,20,8,15,0
2145,1,2024-09-15,25,20,8,3,100
2161,1,2024-09-15,32,75,30,7,0
3347,1,2024-09-15,49,20,8,17,0
2727,1,2024-09-15,68,20,8,25,0
3677,1,2024-09-15,179,50,20,1,0
3617,1,2024-09-15,58,40,16,32,0
2098,1,2024-09-15,54,50,20,10,0
2752,1,2024-09-15,175,50,20,2,100
3466,1,2024-09-15,136,40,16,1,0
2555,1,2024-09-15,159,50,20,14,0
3260,1,2024-09-15,128,40,16,0,0
2624,1,2024-09-15,204,40,16,29,0
3146,1,2024-09-15,41,20,8,6,200
3286,1,2024-09-15,30,20,8,3,0
3843,1,2024-09-15,92,30,12,13,0
2650,1,2024-09-15,277,75,30,5,0
2658,1,2024-09-15,502,100,40,10,0
2601,1,2024-09-15,98,30,12,46,0
2189,1,2024-09-15,119,50,20,7,0
3407,1,2024-09-15,78,100,40,8,0
3038,1,2024-09-15,83,20,8,1,200
2292,1,2024-09-15,94,40,16,16,200
3693,1,2024-09-15,322,100,40,3,0
2336,1,2024-09-15,125,40,16,18,0
2962,1,2024-09-15,196,40,16,8,0
2626,1,2024-09-15,0,50,20,8,0
3079,1,2024-09-15,74,20,8,14,200
3165,1,2024-09-15,208,50,20,12,0
2430,1,2024-09-15,74,40,16,48,100
2485,1,2024-09-15,126,40,16,4,0
3642,1,2024-09-15,164,30,12,19,0
2955,1,2024-09-15,76,20,8,12,0
2143,1,2024-09-15,81,30,12,1,0
2258,1,2024-09-15,119,40,16,6,0
3594,1,2024-09-15,76,30,12,29,50
2734,1,2024-09-15,79,40,16,45,100
2713,1,2024-09-15,169,30,12,0,0
3318,1,2024-09-15,161,40,16,19,0
2978,1,2024-09-15,247,50,20,4,0
3053,1,2024-09-15,204,40,16,2,0
3512,1,2024-09-15,97,40,16,11,0
3148,1,2024-09-15,145,40,16,26,0
3716,1,2024-09-15,0,20,8,3,0
2426,1,2024-09-15,153,75,30,1,0
3207,1,2024-09-15,61,30,12,24,0
2663,1,2024-09-15,171,40,16,1,300
2759,1,2024-09-15,93,50,20,55,50
2553,1,2024-09-15,125,50,20,41,0
3727,1,2024-09-15,101,20,8,18,0
2469,1,2024-09-15,150,40,16,9,0
2970,1,2024-09-15,336,100,40,81,0
2610,1,2024-09-15,50,40,16,25,0
2662,1,2024-09-15,142,50,20,3,50
2134,1,2024-09-15,215,50,20,20,0
2765,1,2024-09-15,63,20,8,4,0
2416,1,2024-09-15,121,40,16,11,150
3561,1,2024-09-15,99,20,8,11,0
2549,1,2024-09-15,177,50,20,48,0
3425,1,2024-09-15,182,50,20,63,0
3661,1,2024-09-15,142,30,12,12,0
2089,1,2024-09-15,38,20,8,8,100
3294,1,2024-09-15,247,50,20,10,0
3546,1,2024-09-15,100,50,20,18,0
3833,1,2024-09-15,159,100,40,21,0
3302,1,2024-09-15,46,20,8,17,0
2072,1,2024-09-15,107,40,16,7,0
2701,1,2024-09-15,60,20,8,0,0
2395,1,2024-09-15,92,20,8,11,100
2911,1,2024-09-15,143,50,20,37,50
2754,1,2024-09-15,184,40,16,15,0
2516,1,2024-09-15,91,40,16,13,0
3411,1,2024-09-15,39,75,30,17,0
2784,1,2024-09-15,56,20,8,26,0
3311,1,2024-09-15,102,30,12,12,0
2609,1,2024-09-15,116,50,20,11,0
2425,1,2024-09-15,360,100,40,13,0
3591,1,2024-09-15,153,30,12,1,0
2979,1,2024-09-15,202,40,16,8,50
3332,1,2024-09-15,58,30,12,1,0
2172,1,2024-09-15,8,30,12,1,0
3405,1,2024-09-15,46,30,12,7,0
2999,1,2024-09-15,190,50,20,87,0
2369,1,2024-09-15,65,20,8,5,100
3742,1,2024-09-15,281,75,30,4,0
3369,1,2024-09-15,81,40,16,2,0
2597,1,2024-09-15,74,30,12,4,0
2835,1,2024-09-15,46,20,8,6,0
2374,1,2024-09-15,59,20,8,20,0
3292,1,2024-09-15,129,30,12,38,0
2275,1,2024-09-15,394,100,40,17,0
3806,1,2024-09-15,323,75,30,19,0
3549,1,2024-09-15,94,50,20,20,0
2074,1,2024-09-15,106,50,20,30,0
2455,1,2024-09-15,210,40,16,4,200
3173,1,2024-09-15,234,50,20,4,0
2229,1,2024-09-15,107,40,16,32,0
3258,1,2024-09-15,116,75,30,1,0
2122,1,2024-09-15,255,50,20,15,0
2795,1,2024-09-15,251,50,20,8,200
2342,1,2024-09-15,110,30,12,4,0
2842,1,2024-09-15,150,40,16,13,0
2800,1,2024-09-15,41,20,8,8,0
3672,1,2024-09-15,154,50,20,19,0
3588,1,2024-09-15,344,75,30,0,0
3451,1,2024-09-15,64,20,8,3,0
2811,1,2024-09-15,139,50,20,9,0
2858,1,2024-09-15,246,50,20,34,0
3508,1,2024-09-15,71,20,8,17,0
2851,1,2024-09-15,77,30,12,10,0
3711,1,2024-09-15,195,30,12,1,0
2923,1,2024-09-15,208,75,30,19,0
2544,1,2024-09-15,47,20,8,94,0
3527,1,2024-09-15,194,40,16,12,150
2617,1,2024-09-15,315,100,40,19,0
3688,1,2024-09-15,76,20,8,1,0
2654,1,2024-09-15,244,50,20,20,0
3511,1,2024-09-15,412,75,30,0,0
3471,1,2024-09-15,90,30,12,3,0
2603,1,2024-09-15,91,50,20,31,300
2382,1,2024-09-15,52,50,20,0,300
3757,1,2024-09-15,50,20,8,14,0
3159,1,2024-09-15,126,50,20,18,0
3599,1,2024-09-15,72,30,12,19,100
3239,1,2024-09-15,107,20,8,1,300
3443,1,2024-09-15,77,75,30,2,0
3259,1,2024-09-15,2,40,16,0,0
2162,1,2024-09-15,67,30,12,0,0
3036,1,2024-09-15,22,40,16,3,0
2916,1,2024-09-15,446,100,40,11,0
3467,1,2024-09-15,95,20,8,1,0
2542,1,2024-09-15,0,40,16,5,0
2350,1,2024-09-15,158,75,30,13,200
2815,1,2024-09-15,182,50,20,5,0
2240,1,2024-09-15,103,40,16,13,0
3241,1,2024-09-15,355,75,30,2,0
2105,1,2024-09-15,49,50,20,13,50
2402,1,2024-09-15,33,30,12,23,0
2398,1,2024-09-15,348,75,30,6,150
2174,1,2024-09-15,212,50,20,3,300
2242,1,2024-09-15,145,40,16,3,0
3812,1,2024-09-15,216,100,40,4,0
3479,1,2024-09-15,138,40,16,1,0
2384,1,2024-09-15,190,50,20,2,0
2090,1,2024-09-15,124,30,12,22,200
2853,1,2024-09-15,133,50,20,0,0
2449,1,2024-09-15,155,50,20,15,0
3413,1,2024-09-15,12,30,12,14,0
2885,1,2024-09-15,115,75,30,8,0
2245,1,2024-09-15,71,40,16,18,0
3669,1,2024-09-15,99,50,20,8,0
3017,1,2024-09-15,62,30,12,3,0
3815,1,2024-09-15,58,30,12,1,0
3440,1,2024-09-15,193,50,20,13,50
3624,1,2024-09-15,155,50,20,11,0
2471,1,2024-09-15,224,50,20,6,0
3489,1,2024-09-15,67,30,12,18,50
2187,1,2024-09-15,43,30,12,31,300
3630,1,2024-09-15,119,50,20,25,0
3827,1,2024-09-15,86,20,8,3,50
2515,1,2024-09-15,114,40,16,8,0
3842,1,2024-09-15,34,20,8,39,50
3807,1,2024-09-15,97,75,30,3,100
2139,1,2024-09-15,229,75,30,15,100
3651,1,2024-09-15,62,30,12,9,0
2135,1,2024-09-15,149,50,20,0,0
2424,1,2024-09-15,139,50,20,6,0
2278,1,2024-09-15,215,50,20,22,100
3826,1,2024-09-15,228,75,30,2,0
3368,1,2024-09-15,93,40,16,11,0
3618,1,2024-09-15,51,75,30,0,100
3516,1,2024-09-15,156,40,16,80,200
2951,1,2024-09-15,106,30,12,1,0
2706,1,2024-09-15,53,30,12,5,0
2477,1,2024-09-15,41,30,12,8,0
3478,1,2024-09-15,0,20,8,17,0
2082,1,2024-09-15,248,50,20,21,0
2152,1,2024-09-15,158,40,16,1,0
3476,1,2024-09-15,178,50,20,4,0
3156,1,2024-09-15,155,30,12,2,0
2224,1,2024-09-15,84,30,12,11,0
2007,1,2024-09-15,153,40,16,42,150
2872,1,2024-09-15,213,30,12,3,0
3585,1,2024-09-15,100,30,12,30,0
3645,1,2024-09-15,115,20,8,23,100
2651,1,2024-09-15,159,40,16,0,0
2586,1,2024-09-15,126,30,12,2,0
2364,1,2024-09-15,92,30,12,31,0
2300,1,2024-09-15,86,30,12,20,0
2205,1,2024-09-15,43,20,8,6,0
3612,1,2024-09-15,129,50,20,11,0
3067,1,2024-09-15,114,30,12,3,0
3499,1,2024-09-15,5,30,12,20,300
3486,1,2024-09-15,262,50,20,8,300
3283,1,2024-09-15,127,40,16,5,300
3772,1,2024-09-15,127,50,20,3,0
2737,1,2024-09-15,243,75,30,5,0
2864,1,2024-09-15,167,40,16,32,0
3089,1,2024-09-15,157,40,16,14,0
2397,1,2024-09-15,183,40,16,14,0
3406,1,2024-09-15,84,30,12,0,0
2362,1,2024-09-15,24,50,20,3,0
3028,1,2024-09-15,0,50,20,26,0
3417,1,2024-09-15,71,20,8,16,0
3220,1,2024-09-15,197,50,20,1,0
2503,1,2024-09-15,88,30,12,32,0
3223,1,2024-09-15,114,40,16,13,50
2563,1,2024-09-15,184,40,16,32,0
3081,1,2024-09-15,62,20,8,8,0
2198,1,2024-09-15,138,30,12,6,0
3374,1,2024-09-15,122,75,30,4,0
2414,1,2024-09-15,20,30,12,5,300
2266,1,2024-09-15,99,30,12,2,0
3330,1,2024-09-15,147,40,16,5,0
3209,1,2024-09-15,143,30,12,3,0
3490,1,2024-09-15,196,40,16,8,0
3135,1,2024-09-15,112,40,16,6,0
2973,1,2024-09-15,248,50,20,5,0
3358,1,2024-09-15,52,30,12,4,0
3093,1,2024-09-15,20,40,16,74,0
2281,1,2024-09-15,78,30,12,7,0
3681,1,2024-09-15,46,50,20,5,0
3211,1,2024-09-15,69,40,16,2,0
3749,1,2024-09-15,20,40,16,0,0
3006,1,2024-09-15,52,30,12,11,0
3379,1,2024-09-15,235,40,16,15,300
2975,1,2024-09-15,79,30,12,4,50
2489,1,2024-09-15,94,40,16,11,0
3335,1,2024-09-15,212,100,40,2,0
3477,1,2024-09-15,6,30,12,18,0
3419,1,2024-09-15,147,75,30,23,0
3090,1,2024-09-15,62,30,12,9,0
2317,1,2024-09-15,491,100,40,3,0
2043,1,2024-09-15,79,50,20,29,0
2420,1,2024-09-15,235,50,20,0,50
3691,1,2024-09-15,111,40,16,6,0
3134,1,2024-09-15,258,100,40,17,0
2581,1,2024-09-15,391,100,40,5,0
2954,1,2024-09-15,0,40,16,47,0
3442,1,2024-09-15,51,40,16,9,0
2277,1,2024-09-15,71,40,16,2,0
2577,1,2024-09-15,137,40,16,8,0
2932,1,2024-09-15,83,20,8,37,0
2875,1,2024-09-15,115,30,12,12,0
2437,1,2024-09-15,220,40,16,15,0
2612,1,2024-09-15,257,100,40,79,300
2331,1,2024-09-15,91,40,16,14,0
3256,1,2024-09-15,200,50,20,67,0
3183,1,2024-09-15,99,30,12,42,0
3582,1,2024-09-15,59,20,8,5,100
3232,1,2024-09-15,111,40,16,32,0
3321,1,2024-09-15,111,40,16,5,0
2021,1,2024-09-15,136,75,30,7,0
2431,1,2024-09-15,88,40,16,13,0
3224,1,2024-09-15,329,50,20,4,0
3267,1,2024-09-15,61,20,8,0,0
3744,1,2024-09-15,105,30,12,12,300
2569,1,2024-09-15,99,30,12,9,0
2749,1,2024-09-15,55,20,8,3,0
3031,1,2024-09-15,101,50,20,1,0
2521,1,2024-09-15,0,30,12,20,0
3341,1,2024-09-15,152,40,16,28,0
2836,1,2024-09-15,380,75,30,5,0
3592,1,2024-09-15,345,100,40,7,0
2733,1,2024-09-15,240,50,20,2,0
3774,1,2024-09-15,163,40,16,4,0
2354,1,2024-09-15,51,20,8,20,0
3196,1,2024-09-15,225,75,30,16,0
3124,1,2024-09-15,65,50,20,15,50
3797,1,2024-09-15,97,75,30,34,0
2901,1,2024-09-15,470,100,40,4,50
3052,1,2024-09-15,169,40,16,5,300
2129,1,2024-09-15,58,30,12,1,0
3068,1,2024-09-15,64,50,20,14,0
3801,1,2024-09-15,83,20,8,21,0
2980,1,2024-09-15,479,75,30,24,0
2344,1,2024-09-15,77,40,16,13,0
2533,1,2024-09-15,114,30,12,12,0
2638,1,2024-09-15,155,40,16,0,0
3050,1,2024-09-15,102,40,16,16,0
3094,1,2024-09-15,56,30,12,16,0
2938,1,2024-09-15,89,40,16,17,0
3782,1,2024-09-15,252,50,20,70,0
2490,1,2024-09-15,26,50,20,47,50
3035,1,2024-09-15,126,30,12,16,200
2498,1,2024-09-15,131,50,20,6,0
2010,1,2024-09-15,67,20,8,2,0
2279,1,2024-09-15,173,40,16,22,150
2483,1,2024-09-15,237,50,20,19,0
3355,1,2024-09-15,77,30,12,16,0
2897,1,2024-09-15,237,100,40,23,200
3298,1,2024-09-15,131,30,12,4,0
2813,1,2024-09-15,91,40,16,15,0
3186,1,2024-09-15,55,30,12,3,0
3175,1,2024-09-15,134,40,16,8,0
2739,1,2024-09-15,183,75,30,2,0
3042,1,2024-09-15,52,30,12,22,0
3608,1,2024-09-15,91,30,12,22,0
3746,1,2024-09-15,149,50,20,13,0
3361,1,2024-09-15,139,30,12,6,0
2253,1,2024-09-15,111,50,20,33,0
2004,1,2024-09-15,36,30,12,8,0
2730,1,2024-09-15,28,20,8,7,0
2217,1,2024-09-15,28,20,8,11,300
2158,1,2024-09-15,57,40,16,25,0
2423,1,2024-09-15,86,20,8,8,0
2910,1,2024-09-15,71,50,20,4,0
3104,1,2024-09-15,15,20,8,9,0
3154,1,2024-09-15,93,20,8,30,0
3015,1,2024-09-15,239,50,20,47,0
2535,1,2024-09-15,147,40,16,3,0
3169,1,2024-09-15,47,30,12,23,100
2121,1,2024-09-15,180,40,16,6,50
2280,1,2024-09-15,146,40,16,46,0
3340,1,2024-09-15,219,75,30,2,0
3682,1,2024-09-15,0,30,12,13,0
3564,1,2024-09-15,146,50,20,0,0
2625,1,2024-09-15,80,30,12,18,0
3254,1,2024-09-15,0,30,12,8,0
2557,1,2024-09-15,49,20,8,0,0
2185,1,2024-09-15,124,30,12,26,0
3766,1,2024-09-15,28,20,8,5,0
2921,1,2024-09-15,123,30,12,10,50
3206,1,2024-09-15,119,30,12,5,0
3580,1,2024-09-15,166,40,16,3,0
2522,1,2024-09-15,97,40,16,1,0
3225,1,2024-09-15,188,40,16,13,0
3201,1,2024-09-15,139,40,16,7,150
3779,1,2024-09-15,156,100,40,1,0
2133,1,2024-09-15,252,40,16,1,0
3397,1,2024-09-15,84,20,8,0,300
2323,1,2024-09-15,276,50,20,5,0
2066,1,2024-09-15,96,20,8,9,0
3469,1,2024-09-15,41,20,8,10,0
2821,1,2024-09-15,137,40,16,2,0
3720,1,2024-09-15,98,30,12,9,0
3562,1,2024-09-15,122,50,20,2,0
3670,1,2024-09-15,154,75,30,21,0
3731,1,2024-09-15,-10,40,16,4,0
2667,1,2024-09-15,0,100,40,4,0
3455,1,2024-09-15,94,30,12,21,0
3465,1,2024-09-15,103,30,12,8,0
2996,1,2024-09-15,223,40,16,51,300
2714,1,2024-09-15,52,30,12,15,0
2484,1,2024-09-15,300,75,30,22,0
3122,1,2024-09-15,96,50,20,16,0
3371,1,2024-09-15,150,40,16,42,0
2952,1,2024-09-15,149,30,12,13,0
2401,1,2024-09-15,83,20,8,23,100
2871,1,2024-09-15,27,40,16,21,0
3614,1,2024-09-15,171,40,16,54,0
2878,1,2024-09-15,156,30,12,9,0
3626,1,2024-09-15,102,40,16,14,0
2030,1,2024-09-15,214,50,20,1,100
3127,1,2024-09-15,180,75,30,9,0
2622,1,2024-09-15,46,20,8,0,0
3070,1,2024-09-15,135,50,20,12,0
3285,1,2024-09-15,306,50,20,23,100
2608,1,2024-09-15,51,50,20,34,0
3245,1,2024-09-15,97,20,8,14,0
2256,1,2024-09-15,171,30,12,2,0
2748,1,2024-09-15,80,30,12,14,0
3354,1,2024-09-15,61,20,8,8,0
3348,1,2024-09-15,102,20,8,3,0
2302,1,2024-09-15,198,30,12,56,0
2755,1,2024-09-15,186,40,16,18,0
2144,1,2024-09-15,116,40,16,2,0
3548,1,2024-09-15,513,100,40,0,150
2454,1,2024-09-15,113,50,20,10,0
2501,1,2024-09-15,166,40,16,21,0
3205,1,2024-09-15,167,40,16,24,0
2393,1,2024-09-15,316,75,30,8,0
3219,1,2024-09-15,196,30,12,1,0
2967,1,2024-09-15,38,20,8,31,0
2208,1,2024-09-15,99,50,20,49,200
3353,1,2024-09-15,53,30,12,0,50
3121,1,2024-09-15,178,40,16,2,300
2920,1,2024-09-15,102,30,12,11,100
3506,1,2024-09-15,47,40,16,34,100
3683,1,2024-09-15,66,40,16,38,0
3295,1,2024-09-15,106,30,12,17,0
2474,1,2024-09-15,153,50,20,6,0
3117,1,2024-09-15,313,75,30,1,0
3046,1,2024-09-15,293,75,30,17,0
3199,1,2024-09-15,65,30,12,43,0
2806,1,2024-09-15,110,30,12,6,0
2607,1,2024-09-15,67,20,8,16,0
2128,1,2024-09-15,165,50,20,21,50
3633,1,2024-09-15,168,40,16,10,0
3502,1,2024-09-15,70,50,20,10,0
3092,1,2024-09-15,213,50,20,11,0
3228,1,2024-09-15,0,20,8,12,0
3728,1,2024-09-15,79,20,8,19,0
3666,1,2024-09-15,462,75,30,5,0
2182,1,2024-09-15,61,40,16,10,0
2283,1,2024-09-15,214,75,30,0,150
2770,1,2024-09-15,148,100,40,48,0
3276,1,2024-09-15,0,40,16,6,0
3445,1,2024-09-15,1,20,8,13,0
2147,1,2024-09-15,313,75,30,1,0
2180,1,2024-09-15,72,20,8,49,0
2949,1,2024-09-15,334,50,20,26,0
2646,1,2024-09-15,171,50,20,15,150
3820,1,2024-09-15,76,20,8,16,0
3593,1,2024-09-15,166,50,20,1,0
2969,1,2024-09-15,108,50,20,11,0
2604,1,2024-09-15,123,40,16,16,0
2463,1,2024-09-15,22,20,8,0,0
2657,1,2024-09-15,89,20,8,8,50
3084,1,2024-09-15,274,50,20,3,0
2475,1,2024-09-15,35,30,12,16,0
2944,1,2024-09-15,32,20,8,2,100
2273,1,2024-09-15,136,40,16,10,0
2407,1,2024-09-15,224,100,40,10,0
3544,1,2024-09-15,23,20,8,4,0
2655,1,2024-09-15,105,40,16,5,0
3559,1,2024-09-15,14,40,16,11,0
2383,1,2024-09-15,120,30,12,5,0
2286,1,2024-09-15,107,20,8,25,0
3828,1,2024-09-15,169,50,20,17,0
3101,1,2024-09-15,104,50,20,22,0
2220,1,2024-09-15,166,40,16,5,0
2828,1,2024-09-15,174,40,16,13,100
3143,1,2024-09-15,534,75,30,17,0
2421,1,2024-09-15,645,100,40,0,0
2830,1,2024-09-15,144,40,16,7,300
3623,1,2024-09-15,258,75,30,4,0
2634,1,2024-09-15,135,50,20,30,0
2565,1,2024-09-15,24,30,12,25,0
3468,1,2024-09-15,141,50,20,0,0
2846,1,2024-09-15,207,40,16,1,0
3491,1,2024-09-15,96,75,30,3,0
3602,1,2024-09-15,174,40,16,12,0
2873,1,2024-09-15,42,20,8,10,0
3648,1,2024-09-15,68,30,12,3,50
3049,1,2024-09-15,8,40,16,6,0
2183,1,2024-09-15,341,75,30,42,0
2732,1,2024-09-15,22,30,12,8,0
3481,1,2024-09-15,119,40,16,10,0
3214,1,2024-09-15,82,40,16,10,50
3375,1,2024-09-15,51,30,12,46,100
3418,1,2024-09-15,0,30,12,23,0
3607,1,2024-09-15,74,20,8,8,0
3078,1,2024-09-15,205,100,40,6,0
3281,1,2024-09-15,34,20,8,47,0
2588,1,2024-09-15,312,75,30,4,0
3483,1,2024-09-15,26,50,20,30,0
3198,1,2024-09-15,124,40,16,1,150
2796,1,2024-09-15,159,40,16,5,0
3533,1,2024-09-15,0,50,20,2,0
3233,1,2024-09-15,195,40,16,10,0
3790,1,2024-09-15,434,100,40,12,0
2571,1,2024-09-15,54,50,20,65,0
3641,1,2024-09-15,49,20,8,16,0
2094,1,2024-09-15,46,30,12,118,0
3737,1,2024-09-15,141,40,16,27,0
3752,1,2024-09-15,48,30,12,3,0
3336,1,2024-09-15,146,50,20,4,0
2548,1,2024-09-15,39,40,16,10,0
2946,1,2024-09-15,16,50,20,0,0
2868,1,2024-09-15,73,20,8,19,0
2235,1,2024-09-15,357,100,40,6,0
2551,1,2024-09-15,375,75,30,7,0
2149,1,2024-09-15,237,75,30,4,0
2299,1,2024-09-15,71,50,20,44,0
3328,1,2024-09-15,65,30,12,21,150
3756,1,2024-09-15,124,30,12,47,200
3299,1,2024-09-15,114,40,16,24,200
3004,1,2024-09-15,92,40,16,38,100
2756,1,2024-09-15,244,100,40,8,0
3051,1,2024-09-15,81,20,8,15,0
3314,1,2024-09-15,38,20,8,14,0
3695,1,2024-09-15,221,40,16,12,0
2823,1,2024-09-15,161,40,16,1,0
2893,1,2024-09-15,146,30,12,23,0
3690,1,2024-09-15,220,50,20,3,0
2647,1,2024-09-15,140,30,12,11,0
2803,1,2024-09-15,32,50,20,33,200
3777,1,2024-09-15,113,30,12,21,0
2889,1,2024-09-15,8,20,8,4,0
3620,1,2024-09-15,91,50,20,49,0
2204,1,2024-09-15,96,40,16,2,0
2044,1,2024-09-15,193,50,20,4,0
2582,1,2024-09-15,61,30,12,40,0
2537,1,2024-09-15,105,30,12,1,0
2386,1,2024-09-15,148,50,20,35,0
2476,1,2024-09-15,123,50,20,23,0
2357,1,2024-09-15,119,40,16,6,0
3073,1,2024-09-15,150,40,16,27,0
3700,1,2024-09-15,163,40,16,9,0
3203,1,2024-09-15,137,30,12,8,0
2390,1,2024-09-15,52,20,8,64,0
2391,1,2024-09-15,95,30,12,10,0
3814,1,2024-09-15,146,50,20,14,0
2703,1,2024-09-15,125,40,16,7,0
2282,1,2024-09-15,17,30,12,1,0
3091,1,2024-09-15,105,20,8,7,200
2297,1,2024-09-15,30,40,16,27,0
2046,1,2024-09-15,265,50,20,0,0
2486,1,2024-09-15,260,75,30,103,0
2838,1,2024-09-15,713,100,40,0,0
2948,1,2024-09-15,105,50,20,14,0
3304,1,2024-09-15,106,30,12,14,0
2361,1,2024-09-15,27,20,8,45,0
2774,1,2024-09-15,119,50,20,25,300
2682,1,2024-09-15,66,20,8,4,100
3389,1,2024-09-15,53,30,12,5,200
2467,1,2024-09-15,158,40,16,40,0
2487,1,2024-09-15,213,50,20,0,50
3811,1,2024-09-15,114,50,20,7,0
3095,1,2024-09-15,76,40,16,51,0
2974,1,2024-09-15,101,50,20,19,0
3722,1,2024-09-15,145,40,16,42,0
2019,1,2024-09-15,257,40,16,1,0
2850,1,2024-09-15,207,40,16,16,0
2989,1,2024-09-15,136,50,20,0,0
3696,1,2024-09-15,87,40,16,18,0
2259,1,2024-09-15,243,50,20,8,0
3317,1,2024-09-15,119,40,16,11,0
2029,1,2024-09-15,361,100,40,2,0
3129,1,2024-09-15,85,50,20,48,0
3365,1,2024-09-15,95,30,12,6,0
2810,1,2024-09-15,194,100,40,2,0
2131,1,2024-09-15,40,30,12,0,0
2446,1,2024-09-15,74,30,12,15,0
2523,1,2024-09-15,61,40,16,16,0
2633,1,2024-09-15,129,50,20,8,0
2388,1,2024-09-15,142,50,20,24,0
3611,1,2024-09-15,135,40,16,0,0
3396,1,2024-09-15,96,30,12,19,0
2587,1,2024-09-15,163,40,16,20,0
2804,1,2024-09-15,72,30,12,0,0
2632,1,2024-09-15,192,50,20,12,150
2660,1,2024-09-15,62,30,12,0,0
2629,1,2024-09-15,39,40,16,15,0
3689,1,2024-09-15,78,40,16,16,0
2452,1,2024-09-15,208,50,20,28,0
2699,1,2024-09-15,46,20,8,1,0
2840,1,2024-09-15,196,40,16,20,0
3149,1,2024-09-15,190,50,20,9,0
3032,1,2024-09-15,178,40,16,13,0
2712,1,2024-09-15,18,40,16,75,0
3454,1,2024-09-15,165,75,30,48,300
3226,1,2024-09-15,30,20,8,1,0
3638,1,2024-09-15,207,40,16,11,0
3524,1,2024-09-15,174,40,16,7,50
2308,1,2024-09-15,128,40,16,32,0
3822,1,2024-09-15,125,30,12,67,0
3077,1,2024-09-15,93,30,12,1,0
2328,1,2024-09-15,127,50,20,7,0
2099,1,2024-09-15,351,75,30,0,0
3187,1,2024-09-15,67,30,12,0,0
2825,1,2024-09-15,90,30,12,55,0
3694,1,2024-09-15,243,75,30,23,0
2255,1,2024-09-15,118,50,20,23,0
2808,1,2024-09-15,131,40,16,15,0
2769,1,2024-09-15,190,50,20,2,0
2843,1,2024-09-15,33,20,8,0,150
3000,1,2024-09-15,63,20,8,2,0
3765,1,2024-09-15,42,20,8,18,200
3236,1,2024-09-15,48,40,16,9,0
3043,1,2024-09-15,34,30,12,10,0
2394,1,2024-09-15,145,30,12,44,0
2496,1,2024-09-15,152,40,16,17,0
2112,1,2024-09-15,197,50,20,22,0
2247,1,2024-09-15,145,40,16,0,0
3589,1,2024-09-15,142,30,12,4,200
2583,1,2024-09-15,79,30,12,46,0
2076,1,2024-09-15,32,75,30,30,0
3410,1,2024-09-15,78,30,12,21,0
3830,1,2024-09-15,392,75,30,9,0
3473,1,2024-09-15,69,40,16,53,0
3400,1,2024-09-15,123,30,12,4,0
2977,1,2024-09-15,200,40,16,0,50
2513,1,2024-09-15,103,40,16,27,0
2062,1,2024-09-15,220,75,30,10,0
3448,1,2024-09-15,391,100,40,12,0
2599,1,2024-09-15,306,75,30,0,300
3576,1,2024-09-15,172,50,20,67,0
2694,1,2024-09-15,42,20,8,4,0
2169,1,2024-09-15,109,75,30,28,0
2596,1,2024-09-15,75,50,20,11,0
2459,1,2024-09-15,139,30,12,10,0
2621,1,2024-09-15,132,50,20,11,0
3762,1,2024-09-15,192,50,20,7,0
3213,1,2024-09-15,326,75,30,1,0
3799,1,2024-09-15,70,20,8,32,0
2355,1,2024-09-15,18,20,8,11,0
2763,1,2024-09-15,227,75,30,1,0
3249,1,2024-09-15,113,50,20,25,300
3507,1,2024-09-15,64,30,12,10,0
2218,1,2024-09-15,103,30,12,6,0
2296,1,2024-09-15,106,30,12,0,0
2697,1,2024-09-15,157,50,20,1,0
2456,1,2024-09-15,38,30,12,20,0
3470,1,2024-09-15,98,40,16,9,50
3170,1,2024-09-15,89,40,16,7,0
2263,1,2024-09-15,182,50,20,20,0
2488,1,2024-09-15,47,30,12,12,100
2335,1,2024-09-15,260,75,30,0,0
2325,1,2024-09-15,162,50,20,36,0
2861,1,2024-09-15,138,40,16,28,0
2817,1,2024-09-15,81,30,12,66,0
3342,1,2024-09-15,452,100,40,50,0
2972,1,2024-09-15,105,30,12,1,0
2812,1,2024-09-15,63,30,12,20,0
2036,1,2024-09-15,165,100,40,1,0
2888,1,2024-09-15,0,50,20,11,200
2037,1,2024-09-15,142,40,16,5,0
2965,1,2024-09-15,104,30,12,7,0
3482,1,2024-09-15,131,30,12,2,0
2267,1,2024-09-15,86,20,8,3,0
3343,1,2024-09-15,139,40,16,38,0
2100,1,2024-09-15,29,30,12,8,0
3275,1,2024-09-15,143,50,20,16,0
3181,1,2024-09-15,142,40,16,1,0
2243,1,2024-09-15,215,75,30,26,0
2319,1,2024-09-15,68,30,12,0,0
3007,1,2024-09-15,159,30,12,1,0
3290,1,2024-09-15,128,40,16,4,0
2435,1,2024-09-15,50,30,12,13,0
2867,1,2024-09-15,210,50,20,27,0
2298,1,2024-09-15,23,100,40,12,0
3707,1,2024-09-15,40,20,8,3,150
3339,1,2024-09-15,73,50,20,5,0
2136,1,2024-09-15,117,50,20,9,0
2381,1,2024-09-15,80,30,12,10,0
3247,1,2024-09-15,194,50,20,1,0
3161,1,2024-09-15,293,50,20,3,0
3265,1,2024-09-15,145,75,30,16,50
3787,1,2024-09-15,103,40,16,36,0
2429,1,2024-09-15,119,40,16,21,0
3530,1,2024-09-15,113,50,20,20,0
2575,1,2024-09-15,33,20,8,2,0
2332,1,2024-09-15,87,30,12,32,0
2500,1,2024-09-15,53,20,8,11,50
2745,1,2024-09-15,92,30,12,6,300
3171,1,2024-09-15,45,40,16,9,100
3359,1,2024-09-15,181,40,16,19,150
2959,1,2024-09-15,186,50,20,6,0
3825,1,2024-09-15,113,40,16,15,0
3733,1,2024-09-15,60,30,12,2,0
2532,1,2024-09-15,175,50,20,6,0
3061,1,2024-09-15,142,75,30,2,50
3786,1,2024-09-15,61,20,8,63,0
2238,1,2024-09-15,213,75,30,9,0
2992,1,2024-09-15,168,40,16,16,0
2178,1,2024-09-15,34,30,12,7,300
3703,1,2024-09-15,49,40,16,0,0
3157,1,2024-09-15,44,20,8,11,0
2034,1,2024-09-15,35,30,12,13,100
2764,1,2024-09-15,81,50,20,3,0
3194,1,2024-09-15,133,50,20,32,0
3266,1,2024-09-15,58,20,8,45,0
3565,1,2024-09-15,339,75,30,9,0
2677,1,2024-09-15,187,40,16,9,0
2671,1,2024-09-15,213,40,16,3,100
3208,1,2024-09-15,62,20,8,0,0
2492,1,2024-09-15,170,50,20,30,0
2175,1,2024-09-15,313,75,30,6,0
2562,1,2024-09-15,49,20,8,4,0
2912,1,2024-09-15,54,30,12,9,0
2018,1,2024-09-15,250,40,16,40,0
2826,1,2024-09-15,78,30,12,1,0
3495,1,2024-09-15,36,50,20,5,0
2061,1,2024-09-15,244,50,20,13,0
3312,1,2024-09-15,111,20,8,12,0
2200,1,2024-09-15,98,30,12,4,0
2199,1,2024-09-15,277,75,30,83,150
2720,1,2024-09-15,79,20,8,13,0
3098,1,2024-09-15,38,20,8,8,0
2786,1,2024-09-15,158,40,16,16,0
3390,1,2024-09-15,96,30,12,17,0
2645,1,2024-09-15,53,30,12,0,0
2668,1,2024-09-15,331,50,20,9,0
2876,1,2024-09-15,39,40,16,3,300
3769,1,2024-09-15,302,100,40,31,0
2294,1,2024-09-15,129,40,16,0,0
3344,1,2024-09-15,71,20,8,7,150
2109,1,2024-09-15,102,75,30,61,0
2616,1,2024-09-15,54,40,16,18,0
2301,1,2024-09-15,684,100,40,15,100
2410,1,2024-09-15,87,75,30,22,100
2918,1,2024-09-15,106,30,12,0,0
3088,1,2024-09-15,319,75,30,7,0
3132,1,2024-09-15,81,30,12,2,300
3166,1,2024-09-15,100,30,12,4,0
2057,1,2024-09-15,112,40,16,3,0
3809,1,2024-09-15,12,50,20,6,150
2264,1,2024-09-15,121,40,16,36,150
3395,1,2024-09-15,50,50,20,13,0
3381,1,2024-09-15,110,30,12,32,0
2775,1,2024-09-15,330,50,20,13,150
2839,1,2024-09-15,55,20,8,10,0
2356,1,2024-09-15,0,40,16,0,50
3370,1,2024-09-15,61,20,8,23,0
3496,1,2024-09-15,175,40,16,13,0
3770,1,2024-09-15,35,40,16,1,0
2079,1,2024-09-15,130,40,16,1,0
3021,1,2024-09-15,299,75,30,10,0
3761,1,2024-09-15,186,40,16,9,150
3001,1,2024-09-15,87,20,8,15,0
2950,1,2024-09-15,86,30,12,20,0
3289,1,2024-09-15,86,30,12,68,0
2086,1,2024-09-15,55,20,8,15,0
2879,1,2024-09-15,75,75,30,1,0
3388,1,2024-09-15,90,30,12,26,0
3767,1,2024-09-15,67,50,20,12,0
3301,1,2024-09-15,162,75,30,11,0
2166,1,2024-09-15,182,50,20,0,0
2574,1,2024-09-15,95,30,12,23,0
3610,1,2024-09-15,114,20,8,8,0
3644,1,2024-09-15,75,20,8,15,0
2816,1,2024-09-15,185,40,16,0,0
2517,1,2024-09-15,217,50,20,27,0
2614,1,2024-09-15,42,40,16,16,0
2289,1,2024-09-15,47,20,8,21,0
2102,1,2024-09-15,52,30,12,1,0
2568,1,2024-09-15,148,50,20,6,0
2460,1,2024-09-15,148,50,20,19,100
3556,1,2024-09-15,60,40,16,18,0
3392,1,2024-09-15,41,20,8,21,100
3115,1,2024-09-15,200,75,30,38,0
2087,1,2024-09-15,57,20,8,41,0
3583,1,2024-09-15,127,30,12,7,0
2049,1,2024-09-15,204,50,20,34,0
2930,1,2024-09-15,62,30,12,16,0
3542,1,2024-09-15,89,20,8,1,0
2520,1,2024-09-15,82,40,16,3,0
3590,1,2024-09-15,127,30,12,15,0
2591,1,2024-09-15,50,20,8,2,0
3568,1,2024-09-15,47,20,8,9,0
3435,1,2024-09-15,264,50,20,1,0
3291,1,2024-09-15,44,40,16,33,0
3319,1,2024-09-15,69,40,16,54,0
3485,1,2024-09-15,84,20,8,2,0
3444,1,2024-09-15,85,50,20,23,0
3192,1,2024-09-15,296,75,30,25,0
3338,1,2024-09-15,108,40,16,10,0
3492,1,2024-09-15,224,50,20,31,150
3240,1,2024-09-15,72,20,8,5,0
3452,1,2024-09-15,262,75,30,2,0
2333,1,2024-09-15,110,50,20,0,0
3116,1,2024-09-15,158,30,12,15,0
2418,1,2024-09-15,61,20,8,14,0
3439,1,2024-09-15,57,20,8,6,0
2249,1,2024-09-15,418,100,40,1,100
2365,1,2024-09-15,253,75,30,0,0
2735,1,2024-09-15,308,75,30,43,0
2937,1,2024-09-15,37,20,8,3,0
2114,1,2024-09-15,84,20,8,18,0
2678,1,2024-09-15,21,20,8,14,0
3547,1,2024-09-15,218,50,20,24,0
3460,1,2024-09-15,176,30,12,5,0
3773,1,2024-09-15,81,40,16,5,0
2244,1,2024-09-15,77,75,30,7,0
2025,1,2024-09-15,280,75,30,16,0
3373,1,2024-09-15,197,40,16,27,0
3427,1,2024-09-15,99,50,20,18,0
3145,1,2024-09-15,424,75,30,1,0
3229,1,2024-09-15,28,30,12,23,0
3357,1,2024-09-15,149,50,20,10,150
2016,1,2024-09-15,149,30,12,40,0
2988,1,2024-09-15,72,50,20,1,0
2270,1,2024-09-15,47,40,16,7,0
3743,1,2024-09-15,27,30,12,6,0
3044,1,2024-09-15,133,40,16,7,0
3034,1,2024-09-15,76,30,12,11,0
3685,1,2024-09-15,227,100,40,5,300
2928,1,2024-09-15,97,20,8,14,0
2956,1,2024-09-15,24,20,8,32,0
3060,1,2024-09-15,196,100,40,0,0
2672,1,2024-09-15,54,100,40,50,100
3045,1,2024-09-15,35,20,8,0,0
3840,1,2024-09-15,62,75,30,3,0
2630,1,2024-09-15,92,50,20,21,0
3517,1,2024-09-15,82,30,12,11,300
2329,1,2024-09-15,67,30,12,8,200
3376,1,2024-09-15,174,50,20,16,0
2534,1,2024-09-15,214,75,30,2,0
3647,1,2024-09-15,144,50,20,3,0
3189,1,2024-09-15,141,50,20,30,0
3697,1,2024-09-15,68,100,40,26,0
3570,1,2024-09-15,297,100,40,57,0
3783,1,2024-09-15,173,40,16,55,100
3821,1,2024-09-15,135,50,20,4,0
3802,1,2024-09-15,224,40,16,22,0
2560,1,2024-09-15,87,40,16,17,0
3323,1,2024-09-15,131,30,12,40,0
2014,1,2024-09-15,76,30,12,26,0
3064,1,2024-09-15,37,30,12,7,0
2653,1,2024-09-15,63,40,16,0,100
2096,1,2024-09-15,109,40,16,4,0
3329,1,2024-09-15,223,75,30,16,0
2692,1,2024-09-15,191,40,16,13,300
2502,1,2024-09-15,48,20,8,13,0
3566,1,2024-09-15,72,30,12,12,0
3705,1,2024-09-15,122,40,16,13,0
2269,1,2024-09-15,26,30,12,27,0
2184,1,2024-09-15,169,40,16,15,0
3601,1,2024-09-15,81,30,12,12,0
3284,1,2024-09-15,83,30,12,13,0
2772,1,2024-09-15,162,40,16,26,0
3484,1,2024-09-15,198,75,30,27,0
3065,1,2024-09-15,0,50,20,15,0
2615,1,2024-09-15,150,40,16,21,0
3713,1,2024-09-15,148,40,16,7,0
2360,1,2024-09-15,241,50,20,14,50
3426,1,2024-09-15,125,50,20,1,0
3383,1,2024-09-15,126,30,12,2,200
3462,1,2024-09-15,42,40,16,9,100
2462,1,2024-09-15,54,20,8,39,0
2564,1,2024-09-15,103,30,12,14,0
3195,1,2024-09-15,272,40,16,5,0
2507,1,2024-09-15,28,30,12,44,0
2543,1,2024-09-15,67,40,16,20,0
2227,1,2024-09-15,224,40,16,28,0
3792,1,2024-09-15,64,30,12,16,0
2151,1,2024-09-15,161,40,16,23,0
2412,1,2024-09-15,113,40,16,10,0
3714,1,2024-09-15,107,40,16,8,0
3305,1,2024-09-15,76,40,16,0,0
3408,1,2024-09-15,32,30,12,1,0
3244,1,2024-09-15,99,40,16,50,200
2353,1,2024-09-15,85,30,12,14,0
2746,1,2024-09-15,57,40,16,2,300
2894,1,2024-09-15,125,75,30,17,150
3180,1,2024-09-15,140,50,20,14,0
3297,1,2024-09-15,94,50,20,21,100
2436,1,2024-09-15,50,30,12,29,0
3193,1,2024-09-15,257,75,30,33,0
2833,1,2024-09-15,96,40,16,19,150
2841,1,2024-09-15,496,75,30,1,0
2026,1,2024-09-15,150,40,16,19,0
3069,1,2024-09-15,71,20,8,5,0
2922,1,2024-09-15,366,100,40,34,0
2890,1,2024-09-15,79,40,16,4,150
2593,1,2024-09-15,207,100,40,7,0
2137,1,2024-09-15,200,50,20,2,0
2142,1,2024-09-15,107,75,30,12,50
2092,1,2024-09-15,170,50,20,1,200
2453,1,2024-09-15,259,40,16,7,0
3152,1,2024-09-15,229,50,20,6,0
3248,1,2024-09-15,108,50,20,36,0
2766,1,2024-09-16,211,40,16,0,50
3587,1,2024-09-16,25,40,16,32,50
2656,1,2024-09-16,147,40,16,2,0
2068,1,2024-09-16,115,40,16,25,0
2493,1,2024-09-16,30,50,20,4,0
2731,1,2024-09-16,122,40,16,12,0
2063,1,2024-09-16,251,50,20,6,0
2225,1,2024-09-16,157,50,20,41,100
2153,1,2024-09-16,123,50,20,15,0
3586,1,2024-09-16,67,30,12,4,0
2239,1,2024-09-16,41,50,20,30,150
2363,1,2024-09-16,0,30,12,48,0
3598,1,2024-09-16,244,50,20,47,0
3113,1,2024-09-16,102,30,12,46,0
2771,1,2024-09-16,255,75,30,9,300
3740,1,2024-09-16,0,30,12,6,0
2372,1,2024-09-16,10,30,12,2,0
2723,1,2024-09-16,64,30,12,18,0
3764,1,2024-09-16,105,100,40,0,0
2070,1,2024-09-16,76,40,16,12,0
2042,1,2024-09-16,313,75,30,59,0
2546,1,2024-09-16,266,40,16,3,0
3277,1,2024-09-16,192,40,16,28,0
2311,1,2024-09-16,73,40,16,10,0
2171,1,2024-09-16,187,75,30,5,150
2525,1,2024-09-16,52,20,8,1,0
3662,1,2024-09-16,167,40,16,4,0
2440,1,2024-09-16,0,30,12,6,0
2495,1,2024-09-16,243,50,20,2,0
3430,1,2024-09-16,96,30,12,8,0
2606,1,2024-09-16,92,30,12,5,150
3724,1,2024-09-16,149,40,16,8,0
2538,1,2024-09-16,133,40,16,8,0
2060,1,2024-09-16,299,75,30,11,0
2214,1,2024-09-16,11,50,20,10,0
2802,1,2024-09-16,331,75,30,27,0
2696,1,2024-09-16,231,75,30,12,0
3717,1,2024-09-16,88,20,8,7,100
3513,1,2024-09-16,214,75,30,5,0
2195,1,2024-09-16,24,20,8,13,0
3085,1,2024-09-16,0,40,16,0,0
3532,1,2024-09-16,99,50,20,7,0
2150,1,2024-09-16,78,30,12,8,0
3795,1,2024-09-16,94,30,12,2,0
3293,1,2024-09-16,80,20,8,3,0
2777,1,2024-09-16,158,40,16,44,0
3261,1,2024-09-16,246,50,20,13,100
3554,1,2024-09-16,103,75,30,4,0
3603,1,2024-09-16,149,40,16,29,100
3640,1,2024-09-16,239,75,30,33,0
3457,1,2024-09-16,108,30,12,54,0
2387,1,2024-09-16,79,75,30,45,200
3218,1,2024-09-16,137,40,16,0,0
2338,1,2024-09-16,4,30,12,13,0
2545,1,2024-09-16,77,50,20,9,0
2065,1,2024-09-16,255,50,20,7,0
2785,1,2024-09-16,62,40,16,2,0
2340,1,2024-09-16,155,30,12,45,0
2909,1,2024-09-16,195,50,20,8,0
2080,1,2024-09-16,24,30,12,15,0
3463,1,2024-09-16,73,50,20,19,0
2957,1,2024-09-16,108,40,16,14,0
3758,1,2024-09-16,56,20,8,12,0
3188,1,2024-09-16,40,30,12,0,0
3687,1,2024-09-16,58,40,16,12,150
3056,1,2024-09-16,191,50,20,2,0
2528,1,2024-09-16,75,20,8,5,0
2093,1,2024-09-16,10,75,30,0,0
3366,1,2024-09-16,77,40,16,27,0
3487,1,2024-09-16,132,30,12,10,0
2326,1,2024-09-16,86,40,16,13,0
2719,1,2024-09-16,95,30,12,1,0
3619,1,2024-09-16,112,30,12,25,0
2206,1,2024-09-16,86,50,20,19,50
2327,1,2024-09-16,0,40,16,26,0
2689,1,2024-09-16,175,75,30,18,0
3480,1,2024-09-16,35,20,8,5,0
2272,1,2024-09-16,228,40,16,6,0
3251,1,2024-09-16,297,50,20,4,0
3747,1,2024-09-16,105,30,12,32,0
2552,1,2024-09-16,86,30,12,0,300
2797,1,2024-09-16,169,30,12,0,0
2083,1,2024-09-16,65,40,16,7,0
2054,1,2024-09-16,54,30,12,4,0
3768,1,2024-09-16,155,40,16,1,200
3216,1,2024-09-16,135,40,16,4,0
2132,1,2024-09-16,42,20,8,16,0
2998,1,2024-09-16,0,30,12,12,0
3253,1,2024-09-16,93,30,12,30,0
2458,1,2024-09-16,314,100,40,2,150
2919,1,2024-09-16,251,40,16,5,0
3204,1,2024-09-16,25,30,12,14,0
2942,1,2024-09-16,55,50,20,19,0
3075,1,2024-09-16,21,30,12,11,0
2576,1,2024-09-16,183,50,20,5,0
2392,1,2024-09-16,197,40,16,6,0
3660,1,2024-09-16,177,75,30,2,0
2794,1,2024-09-16,56,30,12,6,0
3436,1,2024-09-16,13,30,12,19,0
3055,1,2024-09-16,72,20,8,14,300
2075,1,2024-09-16,0,30,12,6,0
3178,1,2024-09-16,221,40,16,2,0
2039,1,2024-09-16,138,40,16,0,0
2773,1,2024-09-16,0,100,40,8,0
3823,1,2024-09-16,109,30,12,7,0
2345,1,2024-09-16,54,20,8,1,0
2753,1,2024-09-16,74,40,16,16,0
2776,1,2024-09-16,71,30,12,12,0
2518,1,2024-09-16,362,75,30,7,0
2717,1,2024-09-16,233,75,30,17,0
2510,1,2024-09-16,119,50,20,32,300
2403,1,2024-09-16,82,30,12,10,0
2045,1,2024-09-16,497,100,40,17,0
3748,1,2024-09-16,98,30,12,4,0
2265,1,2024-09-16,65,20,8,5,150
3771,1,2024-09-16,46,20,8,2,0
2428,1,2024-09-16,189,50,20,35,0
2904,1,2024-09-16,226,50,20,24,0
2789,1,2024-09-16,69,40,16,7,0
3803,1,2024-09-16,174,40,16,1,0
2305,1,2024-09-16,127,30,12,35,0
3282,1,2024-09-16,62,20,8,0,0
3005,1,2024-09-16,36,20,8,5,0
2605,1,2024-09-16,78,30,12,13,0
2077,1,2024-09-16,48,30,12,19,0
2001,1,2024-09-16,71,30,12,5,0
2479,1,2024-09-16,224,50,20,16,0
3596,1,2024-09-16,146,40,16,1,50
3409,1,2024-09-16,96,30,12,0,0
2107,1,2024-09-16,148,50,20,19,0
2125,1,2024-09-16,71,40,16,5,0
3597,1,2024-09-16,80,40,16,23,0
2670,1,2024-09-16,144,50,20,10,0
2530,1,2024-09-16,34,30,12,49,0
2233,1,2024-09-16,58,30,12,65,0
3776,1,2024-09-16,93,50,20,14,0
3033,1,2024-09-16,167,50,20,20,0
2177,1,2024-09-16,52,50,20,4,150
3420,1,2024-09-16,0,50,20,4,0
2288,1,2024-09-16,143,40,16,19,0
2155,1,2024-09-16,271,100,40,5,0
3514,1,2024-09-16,408,75,30,1,0
3616,1,2024-09-16,108,40,16,38,0
2508,1,2024-09-16,94,40,16,1,0
2127,1,2024-09-16,84,40,16,2,0
3788,1,2024-09-16,54,40,16,45,0
2213,1,2024-09-16,116,40,16,7,0
3386,1,2024-09-16,27,20,8,7,50
3654,1,2024-09-16,79,40,16,4,0
2216,1,2024-09-16,296,100,40,9,0
3839,1,2024-09-16,64,20,8,17,0
2020,1,2024-09-16,61,30,12,27,0
3300,1,2024-09-16,184,30,12,53,200
2688,1,2024-09-16,54,20,8,17,0
2847,1,2024-09-16,392,100,40,37,0
2341,1,2024-09-16,101,20,8,7,0
2762,1,2024-09-16,148,75,30,19,0
3262,1,2024-09-16,118,50,20,10,0
3649,1,2024-09-16,45,100,40,12,0
3577,1,2024-09-16,180,40,16,31,300
2844,1,2024-09-16,158,50,20,0,0
3571,1,2024-09-16,419,100,40,2,0
2943,1,2024-09-16,110,30,12,13,0
2024,1,2024-09-16,85,20,8,9,0
3841,1,2024-09-16,125,75,30,2,50
3613,1,2024-09-16,75,40,16,7,0
2939,1,2024-09-16,105,40,16,24,0
3020,1,2024-09-16,91,30,12,8,0
3280,1,2024-09-16,162,30,12,7,0
2729,1,2024-09-16,128,50,20,1,0
3706,1,2024-09-16,194,40,16,0,0
3702,1,2024-09-16,164,40,16,3,0
2422,1,2024-09-16,21,20,8,6,0
3250,1,2024-09-16,208,50,20,4,0
2558,1,2024-09-16,78,40,16,16,200
2330,1,2024-09-16,95,20,8,23,200
2598,1,2024-09-16,171,40,16,10,0
2934,1,2024-09-16,98,20,8,2,0
2744,1,2024-09-16,54,75,30,41,0
2413,1,2024-09-16,126,40,16,1,0
2966,1,2024-09-16,123,50,20,1,0
3838,1,2024-09-16,199,40,16,7,0
2743,1,2024-09-16,310,75,30,24,0
2780,1,2024-09-16,169,50,20,23,0
2676,1,2024-09-16,227,100,40,6,0
3629,1,2024-09-16,141,40,16,4,0
3107,1,2024-09-16,230,75,30,3,0
2526,1,2024-09-16,144,50,20,21,0
3110,1,2024-09-16,147,75,30,18,0
2742,1,2024-09-16,58,20,8,3,0
3162,1,2024-09-16,267,50,20,5,0
3560,1,2024-09-16,102,30,12,8,300
2201,1,2024-09-16,64,40,16,27,0
2514,1,2024-09-16,35,20,8,22,0
2022,1,2024-09-16,59,30,12,1,0
2768,1,2024-09-16,43,100,40,14,0
3550,1,2024-09-16,152,40,16,1,0
3515,1,2024-09-16,139,40,16,19,0
2241,1,2024-09-16,182,50,20,29,0
2160,1,2024-09-16,145,50,20,9,0
3086,1,2024-09-16,189,40,16,2,0
3600,1,2024-09-16,69,50,20,25,150
2561,1,2024-09-16,80,30,12,24,0
2913,1,2024-09-16,58,20,8,9,0
2141,1,2024-09-16,58,30,12,0,50
3622,1,2024-09-16,170,50,20,4,150
2085,1,2024-09-16,280,50,20,47,0
2550,1,2024-09-16,159,40,16,0,0
2834,1,2024-09-16,53,20,8,16,0
3488,1,2024-09-16,98,40,16,12,0
2757,1,2024-09-16,135,30,12,9,300
2611,1,2024-09-16,65,30,12,46,0
3553,1,2024-09-16,255,50,20,31,0
3382,1,2024-09-16,168,50,20,6,100
3105,1,2024-09-16,138,75,30,20,0
2940,1,2024-09-16,131,40,16,2,0
3139,1,2024-09-16,202,50,20,23,0
3071,1,2024-09-16,239,50,20,20,0
3333,1,2024-09-16,323,100,40,13,0
3572,1,2024-09-16,101,30,12,0,0
2228,1,2024-09-16,134,30,12,1,0
2033,1,2024-09-16,209,100,40,5,0
3421,1,2024-09-16,69,20,8,27,0
2396,1,2024-09-16,331,75,30,9,50
2788,1,2024-09-16,131,40,16,2,0
2207,1,2024-09-16,0,40,16,23,0
2809,1,2024-09-16,89,20,8,53,0
2623,1,2024-09-16,21,40,16,28,0
2028,1,2024-09-16,62,20,8,4,0
2170,1,2024-09-16,66,30,12,2,0
3719,1,2024-09-16,187,50,20,21,200
3461,1,2024-09-16,69,50,20,16,200
2103,1,2024-09-16,229,100,40,4,0
2573,1,2024-09-16,55,40,16,10,0
2192,1,2024-09-16,149,40,16,1,0
3509,1,2024-09-16,179,50,20,32,0
3521,1,2024-09-16,393,75,30,18,0
2725,1,2024-09-16,203,50,20,10,0
2157,1,2024-09-16,222,50,20,3,0
2309,1,2024-09-16,82,20,8,21,0
3504,1,2024-09-16,144,50,20,7,0
2679,1,2024-09-16,171,40,16,29,100
2188,1,2024-09-16,41,30,12,27,0
2721,1,2024-09-16,126,50,20,18,0
3242,1,2024-09-16,95,30,12,10,0
3537,1,2024-09-16,129,50,20,11,0
3637,1,2024-09-16,45,20,8,32,0
3791,1,2024-09-16,21,30,12,20,0
2799,1,2024-09-16,212,50,20,4,0
2324,1,2024-09-16,111,40,16,12,0
2284,1,2024-09-16,93,20,8,2,0
3531,1,2024-09-16,210,40,16,25,0
2984,1,2024-09-16,124,30,12,15,0
2196,1,2024-09-16,96,20,8,3,0
2101,1,2024-09-16,272,75,30,6,200
3459,1,2024-09-16,46,50,20,5,0
3414,1,2024-09-16,129,50,20,4,0
3316,1,2024-09-16,61,30,12,3,0
3655,1,2024-09-16,71,30,12,4,0
2908,1,2024-09-16,183,50,20,2,0
2874,1,2024-09-16,246,50,20,46,0
2480,1,2024-09-16,234,50,20,16,0
2997,1,2024-09-16,29,50,20,15,0
2711,1,2024-09-16,17,30,12,5,0
2883,1,2024-09-16,93,30,12,26,0
3025,1,2024-09-16,171,50,20,6,0
2448,1,2024-09-16,120,40,16,23,150
2824,1,2024-09-16,125,50,20,14,0
3168,1,2024-09-16,208,75,30,12,0
3558,1,2024-09-16,50,50,20,6,0
3735,1,2024-09-16,104,20,8,11,0
3525,1,2024-09-16,195,40,16,16,50
3014,1,2024-09-16,182,50,20,18,0
2293,1,2024-09-16,113,30,12,16,0
3019,1,2024-09-16,122,75,30,20,0
3575,1,2024-09-16,44,20,8,0,0
2704,1,2024-09-16,45,40,16,2,0
3501,1,2024-09-16,215,50,20,1,0
2466,1,2024-09-16,85,40,16,3,0
2417,1,2024-09-16,70,50,20,24,0
2751,1,2024-09-16,119,30,12,0,0
2567,1,2024-09-16,103,30,12,4,0
3569,1,2024-09-16,88,20,8,11,0
3784,1,2024-09-16,212,75,30,1,300
3324,1,2024-09-16,135,40,16,3,0
2664,1,2024-09-16,107,20,8,34,0
2702,1,2024-09-16,159,50,20,5,0
2856,1,2024-09-16,29,50,20,11,0
2405,1,2024-09-16,0,20,8,9,0
3578,1,2024-09-16,30,30,12,43,100
3464,1,2024-09-16,189,50,20,4,0
2636,1,2024-09-16,80,20,8,9,0
2590,1,2024-09-16,83,20,8,40,0
2359,1,2024-09-16,120,30,12,35,50
2497,1,2024-09-16,59,30,12,3,0
3639,1,2024-09-16,32,20,8,8,100
3102,1,2024-09-16,102,20,8,4,0
3103,1,2024-09-16,90,50,20,7,0
3715,1,2024-09-16,199,30,12,21,0
2900,1,2024-09-16,39,20,8,8,0
2433,1,2024-09-16,86,30,12,0,100
2684,1,2024-09-16,139,50,20,13,100
2123,1,2024-09-16,92,30,12,10,0
2230,1,2024-09-16,89,40,16,15,0
2690,1,2024-09-16,78,20,8,12,0
2052,1,2024-09-16,50,50,20,14,0
2237,1,2024-09-16,179,30,12,11,0
2926,1,2024-09-16,172,50,20,15,0
2056,1,2024-09-16,148,40,16,34,0
2445,1,2024-09-16,216,50,20,3,0
2124,1,2024-09-16,21,30,12,10,0
2983,1,2024-09-16,47,20,8,10,0
3062,1,2024-09-16,42,20,8,3,0
3221,1,2024-09-16,159,30,12,0,0
2222,1,2024-09-16,337,75,30,31,0
3126,1,2024-09-16,50,40,16,4,0
3278,1,2024-09-16,196,40,16,6,0
2857,1,2024-09-16,151,40,16,6,0
2600,1,2024-09-16,98,50,20,7,0
2718,1,2024-09-16,48,50,20,15,0
3274,1,2024-09-16,194,40,16,20,0
3310,1,2024-09-16,64,30,12,2,0
2442,1,2024-09-16,60,30,12,23,0
3627,1,2024-09-16,85,40,16,5,0
3518,1,2024-09-16,150,30,12,28,0
2994,1,2024-09-16,165,30,12,7,0
2618,1,2024-09-16,81,50,20,1,0
3526,1,2024-09-16,199,50,20,0,0
3016,1,2024-09-16,71,20,8,23,0
2432,1,2024-09-16,218,75,30,5,0
2898,1,2024-09-16,33,30,12,8,0
3027,1,2024-09-16,39,30,12,8,0
2450,1,2024-09-16,142,40,16,12,0
2527,1,2024-09-16,152,50,20,22,0
2905,1,2024-09-16,220,40,16,6,0
3059,1,2024-09-16,110,50,20,11,0
2219,1,2024-09-16,101,30,12,12,0
3040,1,2024-09-16,40,20,8,30,0
2069,1,2024-09-16,167,40,16,3,0
2268,1,2024-09-16,49,50,20,5,100
2310,1,2024-09-16,117,75,30,2,0
2976,1,2024-09-16,45,30,12,6,0
2892,1,2024-09-16,0,30,12,7,0
3385,1,2024-09-16,62,30,12,0,0
2602,1,2024-09-16,81,40,16,3,200
3584,1,2024-09-16,48,20,8,4,0
3111,1,2024-09-16,185,50,20,18,0
2040,1,2024-09-16,66,30,12,1,0
2312,1,2024-09-16,0,40,16,25,0
3692,1,2024-09-16,69,20,8,3,0
2443,1,2024-09-16,90,30,12,22,0
3099,1,2024-09-16,0,20,8,3,0
2726,1,2024-09-16,119,20,8,5,0
3539,1,2024-09-16,0,40,16,13,0
2119,1,2024-09-16,84,30,12,6,0
3721,1,2024-09-16,83,50,20,13,0
3523,1,2024-09-16,77,50,20,16,0
3671,1,2024-09-16,54,30,12,3,0
2006,1,2024-09-16,98,30,12,51,0
3709,1,2024-09-16,343,50,20,22,0
3551,1,2024-09-16,38,30,12,6,50
3100,1,2024-09-16,0,40,16,2,0
2829,1,2024-09-16,457,100,40,17,0
3279,1,2024-09-16,30,40,16,16,0
2468,1,2024-09-16,238,50,20,6,200
3306,1,2024-09-16,136,100,40,21,0
2620,1,2024-09-16,191,75,30,8,150
3131,1,2024-09-16,62,20,8,1,0
3150,1,2024-09-16,89,30,12,14,0
3151,1,2024-09-16,81,20,8,1,0
2303,1,2024-09-16,136,40,16,2,0
3678,1,2024-09-16,76,20,8,10,0
2215,1,2024-09-16,76,30,12,2,0
3202,1,2024-09-16,302,75,30,17,0
2113,1,2024-09-16,192,50,20,2,0
3013,1,2024-09-16,67,40,16,14,0
3605,1,2024-09-16,60,20,8,8,0
2008,1,2024-09-16,86,40,16,8,0
3048,1,2024-09-16,115,40,16,6,0
3634,1,2024-09-16,141,30,12,55,0
2631,1,2024-09-16,277,75,30,1,0
2685,1,2024-09-16,33,20,8,0,0
2531,1,2024-09-16,364,75,30,6,0
3432,1,2024-09-16,82,20,8,3,0
2494,1,2024-09-16,73,20,8,5,0
2009,1,2024-09-16,197,40,16,5,0
3798,1,2024-09-16,37,30,12,2,0
2193,1,2024-09-16,20,50,20,8,0
2307,1,2024-09-16,30,50,20,23,0
3179,1,2024-09-16,217,75,30,11,0
3136,1,2024-09-16,85,30,12,15,0
2572,1,2024-09-16,0,40,16,4,0
3808,1,2024-09-16,280,75,30,9,0
2295,1,2024-09-16,178,40,16,3,0
3701,1,2024-09-16,103,30,12,7,0
2659,1,2024-09-16,169,40,16,24,150
2314,1,2024-09-16,129,50,20,2,0
2767,1,2024-09-16,191,50,20,0,0
2863,1,2024-09-16,76,40,16,3,150
3555,1,2024-09-16,130,30,12,3,0
3058,1,2024-09-16,329,75,30,15,0
3243,1,2024-09-16,117,40,16,45,0
2005,1,2024-09-16,70,20,8,37,0
3793,1,2024-09-16,138,40,16,0,300
3144,1,2024-09-16,61,20,8,0,0
2202,1,2024-09-16,113,40,16,67,0
2708,1,2024-09-16,124,30,12,10,0
3030,1,2024-09-16,110,40,16,6,0
3404,1,2024-09-16,100,30,12,4,0
2580,1,2024-09-16,63,30,12,11,0
2032,1,2024-09-16,47,20,8,20,0
3097,1,2024-09-16,86,40,16,5,0
3108,1,2024-09-16,53,30,12,0,0
2750,1,2024-09-16,35,40,16,0,0
2906,1,2024-09-16,109,50,20,2,0
3345,1,2024-09-16,66,20,8,4,0
2159,1,2024-09-16,62,30,12,8,0
3581,1,2024-09-16,116,40,16,10,0
2194,1,2024-09-16,188,50,20,21,0
3835,1,2024-09-16,123,40,16,5,0
2047,1,2024-09-16,66,20,8,6,0
2404,1,2024-09-16,296,50,20,10,0
3631,1,2024-09-16,115,30,12,13,150
2914,1,2024-09-16,97,50,20,6,0
2464,1,2024-09-16,181,50,20,0,0
3003,1,2024-09-16,147,30,12,2,200
3272,1,2024-09-16,414,100,40,10,0
3434,1,2024-09-16,73,20,8,81,0
3847,1,2024-09-16,53,20,8,20,300
3424,1,2024-09-16,132,40,16,30,0
2262,1,2024-09-16,172,100,40,14,0
3200,1,2024-09-16,252,100,40,2,0
3326,1,2024-09-16,435,100,40,12,0
3230,1,2024-09-16,81,30,12,15,0
2566,1,2024-09-16,0,50,20,2,0
2358,1,2024-09-16,126,50,20,1,0
2887,1,2024-09-16,113,50,20,58,0
2481,1,2024-09-16,452,75,30,24,0
2740,1,2024-09-16,144,40,16,31,300
2758,1,2024-09-16,37,20,8,30,0
2686,1,2024-09-16,125,75,30,10,0
3659,1,2024-09-16,41,40,16,15,0
3567,1,2024-09-16,109,50,20,10,0
2181,1,2024-09-16,64,20,8,2,100
2511,1,2024-09-16,132,40,16,8,0
2929,1,2024-09-16,143,30,12,1,0
3667,1,2024-09-16,0,75,30,22,0
2981,1,2024-09-16,272,100,40,14,0
2700,1,2024-09-16,128,50,20,18,0
2505,1,2024-09-16,0,50,20,1,200
3541,1,2024-09-16,274,75,30,6,0
2805,1,2024-09-16,324,100,40,44,0
3287,1,2024-09-16,97,30,12,4,0
3288,1,2024-09-16,48,50,20,2,0
2274,1,2024-09-16,89,20,8,24,0
3780,1,2024-09-16,170,40,16,2,0
2832,1,2024-09-16,75,30,12,40,0
3540,1,2024-09-16,225,40,16,21,0
2173,1,2024-09-16,125,30,12,3,0
2271,1,2024-09-16,10,40,16,12,0
2613,1,2024-09-16,243,50,20,6,300
3137,1,2024-09-16,165,40,16,15,0
2339,1,2024-09-16,266,75,30,16,0
3322,1,2024-09-16,116,30,12,26,0
3604,1,2024-09-16,120,30,12,12,0
2163,1,2024-09-16,124,30,12,5,0
2666,1,2024-09-16,142,40,16,12,0
2176,1,2024-09-16,44,20,8,51,0
2848,1,2024-09-16,49,30,12,8,0
3210,1,2024-09-16,112,20,8,20,0
2055,1,2024-09-16,68,40,16,4,200
3352,1,2024-09-16,312,100,40,58,0
3674,1,2024-09-16,106,20,8,3,0
3313,1,2024-09-16,47,20,8,4,0
3138,1,2024-09-16,66,50,20,0,0
2724,1,2024-09-16,201,50,20,2,0
3076,1,2024-09-16,139,40,16,17,0
3636,1,2024-09-16,191,40,16,7,0
3836,1,2024-09-16,47,20,8,11,100
2313,1,2024-09-16,117,30,12,1,0
2822,1,2024-09-16,91,50,20,45,50
2570,1,2024-09-16,142,75,30,18,200
2179,1,2024-09-16,108,75,30,10,0
3083,1,2024-09-16,166,75,30,5,0
3754,1,2024-09-16,189,40,16,4,0
3119,1,2024-09-16,165,30,12,6,0
3128,1,2024-09-16,92,30,12,36,0
3739,1,2024-09-16,92,50,20,12,0
2891,1,2024-09-16,110,40,16,14,0
3246,1,2024-09-16,157,50,20,20,0
2628,1,2024-09-16,128,30,12,8,0
3177,1,2024-09-16,70,30,12,31,0
2234,1,2024-09-16,110,20,8,13,0
3222,1,2024-09-16,232,75,30,6,0
2116,1,2024-09-16,74,30,12,0,200
3646,1,2024-09-16,43,20,8,9,0
3503,1,2024-09-16,51,40,16,22,0
3632,1,2024-09-16,179,40,16,0,0
3805,1,2024-09-16,237,50,20,20,0
3123,1,2024-09-16,93,30,12,5,300
3337,1,2024-09-16,53,20,8,22,0
2231,1,2024-09-16,116,20,8,12,0
2050,1,2024-09-16,13,40,16,23,0
2640,1,2024-09-16,213,75,30,4,0
3726,1,2024-09-16,127,40,16,15,0
3215,1,2024-09-16,47,30,12,7,0
3402,1,2024-09-16,444,100,40,1,0
2148,1,2024-09-16,141,30,12,0,0
2081,1,2024-09-16,69,40,16,2,0
2315,1,2024-09-16,130,30,12,21,0
2232,1,2024-09-16,60,30,12,16,0
2964,1,2024-09-16,45,20,8,5,0
3234,1,2024-09-16,125,75,30,4,0
2013,1,2024-09-16,99,50,20,0,0
2111,1,2024-09-16,304,75,30,6,0
2439,1,2024-09-16,94,30,12,4,0
3191,1,2024-09-16,406,75,30,17,0
2351,1,2024-09-16,304,50,20,26,0
3271,1,2024-09-16,47,40,16,32,0
3072,1,2024-09-16,10,30,12,11,0
2760,1,2024-09-16,109,30,12,0,100
3794,1,2024-09-16,135,40,16,11,0
3264,1,2024-09-16,126,40,16,8,0
3505,1,2024-09-16,78,20,8,3,0
3679,1,2024-09-16,146,50,20,15,0
2461,1,2024-09-16,85,30,12,26,0
2819,1,2024-09-16,67,20,8,14,0
2665,1,2024-09-16,199,75,30,15,0
3759,1,2024-09-16,164,50,20,33,0
2371,1,2024-09-16,92,40,16,4,0
2221,1,2024-09-16,133,50,20,11,0
2915,1,2024-09-16,0,30,12,10,0
2318,1,2024-09-16,196,40,16,14,0
3708,1,2024-09-16,389,100,40,3,0
3255,1,2024-09-16,9,30,12,2,100
2254,1,2024-09-16,212,40,16,38,300
2982,1,2024-09-16,154,40,16,24,0
2316,1,2024-09-16,186,40,16,13,50
3334,1,2024-09-16,271,50,20,5,0
3182,1,2024-09-16,244,50,20,25,0
2818,1,2024-09-16,166,30,12,18,0
3493,1,2024-09-16,165,75,30,2,150
2681,1,2024-09-16,28,30,12,3,0
2880,1,2024-09-16,222,100,40,4,200
2400,1,2024-09-16,158,40,16,62,0
3238,1,2024-09-16,137,40,16,0,150
3753,1,2024-09-16,70,40,16,9,0
2594,1,2024-09-16,99,40,16,3,0
2585,1,2024-09-16,87,40,16,2,0
2482,1,2024-09-16,92,50,20,19,0
2058,1,2024-09-16,118,30,12,13,200
3164,1,2024-09-16,131,40,16,9,0
2961,1,2024-09-16,245,40,16,30,0
3399,1,2024-09-16,13,20,8,19,0
2584,1,2024-09-16,710,100,40,53,0
2968,1,2024-09-16,104,40,16,15,0
2002,1,2024-09-16,81,40,16,2,0
3273,1,2024-09-16,144,40,16,0,0
3628,1,2024-09-16,45,20,8,22,0
3429,1,2024-09-16,174,40,16,0,0
2960,1,2024-09-16,194,40,16,4,0
3364,1,2024-09-16,115,50,20,4,150
3552,1,2024-09-16,83,20,8,5,0
2761,1,2024-09-16,139,40,16,2,0
2589,1,2024-09-16,120,40,16,1,0
2963,1,2024-09-16,103,40,16,10,0
3433,1,2024-09-16,77,30,12,17,0
2783,1,2024-09-16,107,50,20,23,0
3423,1,2024-09-16,147,40,16,1,0
2352,1,2024-09-16,68,30,12,1,0
3680,1,2024-09-16,82,40,16,2,150
2639,1,2024-09-16,58,20,8,13,0
3663,1,2024-09-16,176,75,30,5,0
2322,1,2024-09-16,56,20,8,10,150
3176,1,2024-09-16,79,75,30,3,0
2246,1,2024-09-16,104,75,30,5,0
2444,1,2024-09-16,179,30,12,9,0
3012,1,2024-09-16,8,30,12,34,300
2419,1,2024-09-16,43,20,8,21,0
3698,1,2024-09-16,209,40,16,9,0
2814,1,2024-09-16,160,75,30,8,300
2261,1,2024-09-16,160,30,12,14,0
2118,1,2024-09-16,115,30,12,62,0
2995,1,2024-09-16,409,75,30,0,0
2669,1,2024-09-16,53,30,12,61,300
2504,1,2024-09-16,34,20,8,0,0
3579,1,2024-09-16,9,50,20,14,0
2556,1,2024-09-16,134,30,12,10,0
2722,1,2024-09-16,68,30,12,23,200
2695,1,2024-09-16,101,30,12,12,0
3796,1,2024-09-16,164,40,16,1,0
3415,1,2024-09-16,88,30,12,0,0
2115,1,2024-09-16,39,75,30,7,0
3447,1,2024-09-16,67,30,12,0,50
2927,1,2024-09-16,106,30,12,1,0
3010,1,2024-09-16,387,75,30,5,0
3519,1,2024-09-16,146,75,30,15,0
2895,1,2024-09-16,123,30,12,0,0
2211,1,2024-09-16,158,30,12,0,0
2186,1,2024-09-16,142,40,16,26,0
3712,1,2024-09-16,231,40,16,25,0
2304,1,2024-09-16,210,40,16,41,0
3080,1,2024-09-16,67,20,8,5,0
2117,1,2024-09-16,176,50,20,46,0
3453,1,2024-09-16,99,40,16,12,0
2478,1,2024-09-16,86,30,12,36,0
3039,1,2024-09-16,-8,20,8,80,0
2447,1,2024-09-16,117,30,12,9,0
3751,1,2024-09-16,23,30,12,7,150
2378,1,2024-09-16,0,30,12,40,0
2917,1,2024-09-16,62,20,8,1,0
2747,1,2024-09-16,115,50,20,15,50
3657,1,2024-09-16,320,75,30,2,0
2078,1,2024-09-16,114,40,16,9,150
3351,1,2024-09-16,82,20,8,11,0
2168,1,2024-09-16,88,40,16,6,0
3009,1,2024-09-16,219,50,20,15,0
3458,1,2024-09-16,169,40,16,11,0
2896,1,2024-09-16,210,50,20,27,300
2156,1,2024-09-16,77,40,16,3,0
2053,1,2024-09-16,132,75,30,51,0
2855,1,2024-09-16,290,50,20,6,100
2778,1,2024-09-16,48,40,16,1,50
3398,1,2024-09-16,0,75,30,28,0
2547,1,2024-09-16,161,30,12,4,0
3063,1,2024-09-16,97,30,12,34,0
2073,1,2024-09-16,29,75,30,13,0
2705,1,2024-09-16,128,30,12,1,300
3755,1,2024-09-16,93,20,8,5,0
3024,1,2024-09-16,58,30,12,29,0
3133,1,2024-09-16,37,30,12,4,0
2619,1,2024-09-16,148,30,12,25,0
3781,1,2024-09-16,178,75,30,6,0
2334,1,2024-09-16,122,20,8,7,200
2370,1,2024-09-16,73,20,8,13,0
2539,1,2024-09-16,288,40,16,1,200
2373,1,2024-09-16,194,100,40,20,0
2958,1,2024-09-16,171,40,16,6,0
3147,1,2024-09-16,60,40,16,37,0
3778,1,2024-09-16,158,75,30,5,0
2051,1,2024-09-16,97,40,16,9,0
2990,1,2024-09-16,108,50,20,38,0
2473,1,2024-09-16,171,30,12,15,0
2306,1,2024-09-16,132,30,12,0,0
2935,1,2024-09-16,122,30,12,27,0
2290,1,2024-09-16,110,50,20,11,0
2120,1,2024-09-16,44,20,8,22,0
3813,1,2024-09-16,56,20,8,20,300
3372,1,2024-09-16,125,20,8,44,0
2578,1,2024-09-16,21,30,12,10,300
2953,1,2024-09-16,110,30,12,8,100
2106,1,2024-09-16,283,50,20,29,0
3474,1,2024-09-16,332,75,30,36,0
2126,1,2024-09-16,94,40,16,1,300
2012,1,2024-09-16,37,20,8,13,0
3804,1,2024-09-16,65,30,12,13,0
3673,1,2024-09-16,127,30,12,14,0
2716,1,2024-09-16,52,20,8,9,0
2787,1,2024-09-16,77,40,16,14,0
3141,1,2024-09-16,91,30,12,24,0
3475,1,2024-09-16,179,75,30,10,0
2859,1,2024-09-16,76,20,8,13,0
3303,1,2024-09-16,183,30,12,4,0
2595,1,2024-09-16,152,40,16,0,0
3449,1,2024-09-16,87,30,12,16,100
2540,1,2024-09-16,266,40,16,20,0
2820,1,2024-09-16,81,20,8,0,0
3625,1,2024-09-16,94,75,30,47,0
3563,1,2024-09-16,240,75,30,4,150
3349,1,2024-09-16,166,50,20,11,0
2986,1,2024-09-16,45,30,12,7,0
3775,1,2024-09-16,125,50,20,16,0
2592,1,2024-09-16,43,30,12,17,0
3394,1,2024-09-16,95,20,8,8,300
2095,1,2024-09-16,21,40,16,0,0
2367,1,2024-09-16,91,20,8,27,50
2368,1,2024-09-16,62,20,8,34,0
3606,1,2024-09-16,184,75,30,3,0
2738,1,2024-09-16,92,30,12,3,300
3497,1,2024-09-16,185,100,40,2,0
3643,1,2024-09-16,71,20,8,5,300
2337,1,2024-09-16,100,50,20,6,0
2260,1,2024-09-16,112,30,12,9,50
2349,1,2024-09-16,25,50,20,0,0
3760,1,2024-09-16,67,20,8,11,0
3172,1,2024-09-16,90,30,12,20,0
3472,1,2024-09-16,110,50,20,11,0
2683,1,2024-09-16,79,40,16,9,0
3023,1,2024-09-16,97,20,8,15,50
2674,1,2024-09-16,71,30,12,9,0
3327,1,2024-09-16,87,40,16,21,0
3500,1,2024-09-16,115,30,12,15,0
3074,1,2024-09-16,214,40,16,8,0
2827,1,2024-09-16,176,50,20,5,0
3174,1,2024-09-16,174,40,16,9,0
2652,1,2024-09-16,37,30,12,3,0
2506,1,2024-09-16,38,75,30,10,0
2088,1,2024-09-16,110,40,16,7,0
2411,1,2024-09-16,70,30,12,6,0
3450,1,2024-09-16,113,50,20,6,0
2642,1,2024-09-16,221,75,30,15,0
2945,1,2024-09-16,55,50,20,0,0
2831,1,2024-09-16,85,40,16,5,0
2512,1,2024-09-16,343,75,30,13,0
3167,1,2024-09-16,177,40,16,4,0
2882,1,2024-09-16,233,75,30,1,100
2038,1,2024-09-16,194,100,40,33,0
2870,1,2024-09-16,149,40,16,5,0
3534,1,2024-09-16,155,30,12,17,0
3446,1,2024-09-16,171,40,16,21,0
3543,1,2024-09-16,35,50,20,10,0
2902,1,2024-09-16,71,20,8,17,0
2536,1,2024-09-16,106,40,16,15,0
3510,1,2024-09-16,61,30,12,17,0
2971,1,2024-09-16,96,30,12,9,0
2849,1,2024-09-16,87,50,20,2,0
3664,1,2024-09-16,209,100,40,8,0
3574,1,2024-09-16,80,20,8,20,0
3158,1,2024-09-16,208,50,20,10,0
3160,1,2024-09-16,134,30,12,29,0
2017,1,2024-09-16,231,100,40,12,0
2048,1,2024-09-16,59,20,8,5,0
3356,1,2024-09-16,275,50,20,7,0
2941,1,2024-09-16,165,50,20,2,0
3800,1,2024-09-16,25,40,16,18,0
2251,1,2024-09-16,0,40,16,7,0
2427,1,2024-09-16,78,30,12,9,0
2852,1,2024-09-16,105,30,12,3,0
3710,1,2024-09-16,231,40,16,4,0
2091,1,2024-09-16,233,40,16,5,150
2138,1,2024-09-16,248,40,16,10,0
3403,1,2024-09-16,52,30,12,9,0
2250,1,2024-09-16,186,50,20,11,0
3615,1,2024-09-16,29,20,8,9,0
2409,1,2024-09-16,176,40,16,29,0
3741,1,2024-09-16,26,50,20,44,0
3331,1,2024-09-16,220,40,16,49,0
2845,1,2024-09-16,201,75,30,30,0
3422,1,2024-09-16,114,50,20,4,0
3684,1,2024-09-16,58,40,16,6,0
2291,1,2024-09-16,27,30,12,3,0
3819,1,2024-09-16,43,50,20,20,0
3529,1,2024-09-16,142,40,16,50,0
2084,1,2024-09-16,238,75,30,11,0
3732,1,2024-09-16,184,40,16,9,0
2869,1,2024-09-16,272,75,30,19,200
2541,1,2024-09-16,138,30,12,15,0
3829,1,2024-09-16,127,75,30,4,0
3431,1,2024-09-16,164,40,16,22,0
3665,1,2024-09-16,92,30,12,24,100
3066,1,2024-09-16,0,30,12,62,0
2379,1,2024-09-16,220,75,30,2,0
2130,1,2024-09-16,51,20,8,2,0
3824,1,2024-09-16,91,30,12,37,0
2877,1,2024-09-16,193,50,20,9,0
3653,1,2024-09-16,133,40,16,8,100
3522,1,2024-09-16,145,75,30,18,300
3750,1,2024-09-16,106,75,30,3,0
3114,1,2024-09-16,102,40,16,14,0
3130,1,2024-09-16,116,30,12,8,0
3037,1,2024-09-16,33,40,16,22,0
3635,1,2024-09-16,131,30,12,6,0
2346,1,2024-09-16,249,50,20,24,0
2406,1,2024-09-16,205,50,20,16,0
3723,1,2024-09-16,98,30,12,4,0
3087,1,2024-09-16,149,40,16,0,0
2434,1,2024-09-16,80,30,12,12,0
2698,1,2024-09-16,54,30,12,28,300
2064,1,2024-09-16,166,50,20,2,0
2465,1,2024-09-16,315,75,30,14,100
2860,1,2024-09-16,168,30,12,7,0
2559,1,2024-09-16,313,100,40,18,0
2933,1,2024-09-16,82,20,8,6,0
3237,1,2024-09-16,104,30,12,2,0
3155,1,2024-09-16,17,30,12,10,0
2276,1,2024-09-16,195,75,30,15,0
2793,1,2024-09-16,37,50,20,49,0
3008,1,2024-09-16,455,100,40,28,0
2985,1,2024-09-16,203,50,20,11,200
2637,1,2024-09-16,213,40,16,22,0
3315,1,2024-09-16,47,20,8,14,150
3789,1,2024-09-16,273,100,40,23,0
2348,1,2024-09-16,198,40,16,7,0
2707,1,2024-09-16,93,30,12,12,200
3498,1,2024-09-16,105,30,12,23,300
3675,1,2024-09-16,111,40,16,6,0
2529,1,2024-09-16,313,75,30,6,150
3658,1,2024-09-16,428,75,30,17,0
3140,1,2024-09-16,150,30,12,4,0
3844,1,2024-09-16,20,30,12,30,0
2110,1,2024-09-16,167,40,16,17,0
2524,1,2024-09-16,175,40,16,31,0
3350,1,2024-09-16,191,40,16,43,0
2987,1,2024-09-16,120,50,20,1,0
3268,1,2024-09-16,226,40,16,32,0
2470,1,2024-09-16,31,20,8,4,100
2320,1,2024-09-16,94,30,12,21,0
2627,1,2024-09-16,169,50,20,25,0
2519,1,2024-09-16,79,30,12,13,0
3257,1,2024-09-16,82,40,16,2,0
3845,1,2024-09-16,133,40,16,63,0
2377,1,2024-09-16,166,40,16,21,0
3736,1,2024-09-16,331,100,40,27,0
2164,1,2024-09-16,41,30,12,14,50
2097,1,2024-09-16,66,30,12,20,0
3197,1,2024-09-16,94,30,12,11,0
2673,1,2024-09-16,187,40,16,11,0
2457,1,2024-09-16,81,50,20,19,300
2865,1,2024-09-16,242,50,20,74,0
2509,1,2024-09-16,398,75,30,12,0
2644,1,2024-09-16,0,75,30,79,50
2801,1,2024-09-16,69,20,8,7,0
3363,1,2024-09-16,102,30,12,3,0
2031,1,2024-09-16,71,30,12,0,0
3832,1,2024-09-16,38,30,12,13,0
2399,1,2024-09-16,155,50,20,15,0
3120,1,2024-09-16,103,20,8,20,0
2691,1,2024-09-16,150,30,12,5,0
2041,1,2024-09-16,150,30,12,19,0
2837,1,2024-09-16,151,30,12,3,200
3378,1,2024-09-16,0,30,12,1,0
2635,1,2024-09-16,72,30,12,79,50
2936,1,2024-09-16,111,40,16,20,100
3142,1,2024-09-16,47,30,12,6,0
2287,1,2024-09-16,29,20,8,20,0
2191,1,2024-09-16,106,20,8,2,0
2067,1,2024-09-16,61,30,12,7,0
2687,1,2024-09-16,0,30,12,6,50
3384,1,2024-09-16,140,50,20,4,0
3785,1,2024-09-16,124,30,12,12,200
2376,1,2024-09-16,261,75,30,2,0
2680,1,2024-09-16,74,30,12,6,300
3096,1,2024-09-16,158,50,20,11,0
2366,1,2024-09-16,67,40,16,14,50
3438,1,2024-09-16,57,20,8,22,0
2499,1,2024-09-16,54,40,16,7,0
2709,1,2024-09-16,37,20,8,24,0
3557,1,2024-09-16,67,40,16,59,0
3391,1,2024-09-16,87,30,12,0,0
3668,1,2024-09-16,153,50,20,0,0
3153,1,2024-09-16,34,20,8,6,50
3686,1,2024-09-16,100,40,16,21,0
2854,1,2024-09-16,90,20,8,11,0
2792,1,2024-09-16,69,30,12,18,0
3109,1,2024-09-16,84,20,8,12,50
3729,1,2024-09-16,69,75,30,14,0
2579,1,2024-09-16,128,75,30,39,0
3026,1,2024-09-16,184,30,12,9,0
3002,1,2024-09-16,109,50,20,29,0
3538,1,2024-09-16,164,40,16,5,0
2886,1,2024-09-16,56,50,20,5,200
3054,1,2024-09-16,67,20,8,24,200
3163,1,2024-09-16,94,40,16,3,0
2003,1,2024-09-16,248,75,30,2,200
3018,1,2024-09-16,63,20,8,4,0
3745,1,2024-09-16,69,40,16,14,0
3185,1,2024-09-16,50,50,20,2,0
3227,1,2024-09-16,99,40,16,3,0
2451,1,2024-09-16,64,40,16,4,200
3528,1,2024-09-16,162,50,20,25,0
3656,1,2024-09-16,144,40,16,0,200
3536,1,2024-09-16,146,50,20,13,0
2236,1,2024-09-16,375,100,40,17,0
3818,1,2024-09-16,55,40,16,6,0
3573,1,2024-09-16,419,75,30,7,0
2248,1,2024-09-16,423,50,20,11,50
3125,1,2024-09-16,202,50,20,32,0
3118,1,2024-09-16,205,50,20,10,300
3652,1,2024-09-16,105,40,16,1,0
3810,1,2024-09-16,492,100,40,13,0
3029,1,2024-09-16,84,20,8,6,300
3428,1,2024-09-16,78,30,12,8,0
2203,1,2024-09-16,40,20,8,4,0
2947,1,2024-09-16,90,20,8,7,0
2167,1,2024-09-16,62,20,8,8,0
2071,1,2024-09-16,24,20,8,33,0
2197,1,2024-09-16,138,50,20,12,0
2252,1,2024-09-16,100,40,16,18,0
3325,1,2024-09-16,77,30,12,4,0
2385,1,2024-09-16,141,30,12,46,0
2408,1,2024-09-16,66,20,8,24,0
3184,1,2024-09-16,119,30,12,1,0
2285,1,2024-09-16,174,40,16,13,0
2389,1,2024-09-16,77,20,8,2,0
2881,1,2024-09-16,78,50,20,14,0
2415,1,2024-09-16,196,30,12,3,0
2782,1,2024-09-16,262,100,40,21,0
3846,1,2024-09-16,78,30,12,10,0
2798,1,2024-09-16,170,50,20,11,0
2903,1,2024-09-16,130,75,30,0,0
2925,1,2024-09-16,106,30,12,14,0
2438,1,2024-09-16,227,50,20,0,0
2154,1,2024-09-16,57,40,16,29,0
3520,1,2024-09-16,189,30,12,13,0
2931,1,2024-09-16,254,100,40,3,0
3609,1,2024-09-16,109,30,12,15,0
2899,1,2024-09-16,204,40,16,28,0
3309,1,2024-09-16,109,100,40,4,0
2209,1,2024-09-16,170,75,30,21,0
3704,1,2024-09-16,110,40,16,5,0
3269,1,2024-09-16,24,30,12,9,0
2907,1,2024-09-16,58,50,20,19,0
2924,1,2024-09-16,199,75,30,2,0
3047,1,2024-09-16,43,30,12,3,0
3621,1,2024-09-16,69,30,12,4,300
3377,1,2024-09-16,261,50,20,0,0
3650,1,2024-09-16,34,75,30,27,0
3212,1,2024-09-16,40,50,20,8,0
2741,1,2024-09-16,63,30,12,15,0
2554,1,2024-09-16,377,100,40,20,0
2693,1,2024-09-16,121,40,16,25,0
3041,1,2024-09-16,82,30,12,26,50
3057,1,2024-09-16,158,50,20,1,0
3252,1,2024-09-16,82,30,12,25,0
3734,1,2024-09-16,131,40,16,2,0
3263,1,2024-09-16,252,50,20,0,50
2781,1,2024-09-16,91,40,16,12,0
3022,1,2024-09-16,128,30,12,11,0
3367,1,2024-09-16,94,30,12,20,0
3441,1,2024-09-16,81,40,16,12,0
2257,1,2024-09-16,105,40,16,23,0
3545,1,2024-09-16,346,100,40,0,0
2210,1,2024-09-16,114,30,12,13,0
2011,1,2024-09-16,164,30,12,25,0
2884,1,2024-09-16,114,50,20,2,0
2728,1,2024-09-16,139,30,12,35,0
2649,1,2024-09-16,85,30,12,32,0
2035,1,2024-09-16,194,40,16,12,0
3082,1,2024-09-16,27,40,16,14,200
2023,1,2024-09-16,198,50,20,11,0
2015,1,2024-09-16,11,20,8,21,0
3834,1,2024-09-16,343,100,40,18,0
3412,1,2024-09-16,220,40,16,24,0
3362,1,2024-09-16,149,50,20,6,200
3270,1,2024-09-16,204,40,16,4,0
2375,1,2024-09-16,128,50,20,3,0
3112,1,2024-09-16,158,100,40,21,100
2866,1,2024-09-16,175,40,16,16,0
3730,1,2024-09-16,90,20,8,2,0
2779,1,2024-09-16,148,40,16,0,0
2343,1,2024-09-16,84,30,12,44,0
2790,1,2024-09-16,74,30,12,9,0
3416,1,2024-09-16,24,20,8,6,0
3817,1,2024-09-16,153,50,20,0,0
3718,1,2024-09-16,104,30,12,4,0
2648,1,2024-09-16,153,40,16,11,0
3307,1,2024-09-16,73,20,8,6,0
3595,1,2024-09-16,150,40,16,27,0
3106,1,2024-09-16,328,75,30,1,0
3738,1,2024-09-16,143,30,12,5,0
2104,1,2024-09-16,0,50,20,4,150
3494,1,2024-09-16,126,40,16,12,0
2321,1,2024-09-16,176,50,20,37,50
2165,1,2024-09-16,188,50,20,1,0
3676,1,2024-09-16,0,50,20,35,0
2223,1,2024-09-16,0,75,30,0,0
3380,1,2024-09-16,0,30,12,10,0
2212,1,2024-09-16,65,20,8,5,0
2661,1,2024-09-16,178,40,16,8,0
3535,1,2024-09-16,178,40,16,10,0
2140,1,2024-09-16,12,30,12,74,0
2807,1,2024-09-16,77,40,16,12,0
3296,1,2024-09-16,224,75,30,21,0
3346,1,2024-09-16,80,30,12,8,0
3816,1,2024-09-16,85,40,16,8,0
2641,1,2024-09-16,54,30,12,17,0
2108,1,2024-09-16,227,75,30,13,0
3437,1,2024-09-16,219,100,40,3,0
2993,1,2024-09-16,13,20,8,7,0
2791,1,2024-09-16,73,20,8,13,0
2190,1,2024-09-16,549,75,30,80,200
3837,1,2024-09-16,50,40,16,7,0
3456,1,2024-09-16,0,50,20,1,0
2991,1,2024-09-16,79,40,16,3,0
3360,1,2024-09-16,81,30,12,4,0
2710,1,2024-09-16,61,30,12,23,0
2347,1,2024-09-16,76,50,20,9,150
2643,1,2024-09-16,127,40,16,23,0
2441,1,2024-09-16,190,40,16,4,0
2145,1,2024-09-16,84,20,8,22,0
2161,1,2024-09-16,190,75,30,30,0
3347,1,2024-09-16,180,50,20,57,0
2727,1,2024-09-16,124,40,16,2,0
3677,1,2024-09-16,158,40,16,9,0
3617,1,2024-09-16,82,75,30,7,0
2098,1,2024-09-16,105,30,12,23,0
2752,1,2024-09-16,66,40,16,37,0
3466,1,2024-09-16,89,40,16,14,0
2555,1,2024-09-16,75,40,16,29,0
3260,1,2024-09-16,111,30,12,31,0
2624,1,2024-09-16,144,30,12,7,0
3146,1,2024-09-16,83,20,8,4,0
3286,1,2024-09-16,0,40,16,3,0
3843,1,2024-09-16,83,20,8,7,200
2650,1,2024-09-16,77,20,8,2,0
2658,1,2024-09-16,375,100,40,0,100
2601,1,2024-09-16,131,40,16,11,0
2189,1,2024-09-16,117,40,16,0,0
3407,1,2024-09-16,30,30,12,10,0
3038,1,2024-09-16,151,50,20,5,0
2292,1,2024-09-16,51,20,8,11,0
3693,1,2024-09-16,68,30,12,37,0
2336,1,2024-09-16,495,75,30,12,0
2962,1,2024-09-16,238,50,20,3,0
2626,1,2024-09-16,165,30,12,27,0
3079,1,2024-09-16,126,30,12,0,0
3165,1,2024-09-16,53,30,12,9,300
2430,1,2024-09-16,152,75,30,3,0
2485,1,2024-09-16,196,50,20,33,0
3642,1,2024-09-16,144,30,12,8,0
2955,1,2024-09-16,20,30,12,22,0
2143,1,2024-09-16,167,40,16,23,50
2258,1,2024-09-16,192,50,20,9,150
3594,1,2024-09-16,3,100,40,0,100
2734,1,2024-09-16,193,40,16,40,0
2713,1,2024-09-16,220,40,16,2,0
3318,1,2024-09-16,95,75,30,20,0
2978,1,2024-09-16,22,100,40,19,0
3053,1,2024-09-16,188,40,16,40,150
3512,1,2024-09-16,79,30,12,25,0
3148,1,2024-09-16,206,50,20,14,0
3716,1,2024-09-16,19,30,12,28,0
2426,1,2024-09-16,38,20,8,23,0
3207,1,2024-09-16,97,20,8,8,0
2663,1,2024-09-16,134,20,8,28,0
2759,1,2024-09-16,243,75,30,16,0
2553,1,2024-09-16,169,50,20,28,200
3727,1,2024-09-16,80,20,8,17,50
2469,1,2024-09-16,94,40,16,46,0
2970,1,2024-09-16,51,20,8,11,0
2610,1,2024-09-16,59,40,16,3,0
2662,1,2024-09-16,436,75,30,5,0
2134,1,2024-09-16,248,75,30,4,0
2765,1,2024-09-16,131,50,20,82,0
2416,1,2024-09-16,110,40,16,25,100
3561,1,2024-09-16,102,30,12,5,0
2549,1,2024-09-16,35,30,12,8,0
3425,1,2024-09-16,89,40,16,9,150
3661,1,2024-09-16,67,75,30,22,0
2089,1,2024-09-16,20,20,8,11,0
3294,1,2024-09-16,179,40,16,3,0
3546,1,2024-09-16,41,50,20,3,0
3833,1,2024-09-16,134,30,12,6,0
3302,1,2024-09-16,489,100,40,10,0
2072,1,2024-09-16,261,75,30,7,0
2701,1,2024-09-16,264,75,30,26,0
2395,1,2024-09-16,129,50,20,4,0
2911,1,2024-09-16,120,50,20,2,0
2754,1,2024-09-16,110,40,16,65,0
2516,1,2024-09-16,78,75,30,53,0
3411,1,2024-09-16,215,75,30,22,200
2784,1,2024-09-16,163,50,20,34,0
3311,1,2024-09-16,30,20,8,3,0
2609,1,2024-09-16,117,30,12,19,0
2425,1,2024-09-16,50,20,8,1,50
3591,1,2024-09-16,103,30,12,15,0
2979,1,2024-09-16,39,30,12,5,0
3332,1,2024-09-16,31,20,8,6,0
2172,1,2024-09-16,85,50,20,33,0
3405,1,2024-09-16,199,50,20,1,0
2999,1,2024-09-16,97,30,12,14,0
2369,1,2024-09-16,85,75,30,6,0
3742,1,2024-09-16,248,40,16,0,0
3369,1,2024-09-16,31,30,12,23,0
2597,1,2024-09-16,69,30,12,36,0
2835,1,2024-09-16,53,20,8,3,0
2374,1,2024-09-16,150,75,30,0,0
3292,1,2024-09-16,49,20,8,14,150
2275,1,2024-09-16,58,20,8,10,0
3806,1,2024-09-16,160,50,20,4,0
3549,1,2024-09-16,139,40,16,4,200
2074,1,2024-09-16,57,20,8,20,0
2455,1,2024-09-16,63,20,8,3,150
3173,1,2024-09-16,53,40,16,21,0
2229,1,2024-09-16,99,30,12,22,0
3258,1,2024-09-16,345,75,30,46,0
2122,1,2024-09-16,72,20,8,7,0
2795,1,2024-09-16,130,30,12,29,0
2342,1,2024-09-16,85,75,30,0,0
2842,1,2024-09-16,101,30,12,1,0
2800,1,2024-09-16,150,50,20,28,0
3672,1,2024-09-16,150,30,12,14,0
3588,1,2024-09-16,187,50,20,4,0
3451,1,2024-09-16,149,30,12,19,0
2811,1,2024-09-16,148,50,20,35,0
2858,1,2024-09-16,479,75,30,4,0
3508,1,2024-09-16,124,50,20,9,0
2851,1,2024-09-16,205,50,20,20,0
3711,1,2024-09-16,40,40,16,6,0
2923,1,2024-09-16,119,20,8,11,0
2544,1,2024-09-16,299,100,40,13,0
3527,1,2024-09-16,56,30,12,14,0
2617,1,2024-09-16,179,50,20,2,0
3688,1,2024-09-16,245,75,30,9,0
2654,1,2024-09-16,68,30,12,46,0
3511,1,2024-09-16,47,30,12,6,0
3471,1,2024-09-16,218,40,16,9,0
2603,1,2024-09-16,3,20,8,9,0
2382,1,2024-09-16,45,40,16,2,0
3757,1,2024-09-16,162,50,20,1,150
3159,1,2024-09-16,98,30,12,29,0
3599,1,2024-09-16,42,20,8,28,0
3239,1,2024-09-16,128,75,30,3,0
3443,1,2024-09-16,127,40,16,6,0
3259,1,2024-09-16,182,75,30,35,0
2162,1,2024-09-16,160,50,20,14,0
3036,1,2024-09-16,0,50,20,4,0
2916,1,2024-09-16,79,40,16,25,0
3467,1,2024-09-16,119,50,20,23,300
2542,1,2024-09-16,45,30,12,2,200
2350,1,2024-09-16,140,30,12,2,0
2815,1,2024-09-16,312,75,30,18,100
2240,1,2024-09-16,132,30,12,1,0
3241,1,2024-09-16,261,75,30,32,0
2105,1,2024-09-16,203,50,20,2,150
2402,1,2024-09-16,100,30,12,15,150
2398,1,2024-09-16,115,30,12,26,0
2174,1,2024-09-16,97,30,12,3,0
2242,1,2024-09-16,95,30,12,5,50
3812,1,2024-09-16,86,20,8,20,0
3479,1,2024-09-16,138,75,30,15,0
2384,1,2024-09-16,81,30,12,5,0
2090,1,2024-09-16,107,40,16,6,0
2853,1,2024-09-16,55,20,8,3,50
2449,1,2024-09-16,125,30,12,16,0
3413,1,2024-09-16,123,50,20,0,0
2885,1,2024-09-16,92,30,12,15,0
2245,1,2024-09-16,1,20,8,3,0
3669,1,2024-09-16,175,50,20,5,0
3017,1,2024-09-16,20,20,8,16,0
3815,1,2024-09-16,89,30,12,47,0
3440,1,2024-09-16,115,30,12,2,200
3624,1,2024-09-16,355,100,40,33,0
2471,1,2024-09-16,33,20,8,1,0
3489,1,2024-09-16,179,40,16,24,0
2187,1,2024-09-16,57,20,8,15,0
3630,1,2024-09-16,156,50,20,16,50
3827,1,2024-09-16,59,30,12,1,0
2515,1,2024-09-16,82,30,12,4,0
3842,1,2024-09-16,35,20,8,58,0
3807,1,2024-09-16,134,40,16,64,0
2139,1,2024-09-16,43,30,12,6,0
3651,1,2024-09-16,47,50,20,30,0
2135,1,2024-09-16,79,30,12,3,0
2424,1,2024-09-16,199,50,20,7,0
2278,1,2024-09-16,199,50,20,4,0
3826,1,2024-09-16,118,40,16,17,0
3368,1,2024-09-16,25,50,20,11,0
3618,1,2024-09-16,3,30,12,1,0
3516,1,2024-09-16,179,50,20,14,0
2951,1,2024-09-16,250,40,16,1,0
2706,1,2024-09-16,97,30,12,28,0
2477,1,2024-09-16,94,100,40,5,100
3478,1,2024-09-16,146,40,16,17,0
2082,1,2024-09-16,157,75,30,7,0
2152,1,2024-09-16,273,50,20,2,0
3476,1,2024-09-16,99,40,16,13,0
3156,1,2024-09-16,138,30,12,13,0
2224,1,2024-09-16,174,50,20,16,0
2007,1,2024-09-16,0,40,16,30,0
2872,1,2024-09-16,69,30,12,11,0
3585,1,2024-09-16,52,20,8,19,0
3645,1,2024-09-16,109,40,16,3,0
2651,1,2024-09-16,77,30,12,7,0
2586,1,2024-09-16,202,50,20,5,0
2364,1,2024-09-16,6,30,12,25,0
2300,1,2024-09-16,38,20,8,22,0
2205,1,2024-09-16,266,100,40,10,0
3612,1,2024-09-16,59,30,12,10,0
3067,1,2024-09-16,0,40,16,16,0
3499,1,2024-09-16,287,100,40,3,0
3486,1,2024-09-16,61,20,8,13,0
3283,1,2024-09-16,72,40,16,0,0
3772,1,2024-09-16,44,20,8,22,0
2737,1,2024-09-16,169,50,20,92,0
2864,1,2024-09-16,132,40,16,4,0
3089,1,2024-09-16,105,40,16,15,0
2397,1,2024-09-16,124,30,12,35,0
3406,1,2024-09-16,165,50,20,8,0
2362,1,2024-09-16,211,50,20,50,0
3028,1,2024-09-16,53,20,8,26,0
3417,1,2024-09-16,186,50,20,29,0
3220,1,2024-09-16,102,50,20,29,0
2503,1,2024-09-16,152,40,16,0,200
3223,1,2024-09-16,115,30,12,12,0
2563,1,2024-09-16,4,20,8,10,50
3081,1,2024-09-16,211,50,20,5,0
2198,1,2024-09-16,133,50,20,1,0
3374,1,2024-09-16,125,40,16,3,0
2414,1,2024-09-16,510,100,40,20,0
2266,1,2024-09-16,135,30,12,1,0
3330,1,2024-09-16,79,20,8,2,0
3209,1,2024-09-16,150,40,16,19,0
3490,1,2024-09-16,198,75,30,14,0
3135,1,2024-09-16,134,40,16,32,150
2973,1,2024-09-16,455,75,30,13,100
3358,1,2024-09-16,109,40,16,1,0
3093,1,2024-09-16,28,50,20,34,0
2281,1,2024-09-16,0,100,40,0,0
3681,1,2024-09-16,26,30,12,9,0
3211,1,2024-09-16,-10,30,12,24,0
3749,1,2024-09-16,291,75,30,10,0
3006,1,2024-09-16,107,75,30,4,0
3379,1,2024-09-16,98,20,8,5,300
2975,1,2024-09-16,169,40,16,13,0
2489,1,2024-09-16,151,40,16,10,0
3335,1,2024-09-16,133,40,16,12,0
3477,1,2024-09-16,123,50,20,3,0
3419,1,2024-09-16,103,30,12,0,0
3090,1,2024-09-16,116,50,20,10,0
2317,1,2024-09-16,270,75,30,2,0
2043,1,2024-09-16,23,30,12,1,0
2420,1,2024-09-16,24,30,12,1,0
3691,1,2024-09-16,147,50,20,1,0
3134,1,2024-09-16,58,40,16,30,0
2581,1,2024-09-16,148,100,40,11,0
2954,1,2024-09-16,227,75,30,11,0
3442,1,2024-09-16,111,30,12,1,0
2277,1,2024-09-16,75,50,20,24,0
2577,1,2024-09-16,37,20,8,0,150
2932,1,2024-09-16,141,75,30,5,0
2875,1,2024-09-16,61,20,8,5,0
2437,1,2024-09-16,153,75,30,6,200
2612,1,2024-09-16,17,20,8,12,0
2331,1,2024-09-16,8,20,8,34,0
3256,1,2024-09-16,48,40,16,6,0
3183,1,2024-09-16,232,100,40,19,0
3582,1,2024-09-16,44,20,8,14,0
3232,1,2024-09-16,213,100,40,8,0
3321,1,2024-09-16,45,30,12,1,0
2021,1,2024-09-16,215,50,20,14,0
2431,1,2024-09-16,158,100,40,0,0
3224,1,2024-09-16,83,75,30,18,0
3267,1,2024-09-16,66,50,20,21,0
3744,1,2024-09-16,264,75,30,41,150
2569,1,2024-09-16,150,50,20,3,0
2749,1,2024-09-16,88,20,8,12,0
3031,1,2024-09-16,116,40,16,4,0
2521,1,2024-09-16,0,75,30,3,0
3341,1,2024-09-16,0,20,8,4,0
2836,1,2024-09-16,141,30,12,5,0
3592,1,2024-09-16,54,30,12,8,0
2733,1,2024-09-16,57,30,12,5,0
3774,1,2024-09-16,102,40,16,20,0
2354,1,2024-09-16,11,50,20,31,0
3196,1,2024-09-16,184,50,20,26,0
3124,1,2024-09-16,120,50,20,22,0
3797,1,2024-09-16,0,50,20,1,0
2901,1,2024-09-16,157,75,30,4,0
3052,1,2024-09-16,127,40,16,26,0
2129,1,2024-09-16,150,30,12,15,200
3068,1,2024-09-16,57,30,12,8,0
3801,1,2024-09-16,42,30,12,0,0
2980,1,2024-09-16,110,30,12,11,0
2344,1,2024-09-16,222,40,16,8,0
2533,1,2024-09-16,160,40,16,2,0
2638,1,2024-09-16,82,30,12,26,200
3050,1,2024-09-16,85,30,12,37,150
3094,1,2024-09-16,0,30,12,19,0
2938,1,2024-09-16,103,50,20,1,0
3782,1,2024-09-16,60,30,12,10,0
2490,1,2024-09-16,159,40,16,12,0
3035,1,2024-09-16,122,40,16,77,0
2498,1,2024-09-16,41,30,12,3,0
2010,1,2024-09-16,268,40,16,2,0
2279,1,2024-09-16,173,75,30,1,0
2483,1,2024-09-16,136,40,16,4,0
3355,1,2024-09-16,186,40,16,8,300
2897,1,2024-09-16,178,40,16,67,0
3298,1,2024-09-16,259,75,30,36,0
2813,1,2024-09-16,180,75,30,0,0
3186,1,2024-09-16,160,100,40,5,0
3175,1,2024-09-16,8,30,12,4,0
2739,1,2024-09-16,233,75,30,7,0
3042,1,2024-09-16,222,50,20,13,0
3608,1,2024-09-16,178,30,12,55,200
3746,1,2024-09-16,194,75,30,20,0
3361,1,2024-09-16,162,75,30,34,0
2253,1,2024-09-16,130,30,12,1,0
2004,1,2024-09-16,127,40,16,24,0
2730,1,2024-09-16,5,30,12,21,0
2217,1,2024-09-16,298,75,30,3,0
2158,1,2024-09-16,197,40,16,13,50
2423,1,2024-09-16,95,30,12,10,0
2910,1,2024-09-16,133,30,12,23,0
3104,1,2024-09-16,360,100,40,40,200
3154,1,2024-09-16,80,20,8,25,0
3015,1,2024-09-16,96,75,30,25,0
2535,1,2024-09-16,71,20,8,23,0
3169,1,2024-09-16,82,50,20,18,0
2121,1,2024-09-16,103,30,12,9,150
2280,1,2024-09-16,61,20,8,20,0
3340,1,2024-09-16,69,20,8,2,0
3682,1,2024-09-16,85,20,8,8,0
3564,1,2024-09-16,49,20,8,10,0
2625,1,2024-09-16,153,30,12,5,0
3254,1,2024-09-16,206,40,16,11,0
2557,1,2024-09-16,158,75,30,25,50
2185,1,2024-09-16,202,50,20,5,0
3766,1,2024-09-16,99,30,12,15,0
2921,1,2024-09-16,68,20,8,3,50
3206,1,2024-09-16,62,30,12,9,0
3580,1,2024-09-16,70,100,40,13,0
2522,1,2024-09-16,149,30,12,3,0
3225,1,2024-09-16,79,30,12,16,0
3201,1,2024-09-16,40,30,12,15,0
3779,1,2024-09-16,158,30,12,27,0
2133,1,2024-09-16,75,20,8,5,0
3397,1,2024-09-16,160,40,16,3,0
2323,1,2024-09-16,51,20,8,6,0
2066,1,2024-09-16,70,20,8,50,0
3469,1,2024-09-16,93,50,20,12,0
2821,1,2024-09-16,200,40,16,7,0
3720,1,2024-09-16,105,40,16,49,50
3562,1,2024-09-16,83,30,12,7,0
3670,1,2024-09-16,155,50,20,11,0
3731,1,2024-09-16,81,30,12,23,0
2667,1,2024-09-16,95,30,12,3,0
3455,1,2024-09-16,105,50,20,28,0
3465,1,2024-09-16,128,50,20,39,300
2996,1,2024-09-16,173,50,20,12,0
2714,1,2024-09-16,558,100,40,18,0
2484,1,2024-09-16,108,30,12,60,0
3122,1,2024-09-16,4,50,20,23,0
3371,1,2024-09-16,143,50,20,7,0
2952,1,2024-09-16,119,30,12,1,0
2401,1,2024-09-16,122,100,40,5,100
2871,1,2024-09-16,85,30,12,34,0
3614,1,2024-09-16,172,40,16,0,0
2878,1,2024-09-16,168,75,30,19,0
3626,1,2024-09-16,121,40,16,34,0
2030,1,2024-09-16,267,75,30,5,0
3127,1,2024-09-16,153,50,20,17,0
2622,1,2024-09-16,154,40,16,8,0
3070,1,2024-09-16,66,40,16,2,0
3285,1,2024-09-16,151,30,12,2,0
2608,1,2024-09-16,138,40,16,7,0
3245,1,2024-09-16,4,50,20,30,0
2256,1,2024-09-16,83,30,12,13,0
2748,1,2024-09-16,42,30,12,23,0
3354,1,2024-09-16,210,75,30,2,0
3348,1,2024-09-16,133,40,16,10,0
2302,1,2024-09-16,63,20,8,48,0
2755,1,2024-09-16,137,40,16,20,0
2144,1,2024-09-16,0,40,16,45,0
3548,1,2024-09-16,51,20,8,11,0
2454,1,2024-09-16,64,50,20,2,100
2501,1,2024-09-16,149,40,16,6,0
3205,1,2024-09-16,118,40,16,9,0
2393,1,2024-09-16,124,30,12,8,100
3219,1,2024-09-16,131,75,30,3,0
2967,1,2024-09-16,181,50,20,10,300
2208,1,2024-09-16,75,30,12,6,0
3353,1,2024-09-16,121,40,16,2,0
3121,1,2024-09-16,81,30,12,20,0
2920,1,2024-09-16,183,30,12,0,0
3506,1,2024-09-16,91,30,12,5,0
3683,1,2024-09-16,169,50,20,8,0
3295,1,2024-09-16,182,50,20,19,0
2474,1,2024-09-16,245,50,20,50,0
3117,1,2024-09-16,57,30,12,2,0
3046,1,2024-09-16,561,100,40,46,0
3199,1,2024-09-16,92,20,8,30,0
2806,1,2024-09-16,37,50,20,2,0
2607,1,2024-09-16,59,30,12,6,300
2128,1,2024-09-16,70,20,8,17,0
3633,1,2024-09-16,425,100,40,10,0
3502,1,2024-09-16,415,75,30,3,0
3092,1,2024-09-16,171,50,20,45,0
3228,1,2024-09-16,42,30,12,10,0
3728,1,2024-09-16,147,100,40,22,0
3666,1,2024-09-16,51,30,12,28,0
2182,1,2024-09-16,140,50,20,6,0
2283,1,2024-09-16,39,30,12,8,0
2770,1,2024-09-16,155,40,16,3,0
3276,1,2024-09-16,173,40,16,2,0
3445,1,2024-09-16,94,30,12,4,200
2147,1,2024-09-16,131,30,12,31,0
2180,1,2024-09-16,43,30,12,0,0
2949,1,2024-09-16,173,50,20,6,0
2646,1,2024-09-16,387,100,40,2,0
3820,1,2024-09-16,36,50,20,1,0
3593,1,2024-09-16,162,40,16,1,0
2969,1,2024-09-16,133,40,16,1,0
2604,1,2024-09-16,131,30,12,14,0
2463,1,2024-09-16,159,50,20,34,0
2657,1,2024-09-16,72,75,30,2,0
3084,1,2024-09-16,115,40,16,26,0
2475,1,2024-09-16,258,50,20,1,0
2944,1,2024-09-16,474,75,30,2,0
2273,1,2024-09-16,151,50,20,20,0
2407,1,2024-09-16,102,20,8,3,0
3544,1,2024-09-16,91,30,12,5,0
2655,1,2024-09-16,137,50,20,14,0
3559,1,2024-09-16,220,40,16,43,0
2383,1,2024-09-16,180,75,30,2,0
2286,1,2024-09-16,108,30,12,2,0
3828,1,2024-09-16,94,30,12,18,0
3101,1,2024-09-16,79,20,8,48,150
2220,1,2024-09-16,27,75,30,10,0
2828,1,2024-09-16,43,50,20,8,0
3143,1,2024-09-16,119,50,20,24,0
2421,1,2024-09-16,59,20,8,9,0
2830,1,2024-09-16,173,100,40,4,0
3623,1,2024-09-16,248,100,40,13,0
2634,1,2024-09-16,76,40,16,16,0
2565,1,2024-09-16,162,40,16,24,150
3468,1,2024-09-16,134,30,12,35,0
2846,1,2024-09-16,82,30,12,18,0
3491,1,2024-09-16,305,75,30,18,0
3602,1,2024-09-16,84,30,12,10,50
2873,1,2024-09-16,164,30,12,15,0
3648,1,2024-09-16,236,100,40,36,0
3049,1,2024-09-16,152,30,12,6,0
2183,1,2024-09-16,84,20,8,13,0
2732,1,2024-09-16,102,30,12,33,0
3481,1,2024-09-16,166,50,20,3,0
3214,1,2024-09-16,39,20,8,6,0
3375,1,2024-09-16,79,30,12,14,0
3418,1,2024-09-16,117,40,16,3,0
3607,1,2024-09-16,145,40,16,0,0
3078,1,2024-09-16,56,20,8,23,0
3281,1,2024-09-16,273,40,16,1,150
2588,1,2024-09-16,89,30,12,14,0
3483,1,2024-09-16,52,20,8,11,0
3198,1,2024-09-16,114,40,16,12,50
2796,1,2024-09-16,220,50,20,4,0
3533,1,2024-09-16,100,50,20,12,0
3233,1,2024-09-16,73,30,12,13,0
3790,1,2024-09-16,327,100,40,6,100
2571,1,2024-09-16,32,30,12,18,0
3641,1,2024-09-16,190,75,30,7,0
2094,1,2024-09-16,164,40,16,9,0
3737,1,2024-09-16,179,40,16,5,0
3752,1,2024-09-16,64,30,12,26,200
3336,1,2024-09-16,56,50,20,1,0
2548,1,2024-09-16,128,50,20,0,0
2946,1,2024-09-16,26,100,40,13,0
2868,1,2024-09-16,77,50,20,17,0
2235,1,2024-09-16,161,50,20,52,0
2551,1,2024-09-16,41,20,8,2,0
2149,1,2024-09-16,70,30,12,4,150
2299,1,2024-09-16,111,40,16,23,0
3328,1,2024-09-16,94,40,16,12,0
3756,1,2024-09-16,108,40,16,0,0
3299,1,2024-09-16,173,50,20,0,0
3004,1,2024-09-16,36,40,16,14,0
2756,1,2024-09-16,408,75,30,9,0
3051,1,2024-09-16,507,100,40,1,0
3314,1,2024-09-16,162,40,16,9,0
3695,1,2024-09-16,141,30,12,2,0
2823,1,2024-09-16,129,40,16,36,0
2893,1,2024-09-16,141,30,12,3,0
3690,1,2024-09-16,141,50,20,4,0
2647,1,2024-09-16,228,50,20,19,0
2803,1,2024-09-16,0,40,16,15,0
3777,1,2024-09-16,46,40,16,13,0
2889,1,2024-09-16,114,40,16,25,0
3620,1,2024-09-16,154,40,16,7,0
2204,1,2024-09-16,216,40,16,1,0
2044,1,2024-09-16,323,75,30,7,0
2582,1,2024-09-16,82,50,20,23,0
2537,1,2024-09-16,216,30,12,3,0
2386,1,2024-09-16,361,100,40,0,0
2476,1,2024-09-16,231,50,20,15,0
2357,1,2024-09-16,87,20,8,3,0
3073,1,2024-09-16,172,40,16,9,0
3700,1,2024-09-16,471,100,40,43,0
3203,1,2024-09-16,39,20,8,34,0
2390,1,2024-09-16,96,30,12,25,0
2391,1,2024-09-16,22,40,16,16,100
3814,1,2024-09-16,69,20,8,9,0
2703,1,2024-09-16,201,50,20,2,0
2282,1,2024-09-16,85,40,16,2,0
3091,1,2024-09-16,135,75,30,22,0
2297,1,2024-09-16,123,40,16,21,150
2046,1,2024-09-16,363,100,40,0,0
2486,1,2024-09-16,85,20,8,53,0
2838,1,2024-09-16,76,40,16,4,0
2948,1,2024-09-16,333,50,20,0,0
3304,1,2024-09-16,71,40,16,12,0
2361,1,2024-09-16,82,40,16,6,0
2774,1,2024-09-16,110,30,12,6,0
2682,1,2024-09-16,133,30,12,22,150
3389,1,2024-09-16,75,40,16,32,0
2467,1,2024-09-16,178,50,20,0,0
2487,1,2024-09-16,55,20,8,4,0
3811,1,2024-09-16,86,40,16,26,0
3095,1,2024-09-16,142,40,16,42,300
2974,1,2024-09-16,57,30,12,23,0
3722,1,2024-09-16,168,40,16,8,0
2019,1,2024-09-16,0,30,12,8,100
2850,1,2024-09-16,158,40,16,54,0
2989,1,2024-09-16,152,40,16,4,0
3696,1,2024-09-16,148,30,12,33,0
2259,1,2024-09-16,333,75,30,0,0
3317,1,2024-09-16,104,30,12,30,50
2029,1,2024-09-16,123,50,20,7,0
3129,1,2024-09-16,126,30,12,20,0
3365,1,2024-09-16,9,20,8,0,50
2810,1,2024-09-16,7,30,12,65,0
2131,1,2024-09-16,114,20,8,16,0
2446,1,2024-09-16,60,20,8,34,0
2523,1,2024-09-16,48,30,12,19,0
2633,1,2024-09-16,105,30,12,39,0
2388,1,2024-09-16,90,30,12,9,0
3611,1,2024-09-16,81,20,8,8,0
3396,1,2024-09-16,248,50,20,263,0
2587,1,2024-09-16,26,20,8,44,0
2804,1,2024-09-16,194,40,16,37,0
2632,1,2024-09-16,33,30,12,2,0
2660,1,2024-09-16,66,30,12,2,0
2629,1,2024-09-16,72,40,16,6,0
3689,1,2024-09-16,75,30,12,60,0
2452,1,2024-09-16,73,30,12,7,0
2699,1,2024-09-16,42,20,8,6,150
2840,1,2024-09-16,106,30,12,0,0
3149,1,2024-09-16,145,30,12,18,0
3032,1,2024-09-16,239,75,30,52,0
2712,1,2024-09-16,406,100,40,5,0
3454,1,2024-09-16,100,20,8,28,0
3226,1,2024-09-16,269,40,16,13,0
3638,1,2024-09-16,179,100,40,7,0
3524,1,2024-09-16,109,30,12,1,0
2308,1,2024-09-16,294,75,30,28,0
3822,1,2024-09-16,71,40,16,17,0
3077,1,2024-09-16,76,40,16,0,0
2328,1,2024-09-16,317,75,30,30,0
2099,1,2024-09-16,122,50,20,1,0
3187,1,2024-09-16,26,20,8,11,0
2825,1,2024-09-16,133,40,16,1,0
3694,1,2024-09-16,194,40,16,42,0
2255,1,2024-09-16,504,100,40,7,0
2808,1,2024-09-16,65,50,20,19,0
2769,1,2024-09-16,79,30,12,7,0
2843,1,2024-09-16,247,50,20,27,0
3000,1,2024-09-16,89,75,30,13,0
3765,1,2024-09-16,147,50,20,70,0
3236,1,2024-09-16,495,75,30,28,0
3043,1,2024-09-16,167,50,20,8,0
2394,1,2024-09-16,91,30,12,5,0
2496,1,2024-09-16,74,30,12,1,0
2112,1,2024-09-16,73,40,16,54,0
2247,1,2024-09-16,47,30,12,29,50
3589,1,2024-09-16,161,75,30,8,0
2583,1,2024-09-16,131,30,12,42,0
2076,1,2024-09-16,187,40,16,8,0
3410,1,2024-09-16,287,75,30,58,0
3830,1,2024-09-16,115,100,40,3,0
3473,1,2024-09-16,181,40,16,21,0
3400,1,2024-09-16,93,30,12,9,0
2977,1,2024-09-16,63,20,8,5,0
2513,1,2024-09-16,81,40,16,2,0
2062,1,2024-09-16,148,75,30,9,0
3448,1,2024-09-16,128,40,16,45,0
2599,1,2024-09-16,162,40,16,9,0
3576,1,2024-09-16,157,50,20,10,0
2694,1,2024-09-16,387,75,30,1,0
2169,1,2024-09-16,89,20,8,14,0
2596,1,2024-09-16,25,20,8,1,0
2459,1,2024-09-16,53,30,12,13,0
2621,1,2024-09-16,13,30,12,11,0
3762,1,2024-09-16,87,50,20,13,0
3213,1,2024-09-16,73,50,20,40,0
3799,1,2024-09-16,162,40,16,1,0
2355,1,2024-09-16,-10,30,12,26,0
2763,1,2024-09-16,32,20,8,0,0
3249,1,2024-09-16,170,40,16,0,0
3507,1,2024-09-16,172,40,16,5,0
2218,1,2024-09-16,117,50,20,8,0
2296,1,2024-09-16,29,20,8,10,0
2697,1,2024-09-16,77,20,8,11,300
2456,1,2024-09-16,34,20,8,10,0
3470,1,2024-09-16,91,20,8,4,0
3170,1,2024-09-16,110,50,20,3,0
2263,1,2024-09-16,230,100,40,4,0
2488,1,2024-09-16,350,75,30,10,0
2335,1,2024-09-16,62,30,12,33,100
2325,1,2024-09-16,99,50,20,13,0
2861,1,2024-09-16,44,40,16,46,200
2817,1,2024-09-16,70,30,12,37,150
3342,1,2024-09-16,107,75,30,8,0
2972,1,2024-09-16,116,30,12,16,0
2812,1,2024-09-16,239,75,30,5,50
2036,1,2024-09-16,82,40,16,10,0
2888,1,2024-09-16,357,75,30,16,0
2037,1,2024-09-16,105,30,12,9,0
2965,1,2024-09-16,0,30,12,23,0
3482,1,2024-09-16,127,40,16,15,0
2267,1,2024-09-16,12,20,8,10,0
3343,1,2024-09-16,39,40,16,2,0
2100,1,2024-09-16,88,50,20,2,200
3275,1,2024-09-16,91,75,30,16,0
3181,1,2024-09-16,127,40,16,4,0
2243,1,2024-09-16,49,40,16,4,100
2319,1,2024-09-16,34,20,8,7,0
3007,1,2024-09-16,11,40,16,3,0
3290,1,2024-09-16,56,20,8,28,0
2435,1,2024-09-16,157,30,12,18,0
2867,1,2024-09-16,126,30,12,10,50
2298,1,2024-09-16,88,40,16,5,0
3707,1,2024-09-16,174,50,20,6,300
3339,1,2024-09-16,139,40,16,3,100
2136,1,2024-09-16,89,20,8,21,0
2381,1,2024-09-16,78,30,12,3,100
3247,1,2024-09-16,1,50,20,25,100
3161,1,2024-09-16,80,40,16,8,200
3265,1,2024-09-16,53,40,16,13,200
3787,1,2024-09-16,58,30,12,19,0
2429,1,2024-09-16,19,30,12,6,0
3530,1,2024-09-16,78,50,20,70,0
2575,1,2024-09-16,65,30,12,12,0
2332,1,2024-09-16,60,20,8,5,0
2500,1,2024-09-16,144,40,16,2,0
2745,1,2024-09-16,26,50,20,12,0
3171,1,2024-09-16,8,30,12,9,50
3359,1,2024-09-16,22,30,12,24,0
2959,1,2024-09-16,77,40,16,6,0
3825,1,2024-09-16,9,30,12,26,0
3733,1,2024-09-16,117,40,16,50,100
2532,1,2024-09-16,156,75,30,0,0
3061,1,2024-09-16,35,30,12,0,0
3786,1,2024-09-16,55,30,12,6,0
2238,1,2024-09-16,130,30,12,74,0
2992,1,2024-09-16,215,75,30,4,0
2178,1,2024-09-16,43,75,30,26,0
3703,1,2024-09-16,117,30,12,2,150
3157,1,2024-09-16,200,50,20,24,0
2034,1,2024-09-16,154,30,12,5,0
2764,1,2024-09-16,178,30,12,16,0
3194,1,2024-09-16,55,30,12,23,0
3266,1,2024-09-16,50,50,20,2,0
3565,1,2024-09-16,54,30,12,23,0
2677,1,2024-09-16,82,30,12,1,0
2671,1,2024-09-16,74,20,8,19,200
3208,1,2024-09-16,64,20,8,19,200
2492,1,2024-09-16,87,40,16,0,0
2175,1,2024-09-16,65,20,8,20,0
2562,1,2024-09-16,94,30,12,8,0
2912,1,2024-09-16,94,30,12,11,0
2018,1,2024-09-16,166,75,30,20,0
2826,1,2024-09-16,178,50,20,3,0
3495,1,2024-09-16,84,40,16,22,0
2061,1,2024-09-16,165,40,16,13,0
3312,1,2024-09-16,252,50,20,14,0
2200,1,2024-09-16,176,30,12,32,0
2199,1,2024-09-16,15,20,8,9,100
2720,1,2024-09-16,308,100,40,2,0
3098,1,2024-09-16,59,75,30,10,0
2786,1,2024-09-16,140,40,16,0,0
3390,1,2024-09-16,158,30,12,0,0
2645,1,2024-09-16,60,30,12,6,0
2668,1,2024-09-16,56,50,20,46,0
2876,1,2024-09-16,103,75,30,29,0
3769,1,2024-09-16,171,30,12,5,0
2294,1,2024-09-16,140,40,16,1,0
3344,1,2024-09-16,106,40,16,35,0
2109,1,2024-09-16,134,40,16,7,0
2616,1,2024-09-16,61,20,8,3,0
2301,1,2024-09-16,289,75,30,25,0
2410,1,2024-09-16,187,40,16,11,0
2918,1,2024-09-16,376,75,30,6,0
3088,1,2024-09-16,244,75,30,18,50
3132,1,2024-09-16,148,40,16,1,0
3166,1,2024-09-16,245,30,12,16,0
2057,1,2024-09-16,53,40,16,1,50
3809,1,2024-09-16,176,50,20,38,0
2264,1,2024-09-16,48,30,12,3,0
3395,1,2024-09-16,405,100,40,22,0
3381,1,2024-09-16,153,50,20,27,0
2775,1,2024-09-16,179,50,20,26,0
2839,1,2024-09-16,21,30,12,10,0
2356,1,2024-09-16,86,30,12,17,0
3370,1,2024-09-16,166,50,20,4,0
3496,1,2024-09-16,18,20,8,9,300
3770,1,2024-09-16,126,40,16,22,0
2079,1,2024-09-16,85,75,30,6,0
3021,1,2024-09-16,273,75,30,12,0
3761,1,2024-09-16,157,75,30,9,150
3001,1,2024-09-16,93,50,20,30,0
2950,1,2024-09-16,431,75,30,7,0
3289,1,2024-09-16,85,30,12,36,0
2086,1,2024-09-16,206,40,16,0,50
2879,1,2024-09-16,62,30,12,20,0
3388,1,2024-09-16,18,20,8,9,0
3767,1,2024-09-16,145,30,12,7,0
3301,1,2024-09-16,88,20,8,2,0
2166,1,2024-09-16,86,30,12,5,0
2574,1,2024-09-16,101,20,8,6,0
3610,1,2024-09-16,211,75,30,26,0
3644,1,2024-09-16,108,30,12,6,0
2816,1,2024-09-16,123,30,12,17,0
2517,1,2024-09-16,63,20,8,16,0
2614,1,2024-09-16,168,50,20,34,0
2289,1,2024-09-16,70,30,12,14,0
2102,1,2024-09-16,130,40,16,1,0
2568,1,2024-09-16,139,40,16,10,0
2460,1,2024-09-16,261,75,30,25,0
3556,1,2024-09-16,166,40,16,15,0
3392,1,2024-09-16,444,100,40,5,0
3115,1,2024-09-16,144,40,16,0,0
2087,1,2024-09-16,8,20,8,0,0
3583,1,2024-09-16,94,30,12,32,0
2049,1,2024-09-16,159,30,12,1,0
2930,1,2024-09-16,308,75,30,11,0
3542,1,2024-09-16,109,50,20,33,200
2520,1,2024-09-16,96,40,16,6,50
3590,1,2024-09-16,85,40,16,10,0
2591,1,2024-09-16,208,40,16,31,0
3568,1,2024-09-16,109,50,20,5,200
3435,1,2024-09-16,31,40,16,3,0
3291,1,2024-09-16,9,40,16,17,0
3319,1,2024-09-16,153,40,16,3,0
3485,1,2024-09-16,68,50,20,39,0
3444,1,2024-09-16,131,30,12,33,0
3192,1,2024-09-16,90,30,12,23,200
3338,1,2024-09-16,157,40,16,24,100
3492,1,2024-09-16,32,20,8,20,0
3240,1,2024-09-16,315,100,40,8,100
3452,1,2024-09-16,359,75,30,23,0
2333,1,2024-09-16,142,40,16,34,0
3116,1,2024-09-16,0,30,12,23,0
2418,1,2024-09-16,133,100,40,4,0
3439,1,2024-09-16,6,20,8,34,0
2249,1,2024-09-16,97,30,12,19,0
2365,1,2024-09-16,93,40,16,6,0
2735,1,2024-09-16,133,50,20,13,0
2937,1,2024-09-16,82,30,12,60,0
2114,1,2024-09-16,384,100,40,13,200
2678,1,2024-09-16,167,30,12,1,0
3547,1,2024-09-16,70,50,20,2,0
3460,1,2024-09-16,34,20,8,16,0
3773,1,2024-09-16,29,20,8,9,0
2244,1,2024-09-16,73,40,16,1,0
2025,1,2024-09-16,38,20,8,6,0
3373,1,2024-09-16,93,40,16,3,0
3427,1,2024-09-16,80,30,12,2,0
3145,1,2024-09-16,45,20,8,31,0
3229,1,2024-09-16,186,75,30,32,0
3357,1,2024-09-16,83,20,8,22,0
2016,1,2024-09-16,113,50,20,0,0
2988,1,2024-09-16,122,75,30,0,50
2270,1,2024-09-16,210,50,20,33,0
3743,1,2024-09-16,109,30,12,55,0
3044,1,2024-09-16,154,50,20,12,0
3034,1,2024-09-16,129,30,12,1,0
3685,1,2024-09-16,168,50,20,2,0
2928,1,2024-09-16,117,30,12,4,0
2956,1,2024-09-16,38,50,20,28,0
3060,1,2024-09-16,305,75,30,7,0
2672,1,2024-09-16,106,30,12,25,0
3045,1,2024-09-16,69,30,12,11,0
3840,1,2024-09-16,49,30,12,15,0
2630,1,2024-09-16,177,50,20,10,0
3517,1,2024-09-16,182,40,16,0,0
2329,1,2024-09-16,123,30,12,1,0
3376,1,2024-09-16,119,40,16,12,0
2534,1,2024-09-16,123,40,16,35,0
3647,1,2024-09-16,69,30,12,3,200
3189,1,2024-09-16,13,40,16,14,0
3697,1,2024-09-16,74,30,12,20,0
3570,1,2024-09-16,296,75,30,14,0
3783,1,2024-09-16,0,40,16,7,0
3821,1,2024-09-16,102,30,12,8,0
3802,1,2024-09-16,27,50,20,20,0
2560,1,2024-09-16,89,30,12,7,0
3323,1,2024-09-16,245,50,20,6,0
2014,1,2024-09-16,116,50,20,1,0
3064,1,2024-09-16,87,30,12,26,0
2653,1,2024-09-16,54,30,12,0,0
2096,1,2024-09-16,64,20,8,0,0
3329,1,2024-09-16,232,50,20,11,0
2692,1,2024-09-16,68,40,16,1,0
2502,1,2024-09-16,200,50,20,18,0
3566,1,2024-09-16,250,75,30,15,0
3705,1,2024-09-16,71,40,16,33,0
2269,1,2024-09-16,83,30,12,8,0
2184,1,2024-09-16,105,40,16,0,0
3601,1,2024-09-16,150,30,12,11,0
3284,1,2024-09-16,214,50,20,4,0
2772,1,2024-09-16,42,40,16,0,0
3484,1,2024-09-16,115,50,20,31,0
3065,1,2024-09-16,355,75,30,2,300
2615,1,2024-09-16,68,50,20,5,0
3713,1,2024-09-16,49,30,12,21,0
2360,1,2024-09-16,186,40,16,14,0
3426,1,2024-09-16,102,20,8,0,0
3383,1,2024-09-16,243,75,30,0,100
3462,1,2024-09-16,85,20,8,28,150
2462,1,2024-09-16,114,30,12,17,0
2564,1,2024-09-16,23,20,8,21,300
3195,1,2024-09-16,153,40,16,0,0
2507,1,2024-09-16,8,30,12,17,0
2543,1,2024-09-16,143,30,12,3,0
2227,1,2024-09-16,240,75,30,9,100
3792,1,2024-09-16,195,75,30,11,0
2151,1,2024-09-16,145,30,12,19,0
2412,1,2024-09-16,208,40,16,26,100
3714,1,2024-09-16,57,50,20,33,0
3305,1,2024-09-16,55,20,8,4,0
3408,1,2024-09-16,27,50,20,11,0
3244,1,2024-09-16,197,50,20,6,0
2353,1,2024-09-16,147,50,20,6,0
2746,1,2024-09-16,343,75,30,1,0
2894,1,2024-09-16,78,30,12,5,0
3180,1,2024-09-16,103,40,16,27,200
3297,1,2024-09-16,63,20,8,28,0
2436,1,2024-09-16,85,30,12,37,0
3193,1,2024-09-16,273,50,20,9,0
2833,1,2024-09-16,82,20,8,3,0
2841,1,2024-09-16,201,75,30,15,0
2026,1,2024-09-16,177,40,16,10,0
3069,1,2024-09-16,406,100,40,10,0
2922,1,2024-09-16,341,100,40,25,0
2890,1,2024-09-16,78,30,12,13,0
2593,1,2024-09-16,420,100,40,16,0
2137,1,2024-09-16,104,40,16,39,0
2142,1,2024-09-16,247,75,30,35,0
2092,1,2024-09-16,46,20,8,9,0
2453,1,2024-09-16,0,75,30,14,0
3152,1,2024-09-16,22,20,8,0,0
3248,1,2024-09-16,74,30,12,11,0
3532,2,2024-09-15,39,20,8,19,0
3632,2,2024-09-15,196,75,30,7,0
2539,2,2024-09-15,68,40,16,8,0
3508,2,2024-09-15,198,40,16,2,0
3132,2,2024-09-15,64,30,12,5,0
3608,2,2024-09-15,323,75,30,6,100
3521,2,2024-09-15,244,75,30,4,0
2549,2,2024-09-15,81,30,12,12,0
2931,2,2024-09-15,133,40,16,3,0
2515,2,2024-09-15,35,20,8,0,0
2661,2,2024-09-15,79,40,16,4,0
2885,2,2024-09-15,81,20,8,45,150
2091,2,2024-09-15,71,20,8,68,0
2876,2,2024-09-15,270,50,20,3,0
3104,2,2024-09-15,51,30,12,15,0
3315,2,2024-09-15,206,40,16,46,0
2824,2,2024-09-15,159,30,12,43,0
3323,2,2024-09-15,18,50,20,28,0
3341,2,2024-09-15,136,75,30,17,0
2369,2,2024-09-15,43,20,8,10,0
3816,2,2024-09-15,446,100,40,5,0
2391,2,2024-09-15,57,20,8,4,0
3272,2,2024-09-15,307,75,30,15,0
3774,2,2024-09-15,180,40,16,2,0
2368,2,2024-09-15,168,30,12,11,0
2486,2,2024-09-15,205,50,20,25,0
2577,2,2024-09-15,116,40,16,5,0
2697,2,2024-09-15,48,30,12,55,100
2622,2,2024-09-15,15,30,12,8,0
2240,2,2024-09-15,612,100,40,4,0
2984,2,2024-09-15,70,30,12,22,0
3545,2,2024-09-15,166,40,16,14,0
3050,2,2024-09-15,133,20,8,16,0
2215,2,2024-09-15,100,30,12,37,0
2195,2,2024-09-15,523,100,40,15,0
2404,2,2024-09-15,137,30,12,1,0
2392,2,2024-09-15,252,40,16,5,0
3128,2,2024-09-15,558,100,40,5,0
3210,2,2024-09-15,71,40,16,38,0
3247,2,2024-09-15,86,40,16,7,100
2269,2,2024-09-15,84,30,12,7,0
3211,2,2024-09-15,195,50,20,7,0
3837,2,2024-09-15,85,40,16,10,0
3085,2,2024-09-15,154,40,16,5,0
3779,2,2024-09-15,50,50,20,4,150
2471,2,2024-09-15,87,20,8,3,0
2783,2,2024-09-15,43,50,20,0,0
3776,2,2024-09-15,120,30,12,27,0
2304,2,2024-09-15,219,50,20,3,300
3364,2,2024-09-15,291,75,30,17,0
3828,2,2024-09-15,35,30,12,7,0
2048,2,2024-09-15,76,30,12,8,0
2463,2,2024-09-15,107,40,16,21,0
2711,2,2024-09-15,76,40,16,9,0
3045,2,2024-09-15,224,100,40,14,0
2816,2,2024-09-15,97,50,20,4,0
3395,2,2024-09-15,139,30,12,0,0
3586,2,2024-09-15,322,100,40,15,0
3257,2,2024-09-15,245,75,30,8,0
2821,2,2024-09-15,157,30,12,14,0
3725,2,2024-09-15,71,30,12,34,300
2669,2,2024-09-15,222,30,12,17,0
2740,2,2024-09-15,66,40,16,0,0
3321,2,2024-09-15,39,20,8,10,0
2612,2,2024-09-15,45,20,8,0,0
3427,2,2024-09-15,103,30,12,27,100
3598,2,2024-09-15,256,75,30,18,100
3663,2,2024-09-15,152,50,20,15,0
3238,2,2024-09-15,100,30,12,24,150
3133,2,2024-09-15,152,40,16,14,0
2652,2,2024-09-15,192,30,12,20,0
3798,2,2024-09-15,67,30,12,16,50
3297,2,2024-09-15,281,75,30,16,0
3156,2,2024-09-15,32,20,8,26,300
2908,2,2024-09-15,93,40,16,0,0
2813,2,2024-09-15,31,30,12,20,0
2111,2,2024-09-15,88,30,12,13,0
2190,2,2024-09-15,90,40,16,50,200
3431,2,2024-09-15,37,30,12,18,300
2863,2,2024-09-15,68,20,8,17,0
2121,2,2024-09-15,53,20,8,9,300
3402,2,2024-09-15,46,20,8,9,0
2859,2,2024-09-15,50,20,8,24,0
2631,2,2024-09-15,106,40,16,24,0
3191,2,2024-09-15,160,75,30,4,0
2234,2,2024-09-15,57,20,8,4,0
2035,2,2024-09-15,88,20,8,21,0
3008,2,2024-09-15,86,30,12,8,0
3614,2,2024-09-15,51,30,12,14,0
2771,2,2024-09-15,214,40,16,12,0
3511,2,2024-09-15,86,30,12,1,200
2926,2,2024-09-15,556,100,40,10,0
3519,2,2024-09-15,186,40,16,27,300
3153,2,2024-09-15,142,50,20,13,0
2059,2,2024-09-15,77,20,8,16,0
3846,2,2024-09-15,42,50,20,24,0
2516,2,2024-09-15,89,30,12,3,0
3302,2,2024-09-15,63,20,8,2,0
3763,2,2024-09-15,57,20,8,18,0
3033,2,2024-09-15,85,30,12,11,0
2302,2,2024-09-15,332,75,30,27,0
3568,2,2024-09-15,102,40,16,14,0
2301,2,2024-09-15,41,40,16,43,0
2032,2,2024-09-15,139,40,16,19,0
3784,2,2024-09-15,83,50,20,4,0
3533,2,2024-09-15,44,30,12,100,150
3484,2,2024-09-15,158,40,16,54,0
3354,2,2024-09-15,95,30,12,44,0
3487,2,2024-09-15,52,30,12,1,0
2185,2,2024-09-15,60,40,16,65,0
3713,2,2024-09-15,125,40,16,0,100
2997,2,2024-09-15,237,75,30,11,0
2465,2,2024-09-15,118,40,16,14,0
2925,2,2024-09-15,90,40,16,11,0
2165,2,2024-09-15,132,30,12,22,0
2066,2,2024-09-15,83,30,12,29,0
3633,2,2024-09-15,91,30,12,10,0
3348,2,2024-09-15,273,100,40,11,0
3065,2,2024-09-15,66,30,12,3,0
2403,2,2024-09-15,49,20,8,8,0
2182,2,2024-09-15,183,100,40,7,0
2593,2,2024-09-15,20,20,8,7,0
3650,2,2024-09-15,147,50,20,2,0
2343,2,2024-09-15,85,50,20,4,50
2948,2,2024-09-15,175,50,20,27,0
2246,2,2024-09-15,205,50,20,1,0
2432,2,2024-09-15,96,20,8,15,0
3116,2,2024-09-15,113,40,16,14,0
2878,2,2024-09-15,73,20,8,19,0
3768,2,2024-09-15,420,75,30,0,300
2335,2,2024-09-15,418,100,40,3,0
3690,2,2024-09-15,28,20,8,8,0
3196,2,2024-09-15,208,75,30,36,50
2998,2,2024-09-15,211,50,20,34,50
3251,2,2024-09-15,193,40,16,0,0
2500,2,2024-09-15,155,50,20,2,0
2526,2,2024-09-15,217,50,20,16,0
2429,2,2024-09-15,112,30,12,10,0
3536,2,2024-09-15,88,30,12,2,300
2244,2,2024-09-15,180,30,12,15,0
3027,2,2024-09-15,140,40,16,0,0
2598,2,2024-09-15,70,40,16,4,0
2855,2,2024-09-15,204,50,20,0,0
3471,2,2024-09-15,181,40,16,1,0
2695,2,2024-09-15,394,75,30,14,0
3057,2,2024-09-15,92,30,12,0,0
2965,2,2024-09-15,107,40,16,10,0
2557,2,2024-09-15,132,30,12,4,0
2793,2,2024-09-15,513,100,40,44,0
3381,2,2024-09-15,124,30,12,99,0
3208,2,2024-09-15,0,50,20,5,0
3534,2,2024-09-15,84,30,12,4,0
3362,2,2024-09-15,379,75,30,10,0
2049,2,2024-09-15,70,40,16,5,0
2692,2,2024-09-15,78,50,20,11,0
2271,2,2024-09-15,75,20,8,8,0
2637,2,2024-09-15,64,40,16,10,0
3542,2,2024-09-15,211,40,16,16,0
3215,2,2024-09-15,264,75,30,49,0
3744,2,2024-09-15,49,40,16,1,0
3032,2,2024-09-15,106,40,16,27,0
3184,2,2024-09-15,91,30,12,9,200
2871,2,2024-09-15,40,20,8,1,0
2125,2,2024-09-15,162,75,30,6,0
3290,2,2024-09-15,375,75,30,1,200
2320,2,2024-09-15,174,40,16,18,0
2736,2,2024-09-15,103,50,20,0,0
3351,2,2024-09-15,246,50,20,12,0
3423,2,2024-09-15,70,30,12,0,0
3812,2,2024-09-15,188,50,20,21,0
2799,2,2024-09-15,133,40,16,4,0
3577,2,2024-09-15,91,40,16,18,50
3626,2,2024-09-15,61,30,12,20,100
2702,2,2024-09-15,152,30,12,51,0
3736,2,2024-09-15,136,50,20,24,0
2064,2,2024-09-15,70,30,12,37,0
2902,2,2024-09-15,343,75,30,1,0
2517,2,2024-09-15,108,40,16,61,0
3689,2,2024-09-15,214,50,20,2,0
3378,2,2024-09-15,188,50,20,13,0
2065,2,2024-09-15,101,40,16,61,0
2103,2,2024-09-15,145,50,20,12,0
3786,2,2024-09-15,35,20,8,5,0
3694,2,2024-09-15,67,30,12,2,50
2820,2,2024-09-15,48,20,8,5,300
2469,2,2024-09-15,123,40,16,53,0
3518,2,2024-09-15,138,30,12,18,0
2985,2,2024-09-15,45,40,16,7,0
3190,2,2024-09-15,118,40,16,5,0
3204,2,2024-09-15,115,30,12,43,0
2329,2,2024-09-15,236,40,16,20,0
2138,2,2024-09-15,129,40,16,15,0
2477,2,2024-09-15,77,40,16,15,0
3479,2,2024-09-15,138,100,40,11,0
2524,2,2024-09-15,44,30,12,1,300
3411,2,2024-09-15,141,50,20,5,0
2559,2,2024-09-15,169,30,12,6,0
3559,2,2024-09-15,178,40,16,4,0
2474,2,2024-09-15,51,50,20,4,0
3129,2,2024-09-15,9,30,12,0,0
2970,2,2024-09-15,91,20,8,19,0
2841,2,2024-09-15,69,20,8,8,0
2413,2,2024-09-15,223,75,30,7,0
3225,2,2024-09-15,10,30,12,2,0
2440,2,2024-09-15,118,30,12,0,0
3077,2,2024-09-15,137,30,12,16,0
3830,2,2024-09-15,247,75,30,34,150
3609,2,2024-09-15,90,30,12,11,0
2687,2,2024-09-15,115,40,16,1,0
3113,2,2024-09-15,135,30,12,7,0
3282,2,2024-09-15,24,20,8,5,150
2016,2,2024-09-15,227,50,20,0,0
2259,2,2024-09-15,102,40,16,17,0
3011,2,2024-09-15,144,30,12,11,150
3832,2,2024-09-15,114,40,16,9,0
2462,2,2024-09-15,110,100,40,11,0
3651,2,2024-09-15,42,20,8,14,0
3197,2,2024-09-15,210,40,16,8,0
2785,2,2024-09-15,67,20,8,6,0
2723,2,2024-09-15,239,50,20,11,0
2759,2,2024-09-15,154,30,12,7,0
2230,2,2024-09-15,157,75,30,16,200
3499,2,2024-09-15,87,30,12,11,0
3817,2,2024-09-15,49,30,12,6,0
2572,2,2024-09-15,113,75,30,24,0
2350,2,2024-09-15,88,30,12,0,0
2543,2,2024-09-15,84,40,16,7,0
3140,2,2024-09-15,239,50,20,29,100
3553,2,2024-09-15,215,50,20,12,0
2202,2,2024-09-15,106,40,16,2,0
2983,2,2024-09-15,479,75,30,46,0
3662,2,2024-09-15,2,40,16,23,0
3130,2,2024-09-15,79,50,20,33,50
3596,2,2024-09-15,64,50,20,22,0
2872,2,2024-09-15,89,30,12,48,0
2924,2,2024-09-15,99,30,12,10,0
3436,2,2024-09-15,73,30,12,7,0
2808,2,2024-09-15,103,30,12,7,0
3095,2,2024-09-15,174,50,20,26,300
2606,2,2024-09-15,29,20,8,9,0
2655,2,2024-09-15,39,40,16,0,0
2833,2,2024-09-15,14,20,8,2,0
3056,2,2024-09-15,194,50,20,24,0
2671,2,2024-09-15,340,40,16,23,100
2505,2,2024-09-15,238,40,16,38,0
3372,2,2024-09-15,71,40,16,7,0
2426,2,2024-09-15,420,100,40,7,0
2437,2,2024-09-15,14,30,12,4,0
2232,2,2024-09-15,143,40,16,0,0
2737,2,2024-09-15,105,75,30,15,0
3441,2,2024-09-15,120,40,16,0,0
2284,2,2024-09-15,21,30,12,89,0
3294,2,2024-09-15,127,40,16,1,0
3293,2,2024-09-15,73,30,12,4,0
2764,2,2024-09-15,126,75,30,5,200
3522,2,2024-09-15,438,100,40,1,0
3258,2,2024-09-15,51,20,8,6,0
3080,2,2024-09-15,81,40,16,21,0
3240,2,2024-09-15,279,50,20,12,0
2575,2,2024-09-15,0,30,12,2,0
2904,2,2024-09-15,291,50,20,29,0
3464,2,2024-09-15,161,30,12,43,0
2321,2,2024-09-15,79,40,16,1,0
2896,2,2024-09-15,292,75,30,2,0
3212,2,2024-09-15,83,20,8,7,0
3233,2,2024-09-15,70,20,8,3,0
2706,2,2024-09-15,31,30,12,5,0
2267,2,2024-09-15,37,20,8,7,0
3031,2,2024-09-15,105,50,20,3,0
3235,2,2024-09-15,76,30,12,33,0
2231,2,2024-09-15,364,75,30,1,0
2773,2,2024-09-15,65,30,12,17,0
3388,2,2024-09-15,317,75,30,3,50
2629,2,2024-09-15,63,30,12,2,0
3560,2,2024-09-15,80,50,20,1,0
2745,2,2024-09-15,74,30,12,2,0
2127,2,2024-09-15,59,40,16,0,0
3634,2,2024-09-15,69,50,20,8,0
2795,2,2024-09-15,202,50,20,13,0
2069,2,2024-09-15,81,40,16,16,0
3131,2,2024-09-15,281,75,30,13,0
2761,2,2024-09-15,0,50,20,17,0
2108,2,2024-09-15,82,30,12,49,0
2508,2,2024-09-15,102,30,12,33,0
3588,2,2024-09-15,13,40,16,0,0
2554,2,2024-09-15,273,50,20,21,0
2511,2,2024-09-15,717,100,40,23,0
3685,2,2024-09-15,70,20,8,3,0
2963,2,2024-09-15,36,20,8,3,0
3175,2,2024-09-15,95,30,12,3,0
3775,2,2024-09-15,34,20,8,14,0
2852,2,2024-09-15,26,30,12,9,0
2095,2,2024-09-15,94,40,16,8,200
2956,2,2024-09-15,106,40,16,20,0
2749,2,2024-09-15,187,50,20,7,150
2901,2,2024-09-15,67,30,12,0,0
2380,2,2024-09-15,115,30,12,8,0
3731,2,2024-09-15,43,20,8,10,0
2191,2,2024-09-15,153,50,20,1,50
2277,2,2024-09-15,153,30,12,0,0
3531,2,2024-09-15,131,50,20,41,150
2595,2,2024-09-15,51,20,8,0,200
3704,2,2024-09-15,311,75,30,1,150
3641,2,2024-09-15,165,50,20,1,0
2743,2,2024-09-15,106,30,12,23,300
3813,2,2024-09-15,91,20,8,14,150
2940,2,2024-09-15,68,40,16,3,0
3112,2,2024-09-15,150,40,16,12,0
3252,2,2024-09-15,243,100,40,9,0
3799,2,2024-09-15,83,30,12,15,0
3160,2,2024-09-15,100,30,12,3,150
3086,2,2024-09-15,47,30,12,9,0
2488,2,2024-09-15,348,75,30,4,0
3001,2,2024-09-15,96,40,16,8,0
2015,2,2024-09-15,191,75,30,3,0
2275,2,2024-09-15,210,100,40,16,0
3795,2,2024-09-15,509,75,30,17,0
2635,2,2024-09-15,90,40,16,6,0
3121,2,2024-09-15,140,30,12,8,0
3796,2,2024-09-15,101,40,16,1,0
3459,2,2024-09-15,46,40,16,13,200
3126,2,2024-09-15,282,75,30,0,0
2460,2,2024-09-15,142,40,16,33,0
3579,2,2024-09-15,182,50,20,8,0
3167,2,2024-09-15,0,100,40,3,0
2210,2,2024-09-15,173,30,12,41,0
3214,2,2024-09-15,170,75,30,3,0
2952,2,2024-09-15,197,40,16,11,0
3396,2,2024-09-15,208,75,30,60,0
3747,2,2024-09-15,174,30,12,4,0
2072,2,2024-09-15,31,20,8,0,0
3674,2,2024-09-15,306,75,30,1,0
2133,2,2024-09-15,86,50,20,4,0
3624,2,2024-09-15,90,40,16,9,200
2333,2,2024-09-15,112,40,16,9,0
3552,2,2024-09-15,184,75,30,15,0
2348,2,2024-09-15,36,20,8,13,0
3076,2,2024-09-15,105,40,16,20,0
2838,2,2024-09-15,46,50,20,37,0
2677,2,2024-09-15,124,20,8,8,0
2365,2,2024-09-15,190,40,16,2,0
3422,2,2024-09-15,81,40,16,18,0
2034,2,2024-09-15,52,30,12,12,0
2714,2,2024-09-15,150,40,16,5,0
3781,2,2024-09-15,202,30,12,3,0
3329,2,2024-09-15,80,50,20,4,0
2939,2,2024-09-15,276,75,30,22,0
3491,2,2024-09-15,53,30,12,9,0
2265,2,2024-09-15,55,20,8,2,0
3047,2,2024-09-15,35,30,12,30,0
3105,2,2024-09-15,93,75,30,8,0
2942,2,2024-09-15,140,30,12,7,0
2459,2,2024-09-15,203,40,16,5,0
2122,2,2024-09-15,109,30,12,4,0
3438,2,2024-09-15,79,20,8,5,150
2373,2,2024-09-15,119,20,8,2,0
3483,2,2024-09-15,204,75,30,0,0
3237,2,2024-09-15,95,20,8,7,0
2504,2,2024-09-15,62,30,12,4,0
3325,2,2024-09-15,45,20,8,4,100
2056,2,2024-09-15,78,20,8,0,0
2470,2,2024-09-15,105,20,8,1,0
2439,2,2024-09-15,71,30,12,15,0
3399,2,2024-09-15,145,40,16,18,0
3012,2,2024-09-15,131,30,12,1,0
2201,2,2024-09-15,224,75,30,9,0
2061,2,2024-09-15,155,40,16,5,0
2937,2,2024-09-15,78,20,8,21,300
3013,2,2024-09-15,61,30,12,8,0
3719,2,2024-09-15,31,40,16,49,0
3154,2,2024-09-15,72,30,12,41,0
3843,2,2024-09-15,544,100,40,1,200
3442,2,2024-09-15,167,30,12,2,0
2074,2,2024-09-15,264,50,20,11,0
3604,2,2024-09-15,104,40,16,21,300
3361,2,2024-09-15,232,50,20,22,100
3488,2,2024-09-15,113,30,12,92,0
2155,2,2024-09-15,289,50,20,27,0
2701,2,2024-09-15,0,30,12,21,0
3619,2,2024-09-15,60,20,8,11,0
2694,2,2024-09-15,162,40,16,15,0
2306,2,2024-09-15,131,40,16,1,0
2414,2,2024-09-15,0,30,12,25,0
3062,2,2024-09-15,71,30,12,6,0
2790,2,2024-09-15,60,20,8,45,0
2547,2,2024-09-15,225,75,30,22,0
3571,2,2024-09-15,102,30,12,5,0
3344,2,2024-09-15,66,40,16,25,0
2411,2,2024-09-15,233,75,30,2,0
2499,2,2024-09-15,75,20,8,19,0
3691,2,2024-09-15,365,75,30,1,0
2009,2,2024-09-15,292,75,30,2,0
2640,2,2024-09-15,77,20,8,9,0
3777,2,2024-09-15,291,75,30,3,0
3737,2,2024-09-15,128,75,30,21,0
2617,2,2024-09-15,265,40,16,10,150
3435,2,2024-09-15,97,20,8,7,0
2681,2,2024-09-15,33,20,8,6,0
2922,2,2024-09-15,168,50,20,41,0
2025,2,2024-09-15,124,30,12,0,0
3392,2,2024-09-15,121,50,20,28,0
3631,2,2024-09-15,108,40,16,0,50
3089,2,2024-09-15,191,50,20,0,0
2200,2,2024-09-15,204,50,20,3,0
2815,2,2024-09-15,99,30,12,32,0
3004,2,2024-09-15,64,20,8,10,0
2046,2,2024-09-15,90,40,16,23,0
3198,2,2024-09-15,450,75,30,1,0
2422,2,2024-09-15,73,20,8,36,0
2323,2,2024-09-15,45,20,8,21,0
2005,2,2024-09-15,200,50,20,10,0
3301,2,2024-09-15,65,50,20,8,0
2455,2,2024-09-15,125,40,16,5,0
3219,2,2024-09-15,52,20,8,2,0
3000,2,2024-09-15,187,50,20,21,0
3717,2,2024-09-15,187,40,16,26,0
2862,2,2024-09-15,0,50,20,11,0
3352,2,2024-09-15,434,100,40,5,0
3680,2,2024-09-15,55,20,8,19,0
2260,2,2024-09-15,182,40,16,4,0
3067,2,2024-09-15,238,30,12,10,0
3083,2,2024-09-15,0,30,12,28,0
2239,2,2024-09-15,212,50,20,3,50
2811,2,2024-09-15,518,75,30,14,150
3172,2,2024-09-15,93,40,16,9,150
2556,2,2024-09-15,159,75,30,1,0
3525,2,2024-09-15,172,50,20,18,0
3098,2,2024-09-15,142,50,20,22,0
2634,2,2024-09-15,65,50,20,12,50
3847,2,2024-09-15,81,30,12,29,0
2663,2,2024-09-15,41,50,20,1,0
3370,2,2024-09-15,184,30,12,16,0
3314,2,2024-09-15,6,40,16,7,0
3234,2,2024-09-15,210,40,16,23,0
2451,2,2024-09-15,248,50,20,8,0
2884,2,2024-09-15,75,20,8,21,0
2467,2,2024-09-15,86,50,20,36,0
3162,2,2024-09-15,304,75,30,0,0
3743,2,2024-09-15,31,30,12,17,0
2112,2,2024-09-15,179,30,12,5,0
2978,2,2024-09-15,56,20,8,2,0
2945,2,2024-09-15,105,30,12,5,0
2844,2,2024-09-15,35,20,8,19,0
2823,2,2024-09-15,44,20,8,18,0
2868,2,2024-09-15,18,30,12,22,0
3623,2,2024-09-15,213,40,16,8,300
3217,2,2024-09-15,75,40,16,4,300
2910,2,2024-09-15,114,50,20,6,0
2229,2,2024-09-15,101,30,12,30,0
3139,2,2024-09-15,295,75,30,13,0
3216,2,2024-09-15,5,30,12,5,0
3291,2,2024-09-15,261,100,40,11,0
3169,2,2024-09-15,94,30,12,9,0
2262,2,2024-09-15,36,20,8,11,0
2480,2,2024-09-15,115,30,12,13,0
3389,2,2024-09-15,303,75,30,24,0
3770,2,2024-09-15,169,50,20,5,0
2570,2,2024-09-15,95,40,16,2,200
2088,2,2024-09-15,162,50,20,16,0
3550,2,2024-09-15,83,30,12,78,0
2645,2,2024-09-15,76,40,16,5,0
2152,2,2024-09-15,141,50,20,9,0
2131,2,2024-09-15,236,50,20,31,0
2683,2,2024-09-15,50,50,20,11,50
2194,2,2024-09-15,54,20,8,2,0
2268,2,2024-09-15,342,75,30,16,100
2903,2,2024-09-15,63,30,12,2,0
2297,2,2024-09-15,197,40,16,8,0
3840,2,2024-09-15,183,50,20,5,0
3486,2,2024-09-15,77,20,8,14,0
3750,2,2024-09-15,62,20,8,5,0
3141,2,2024-09-15,195,30,12,3,0
3585,2,2024-09-15,44,40,16,5,0
3179,2,2024-09-15,69,30,12,2,0
2657,2,2024-09-15,86,50,20,13,0
2020,2,2024-09-15,61,30,12,15,0
2729,2,2024-09-15,121,40,16,6,0
3844,2,2024-09-15,63,30,12,2,0
2376,2,2024-09-15,26,50,20,7,0
3554,2,2024-09-15,61,30,12,1,0
3330,2,2024-09-15,112,50,20,3,0
2700,2,2024-09-15,0,40,16,1,0
2424,2,2024-09-15,162,75,30,19,0
2100,2,2024-09-15,121,30,12,8,0
3548,2,2024-09-15,174,40,16,21,0
2288,2,2024-09-15,267,100,40,0,0
2721,2,2024-09-15,98,40,16,2,0
3038,2,2024-09-15,149,40,16,12,0
3820,2,2024-09-15,44,40,16,41,0
2312,2,2024-09-15,106,75,30,2,0
2147,2,2024-09-15,86,30,12,9,0
2441,2,2024-09-15,306,75,30,0,0
2171,2,2024-09-15,54,50,20,4,0
3523,2,2024-09-15,89,40,16,5,300
3551,2,2024-09-15,89,30,12,22,0
3710,2,2024-09-15,118,30,12,2,0
3342,2,2024-09-15,192,40,16,36,0
3501,2,2024-09-15,160,40,16,24,100
2909,2,2024-09-15,97,20,8,9,50
2409,2,2024-09-15,131,40,16,1,0
2818,2,2024-09-15,165,40,16,9,0
3203,2,2024-09-15,70,40,16,0,0
3398,2,2024-09-15,157,50,20,14,0
3741,2,2024-09-15,294,40,16,48,0
2898,2,2024-09-15,195,50,20,6,0
2935,2,2024-09-15,204,100,40,36,0
3622,2,2024-09-15,75,50,20,6,0
3260,2,2024-09-15,131,40,16,36,0
3115,2,2024-09-15,270,100,40,45,0
2492,2,2024-09-15,77,40,16,8,0
2618,2,2024-09-15,66,30,12,8,0
2891,2,2024-09-15,200,40,16,22,100
2170,2,2024-09-15,106,30,12,9,0
3547,2,2024-09-15,38,40,16,38,150
2336,2,2024-09-15,165,50,20,14,0
2457,2,2024-09-15,155,30,12,14,0
2969,2,2024-09-15,298,75,30,36,0
3841,2,2024-09-15,54,40,16,14,0
3375,2,2024-09-15,642,100,40,3,0
3327,2,2024-09-15,208,75,30,0,0
2186,2,2024-09-15,75,40,16,27,0
2218,2,2024-09-15,278,75,30,11,0
3319,2,2024-09-15,135,40,16,11,0
2765,2,2024-09-15,253,40,16,9,200
3454,2,2024-09-15,84,40,16,0,0
2183,2,2024-09-15,0,40,16,12,0
3513,2,2024-09-15,159,30,12,10,0
3299,2,2024-09-15,59,30,12,4,0
2109,2,2024-09-15,160,40,16,15,0
3412,2,2024-09-15,50,40,16,7,50
3570,2,2024-09-15,125,30,12,0,0
3017,2,2024-09-15,65,20,8,2,0
2893,2,2024-09-15,194,50,20,5,0
3500,2,2024-09-15,89,40,16,18,0
3159,2,2024-09-15,46,40,16,25,0
2786,2,2024-09-15,134,50,20,6,0
2483,2,2024-09-15,88,50,20,21,0
3384,2,2024-09-15,251,100,40,15,0
2591,2,2024-09-15,112,50,20,7,0
3434,2,2024-09-15,48,20,8,8,0
3005,2,2024-09-15,40,40,16,12,0
3333,2,2024-09-15,192,40,16,67,0
2419,2,2024-09-15,211,50,20,9,0
3693,2,2024-09-15,163,50,20,14,0
2307,2,2024-09-15,87,20,8,41,0
2726,2,2024-09-15,63,50,20,12,0
3275,2,2024-09-15,343,75,30,27,0
3350,2,2024-09-15,210,75,30,1,0
2733,2,2024-09-15,93,40,16,0,100
3277,2,2024-09-15,77,75,30,15,0
2608,2,2024-09-15,53,20,8,27,0
3151,2,2024-09-15,47,30,12,3,0
2897,2,2024-09-15,218,40,16,10,0
3107,2,2024-09-15,243,50,20,15,0
3769,2,2024-09-15,325,75,30,1,0
2536,2,2024-09-15,195,50,20,8,100
2822,2,2024-09-15,195,40,16,16,0
2718,2,2024-09-15,235,50,20,7,0
3229,2,2024-09-15,314,75,30,2,0
3495,2,2024-09-15,104,30,12,10,0
2086,2,2024-09-15,93,30,12,8,0
2728,2,2024-09-15,59,30,12,49,0
3111,2,2024-09-15,93,40,16,3,0
3455,2,2024-09-15,139,30,12,1,0
3575,2,2024-09-15,0,100,40,28,0
3715,2,2024-09-15,125,50,20,14,0
2313,2,2024-09-15,77,30,12,1,0
3791,2,2024-09-15,274,40,16,7,0
3118,2,2024-09-15,150,30,12,1,0
3671,2,2024-09-15,119,75,30,4,0
3349,2,2024-09-15,147,50,20,14,0
3834,2,2024-09-15,10,20,8,1,0
2427,2,2024-09-15,93,30,12,13,0
3226,2,2024-09-15,50,20,8,5,0
2415,2,2024-09-15,128,40,16,27,0
3110,2,2024-09-15,159,40,16,4,0
3444,2,2024-09-15,80,30,12,10,0
3340,2,2024-09-15,59,20,8,22,0
2145,2,2024-09-15,71,30,12,5,0
2817,2,2024-09-15,51,40,16,9,0
2250,2,2024-09-15,82,50,20,35,0
2478,2,2024-09-15,178,50,20,22,150
3448,2,2024-09-15,67,75,30,1,0
3421,2,2024-09-15,116,50,20,31,150
3629,2,2024-09-15,346,75,30,7,0
3789,2,2024-09-15,221,100,40,26,0
3046,2,2024-09-15,81,75,30,52,0
2453,2,2024-09-15,108,30,12,8,0
2809,2,2024-09-15,83,30,12,8,0
3739,2,2024-09-15,132,50,20,22,0
3148,2,2024-09-15,165,40,16,3,0
2405,2,2024-09-15,187,40,16,2,0
2933,2,2024-09-15,104,30,12,10,0
3242,2,2024-09-15,271,75,30,5,50
3574,2,2024-09-15,50,20,8,9,0
2874,2,2024-09-15,248,50,20,4,0
2929,2,2024-09-15,159,50,20,13,50
2842,2,2024-09-15,112,30,12,12,0
3810,2,2024-09-15,179,40,16,8,0
3597,2,2024-09-15,71,40,16,75,0
2290,2,2024-09-15,90,30,12,24,150
2651,2,2024-09-15,160,40,16,31,0
2519,2,2024-09-15,178,75,30,12,0
2421,2,2024-09-15,45,50,20,41,0
3328,2,2024-09-15,112,30,12,24,0
2800,2,2024-09-15,40,30,12,53,0
3114,2,2024-09-15,183,75,30,1,150
2717,2,2024-09-15,112,30,12,4,0
3199,2,2024-09-15,94,40,16,9,0
3811,2,2024-09-15,214,75,30,0,150
3138,2,2024-09-15,100,40,16,2,150
2214,2,2024-09-15,110,30,12,5,150
3793,2,2024-09-15,184,40,16,13,0
2531,2,2024-09-15,105,30,12,2,0
2272,2,2024-09-15,98,20,8,95,0
2364,2,2024-09-15,72,40,16,19,0
3639,2,2024-09-15,45,30,12,1,0
2420,2,2024-09-15,244,75,30,5,0
3684,2,2024-09-15,234,75,30,2,0
3081,2,2024-09-15,120,40,16,12,0
2601,2,2024-09-15,273,50,20,13,0
2449,2,2024-09-15,73,40,16,2,200
2068,2,2024-09-15,0,30,12,5,0
3347,2,2024-09-15,135,50,20,7,200
2988,2,2024-09-15,127,30,12,8,0
3303,2,2024-09-15,82,30,12,25,0
2642,2,2024-09-15,135,30,12,20,0
2835,2,2024-09-15,251,40,16,4,0
3271,2,2024-09-15,73,100,40,11,0
2670,2,2024-09-15,157,30,12,4,0
2004,2,2024-09-15,155,50,20,9,0
2611,2,2024-09-15,39,30,12,0,0
3157,2,2024-09-15,177,40,16,26,50
2060,2,2024-09-15,60,30,12,9,0
3343,2,2024-09-15,75,40,16,27,100
2772,2,2024-09-15,0,75,30,17,0
2775,2,2024-09-15,225,100,40,0,0
2848,2,2024-09-15,91,30,12,26,50
3664,2,2024-09-15,211,50,20,12,0
2644,2,2024-09-15,155,30,12,8,0
2886,2,2024-09-15,99,50,20,14,0
2011,2,2024-09-15,109,40,16,24,0
3269,2,2024-09-15,156,50,20,23,0
3788,2,2024-09-15,116,40,16,7,50
2870,2,2024-09-15,150,40,16,14,50
2142,2,2024-09-15,58,40,16,3,0
3681,2,2024-09-15,379,75,30,0,300
3463,2,2024-09-15,60,50,20,13,0
3772,2,2024-09-15,59,75,30,1,0
3034,2,2024-09-15,221,100,40,27,0
3678,2,2024-09-15,202,75,30,41,300
2638,2,2024-09-15,197,75,30,2,0
3644,2,2024-09-15,136,40,16,14,0
2023,2,2024-09-15,83,50,20,10,0
3125,2,2024-09-15,173,50,20,45,0
2227,2,2024-09-15,29,50,20,13,0
3512,2,2024-09-15,92,20,8,2,0
2994,2,2024-09-15,2,75,30,15,0
2883,2,2024-09-15,187,50,20,21,200
2132,2,2024-09-15,93,30,12,3,0
3607,2,2024-09-15,261,50,20,41,0
2375,2,2024-09-15,180,75,30,0,0
3382,2,2024-09-15,68,50,20,6,0
2028,2,2024-09-15,108,20,8,15,100
2033,2,2024-09-15,64,30,12,72,0
3801,2,2024-09-15,66,30,12,2,0
2673,2,2024-09-15,143,50,20,22,0
3039,2,2024-09-15,104,20,8,10,0
3453,2,2024-09-15,190,75,30,32,200
3075,2,2024-09-15,206,40,16,28,100
3355,2,2024-09-15,85,20,8,27,150
2553,2,2024-09-15,13,30,12,25,0
2212,2,2024-09-15,276,75,30,8,0
3794,2,2024-09-15,281,40,16,15,0
2204,2,2024-09-15,72,30,12,8,0
2019,2,2024-09-15,0,30,12,44,0
2050,2,2024-09-15,197,50,20,17,0
2007,2,2024-09-15,136,30,12,8,0
2658,2,2024-09-15,125,30,12,22,0
2678,2,2024-09-15,152,40,16,26,100
3695,2,2024-09-15,112,40,16,3,0
2720,2,2024-09-15,34,30,12,5,150
3336,2,2024-09-15,152,40,16,2,0
3467,2,2024-09-15,61,20,8,11,0
3387,2,2024-09-15,97,30,12,0,0
2472,2,2024-09-15,117,40,16,9,0
2731,2,2024-09-15,72,30,12,10,0
3524,2,2024-09-15,54,20,8,36,50
3716,2,2024-09-15,88,30,12,11,100
3468,2,2024-09-15,323,75,30,20,0
3356,2,2024-09-15,62,30,12,3,0
2198,2,2024-09-15,62,40,16,18,50
3481,2,2024-09-15,40,75,30,2,0
3296,2,2024-09-15,124,40,16,3,300
2792,2,2024-09-15,470,75,30,7,0
3489,2,2024-09-15,334,75,30,5,0
2686,2,2024-09-15,63,30,12,33,0
2383,2,2024-09-15,106,30,12,2,0
2184,2,2024-09-15,278,75,30,14,0
2445,2,2024-09-15,14,40,16,17,0
2502,2,2024-09-15,197,50,20,13,200
2576,2,2024-09-15,56,20,8,4,0
2332,2,2024-09-15,117,75,30,6,0
3400,2,2024-09-15,156,40,16,16,200
2879,2,2024-09-15,29,30,12,38,0
3250,2,2024-09-15,422,100,40,31,0
2319,2,2024-09-15,149,75,30,0,0
2150,2,2024-09-15,98,40,16,2,0
3312,2,2024-09-15,301,50,20,2,0
2237,2,2024-09-15,9,30,12,18,0
2853,2,2024-09-15,168,40,16,44,0
2047,2,2024-09-15,144,50,20,38,50
3673,2,2024-09-15,61,40,16,13,200
3180,2,2024-09-15,337,75,30,20,0
2331,2,2024-09-15,170,50,20,5,0
3079,2,2024-09-15,209,50,20,4,0
2778,2,2024-09-15,76,50,20,6,50
2172,2,2024-09-15,79,30,12,9,150
2096,2,2024-09-15,145,40,16,38,0
2266,2,2024-09-15,277,75,30,14,200
3147,2,2024-09-15,82,50,20,36,0
3337,2,2024-09-15,88,20,8,47,0
3565,2,2024-09-15,144,50,20,0,200
3385,2,2024-09-15,44,20,8,0,0
3339,2,2024-09-15,71,50,20,7,0
2010,2,2024-09-15,146,40,16,3,0
3569,2,2024-09-15,44,50,20,2,0
3106,2,2024-09-15,60,40,16,13,0
2921,2,2024-09-15,50,40,16,12,0
2454,2,2024-09-15,380,100,40,3,0
2238,2,2024-09-15,29,20,8,37,0
3516,2,2024-09-15,23,100,40,25,0
2143,2,2024-09-15,183,75,30,8,150
2278,2,2024-09-15,62,30,12,2,0
2664,2,2024-09-15,68,30,12,2,0
3168,2,2024-09-15,136,40,16,63,0
3472,2,2024-09-15,92,30,12,1,300
3732,2,2024-09-15,77,40,16,26,0
3358,2,2024-09-15,115,75,30,60,0
2176,2,2024-09-15,127,40,16,2,150
2252,2,2024-09-15,424,100,40,8,0
3658,2,2024-09-15,109,20,8,39,0
3376,2,2024-09-15,175,50,20,31,0
3054,2,2024-09-15,122,40,16,10,0
3562,2,2024-09-15,170,50,20,3,150
3610,2,2024-09-15,211,50,20,0,0
3182,2,2024-09-15,99,20,8,28,0
3708,2,2024-09-15,129,40,16,4,0
2434,2,2024-09-15,112,40,16,3,0
2087,2,2024-09-15,79,30,12,46,0
3517,2,2024-09-15,284,50,20,6,0
2521,2,2024-09-15,53,50,20,9,0
3304,2,2024-09-15,12,20,8,35,0
2287,2,2024-09-15,0,30,12,22,0
3428,2,2024-09-15,257,50,20,1,0
2078,2,2024-09-15,169,50,20,8,300
2055,2,2024-09-15,18,20,8,11,0
2107,2,2024-09-15,89,20,8,9,0
2528,2,2024-09-15,148,40,16,1,0
3091,2,2024-09-15,139,50,20,9,0
3029,2,2024-09-15,157,30,12,8,0
2148,2,2024-09-15,424,100,40,19,0
2981,2,2024-09-15,119,40,16,42,0
2545,2,2024-09-15,93,30,12,5,300
3322,2,2024-09-15,182,40,16,8,0
2090,2,2024-09-15,134,30,12,66,0
2513,2,2024-09-15,44,40,16,6,0
3642,2,2024-09-15,295,75,30,18,0
2839,2,2024-09-15,206,100,40,9,0
2574,2,2024-09-15,358,75,30,21,200
3839,2,2024-09-15,53,40,16,23,0
2203,2,2024-09-15,75,20,8,5,0
2084,2,2024-09-15,255,100,40,1,0
3723,2,2024-09-15,79,50,20,12,100
3659,2,2024-09-15,264,40,16,16,0
2802,2,2024-09-15,44,30,12,40,0
3267,2,2024-09-15,91,20,8,14,0
3332,2,2024-09-15,49,40,16,17,0
3410,2,2024-09-15,155,40,16,1,0
2688,2,2024-09-15,9,20,8,11,200
3073,2,2024-09-15,183,50,20,64,0
2220,2,2024-09-15,87,20,8,8,0
2008,2,2024-09-15,37,40,16,2,50
2206,2,2024-09-15,47,40,16,21,0
3476,2,2024-09-15,92,50,20,40,0
3213,2,2024-09-15,125,40,16,23,0
3470,2,2024-09-15,52,30,12,7,0
2181,2,2024-09-15,598,100,40,31,0
2619,2,2024-09-15,108,40,16,14,0
3094,2,2024-09-15,179,30,12,6,50
3809,2,2024-09-15,40,30,12,16,0
2944,2,2024-09-15,25,30,12,4,0
3164,2,2024-09-15,124,50,20,22,0
2157,2,2024-09-15,85,30,12,42,0
2337,2,2024-09-15,158,50,20,30,0
3630,2,2024-09-15,71,30,12,5,200
2027,2,2024-09-15,301,100,40,32,0
2877,2,2024-09-15,185,40,16,22,0
2217,2,2024-09-15,89,20,8,5,0
2973,2,2024-09-15,76,40,16,19,0
3578,2,2024-09-15,143,40,16,12,0
2566,2,2024-09-15,13,20,8,2,0
2919,2,2024-09-15,82,40,16,21,0
3782,2,2024-09-15,130,50,20,0,0
2653,2,2024-09-15,-13,100,40,7,0
2205,2,2024-09-15,112,30,12,2,100
2584,2,2024-09-15,182,40,16,2,0
2154,2,2024-09-15,116,40,16,2,0
2144,2,2024-09-15,69,20,8,22,0
2022,2,2024-09-15,110,75,30,8,0
3787,2,2024-09-15,381,75,30,24,200
2599,2,2024-09-15,124,50,20,16,0
3682,2,2024-09-15,104,20,8,12,0
3478,2,2024-09-15,54,40,16,28,0
3636,2,2024-09-15,162,30,12,10,0
3177,2,2024-09-15,355,75,30,7,0
2482,2,2024-09-15,79,20,8,3,0
2175,2,2024-09-15,78,30,12,13,100
2136,2,2024-09-15,217,50,20,29,200
3051,2,2024-09-15,205,75,30,26,50
3137,2,2024-09-15,40,20,8,36,200
3101,2,2024-09-15,63,40,16,3,0
2372,2,2024-09-15,206,40,16,43,0
2102,2,2024-09-15,150,30,12,0,100
3541,2,2024-09-15,467,100,40,5,0
2281,2,2024-09-15,165,40,16,9,0
2534,2,2024-09-15,116,50,20,9,0
3390,2,2024-09-15,143,50,20,11,0
2561,2,2024-09-15,128,30,12,27,0
2830,2,2024-09-15,211,50,20,68,0
3648,2,2024-09-15,91,50,20,5,0
2043,2,2024-09-15,114,50,20,14,0
2036,2,2024-09-15,52,20,8,18,0
2672,2,2024-09-15,108,50,20,10,0
2600,2,2024-09-15,392,75,30,41,0
3573,2,2024-09-15,126,30,12,1,0
2374,2,2024-09-15,84,20,8,4,150
3605,2,2024-09-15,178,40,16,33,0
2918,2,2024-09-15,16,50,20,4,0
3307,2,2024-09-15,215,75,30,36,0
2592,2,2024-09-15,113,40,16,19,0
2418,2,2024-09-15,136,50,20,3,0
2063,2,2024-09-15,249,100,40,15,0
3802,2,2024-09-15,96,40,16,2,0
2134,2,2024-09-15,75,20,8,2,0
2727,2,2024-09-15,116,40,16,18,0
2435,2,2024-09-15,88,40,16,8,0
2291,2,2024-09-15,141,40,16,2,150
3457,2,2024-09-15,172,75,30,4,300
3195,2,2024-09-15,262,50,20,0,50
3445,2,2024-09-15,70,20,8,2,0
2850,2,2024-09-15,293,100,40,7,0
3526,2,2024-09-15,137,40,16,6,0
2794,2,2024-09-15,42,75,30,15,0
2192,2,2024-09-15,249,75,30,29,0
2777,2,2024-09-15,210,50,20,7,0
2187,2,2024-09-15,72,20,8,2,0
3646,2,2024-09-15,157,40,16,0,150
3088,2,2024-09-15,124,40,16,0,0
2079,2,2024-09-15,95,30,12,12,0
2537,2,2024-09-15,106,100,40,31,0
2017,2,2024-09-15,140,50,20,14,300
3757,2,2024-09-15,194,50,20,12,0
3637,2,2024-09-15,129,40,16,2,0
2803,2,2024-09-15,91,40,16,40,0
3300,2,2024-09-15,135,40,16,11,0
2522,2,2024-09-15,60,20,8,29,0
2081,2,2024-09-15,133,40,16,1,0
2247,2,2024-09-15,108,40,16,1,200
2394,2,2024-09-15,241,75,30,3,0
3246,2,2024-09-15,61,20,8,5,0
2703,2,2024-09-15,302,75,30,26,100
3515,2,2024-09-15,188,40,16,6,300
2124,2,2024-09-15,24,40,16,19,50
3703,2,2024-09-15,93,20,8,5,0
2767,2,2024-09-15,103,40,16,15,150
2620,2,2024-09-15,101,50,20,6,300
2448,2,2024-09-15,105,40,16,9,0
3474,2,2024-09-15,78,40,16,50,0
3207,2,2024-09-15,145,30,12,4,0
2298,2,2024-09-15,33,30,12,25,0
2261,2,2024-09-15,107,40,16,4,0
3602,2,2024-09-15,111,75,30,0,0
3613,2,2024-09-15,147,40,16,18,300
3249,2,2024-09-15,72,20,8,1,0
3220,2,2024-09-15,129,50,20,2,0
2167,2,2024-09-15,306,50,20,30,0
2442,2,2024-09-15,91,30,12,2,0
3023,2,2024-09-15,0,40,16,5,0
2605,2,2024-09-15,134,50,20,2,0
2986,2,2024-09-15,50,50,20,17,0
2894,2,2024-09-15,225,50,20,52,50
3123,2,2024-09-15,78,30,12,15,0
2567,2,2024-09-15,330,75,30,24,0
3268,2,2024-09-15,124,40,16,4,0
2106,2,2024-09-15,150,40,16,1,0
2316,2,2024-09-15,126,30,12,6,0
2219,2,2024-09-15,44,30,12,1,0
3261,2,2024-09-15,68,30,12,27,0
2113,2,2024-09-15,62,40,16,11,0
3386,2,2024-09-15,226,50,20,35,0
2779,2,2024-09-15,89,40,16,3,0
2999,2,2024-09-15,0,20,8,13,0
3397,2,2024-09-15,71,30,12,16,0
2699,2,2024-09-15,130,40,16,20,0
2756,2,2024-09-15,142,40,16,5,0
2875,2,2024-09-15,183,40,16,2,0
2754,2,2024-09-15,170,30,12,9,0
2221,2,2024-09-15,91,30,12,24,0
2188,2,2024-09-15,135,75,30,19,0
2085,2,2024-09-15,196,50,20,3,0
2241,2,2024-09-15,88,30,12,6,0
3745,2,2024-09-15,212,40,16,3,0
2425,2,2024-09-15,89,50,20,10,0
3635,2,2024-09-15,136,30,12,5,0
2558,2,2024-09-15,75,20,8,22,0
2980,2,2024-09-15,201,75,30,39,0
3405,2,2024-09-15,199,75,30,9,0
2390,2,2024-09-15,43,75,30,15,50
3621,2,2024-09-15,175,75,30,30,0
3274,2,2024-09-15,304,50,20,20,0
3334,2,2024-09-15,83,30,12,6,0
2707,2,2024-09-15,199,75,30,9,0
2031,2,2024-09-15,35,20,8,0,0
2363,2,2024-09-15,143,40,16,25,200
3248,2,2024-09-15,65,20,8,25,0
2039,2,2024-09-15,139,30,12,21,0
3452,2,2024-09-15,105,40,16,10,0
2428,2,2024-09-15,14,75,30,32,0
2895,2,2024-09-15,89,30,12,33,0
3616,2,2024-09-15,124,30,12,40,0
3052,2,2024-09-15,8,20,8,44,0
2315,2,2024-09-15,97,30,12,18,200
3117,2,2024-09-15,454,75,30,0,0
2698,2,2024-09-15,0,40,16,4,300
3437,2,2024-09-15,48,20,8,46,150
3482,2,2024-09-15,50,20,8,19,0
2662,2,2024-09-15,104,40,16,21,0
2827,2,2024-09-15,65,30,12,3,0
3181,2,2024-09-15,53,40,16,6,0
2880,2,2024-09-15,201,50,20,18,0
2684,2,2024-09-15,74,50,20,7,200
3535,2,2024-09-15,135,30,12,14,0
2160,2,2024-09-15,208,75,30,15,0
3359,2,2024-09-15,81,30,12,10,0
2791,2,2024-09-15,169,50,20,4,0
2370,2,2024-09-15,194,75,30,10,0
3049,2,2024-09-15,40,30,12,13,0
3698,2,2024-09-15,122,40,16,18,0
3699,2,2024-09-15,133,50,20,9,0
2589,2,2024-09-15,114,30,12,2,0
3414,2,2024-09-15,76,20,8,5,0
3335,2,2024-09-15,23,30,12,31,0
2836,2,2024-09-15,119,40,16,15,0
2464,2,2024-09-15,202,50,20,44,0
3592,2,2024-09-15,49,20,8,7,300
3666,2,2024-09-15,26,75,30,8,0
2710,2,2024-09-15,114,30,12,21,0
2468,2,2024-09-15,125,40,16,2,200
3451,2,2024-09-15,33,20,8,3,0
3687,2,2024-09-15,165,40,16,28,0
2303,2,2024-09-15,94,40,16,1,0
3413,2,2024-09-15,319,75,30,20,0
3640,2,2024-09-15,274,100,40,15,0
2972,2,2024-09-15,50,20,8,8,0
2045,2,2024-09-15,78,30,12,4,0
3726,2,2024-09-15,44,40,16,3,0
2917,2,2024-09-15,179,40,16,0,300
2443,2,2024-09-15,83,20,8,4,0
3759,2,2024-09-15,0,30,12,40,100
3377,2,2024-09-15,233,75,30,1,0
2003,2,2024-09-15,112,30,12,4,0
2496,2,2024-09-15,87,30,12,0,0
3127,2,2024-09-15,231,75,30,16,0
2196,2,2024-09-15,68,30,12,3,0
3701,2,2024-09-15,206,50,20,2,200
2158,2,2024-09-15,55,20,8,23,0
3496,2,2024-09-15,51,40,16,17,0
2371,2,2024-09-15,52,30,12,8,0
2869,2,2024-09-15,92,30,12,30,0
2199,2,2024-09-15,19,30,12,9,0
3696,2,2024-09-15,49,20,8,2,0
2149,2,2024-09-15,345,75,30,89,0
3493,2,2024-09-15,69,40,16,14,0
2344,2,2024-09-15,238,100,40,3,0
2849,2,2024-09-15,178,40,16,5,0
2389,2,2024-09-15,56,20,8,10,0
2951,2,2024-09-15,272,75,30,5,0
2865,2,2024-09-15,149,30,12,19,200
2861,2,2024-09-15,69,20,8,3,0
2551,2,2024-09-15,219,75,30,2,0
2235,2,2024-09-15,163,40,16,21,0
2038,2,2024-09-15,39,30,12,11,0
2913,2,2024-09-15,196,40,16,23,0
2338,2,2024-09-15,214,40,16,42,0
3835,2,2024-09-15,167,50,20,14,0
3566,2,2024-09-15,130,40,16,0,0
3417,2,2024-09-15,0,20,8,13,0
3265,2,2024-09-15,222,75,30,6,0
2730,2,2024-09-15,92,50,20,9,0
2162,2,2024-09-15,279,50,20,21,150
3178,2,2024-09-15,82,50,20,2,0
2512,2,2024-09-15,0,30,12,40,0
3527,2,2024-09-15,98,30,12,8,0
2385,2,2024-09-15,77,40,16,15,0
2317,2,2024-09-15,126,40,16,4,0
2768,2,2024-09-15,202,40,16,11,0
2197,2,2024-09-15,106,30,12,10,0
2075,2,2024-09-15,166,40,16,71,0
2040,2,2024-09-15,182,75,30,14,0
2308,2,2024-09-15,223,40,16,4,0
3227,2,2024-09-15,37,30,12,4,0
3765,2,2024-09-15,112,30,12,27,150
2126,2,2024-09-15,64,40,16,31,0
3306,2,2024-09-15,290,75,30,1,0
2987,2,2024-09-15,143,30,12,31,0
3318,2,2024-09-15,67,30,12,0,0
2810,2,2024-09-15,652,100,40,13,0
3244,2,2024-09-15,21,30,12,33,0
2140,2,2024-09-15,250,75,30,11,0
2352,2,2024-09-15,62,40,16,18,0
3676,2,2024-09-15,30,30,12,17,0
3026,2,2024-09-15,205,40,16,0,50
3643,2,2024-09-15,1,50,20,10,0
3090,2,2024-09-15,341,75,30,4,0
3161,2,2024-09-15,222,50,20,7,0
3611,2,2024-09-15,101,50,20,10,150
3800,2,2024-09-15,258,100,40,1,200
3232,2,2024-09-15,380,75,30,2,0
3627,2,2024-09-15,49,50,20,25,300
2682,2,2024-09-15,96,30,12,3,0
3102,2,2024-09-15,80,40,16,53,0
2001,2,2024-09-15,538,100,40,1,0
3514,2,2024-09-15,103,30,12,8,0
2626,2,2024-09-15,43,40,16,10,0
3143,2,2024-09-15,85,30,12,34,0
2964,2,2024-09-15,234,40,16,8,0
2639,2,2024-09-15,105,30,12,33,300
3753,2,2024-09-15,161,40,16,31,0
3447,2,2024-09-15,223,50,20,10,0
2719,2,2024-09-15,193,50,20,20,0
3783,2,2024-09-15,259,50,20,19,0
2520,2,2024-09-15,95,30,12,27,0
2630,2,2024-09-15,76,30,12,36,0
2402,2,2024-09-15,139,30,12,6,0
3317,2,2024-09-15,60,20,8,0,0
3707,2,2024-09-15,134,40,16,1,0
2643,2,2024-09-15,67,30,12,12,0
2914,2,2024-09-15,38,20,8,25,0
2954,2,2024-09-15,233,40,16,31,0
3401,2,2024-09-15,11,20,8,18,0
3549,2,2024-09-15,263,50,20,13,0
2742,2,2024-09-15,196,50,20,10,300
2882,2,2024-09-15,143,40,16,18,0
2334,2,2024-09-15,190,50,20,8,200
3069,2,2024-09-15,113,40,16,4,300
3460,2,2024-09-15,8,30,12,58,0
2438,2,2024-09-15,107,50,20,6,0
2407,2,2024-09-15,146,40,16,20,0
3193,2,2024-09-15,208,50,20,21,0
2116,2,2024-09-15,146,30,12,8,0
2311,2,2024-09-15,103,100,40,13,0
2174,2,2024-09-15,285,75,30,14,0
3606,2,2024-09-15,128,30,12,13,0
3380,2,2024-09-15,147,50,20,12,0
2398,2,2024-09-15,68,40,16,5,0
3262,2,2024-09-15,259,50,20,42,0
2012,2,2024-09-15,115,50,20,38,0
3173,2,2024-09-15,178,50,20,28,0
2397,2,2024-09-15,46,40,16,0,300
2907,2,2024-09-15,162,50,20,43,0
2866,2,2024-09-15,208,75,30,10,0
3462,2,2024-09-15,79,40,16,9,0
2597,2,2024-09-15,65,40,16,6,100
3253,2,2024-09-15,231,75,30,36,0
3557,2,2024-09-15,181,40,16,25,0
3224,2,2024-09-15,30,75,30,3,300
3706,2,2024-09-15,84,30,12,52,0
2858,2,2024-09-15,89,30,12,21,0
3420,2,2024-09-15,67,30,12,17,0
3409,2,2024-09-15,76,40,16,38,0
2770,2,2024-09-15,114,40,16,24,0
3700,2,2024-09-15,125,30,12,17,0
2119,2,2024-09-15,115,50,20,14,0
3053,2,2024-09-15,118,40,16,6,0
2514,2,2024-09-15,195,50,20,2,0
2101,2,2024-09-15,81,50,20,16,0
3667,2,2024-09-15,209,100,40,8,0
2525,2,2024-09-15,229,75,30,9,0
3006,2,2024-09-15,41,30,12,22,0
3078,2,2024-09-15,209,50,20,40,200
2787,2,2024-09-15,83,30,12,39,0
3735,2,2024-09-15,50,20,8,9,0
3755,2,2024-09-15,89,30,12,4,0
3152,2,2024-09-15,75,30,12,17,0
3510,2,2024-09-15,10,20,8,18,0
3036,2,2024-09-15,214,50,20,0,0
2073,2,2024-09-15,152,40,16,5,0
3176,2,2024-09-15,189,50,20,38,0
2899,2,2024-09-15,102,20,8,0,0
2282,2,2024-09-15,69,30,12,5,0
2248,2,2024-09-15,353,75,30,10,0
3615,2,2024-09-15,95,20,8,45,0
2538,2,2024-09-15,146,30,12,1,200
3369,2,2024-09-15,28,20,8,10,0
3601,2,2024-09-15,90,30,12,30,0
2873,2,2024-09-15,88,30,12,10,150
3188,2,2024-09-15,223,50,20,2,0
2819,2,2024-09-15,224,75,30,22,0
2741,2,2024-09-15,103,20,8,23,200
2013,2,2024-09-15,93,30,12,1,0
3692,2,2024-09-15,363,100,40,1,0
2784,2,2024-09-15,82,30,12,13,0
2974,2,2024-09-15,74,20,8,34,0
2540,2,2024-09-15,92,50,20,0,0
3760,2,2024-09-15,514,100,40,3,0
2309,2,2024-09-15,244,50,20,4,0
3391,2,2024-09-15,41,40,16,0,0
2473,2,2024-09-15,37,30,12,65,0
3222,2,2024-09-15,63,30,12,8,0
2660,2,2024-09-15,130,30,12,35,100
3082,2,2024-09-15,50,30,12,26,150
2975,2,2024-09-15,403,75,30,3,0
3221,2,2024-09-15,175,50,20,28,0
3407,2,2024-09-15,44,30,12,22,0
3060,2,2024-09-15,307,50,20,7,0
2596,2,2024-09-15,89,30,12,0,0
2530,2,2024-09-15,173,50,20,5,0
3415,2,2024-09-15,120,50,20,16,0
2995,2,2024-09-15,27,30,12,7,0
3418,2,2024-09-15,39,20,8,26,0
3561,2,2024-09-15,76,20,8,9,0
3305,2,2024-09-15,222,40,16,12,0
3308,2,2024-09-15,5,20,8,1,0
3254,2,2024-09-15,99,50,20,26,0
2349,2,2024-09-15,81,30,12,1,200
2484,2,2024-09-15,158,40,16,13,0
2930,2,2024-09-15,40,20,8,38,0
2497,2,2024-09-15,126,30,12,54,0
3279,2,2024-09-15,133,30,12,26,0
2222,2,2024-09-15,50,20,8,26,0
2300,2,2024-09-15,175,30,12,12,0
3825,2,2024-09-15,379,50,20,9,0
3742,2,2024-09-15,23,30,12,3,0
3767,2,2024-09-15,107,40,16,6,0
2120,2,2024-09-15,97,30,12,12,0
3625,2,2024-09-15,113,40,16,5,0
2293,2,2024-09-15,181,75,30,15,0
3288,2,2024-09-15,110,30,12,11,0
3761,2,2024-09-15,134,50,20,1,200
2724,2,2024-09-15,126,75,30,7,0
2180,2,2024-09-15,71,20,8,5,0
3591,2,2024-09-15,200,40,16,5,0
2347,2,2024-09-15,77,40,16,16,0
3158,2,2024-09-15,271,75,30,1,0
3740,2,2024-09-15,81,100,40,6,0
3189,2,2024-09-15,81,30,12,42,0
2117,2,2024-09-15,112,40,16,12,0
2738,2,2024-09-15,87,30,12,10,150
3002,2,2024-09-15,104,30,12,13,0
3780,2,2024-09-15,36,20,8,3,0
2932,2,2024-09-15,331,75,30,100,0
2609,2,2024-09-15,177,40,16,18,200
3754,2,2024-09-15,55,30,12,3,0
2788,2,2024-09-15,25,20,8,13,0
3599,2,2024-09-15,163,50,20,2,150
3538,2,2024-09-15,204,50,20,57,0
3357,2,2024-09-15,132,75,30,10,0
3473,2,2024-09-15,108,50,20,38,0
2351,2,2024-09-15,161,50,20,4,0
3675,2,2024-09-15,1,30,12,36,0
3068,2,2024-09-15,-4,30,12,3,50
3295,2,2024-09-15,125,50,20,20,0
3266,2,2024-09-15,28,50,20,46,0
2446,2,2024-09-15,137,100,40,4,0
3363,2,2024-09-15,194,75,30,8,0
2356,2,2024-09-15,203,50,20,18,0
2594,2,2024-09-15,155,40,16,3,0
2381,2,2024-09-15,124,50,20,1,0
2627,2,2024-09-15,66,20,8,1,100
2166,2,2024-09-15,0,50,20,0,0
2725,2,2024-09-15,39,20,8,32,0
2151,2,2024-09-15,0,50,20,13,0
3821,2,2024-09-15,36,30,12,3,0
3749,2,2024-09-15,88,40,16,25,0
3024,2,2024-09-15,134,30,12,3,0
3804,2,2024-09-15,42,30,12,1,0
3822,2,2024-09-15,254,50,20,31,0
2092,2,2024-09-15,129,40,16,0,0
3823,2,2024-09-15,75,40,16,0,0
2367,2,2024-09-15,82,75,30,7,0
2977,2,2024-09-15,153,40,16,0,0
2224,2,2024-09-15,65,20,8,15,0
3709,2,2024-09-15,263,50,20,15,150
3200,2,2024-09-15,100,50,20,4,0
2588,2,2024-09-15,75,30,12,24,0
2382,2,2024-09-15,226,40,16,2,100
3449,2,2024-09-15,43,20,8,13,0
2991,2,2024-09-15,181,50,20,4,0
2957,2,2024-09-15,28,20,8,18,0
3187,2,2024-09-15,43,30,12,43,0
2747,2,2024-09-15,23,30,12,14,0
2386,2,2024-09-15,62,20,8,45,0
3239,2,2024-09-15,70,50,20,3,0
3465,2,2024-09-15,16,20,8,2,200
2099,2,2024-09-15,156,40,16,1,50
2766,2,2024-09-15,254,75,30,5,0
2339,2,2024-09-15,128,30,12,6,0
3558,2,2024-09-15,52,20,8,1,0
2177,2,2024-09-15,235,40,16,12,0
2094,2,2024-09-15,104,40,16,22,0
2209,2,2024-09-15,93,40,16,0,0
3792,2,2024-09-15,114,30,12,18,0
3309,2,2024-09-15,80,30,12,0,0
3556,2,2024-09-15,116,40,16,13,0
3485,2,2024-09-15,89,20,8,4,0
2024,2,2024-09-15,117,50,20,5,0
2330,2,2024-09-15,54,40,16,22,0
3654,2,2024-09-15,174,30,12,14,0
3092,2,2024-09-15,77,30,12,0,0
2847,2,2024-09-15,157,30,12,27,0
3331,2,2024-09-15,96,30,12,1,0
3727,2,2024-09-15,149,40,16,6,150
3313,2,2024-09-15,184,30,12,5,0
2780,2,2024-09-15,93,40,16,5,0
2563,2,2024-09-15,59,20,8,30,0
2179,2,2024-09-15,49,30,12,6,0
2748,2,2024-09-15,113,50,20,37,0
2797,2,2024-09-15,169,40,16,2,0
2923,2,2024-09-15,81,30,12,29,0
3185,2,2024-09-15,125,40,16,39,0
3063,2,2024-09-15,305,100,40,5,0
3503,2,2024-09-15,250,50,20,16,0
3668,2,2024-09-15,60,30,12,21,0
3520,2,2024-09-15,23,20,8,44,0
3461,2,2024-09-15,72,40,16,10,50
3285,2,2024-09-15,212,40,16,9,0
2002,2,2024-09-15,178,40,16,2,0
3466,2,2024-09-15,136,40,16,47,0
2018,2,2024-09-15,245,50,20,3,0
2943,2,2024-09-15,120,50,20,7,0
3035,2,2024-09-15,446,100,40,2,0
3657,2,2024-09-15,127,30,12,40,0
2675,2,2024-09-15,192,75,30,10,0
2569,2,2024-09-15,164,30,12,53,0
2680,2,2024-09-15,59,50,20,3,0
2979,2,2024-09-15,71,20,8,13,0
3010,2,2024-09-15,42,40,16,3,0
2613,2,2024-09-15,132,40,16,23,0
2746,2,2024-09-15,89,50,20,20,0
2739,2,2024-09-15,81,50,20,17,0
2654,2,2024-09-15,132,30,12,5,0
2755,2,2024-09-15,88,30,12,11,0
2161,2,2024-09-15,335,50,20,7,0
2624,2,2024-09-15,57,20,8,17,0
2249,2,2024-09-15,41,40,16,0,0
2856,2,2024-09-15,103,40,16,15,0
3576,2,2024-09-15,177,40,16,10,100
2751,2,2024-09-15,200,100,40,21,0
3665,2,2024-09-15,244,50,20,4,150
2289,2,2024-09-15,121,30,12,5,0
3245,2,2024-09-15,95,40,16,81,0
2992,2,2024-09-15,147,40,16,48,0
2947,2,2024-09-15,7,30,12,19,0
2089,2,2024-09-15,179,40,16,3,0
3638,2,2024-09-15,150,40,16,60,0
2920,2,2024-09-15,107,30,12,20,0
3426,2,2024-09-15,132,30,12,29,0
3653,2,2024-09-15,110,30,12,19,0
2915,2,2024-09-15,9,30,12,2,0
3655,2,2024-09-15,21,30,12,15,0
2716,2,2024-09-15,101,30,12,0,0
2603,2,2024-09-15,157,75,30,11,0
3394,2,2024-09-15,152,40,16,10,0
3506,2,2024-09-15,108,100,40,15,100
2342,2,2024-09-15,52,20,8,2,50
2139,2,2024-09-15,86,50,20,0,0
3103,2,2024-09-15,153,50,20,16,0
3273,2,2024-09-15,84,30,12,2,0
2168,2,2024-09-15,137,30,12,11,0
3544,2,2024-09-15,93,40,16,3,0
3353,2,2024-09-15,107,30,12,1,0
2324,2,2024-09-15,226,40,16,4,0
2826,2,2024-09-15,115,50,20,11,0
3697,2,2024-09-15,0,30,12,19,0
2245,2,2024-09-15,206,75,30,1,0
3814,2,2024-09-15,87,40,16,9,100
2960,2,2024-09-15,202,50,20,15,0
3202,2,2024-09-15,373,100,40,7,0
3656,2,2024-09-15,78,20,8,13,0
2636,2,2024-09-15,55,40,16,13,0
2580,2,2024-09-15,0,40,16,118,0
2953,2,2024-09-15,141,50,20,2,200
2649,2,2024-09-15,109,30,12,7,0
2503,2,2024-09-15,34,50,20,3,0
3497,2,2024-09-15,102,20,8,4,200
2806,2,2024-09-15,469,100,40,3,0
2607,2,2024-09-15,122,30,12,3,0
3236,2,2024-09-15,548,100,40,0,0
2971,2,2024-09-15,21,30,12,3,0
2927,2,2024-09-15,69,20,8,6,0
3806,2,2024-09-15,176,75,30,13,0
3480,2,2024-09-15,12,30,12,9,0
3194,2,2024-09-15,45,20,8,9,0
2285,2,2024-09-15,4,20,8,4,0
2832,2,2024-09-15,118,40,16,11,0
3087,2,2024-09-15,284,100,40,60,0
3583,2,2024-09-15,141,50,20,12,0
2366,2,2024-09-15,68,30,12,8,0
2602,2,2024-09-15,82,40,16,8,0
3048,2,2024-09-15,347,75,30,34,0
3209,2,2024-09-15,177,75,30,4,0
3326,2,2024-09-15,75,30,12,0,0
2541,2,2024-09-15,586,75,30,0,0
2062,2,2024-09-15,55,20,8,43,0
2650,2,2024-09-15,0,30,12,3,0
3831,2,2024-09-15,337,100,40,2,0
2345,2,2024-09-15,48,20,8,30,100
2693,2,2024-09-15,108,40,16,30,0
2941,2,2024-09-15,110,30,12,34,0
2481,2,2024-09-15,88,75,30,61,150
2346,2,2024-09-15,85,20,8,3,0
3124,2,2024-09-15,105,30,12,12,0
3730,2,2024-09-15,300,100,40,9,0
3734,2,2024-09-15,155,40,16,9,0
3019,2,2024-09-15,34,50,20,16,0
2135,2,2024-09-15,0,30,12,10,0
2495,2,2024-09-15,170,40,16,16,0
2550,2,2024-09-15,206,50,20,8,0
2509,2,2024-09-15,63,20,8,20,0
2164,2,2024-09-15,193,40,16,3,0
3289,2,2024-09-15,115,30,12,8,0
3807,2,2024-09-15,419,100,40,1,0
2256,2,2024-09-15,26,50,20,21,0
3316,2,2024-09-15,127,40,16,5,0
3618,2,2024-09-15,66,30,12,13,100
3443,2,2024-09-15,102,40,16,25,0
3022,2,2024-09-15,308,75,30,18,0
2560,2,2024-09-15,145,30,12,11,0
2328,2,2024-09-15,224,50,20,51,300
2774,2,2024-09-15,201,75,30,2,50
2506,2,2024-09-15,106,30,12,0,0
2026,2,2024-09-15,166,50,20,2,0
2782,2,2024-09-15,193,30,12,1,0
2676,2,2024-09-15,241,100,40,23,0
2233,2,2024-09-15,151,50,20,7,0
3028,2,2024-09-15,41,20,8,33,0
2431,2,2024-09-15,126,40,16,0,0
3360,2,2024-09-15,68,20,8,28,0
2993,2,2024-09-15,125,20,8,5,0
3430,2,2024-09-15,117,30,12,1,0
3705,2,2024-09-15,78,40,16,7,0
2228,2,2024-09-15,286,50,20,1,0
2776,2,2024-09-15,117,75,30,12,0
2436,2,2024-09-15,74,30,12,4,0
3228,2,2024-09-15,72,20,8,10,0
3458,2,2024-09-15,106,40,16,28,0
2916,2,2024-09-15,87,30,12,26,0
2529,2,2024-09-15,43,20,8,21,0
2781,2,2024-09-15,247,100,40,4,0
3120,2,2024-09-15,436,50,20,6,0
3408,2,2024-09-15,156,40,16,42,0
2535,2,2024-09-15,59,30,12,26,200
2867,2,2024-09-15,27,20,8,0,0
3084,2,2024-09-15,95,30,12,0,0
2665,2,2024-09-15,81,30,12,6,0
3206,2,2024-09-15,270,50,20,51,0
2213,2,2024-09-15,84,50,20,8,100
2546,2,2024-09-15,104,30,12,7,0
2798,2,2024-09-15,112,30,12,27,0
3711,2,2024-09-15,314,50,20,17,50
2430,2,2024-09-15,110,40,16,31,150
2735,2,2024-09-15,228,50,20,42,0
2544,2,2024-09-15,48,30,12,1,0
2590,2,2024-09-15,233,50,20,15,0
3287,2,2024-09-15,68,20,8,8,0
2276,2,2024-09-15,57,40,16,13,0
3108,2,2024-09-15,62,50,20,13,0
3406,2,2024-09-15,79,30,12,15,0
3502,2,2024-09-15,430,100,40,19,200
3256,2,2024-09-15,90,30,12,10,0
2395,2,2024-09-15,96,40,16,2,0
2006,2,2024-09-15,131,50,20,18,0
2353,2,2024-09-15,75,40,16,7,0
3720,2,2024-09-15,9,20,8,5,0
3546,2,2024-09-15,56,30,12,1,0
2938,2,2024-09-15,89,30,12,5,0
2565,2,2024-09-15,8,20,8,12,0
3758,2,2024-09-15,195,50,20,31,0
2077,2,2024-09-15,228,50,20,1,150
2042,2,2024-09-15,187,40,16,0,0
2585,2,2024-09-15,40,30,12,3,0
3100,2,2024-09-15,88,30,12,29,0
3670,2,2024-09-15,98,50,20,10,0
3647,2,2024-09-15,65,75,30,6,0
3540,2,2024-09-15,0,20,8,10,0
3677,2,2024-09-15,108,30,12,2,50
3492,2,2024-09-15,64,40,16,26,0
2041,2,2024-09-15,18,30,12,18,0
3018,2,2024-09-15,86,40,16,5,0
3572,2,2024-09-15,193,40,16,3,0
3433,2,2024-09-15,39,30,12,1,0
3345,2,2024-09-15,105,30,12,49,0
3097,2,2024-09-15,68,20,8,0,0
3230,2,2024-09-15,119,40,16,24,0
2193,2,2024-09-15,111,30,12,10,0
2633,2,2024-09-15,254,75,30,13,0
2141,2,2024-09-15,18,30,12,10,0
2447,2,2024-09-15,455,100,40,9,0
2070,2,2024-09-15,259,50,20,14,0
3620,2,2024-09-15,119,75,30,42,200
2253,2,2024-09-15,91,40,16,2,0
2950,2,2024-09-15,220,50,20,1,0
2760,2,2024-09-15,60,20,8,0,0
3490,2,2024-09-15,246,50,20,13,0
2498,2,2024-09-15,129,50,20,5,0
2757,2,2024-09-15,71,30,12,18,0
2982,2,2024-09-15,227,75,30,14,0
2384,2,2024-09-15,79,30,12,8,0
2211,2,2024-09-15,211,100,40,0,0
3450,2,2024-09-15,112,20,8,10,100
2322,2,2024-09-15,229,50,20,6,0
2625,2,2024-09-15,29,20,8,3,0
3529,2,2024-09-15,97,20,8,12,0
2864,2,2024-09-15,63,20,8,4,0
2632,2,2024-09-15,52,40,16,29,0
2958,2,2024-09-15,116,100,40,38,0
3099,2,2024-09-15,253,100,40,19,0
3276,2,2024-09-15,152,40,16,0,0
2712,2,2024-09-15,189,40,16,4,150
3093,2,2024-09-15,81,30,12,66,0
2410,2,2024-09-15,28,30,12,13,100
3603,2,2024-09-15,38,20,8,8,0
3688,2,2024-09-15,172,75,30,58,0
2051,2,2024-09-15,132,30,12,9,0
2623,2,2024-09-15,357,75,30,3,0
3014,2,2024-09-15,188,50,20,39,0
2299,2,2024-09-15,39,20,8,4,0
3338,2,2024-09-15,354,75,30,28,0
2169,2,2024-09-15,88,50,20,11,0
2128,2,2024-09-15,52,20,8,19,0
2527,2,2024-09-15,41,40,16,34,0
2104,2,2024-09-15,162,50,20,15,0
3367,2,2024-09-15,177,40,16,14,0
2058,2,2024-09-15,124,50,20,9,0
3494,2,2024-09-15,236,50,20,2,0
2156,2,2024-09-15,121,40,16,7,0
3728,2,2024-09-15,78,30,12,10,0
3563,2,2024-09-15,581,100,40,26,100
3584,2,2024-09-15,119,30,12,2,0
2294,2,2024-09-15,110,30,12,30,0
2846,2,2024-09-15,59,20,8,4,0
2310,2,2024-09-15,162,75,30,6,0
2507,2,2024-09-15,252,75,30,12,0
2934,2,2024-09-15,69,20,8,12,100
3393,2,2024-09-15,98,30,12,5,0
2082,2,2024-09-15,134,40,16,4,0
3061,2,2024-09-15,70,40,16,4,0
3170,2,2024-09-15,115,40,16,5,0
2305,2,2024-09-15,157,75,30,6,0
3771,2,2024-09-15,111,40,16,1,0
3058,2,2024-09-15,146,40,16,1,0
3555,2,2024-09-15,78,30,12,6,0
2762,2,2024-09-15,176,75,30,15,0
2401,2,2024-09-15,102,30,12,8,0
3756,2,2024-09-15,45,30,12,17,0
3498,2,2024-09-15,0,30,12,5,0
3477,2,2024-09-15,322,100,40,16,0
2146,2,2024-09-15,167,75,30,21,100
2083,2,2024-09-15,157,40,16,49,0
2715,2,2024-09-15,96,50,20,19,0
3243,2,2024-09-15,76,50,20,17,0
3537,2,2024-09-15,77,40,16,5,0
3003,2,2024-09-15,185,40,16,30,0
3281,2,2024-09-15,57,20,8,21,100
2763,2,2024-09-15,62,20,8,5,0
2208,2,2024-09-15,65,30,12,14,0
2054,2,2024-09-15,63,30,12,19,0
3424,2,2024-09-15,248,50,20,24,0
3366,2,2024-09-15,77,30,12,34,0
3829,2,2024-09-15,188,30,12,13,0
3582,2,2024-09-15,13,40,16,4,0
3702,2,2024-09-15,65,20,8,1,150
3419,2,2024-09-15,24,30,12,30,0
2412,2,2024-09-15,214,50,20,12,300
2264,2,2024-09-15,161,40,16,10,0
2355,2,2024-09-15,86,30,12,7,0
2854,2,2024-09-15,0,20,8,21,0
2207,2,2024-09-15,152,50,20,12,50
3145,2,2024-09-15,20,20,8,3,200
2021,2,2024-09-15,211,50,20,1,0
2501,2,2024-09-15,256,75,30,0,0
3016,2,2024-09-15,144,30,12,8,0
2493,2,2024-09-15,35,30,12,0,0
2647,2,2024-09-15,17,40,16,2,0
2533,2,2024-09-15,147,40,16,10,200
2753,2,2024-09-15,202,75,30,5,0
2679,2,2024-09-15,133,50,20,6,0
2274,2,2024-09-15,302,75,30,26,0
2962,2,2024-09-15,243,75,30,14,0
3074,2,2024-09-15,46,20,8,19,0
2722,2,2024-09-15,41,20,8,1,0
2696,2,2024-09-15,123,40,16,0,0
2666,2,2024-09-15,136,30,12,20,0
2452,2,2024-09-15,88,20,8,16,0
3171,2,2024-09-15,126,30,12,6,0
3762,2,2024-09-15,0,30,12,6,0
3264,2,2024-09-15,493,100,40,17,0
2416,2,2024-09-15,140,40,16,9,0
3660,2,2024-09-15,112,40,16,1,0
2532,2,2024-09-15,226,100,40,16,50
3135,2,2024-09-15,154,40,16,11,0
2936,2,2024-09-15,53,20,8,13,0
2674,2,2024-09-15,137,40,16,10,0
3440,2,2024-09-15,92,20,8,10,0
2283,2,2024-09-15,64,40,16,2,0
3836,2,2024-09-15,150,50,20,8,0
2053,2,2024-09-15,125,30,12,3,0
3298,2,2024-09-15,40,30,12,8,100
3163,2,2024-09-15,93,40,16,4,300
2887,2,2024-09-15,83,20,8,56,200
3368,2,2024-09-15,4,20,8,9,0
2659,2,2024-09-15,87,40,16,8,0
2888,2,2024-09-15,255,50,20,17,0
2358,2,2024-09-15,69,30,12,11,0
3581,2,2024-09-15,180,40,16,1,50
2362,2,2024-09-15,242,100,40,15,0
2851,2,2024-09-15,118,30,12,63,0
3310,2,2024-09-15,117,30,12,49,100
2110,2,2024-09-15,75,30,12,10,200
3679,2,2024-09-15,120,30,12,22,0
2928,2,2024-09-15,104,50,20,19,0
2704,2,2024-09-15,34,30,12,48,0
3041,2,2024-09-15,62,40,16,19,50
2037,2,2024-09-15,26,20,8,12,0
3612,2,2024-09-15,87,30,12,9,0
2890,2,2024-09-15,50,40,16,1,0
2377,2,2024-09-15,25,20,8,52,0
2805,2,2024-09-15,458,100,40,8,0
2479,2,2024-09-15,89,50,20,9,0
3150,2,2024-09-15,99,30,12,11,100
2296,2,2024-09-15,34,20,8,5,0
2286,2,2024-09-15,80,30,12,4,0
2189,2,2024-09-15,130,30,12,9,0
3379,2,2024-09-15,204,50,20,24,150
2400,2,2024-09-15,80,30,12,11,0
2071,2,2024-09-15,113,30,12,7,0
2689,2,2024-09-15,86,50,20,2,0
3263,2,2024-09-15,474,75,30,23,0
2163,2,2024-09-15,50,20,8,0,0
3155,2,2024-09-15,197,40,16,16,0
2030,2,2024-09-15,242,100,40,9,0
2581,2,2024-09-15,0,50,20,5,0
2552,2,2024-09-15,537,100,40,14,0
3539,2,2024-09-15,162,50,20,1,0
3223,2,2024-09-15,115,75,30,3,0
2961,2,2024-09-15,0,40,16,24,0
2889,2,2024-09-15,253,75,30,3,0
2406,2,2024-09-15,99,30,12,28,0
3371,2,2024-09-15,471,75,30,1,150
3528,2,2024-09-15,70,30,12,22,0
2691,2,2024-09-15,415,75,30,25,0
3122,2,2024-09-15,137,40,16,0,0
3712,2,2024-09-15,20,20,8,13,0
3587,2,2024-09-15,0,20,8,0,100
3733,2,2024-09-15,70,20,8,14,0
2789,2,2024-09-15,226,50,20,22,0
2279,2,2024-09-15,132,50,20,14,0
3166,2,2024-09-15,46,30,12,4,0
3072,2,2024-09-15,97,50,20,6,0
2587,2,2024-09-15,260,75,30,30,0
3270,2,2024-09-15,38,40,16,33,0
3683,2,2024-09-15,154,50,20,2,0
3373,2,2024-09-15,288,100,40,0,0
3751,2,2024-09-15,81,50,20,3,0
2393,2,2024-09-15,162,100,40,15,0
2433,2,2024-09-15,43,20,8,7,0
2014,2,2024-09-15,33,20,8,0,0
2225,2,2024-09-15,68,30,12,8,50
2093,2,2024-09-15,69,30,12,7,0
2555,2,2024-09-15,161,40,16,7,0
2750,2,2024-09-15,81,30,12,71,0
2489,2,2024-09-15,29,50,20,24,0
2967,2,2024-09-15,186,40,16,1,300
2990,2,2024-09-15,223,75,30,14,0
2615,2,2024-09-15,49,20,8,13,100
3183,2,2024-09-15,0,30,12,2,50
3594,2,2024-09-15,138,30,12,12,50
2959,2,2024-09-15,136,40,16,4,0
2341,2,2024-09-15,103,40,16,2,0
3845,2,2024-09-15,133,20,8,4,0
2583,2,2024-09-15,76,40,16,4,0
3201,2,2024-09-15,23,100,40,10,0
2582,2,2024-09-15,39,30,12,0,0
3374,2,2024-09-15,87,50,20,11,100
3805,2,2024-09-15,12,50,20,22,0
3600,2,2024-09-15,207,75,30,0,0
3015,2,2024-09-15,0,30,12,9,0
2137,2,2024-09-15,243,50,20,13,0
3030,2,2024-09-15,-15,75,30,2,0
2828,2,2024-09-15,97,20,8,10,0
3746,2,2024-09-15,117,50,20,2,150
3826,2,2024-09-15,33,20,8,3,0
3292,2,2024-09-15,417,100,40,11,0
3617,2,2024-09-15,145,40,16,0,0
2076,2,2024-09-15,88,40,16,3,0
2734,2,2024-09-15,143,50,20,4,0
2242,2,2024-09-15,79,20,8,25,0
2067,2,2024-09-15,182,50,20,12,0
2257,2,2024-09-15,141,40,16,4,0
2845,2,2024-09-15,36,30,12,30,200
2123,2,2024-09-15,97,50,20,3,0
2378,2,2024-09-15,111,30,12,10,0
3134,2,2024-09-15,27,30,12,27,0
2829,2,2024-09-15,105,40,16,14,0
2461,2,2024-09-15,109,30,12,15,0
2318,2,2024-09-15,0,40,16,3,200
3403,2,2024-09-15,52,40,16,20,0
2223,2,2024-09-15,64,40,16,15,0
2510,2,2024-09-15,71,20,8,2,0
3259,2,2024-09-15,184,75,30,15,0
2542,2,2024-09-15,13,30,12,4,0
2226,2,2024-09-15,104,20,8,17,50
3021,2,2024-09-15,71,20,8,12,0
2905,2,2024-09-15,30,20,8,19,0
3672,2,2024-09-15,51,50,20,65,0
2955,2,2024-09-15,61,50,20,5,0
2476,2,2024-09-15,68,20,8,24,0
3824,2,2024-09-15,86,30,12,11,0
2388,2,2024-09-15,67,20,8,15,0
2327,2,2024-09-15,134,30,12,2,0
2548,2,2024-09-15,276,40,16,12,300
2834,2,2024-09-15,87,20,8,8,0
3286,2,2024-09-15,226,75,30,7,150
3790,2,2024-09-15,179,50,20,6,0
2690,2,2024-09-15,252,50,20,9,0
3543,2,2024-09-15,152,50,20,57,0
3096,2,2024-09-15,79,40,16,6,0
2616,2,2024-09-15,71,30,12,1,0
2399,2,2024-09-15,96,20,8,1,0
2807,2,2024-09-15,3,30,12,17,0
2487,2,2024-09-15,64,50,20,20,300
3456,2,2024-09-15,76,30,12,1,0
2709,2,2024-09-15,0,40,16,17,0
2475,2,2024-09-15,158,75,30,11,0
3808,2,2024-09-15,48,50,20,3,0
3838,2,2024-09-15,156,40,16,48,0
3446,2,2024-09-15,0,40,16,15,0
2523,2,2024-09-15,75,20,8,14,0
2708,2,2024-09-15,104,75,30,12,0
2648,2,2024-09-15,228,40,16,11,0
3192,2,2024-09-15,222,40,16,15,0
2641,2,2024-09-15,3,40,16,35,0
2326,2,2024-09-15,112,50,20,33,0
2243,2,2024-09-15,173,50,20,0,0
2450,2,2024-09-15,24,30,12,1,0
3590,2,2024-09-15,126,30,12,25,0
3044,2,2024-09-15,111,30,12,6,300
3738,2,2024-09-15,130,30,12,10,0
3283,2,2024-09-15,128,40,16,1,0
3165,2,2024-09-15,131,40,16,15,0
3729,2,2024-09-15,102,20,8,4,0
3324,2,2024-09-15,186,50,20,6,0
3722,2,2024-09-15,138,30,12,26,0
3649,2,2024-09-15,15,30,12,21,0
2946,2,2024-09-15,110,30,12,66,0
2361,2,2024-09-15,513,100,40,10,0
2732,2,2024-09-15,192,50,20,2,50
3766,2,2024-09-15,82,40,16,2,0
3205,2,2024-09-15,106,30,12,48,0
2667,2,2024-09-15,103,30,12,7,0
2354,2,2024-09-15,82,40,16,10,0
2387,2,2024-09-15,172,50,20,21,0
3797,2,2024-09-15,118,40,16,1,0
2966,2,2024-09-15,73,40,16,5,0
3037,2,2024-09-15,0,40,16,6,0
2216,2,2024-09-15,40,20,8,8,0
2586,2,2024-09-15,56,30,12,4,150
2118,2,2024-09-15,260,75,30,19,0
2610,2,2024-09-15,22,30,12,18,0
3109,2,2024-09-15,186,40,16,15,0
3280,2,2024-09-15,77,40,16,0,0
3589,2,2024-09-15,103,30,12,2,0
2976,2,2024-09-15,36,75,30,26,0
2881,2,2024-09-15,138,40,16,13,0
2769,2,2024-09-15,123,40,16,26,0
2292,2,2024-09-15,90,20,8,28,0
2614,2,2024-09-15,212,40,16,6,0
2758,2,2024-09-15,35,30,12,7,0
3320,2,2024-09-15,134,50,20,8,0
2568,2,2024-09-15,101,40,16,3,0
3042,2,2024-09-15,44,20,8,16,0
3714,2,2024-09-15,103,40,16,11,0
3564,2,2024-09-15,98,20,8,27,0
3241,2,2024-09-15,197,40,16,5,0
2752,2,2024-09-15,104,30,12,5,0
3752,2,2024-09-15,26,30,12,5,0
2900,2,2024-09-15,141,30,12,9,0
3507,2,2024-09-15,57,30,12,26,0
3432,2,2024-09-15,99,50,20,32,0
2949,2,2024-09-15,133,75,30,11,0
2456,2,2024-09-15,91,30,12,5,50
3119,2,2024-09-15,100,20,8,7,0
2408,2,2024-09-15,80,40,16,3,0
3009,2,2024-09-15,121,50,20,0,0
2080,2,2024-09-15,7,50,20,35,0
2485,2,2024-09-15,67,20,8,13,0
2236,2,2024-09-15,67,20,8,19,50
2804,2,2024-09-15,24,20,8,3,0
3429,2,2024-09-15,246,50,20,17,0
3595,2,2024-09-15,191,75,30,9,0
2263,2,2024-09-15,79,30,12,1,0
2273,2,2024-09-15,151,40,16,21,0
3773,2,2024-09-15,139,40,16,11,0
2052,2,2024-09-15,74,20,8,33,50
3383,2,2024-09-15,198,75,30,2,0
2251,2,2024-09-15,78,30,12,3,0
2491,2,2024-09-15,203,50,20,10,0
3842,2,2024-09-15,76,20,8,5,0
2115,2,2024-09-15,372,75,30,0,0
2396,2,2024-09-15,134,30,12,8,0
3025,2,2024-09-15,0,30,12,3,50
3346,2,2024-09-15,19,20,8,4,0
3416,2,2024-09-15,37,30,12,1,0
2466,2,2024-09-15,89,30,12,16,50
3066,2,2024-09-15,0,50,20,29,0
2444,2,2024-09-15,414,75,30,8,0
2571,2,2024-09-15,254,40,16,3,0
2573,2,2024-09-15,170,30,12,23,100
2255,2,2024-09-15,25,30,12,0,0
2892,2,2024-09-15,59,40,16,53,100
2379,2,2024-09-15,139,30,12,11,0
3532,2,2024-09-16,81,30,12,0,0
3632,2,2024-09-16,168,75,30,2,0
2539,2,2024-09-16,191,50,20,11,0
3508,2,2024-09-16,528,75,30,0,0
3132,2,2024-09-16,68,40,16,10,0
3608,2,2024-09-16,63,30,12,18,100
3521,2,2024-09-16,214,75,30,3,0
2549,2,2024-09-16,60,40,16,1,0
2931,2,2024-09-16,110,20,8,20,0
2515,2,2024-09-16,326,50,20,5,0
2661,2,2024-09-16,193,40,16,21,0
2885,2,2024-09-16,142,40,16,59,0
2091,2,2024-09-16,11,30,12,21,0
2876,2,2024-09-16,237,100,40,27,0
3104,2,2024-09-16,71,40,16,3,0
3315,2,2024-09-16,280,75,30,32,0
2824,2,2024-09-16,178,40,16,17,0
3323,2,2024-09-16,35,20,8,41,50
3341,2,2024-09-16,101,30,12,15,50
2369,2,2024-09-16,40,20,8,11,0
3816,2,2024-09-16,85,40,16,12,0
2391,2,2024-09-16,112,30,12,22,0
3272,2,2024-09-16,124,100,40,0,150
3774,2,2024-09-16,79,20,8,6,100
2368,2,2024-09-16,169,50,20,9,0
2486,2,2024-09-16,77,30,12,5,0
2577,2,2024-09-16,94,40,16,45,0
2697,2,2024-09-16,102,30,12,8,300
2622,2,2024-09-16,199,50,20,13,0
2240,2,2024-09-16,62,30,12,11,0
2984,2,2024-09-16,0,50,20,44,50
3545,2,2024-09-16,45,30,12,6,0
3050,2,2024-09-16,124,40,16,27,0
2215,2,2024-09-16,56,40,16,11,0
2195,2,2024-09-16,76,40,16,2,200
2404,2,2024-09-16,135,40,16,5,0
2392,2,2024-09-16,67,20,8,13,0
3128,2,2024-09-16,181,30,12,24,0
3210,2,2024-09-16,260,75,30,26,0
3247,2,2024-09-16,130,40,16,40,0
2269,2,2024-09-16,169,50,20,7,0
3211,2,2024-09-16,261,40,16,18,100
3837,2,2024-09-16,275,75,30,12,0
3085,2,2024-09-16,7,20,8,37,0
3779,2,2024-09-16,120,75,30,12,0
2471,2,2024-09-16,64,20,8,9,0
2783,2,2024-09-16,171,75,30,23,150
3776,2,2024-09-16,159,30,12,10,0
2304,2,2024-09-16,37,40,16,10,0
3364,2,2024-09-16,98,30,12,5,200
3828,2,2024-09-16,91,20,8,6,0
2048,2,2024-09-16,169,50,20,58,0
2463,2,2024-09-16,134,20,8,11,0
2711,2,2024-09-16,80,30,12,5,50
3045,2,2024-09-16,94,20,8,2,0
2816,2,2024-09-16,297,100,40,4,0
3395,2,2024-09-16,124,30,12,2,0
3586,2,2024-09-16,61,30,12,6,150
3257,2,2024-09-16,94,50,20,18,0
2821,2,2024-09-16,141,75,30,19,0
3725,2,2024-09-16,308,75,30,1,0
2669,2,2024-09-16,153,50,20,4,0
2740,2,2024-09-16,151,30,12,38,0
3321,2,2024-09-16,232,100,40,10,100
2612,2,2024-09-16,36,30,12,6,0
3427,2,2024-09-16,238,50,20,3,0
3598,2,2024-09-16,53,20,8,29,150
3663,2,2024-09-16,89,30,12,1,0
3238,2,2024-09-16,85,40,16,2,0
3133,2,2024-09-16,200,50,20,36,0
2652,2,2024-09-16,206,40,16,15,0
3798,2,2024-09-16,22,30,12,0,0
3297,2,2024-09-16,213,50,20,5,0
3156,2,2024-09-16,114,30,12,0,100
2908,2,2024-09-16,127,40,16,14,0
2813,2,2024-09-16,65,40,16,50,200
2111,2,2024-09-16,152,40,16,0,0
2190,2,2024-09-16,186,50,20,44,0
3431,2,2024-09-16,54,50,20,15,100
2863,2,2024-09-16,168,50,20,0,100
2121,2,2024-09-16,269,50,20,8,0
3402,2,2024-09-16,90,40,16,2,0
2859,2,2024-09-16,230,75,30,12,0
2631,2,2024-09-16,445,75,30,9,0
3191,2,2024-09-16,49,50,20,3,0
2234,2,2024-09-16,70,20,8,37,0
2035,2,2024-09-16,121,50,20,6,0
3008,2,2024-09-16,185,30,12,27,0
3614,2,2024-09-16,53,20,8,1,200
2771,2,2024-09-16,205,40,16,4,0
3511,2,2024-09-16,99,30,12,2,0
2926,2,2024-09-16,41,20,8,2,0
3519,2,2024-09-16,187,20,8,29,0
3153,2,2024-09-16,330,75,30,14,0
2059,2,2024-09-16,77,40,16,21,0
3846,2,2024-09-16,92,30,12,29,0
2516,2,2024-09-16,26,20,8,10,0
3302,2,2024-09-16,343,100,40,22,0
3763,2,2024-09-16,168,75,30,11,0
3033,2,2024-09-16,68,20,8,26,0
2302,2,2024-09-16,63,40,16,11,0
3568,2,2024-09-16,231,50,20,58,0
2301,2,2024-09-16,9,20,8,9,0
2032,2,2024-09-16,46,20,8,14,50
3784,2,2024-09-16,365,75,30,7,0
3533,2,2024-09-16,106,50,20,2,0
3484,2,2024-09-16,105,30,12,22,0
3354,2,2024-09-16,150,75,30,41,0
3487,2,2024-09-16,138,30,12,3,200
2185,2,2024-09-16,274,50,20,11,0
3713,2,2024-09-16,180,50,20,0,0
2997,2,2024-09-16,64,40,16,1,0
2465,2,2024-09-16,62,50,20,21,0
2925,2,2024-09-16,70,40,16,4,0
2165,2,2024-09-16,98,40,16,2,0
2066,2,2024-09-16,176,40,16,4,150
3633,2,2024-09-16,42,40,16,23,0
3348,2,2024-09-16,40,20,8,60,50
3065,2,2024-09-16,95,75,30,0,200
2403,2,2024-09-16,141,40,16,10,0
2182,2,2024-09-16,55,30,12,16,0
2593,2,2024-09-16,125,40,16,2,0
3650,2,2024-09-16,60,30,12,4,0
2343,2,2024-09-16,77,30,12,9,0
2948,2,2024-09-16,137,30,12,0,150
2246,2,2024-09-16,43,20,8,4,0
2432,2,2024-09-16,28,20,8,18,100
3116,2,2024-09-16,156,100,40,0,0
2878,2,2024-09-16,76,75,30,60,0
3768,2,2024-09-16,86,40,16,6,0
2335,2,2024-09-16,112,30,12,7,150
3690,2,2024-09-16,199,75,30,33,0
3196,2,2024-09-16,67,20,8,28,0
2998,2,2024-09-16,144,30,12,16,0
3251,2,2024-09-16,64,40,16,64,0
2500,2,2024-09-16,73,20,8,50,0
2526,2,2024-09-16,454,100,40,54,0
2429,2,2024-09-16,106,40,16,13,0
3536,2,2024-09-16,31,40,16,17,0
2244,2,2024-09-16,111,40,16,40,0
3027,2,2024-09-16,255,75,30,15,0
2598,2,2024-09-16,127,40,16,10,0
2855,2,2024-09-16,86,30,12,3,0
3471,2,2024-09-16,185,50,20,2,0
2695,2,2024-09-16,116,30,12,49,0
3057,2,2024-09-16,52,20,8,1,0
2965,2,2024-09-16,83,20,8,7,0
2557,2,2024-09-16,45,20,8,8,0
2793,2,2024-09-16,215,75,30,40,0
3381,2,2024-09-16,46,20,8,17,0
3208,2,2024-09-16,152,30,12,11,0
3534,2,2024-09-16,340,100,40,12,0
3362,2,2024-09-16,100,40,16,6,0
2049,2,2024-09-16,172,50,20,0,0
2692,2,2024-09-16,24,30,12,3,0
2271,2,2024-09-16,78,30,12,5,0
2637,2,2024-09-16,125,40,16,13,0
3542,2,2024-09-16,83,40,16,0,0
3215,2,2024-09-16,105,40,16,11,0
3744,2,2024-09-16,50,30,12,7,0
3032,2,2024-09-16,192,75,30,7,0
3184,2,2024-09-16,25,20,8,10,0
2871,2,2024-09-16,512,100,40,12,0
2125,2,2024-09-16,95,40,16,0,0
3290,2,2024-09-16,86,30,12,11,0
2320,2,2024-09-16,131,30,12,17,100
2736,2,2024-09-16,112,30,12,21,0
3351,2,2024-09-16,55,40,16,0,50
3423,2,2024-09-16,127,40,16,9,0
3812,2,2024-09-16,32,30,12,10,0
2799,2,2024-09-16,125,40,16,8,0
3577,2,2024-09-16,131,30,12,2,0
3626,2,2024-09-16,236,75,30,15,0
2702,2,2024-09-16,235,50,20,12,0
3736,2,2024-09-16,194,50,20,0,0
2064,2,2024-09-16,472,75,30,4,0
2902,2,2024-09-16,202,50,20,2,0
2517,2,2024-09-16,175,40,16,15,0
3689,2,2024-09-16,96,30,12,0,300
3378,2,2024-09-16,48,50,20,1,0
2065,2,2024-09-16,58,40,16,11,0
2103,2,2024-09-16,126,40,16,74,0
3786,2,2024-09-16,423,100,40,30,50
3694,2,2024-09-16,62,40,16,4,0
2820,2,2024-09-16,170,40,16,1,300
2469,2,2024-09-16,182,40,16,44,200
3518,2,2024-09-16,122,30,12,9,0
2985,2,2024-09-16,125,40,16,2,150
3190,2,2024-09-16,105,50,20,22,0
3204,2,2024-09-16,38,20,8,5,0
2329,2,2024-09-16,133,30,12,30,300
2138,2,2024-09-16,66,20,8,14,0
2477,2,2024-09-16,279,75,30,24,0
3479,2,2024-09-16,191,75,30,9,0
2524,2,2024-09-16,23,30,12,10,0
3411,2,2024-09-16,195,50,20,44,0
2559,2,2024-09-16,182,40,16,19,0
3559,2,2024-09-16,76,40,16,3,0
2474,2,2024-09-16,30,40,16,12,0
3129,2,2024-09-16,24,30,12,12,0
2970,2,2024-09-16,177,30,12,0,300
2841,2,2024-09-16,89,30,12,14,100
2413,2,2024-09-16,68,40,16,2,0
3225,2,2024-09-16,139,30,12,17,0
2440,2,2024-09-16,71,40,16,0,0
3077,2,2024-09-16,110,30,12,2,150
3830,2,2024-09-16,302,75,30,19,100
3609,2,2024-09-16,201,50,20,3,0
2687,2,2024-09-16,184,75,30,2,50
3113,2,2024-09-16,177,40,16,2,0
3282,2,2024-09-16,54,20,8,5,0
2016,2,2024-09-16,159,50,20,33,0
2259,2,2024-09-16,21,30,12,25,0
3011,2,2024-09-16,103,20,8,24,0
3832,2,2024-09-16,121,30,12,9,0
2462,2,2024-09-16,53,30,12,16,0
3651,2,2024-09-16,63,20,8,20,0
3197,2,2024-09-16,171,50,20,12,0
2785,2,2024-09-16,147,40,16,16,0
2723,2,2024-09-16,59,20,8,0,0
2759,2,2024-09-16,448,100,40,25,0
2230,2,2024-09-16,270,50,20,8,0
3499,2,2024-09-16,78,50,20,4,0
3817,2,2024-09-16,95,20,8,5,0
2572,2,2024-09-16,68,30,12,50,0
2350,2,2024-09-16,107,20,8,9,0
2543,2,2024-09-16,0,40,16,9,0
3140,2,2024-09-16,52,40,16,14,0
3553,2,2024-09-16,0,30,12,5,0
2202,2,2024-09-16,226,30,12,32,0
2983,2,2024-09-16,45,50,20,28,0
3662,2,2024-09-16,156,50,20,19,0
3130,2,2024-09-16,166,75,30,3,0
3596,2,2024-09-16,196,40,16,15,0
2872,2,2024-09-16,212,75,30,14,0
2924,2,2024-09-16,60,30,12,6,0
3436,2,2024-09-16,231,50,20,24,0
2808,2,2024-09-16,6,20,8,23,0
3095,2,2024-09-16,114,40,16,3,0
2606,2,2024-09-16,106,30,12,37,0
2655,2,2024-09-16,131,40,16,0,0
2833,2,2024-09-16,93,50,20,3,0
3056,2,2024-09-16,171,40,16,17,0
2671,2,2024-09-16,99,30,12,6,0
2505,2,2024-09-16,106,40,16,7,0
3372,2,2024-09-16,78,30,12,0,0
2426,2,2024-09-16,405,75,30,11,300
2437,2,2024-09-16,180,40,16,20,0
2232,2,2024-09-16,102,30,12,19,0
2737,2,2024-09-16,59,50,20,0,0
3441,2,2024-09-16,127,30,12,16,0
2284,2,2024-09-16,22,20,8,30,0
3294,2,2024-09-16,141,40,16,22,0
3293,2,2024-09-16,79,40,16,5,0
2764,2,2024-09-16,77,40,16,33,0
3522,2,2024-09-16,61,20,8,38,0
3258,2,2024-09-16,532,100,40,29,0
3080,2,2024-09-16,309,50,20,16,0
3240,2,2024-09-16,16,20,8,35,0
2575,2,2024-09-16,146,40,16,21,0
2904,2,2024-09-16,45,30,12,1,300
3464,2,2024-09-16,111,30,12,9,0
2321,2,2024-09-16,146,75,30,10,0
2896,2,2024-09-16,50,20,8,14,0
3212,2,2024-09-16,86,20,8,4,0
3233,2,2024-09-16,60,30,12,32,0
2706,2,2024-09-16,143,30,12,8,0
2267,2,2024-09-16,429,100,40,17,0
3031,2,2024-09-16,51,30,12,16,0
3235,2,2024-09-16,43,30,12,0,300
2231,2,2024-09-16,125,75,30,18,0
2773,2,2024-09-16,57,30,12,7,0
3388,2,2024-09-16,187,30,12,4,0
2629,2,2024-09-16,83,50,20,43,0
3560,2,2024-09-16,82,20,8,1,0
2745,2,2024-09-16,55,40,16,23,0
2127,2,2024-09-16,81,40,16,9,0
3634,2,2024-09-16,102,30,12,0,0
2795,2,2024-09-16,66,20,8,3,0
2069,2,2024-09-16,95,40,16,2,0
3131,2,2024-09-16,78,20,8,5,0
2761,2,2024-09-16,91,30,12,0,0
2108,2,2024-09-16,414,75,30,14,0
2508,2,2024-09-16,49,30,12,12,50
3588,2,2024-09-16,73,30,12,19,0
2554,2,2024-09-16,38,20,8,7,0
2511,2,2024-09-16,110,20,8,9,200
3685,2,2024-09-16,70,20,8,0,0
2963,2,2024-09-16,28,20,8,17,0
3175,2,2024-09-16,257,50,20,21,0
3775,2,2024-09-16,79,30,12,25,0
2852,2,2024-09-16,188,40,16,5,0
2095,2,2024-09-16,96,40,16,7,0
2956,2,2024-09-16,245,50,20,13,0
2749,2,2024-09-16,86,20,8,18,0
2901,2,2024-09-16,122,30,12,2,0
2380,2,2024-09-16,4,40,16,0,0
3731,2,2024-09-16,194,50,20,25,0
2191,2,2024-09-16,148,75,30,4,300
2277,2,2024-09-16,126,30,12,16,0
3531,2,2024-09-16,252,100,40,23,0
2595,2,2024-09-16,143,40,16,9,150
3704,2,2024-09-16,156,30,12,5,0
3641,2,2024-09-16,77,50,20,19,0
2743,2,2024-09-16,60,50,20,8,0
3813,2,2024-09-16,162,50,20,41,0
2940,2,2024-09-16,66,30,12,24,0
3112,2,2024-09-16,66,20,8,9,0
3252,2,2024-09-16,86,30,12,16,0
3799,2,2024-09-16,91,20,8,18,0
3160,2,2024-09-16,293,100,40,8,0
3086,2,2024-09-16,4,20,8,3,0
2488,2,2024-09-16,83,30,12,6,0
3001,2,2024-09-16,289,75,30,31,0
2015,2,2024-09-16,195,75,30,23,0
2275,2,2024-09-16,106,50,20,12,0
3795,2,2024-09-16,161,40,16,7,0
2635,2,2024-09-16,100,30,12,1,0
3121,2,2024-09-16,147,50,20,46,0
3796,2,2024-09-16,202,50,20,25,300
3459,2,2024-09-16,0,30,12,13,0
3126,2,2024-09-16,89,50,20,29,0
2460,2,2024-09-16,162,40,16,47,0
3579,2,2024-09-16,159,30,12,36,0
3167,2,2024-09-16,176,40,16,6,200
2210,2,2024-09-16,172,50,20,26,0
3214,2,2024-09-16,103,20,8,2,0
2952,2,2024-09-16,108,40,16,48,0
3396,2,2024-09-16,65,20,8,7,0
3747,2,2024-09-16,94,40,16,7,0
2072,2,2024-09-16,58,30,12,3,0
3674,2,2024-09-16,162,75,30,17,0
2133,2,2024-09-16,140,40,16,14,0
3624,2,2024-09-16,206,40,16,16,0
2333,2,2024-09-16,115,40,16,22,0
3552,2,2024-09-16,148,50,20,12,0
2348,2,2024-09-16,117,30,12,0,0
3076,2,2024-09-16,241,75,30,30,0
2838,2,2024-09-16,225,50,20,17,0
2677,2,2024-09-16,137,30,12,24,0
2365,2,2024-09-16,0,30,12,14,0
3422,2,2024-09-16,9,50,20,18,0
2034,2,2024-09-16,42,40,16,0,0
2714,2,2024-09-16,140,50,20,4,0
3781,2,2024-09-16,163,40,16,29,0
3329,2,2024-09-16,222,40,16,55,0
2939,2,2024-09-16,32,20,8,9,100
3491,2,2024-09-16,222,50,20,28,0
2265,2,2024-09-16,46,40,16,3,0
3047,2,2024-09-16,113,50,20,10,300
3105,2,2024-09-16,93,40,16,24,0
2942,2,2024-09-16,213,40,16,27,0
2459,2,2024-09-16,133,50,20,4,0
2122,2,2024-09-16,197,40,16,11,0
3438,2,2024-09-16,178,50,20,22,300
2373,2,2024-09-16,384,75,30,108,0
3483,2,2024-09-16,253,75,30,22,0
3237,2,2024-09-16,69,20,8,66,0
2504,2,2024-09-16,160,30,12,15,0
3325,2,2024-09-16,132,40,16,12,0
2056,2,2024-09-16,98,30,12,7,0
2470,2,2024-09-16,75,30,12,10,0
2439,2,2024-09-16,115,40,16,38,0
3399,2,2024-09-16,51,40,16,2,0
3012,2,2024-09-16,20,30,12,6,0
2201,2,2024-09-16,173,40,16,2,0
2061,2,2024-09-16,102,40,16,3,0
2937,2,2024-09-16,139,40,16,0,0
3013,2,2024-09-16,98,40,16,16,0
3719,2,2024-09-16,111,50,20,19,0
3154,2,2024-09-16,302,75,30,1,0
3843,2,2024-09-16,245,100,40,1,0
3442,2,2024-09-16,203,50,20,3,0
2074,2,2024-09-16,49,20,8,14,0
3604,2,2024-09-16,56,20,8,60,0
3361,2,2024-09-16,115,40,16,1,0
3488,2,2024-09-16,0,30,12,26,0
2155,2,2024-09-16,67,20,8,2,0
2701,2,2024-09-16,123,20,8,16,0
3619,2,2024-09-16,280,75,30,17,0
2694,2,2024-09-16,24,30,12,1,0
2306,2,2024-09-16,275,40,16,47,0
2414,2,2024-09-16,77,40,16,61,0
3062,2,2024-09-16,108,30,12,23,0
2790,2,2024-09-16,95,40,16,3,0
2547,2,2024-09-16,42,20,8,10,0
3571,2,2024-09-16,35,40,16,3,0
3344,2,2024-09-16,110,20,8,5,0
2411,2,2024-09-16,61,30,12,12,0
2499,2,2024-09-16,216,50,20,83,50
3691,2,2024-09-16,0,30,12,0,100
2009,2,2024-09-16,79,40,16,2,0
2640,2,2024-09-16,151,30,12,36,0
3777,2,2024-09-16,239,75,30,16,0
3737,2,2024-09-16,249,40,16,55,0
2617,2,2024-09-16,0,20,8,9,0
3435,2,2024-09-16,19,30,12,3,0
2681,2,2024-09-16,173,30,12,0,0
2922,2,2024-09-16,129,30,12,6,0
2025,2,2024-09-16,232,50,20,0,300
3392,2,2024-09-16,88,30,12,2,0
3631,2,2024-09-16,127,50,20,2,0
3089,2,2024-09-16,197,50,20,11,0
2200,2,2024-09-16,58,20,8,22,100
2815,2,2024-09-16,457,75,30,1,50
3004,2,2024-09-16,148,75,30,4,0
2046,2,2024-09-16,10,20,8,5,150
3198,2,2024-09-16,173,40,16,18,0
2422,2,2024-09-16,203,50,20,39,0
2323,2,2024-09-16,145,50,20,4,0
2005,2,2024-09-16,104,40,16,23,0
3301,2,2024-09-16,213,75,30,54,0
2455,2,2024-09-16,137,50,20,3,0
3219,2,2024-09-16,92,20,8,13,0
3000,2,2024-09-16,45,30,12,16,0
3717,2,2024-09-16,28,30,12,44,0
2862,2,2024-09-16,164,30,12,9,0
3352,2,2024-09-16,68,20,8,4,150
3680,2,2024-09-16,46,20,8,10,0
2260,2,2024-09-16,120,50,20,10,0
3067,2,2024-09-16,31,30,12,5,0
3083,2,2024-09-16,75,40,16,16,0
2239,2,2024-09-16,115,50,20,29,0
2811,2,2024-09-16,190,100,40,19,0
3172,2,2024-09-16,43,30,12,10,0
2556,2,2024-09-16,282,75,30,0,0
3525,2,2024-09-16,4,30,12,8,0
3098,2,2024-09-16,124,50,20,1,0
2634,2,2024-09-16,121,40,16,10,0
3847,2,2024-09-16,237,40,16,13,0
2663,2,2024-09-16,123,50,20,15,0
3370,2,2024-09-16,247,40,16,4,0
3314,2,2024-09-16,74,20,8,0,150
3234,2,2024-09-16,184,50,20,43,0
2451,2,2024-09-16,139,40,16,13,0
2884,2,2024-09-16,210,50,20,3,200
2467,2,2024-09-16,171,40,16,13,0
3162,2,2024-09-16,98,50,20,10,0
3743,2,2024-09-16,307,50,20,12,0
2112,2,2024-09-16,74,20,8,23,0
2978,2,2024-09-16,158,30,12,9,0
2945,2,2024-09-16,107,20,8,1,0
2844,2,2024-09-16,113,30,12,17,0
2823,2,2024-09-16,115,30,12,9,0
2868,2,2024-09-16,45,20,8,17,0
3623,2,2024-09-16,134,30,12,17,0
3217,2,2024-09-16,144,40,16,31,0
2910,2,2024-09-16,117,30,12,8,0
2229,2,2024-09-16,196,50,20,2,0
3139,2,2024-09-16,33,50,20,7,0
3216,2,2024-09-16,140,30,12,18,50
3291,2,2024-09-16,125,30,12,53,0
3169,2,2024-09-16,113,40,16,2,0
2262,2,2024-09-16,178,100,40,10,0
2480,2,2024-09-16,141,50,20,11,0
3389,2,2024-09-16,105,75,30,29,0
3770,2,2024-09-16,85,20,8,5,300
2570,2,2024-09-16,51,20,8,1,0
2088,2,2024-09-16,43,20,8,10,0
3550,2,2024-09-16,34,20,8,14,0
2645,2,2024-09-16,248,75,30,13,0
2152,2,2024-09-16,57,30,12,15,0
2131,2,2024-09-16,151,30,12,9,0
2683,2,2024-09-16,72,100,40,15,0
2194,2,2024-09-16,112,75,30,7,150
2268,2,2024-09-16,131,40,16,75,0
2903,2,2024-09-16,47,30,12,26,0
2297,2,2024-09-16,197,100,40,17,0
3840,2,2024-09-16,77,20,8,2,0
3486,2,2024-09-16,80,30,12,0,0
3750,2,2024-09-16,23,20,8,14,0
3141,2,2024-09-16,50,30,12,49,0
3585,2,2024-09-16,227,50,20,2,0
3179,2,2024-09-16,134,50,20,23,0
2657,2,2024-09-16,180,40,16,2,0
2020,2,2024-09-16,153,40,16,54,0
2729,2,2024-09-16,28,40,16,0,0
3844,2,2024-09-16,99,30,12,0,0
2376,2,2024-09-16,228,75,30,72,0
3554,2,2024-09-16,174,50,20,4,0
3330,2,2024-09-16,173,50,20,21,0
2700,2,2024-09-16,60,50,20,41,0
2424,2,2024-09-16,229,40,16,23,0
2100,2,2024-09-16,0,30,12,27,0
3548,2,2024-09-16,159,50,20,2,0
2288,2,2024-09-16,80,30,12,7,0
2721,2,2024-09-16,86,50,20,0,0
3038,2,2024-09-16,236,40,16,2,0
3820,2,2024-09-16,241,40,16,5,0
2312,2,2024-09-16,193,50,20,2,0
2147,2,2024-09-16,113,40,16,1,0
2441,2,2024-09-16,210,40,16,9,150
2171,2,2024-09-16,88,20,8,34,0
3523,2,2024-09-16,73,30,12,20,0
3551,2,2024-09-16,154,50,20,2,0
3710,2,2024-09-16,86,20,8,6,0
3342,2,2024-09-16,179,30,12,6,0
3501,2,2024-09-16,145,40,16,73,0
2909,2,2024-09-16,79,30,12,48,0
2409,2,2024-09-16,113,50,20,12,50
2818,2,2024-09-16,58,20,8,5,0
3203,2,2024-09-16,82,40,16,24,0
3398,2,2024-09-16,97,30,12,4,0
3741,2,2024-09-16,97,50,20,15,0
2898,2,2024-09-16,123,30,12,1,0
2935,2,2024-09-16,99,50,20,6,0
3622,2,2024-09-16,186,40,16,13,0
3260,2,2024-09-16,91,40,16,12,0
3115,2,2024-09-16,90,30,12,14,0
2492,2,2024-09-16,178,50,20,11,150
2618,2,2024-09-16,141,75,30,0,0
2891,2,2024-09-16,256,75,30,29,0
2170,2,2024-09-16,102,40,16,11,0
3547,2,2024-09-16,46,50,20,28,300
2336,2,2024-09-16,123,30,12,10,0
2457,2,2024-09-16,209,75,30,1,0
2969,2,2024-09-16,98,30,12,24,0
3841,2,2024-09-16,108,30,12,7,0
3375,2,2024-09-16,216,40,16,2,0
3327,2,2024-09-16,47,30,12,6,0
2186,2,2024-09-16,105,50,20,18,200
2218,2,2024-09-16,50,50,20,8,0
3319,2,2024-09-16,234,50,20,0,0
2765,2,2024-09-16,99,50,20,13,0
3454,2,2024-09-16,59,40,16,26,0
2183,2,2024-09-16,319,75,30,37,0
3513,2,2024-09-16,31,75,30,5,0
3299,2,2024-09-16,64,40,16,35,0
2109,2,2024-09-16,87,30,12,8,0
3412,2,2024-09-16,178,40,16,15,0
3570,2,2024-09-16,277,40,16,5,0
3017,2,2024-09-16,172,40,16,19,0
2893,2,2024-09-16,294,75,30,42,0
3500,2,2024-09-16,184,40,16,17,0
3159,2,2024-09-16,107,30,12,8,0
2786,2,2024-09-16,318,75,30,11,0
2483,2,2024-09-16,110,50,20,0,0
3384,2,2024-09-16,59,20,8,0,200
2591,2,2024-09-16,138,50,20,9,0
3434,2,2024-09-16,211,50,20,1,0
3005,2,2024-09-16,99,40,16,9,100
3333,2,2024-09-16,48,20,8,0,300
2419,2,2024-09-16,211,50,20,55,200
3693,2,2024-09-16,53,40,16,10,0
2307,2,2024-09-16,99,40,16,6,0
2726,2,2024-09-16,112,30,12,4,0
3275,2,2024-09-16,162,50,20,5,0
3350,2,2024-09-16,204,40,16,30,0
2733,2,2024-09-16,178,50,20,9,0
3277,2,2024-09-16,51,30,12,36,0
2608,2,2024-09-16,248,40,16,8,0
3151,2,2024-09-16,22,40,16,16,0
2897,2,2024-09-16,46,20,8,49,0
3107,2,2024-09-16,73,40,16,14,0
3769,2,2024-09-16,0,40,16,4,300
2536,2,2024-09-16,177,40,16,2,0
2822,2,2024-09-16,37,20,8,0,0
2718,2,2024-09-16,106,40,16,8,0
3229,2,2024-09-16,214,50,20,43,0
3495,2,2024-09-16,16,30,12,13,0
2086,2,2024-09-16,33,40,16,0,150
2728,2,2024-09-16,63,20,8,7,0
3111,2,2024-09-16,127,40,16,2,0
3455,2,2024-09-16,135,50,20,2,0
3575,2,2024-09-16,99,30,12,7,0
3715,2,2024-09-16,62,20,8,16,0
2313,2,2024-09-16,142,50,20,10,0
3791,2,2024-09-16,0,30,12,29,0
3118,2,2024-09-16,218,75,30,7,0
3671,2,2024-09-16,107,50,20,7,0
3349,2,2024-09-16,95,100,40,0,0
3834,2,2024-09-16,242,50,20,0,0
2427,2,2024-09-16,156,40,16,2,0
3226,2,2024-09-16,142,40,16,49,0
2415,2,2024-09-16,490,100,40,20,0
3110,2,2024-09-16,101,50,20,22,0
3444,2,2024-09-16,178,50,20,0,0
3340,2,2024-09-16,56,50,20,30,0
2145,2,2024-09-16,127,40,16,2,200
2817,2,2024-09-16,92,20,8,5,0
2250,2,2024-09-16,271,75,30,4,0
2478,2,2024-09-16,87,30,12,12,0
3448,2,2024-09-16,233,40,16,21,0
3421,2,2024-09-16,85,20,8,12,0
3629,2,2024-09-16,168,50,20,21,0
3789,2,2024-09-16,34,20,8,4,0
3046,2,2024-09-16,25,20,8,0,150
2453,2,2024-09-16,27,30,12,17,0
2809,2,2024-09-16,50,50,20,16,0
3739,2,2024-09-16,61,30,12,1,0
3148,2,2024-09-16,275,75,30,4,0
2405,2,2024-09-16,30,20,8,0,0
2933,2,2024-09-16,22,40,16,35,0
3242,2,2024-09-16,84,30,12,11,0
3574,2,2024-09-16,0,30,12,7,0
2874,2,2024-09-16,168,40,16,7,0
2929,2,2024-09-16,72,20,8,36,0
2842,2,2024-09-16,64,40,16,16,0
3810,2,2024-09-16,39,20,8,10,0
3597,2,2024-09-16,77,40,16,34,0
2290,2,2024-09-16,53,50,20,2,0
2651,2,2024-09-16,144,75,30,31,0
2519,2,2024-09-16,66,30,12,4,200
2421,2,2024-09-16,26,20,8,10,0
3328,2,2024-09-16,210,40,16,15,0
2800,2,2024-09-16,113,30,12,7,0
3114,2,2024-09-16,58,20,8,29,0
2717,2,2024-09-16,69,30,12,67,0
3199,2,2024-09-16,201,50,20,6,0
3811,2,2024-09-16,152,30,12,2,0
3138,2,2024-09-16,56,40,16,13,0
2214,2,2024-09-16,118,40,16,36,0
3793,2,2024-09-16,62,40,16,34,0
2531,2,2024-09-16,187,40,16,11,0
2272,2,2024-09-16,89,30,12,20,300
2364,2,2024-09-16,43,20,8,25,0
3639,2,2024-09-16,136,40,16,51,0
2420,2,2024-09-16,76,30,12,1,0
3684,2,2024-09-16,157,75,30,4,0
3081,2,2024-09-16,45,20,8,14,0
2601,2,2024-09-16,88,40,16,3,0
2449,2,2024-09-16,79,20,8,3,0
2068,2,2024-09-16,391,50,20,16,0
3347,2,2024-09-16,71,20,8,4,0
2988,2,2024-09-16,190,100,40,1,0
3303,2,2024-09-16,74,30,12,40,0
2642,2,2024-09-16,0,30,12,17,0
2835,2,2024-09-16,164,40,16,13,0
3271,2,2024-09-16,147,40,16,12,0
2670,2,2024-09-16,76,30,12,21,0
2004,2,2024-09-16,69,30,12,5,0
2611,2,2024-09-16,145,30,12,24,0
3157,2,2024-09-16,131,75,30,4,0
2060,2,2024-09-16,85,30,12,3,150
3343,2,2024-09-16,57,50,20,13,0
2772,2,2024-09-16,170,75,30,24,0
2775,2,2024-09-16,223,40,16,2,0
2848,2,2024-09-16,7,20,8,4,0
3664,2,2024-09-16,205,75,30,4,100
2644,2,2024-09-16,150,75,30,27,0
2886,2,2024-09-16,128,40,16,17,0
2011,2,2024-09-16,251,75,30,27,0
3269,2,2024-09-16,40,30,12,8,0
3788,2,2024-09-16,261,40,16,9,0
2870,2,2024-09-16,338,100,40,17,0
2142,2,2024-09-16,175,40,16,27,0
3681,2,2024-09-16,69,30,12,12,0
3463,2,2024-09-16,100,75,30,42,0
3772,2,2024-09-16,90,40,16,11,200
3034,2,2024-09-16,62,30,12,7,0
3678,2,2024-09-16,128,30,12,7,0
2638,2,2024-09-16,44,20,8,8,0
3644,2,2024-09-16,26,30,12,0,0
2023,2,2024-09-16,63,20,8,3,0
3125,2,2024-09-16,16,40,16,11,0
2227,2,2024-09-16,62,20,8,6,100
3512,2,2024-09-16,249,100,40,16,100
2994,2,2024-09-16,117,40,16,14,0
2883,2,2024-09-16,158,40,16,3,50
2132,2,2024-09-16,209,40,16,24,0
3607,2,2024-09-16,82,30,12,8,0
2375,2,2024-09-16,145,40,16,34,0
3382,2,2024-09-16,409,100,40,4,0
2028,2,2024-09-16,172,50,20,5,100
2033,2,2024-09-16,359,75,30,2,0
3801,2,2024-09-16,197,30,12,2,0
2673,2,2024-09-16,224,50,20,1,0
3039,2,2024-09-16,87,40,16,10,0
3453,2,2024-09-16,52,30,12,5,200
3075,2,2024-09-16,98,100,40,52,100
3355,2,2024-09-16,96,40,16,13,0
2553,2,2024-09-16,71,30,12,7,300
2212,2,2024-09-16,116,30,12,17,0
3794,2,2024-09-16,186,40,16,9,0
2204,2,2024-09-16,41,30,12,3,0
2019,2,2024-09-16,113,20,8,33,0
2050,2,2024-09-16,253,50,20,3,0
2007,2,2024-09-16,323,100,40,12,0
2658,2,2024-09-16,0,75,30,3,0
2678,2,2024-09-16,344,100,40,19,0
3695,2,2024-09-16,63,30,12,0,0
2720,2,2024-09-16,145,30,12,4,0
3336,2,2024-09-16,95,40,16,17,0
3467,2,2024-09-16,75,50,20,13,0
3387,2,2024-09-16,65,40,16,3,0
2472,2,2024-09-16,60,20,8,34,0
2731,2,2024-09-16,189,50,20,0,0
3524,2,2024-09-16,89,50,20,0,0
3716,2,2024-09-16,284,50,20,40,0
3468,2,2024-09-16,13,20,8,13,0
3356,2,2024-09-16,173,30,12,0,0
2198,2,2024-09-16,103,40,16,8,300
3481,2,2024-09-16,147,50,20,22,0
3296,2,2024-09-16,54,20,8,47,0
2792,2,2024-09-16,145,40,16,1,0
3489,2,2024-09-16,171,50,20,7,0
2686,2,2024-09-16,229,50,20,72,50
2383,2,2024-09-16,141,30,12,11,0
2184,2,2024-09-16,196,50,20,17,0
2445,2,2024-09-16,92,20,8,0,0
2502,2,2024-09-16,183,40,16,1,0
2576,2,2024-09-16,137,30,12,60,0
2332,2,2024-09-16,216,100,40,6,0
3400,2,2024-09-16,154,50,20,1,0
2879,2,2024-09-16,206,40,16,25,0
3250,2,2024-09-16,184,40,16,1,0
2319,2,2024-09-16,56,20,8,1,0
2150,2,2024-09-16,52,20,8,9,0
3312,2,2024-09-16,68,20,8,4,0
2237,2,2024-09-16,53,40,16,7,0
2853,2,2024-09-16,497,100,40,40,0
2047,2,2024-09-16,76,30,12,6,0
3673,2,2024-09-16,28,40,16,46,100
3180,2,2024-09-16,120,50,20,3,200
2331,2,2024-09-16,150,75,30,20,0
3079,2,2024-09-16,54,20,8,10,0
2778,2,2024-09-16,381,75,30,1,200
2172,2,2024-09-16,82,30,12,0,0
2096,2,2024-09-16,155,50,20,3,50
2266,2,2024-09-16,59,50,20,32,0
3147,2,2024-09-16,0,30,12,11,0
3337,2,2024-09-16,105,20,8,17,0
3565,2,2024-09-16,156,50,20,4,0
3385,2,2024-09-16,131,40,16,4,0
3339,2,2024-09-16,97,50,20,35,0
2010,2,2024-09-16,10,30,12,1,0
3569,2,2024-09-16,150,40,16,9,0
3106,2,2024-09-16,173,40,16,16,0
2921,2,2024-09-16,62,20,8,0,0
2454,2,2024-09-16,31,30,12,16,150
2238,2,2024-09-16,5,40,16,2,0
3516,2,2024-09-16,0,30,12,17,0
2143,2,2024-09-16,51,40,16,4,150
2278,2,2024-09-16,129,30,12,18,150
2664,2,2024-09-16,90,30,12,44,0
3168,2,2024-09-16,30,50,20,4,0
3472,2,2024-09-16,96,40,16,5,0
3732,2,2024-09-16,4,75,30,10,0
3358,2,2024-09-16,137,50,20,7,0
2176,2,2024-09-16,97,40,16,44,0
2252,2,2024-09-16,76,30,12,0,300
3658,2,2024-09-16,193,40,16,3,0
3376,2,2024-09-16,46,20,8,7,0
3054,2,2024-09-16,145,40,16,3,0
3562,2,2024-09-16,0,30,12,15,0
3610,2,2024-09-16,77,40,16,8,0
3182,2,2024-09-16,45,30,12,5,0
3708,2,2024-09-16,90,30,12,2,0
2434,2,2024-09-16,90,20,8,9,0
2087,2,2024-09-16,112,30,12,31,0
3517,2,2024-09-16,58,20,8,7,100
2521,2,2024-09-16,59,75,30,12,0
3304,2,2024-09-16,106,30,12,5,0
2287,2,2024-09-16,37,30,12,3,0
3428,2,2024-09-16,182,75,30,6,0
2078,2,2024-09-16,98,40,16,24,0
2055,2,2024-09-16,0,50,20,4,0
2107,2,2024-09-16,109,40,16,4,0
2528,2,2024-09-16,109,40,16,12,0
3091,2,2024-09-16,37,30,12,3,0
3029,2,2024-09-16,216,50,20,4,0
2148,2,2024-09-16,73,40,16,10,0
2981,2,2024-09-16,114,100,40,19,0
2545,2,2024-09-16,151,40,16,4,0
3322,2,2024-09-16,163,30,12,18,0
2090,2,2024-09-16,0,50,20,1,0
2513,2,2024-09-16,80,30,12,1,50
3642,2,2024-09-16,169,40,16,7,0
2839,2,2024-09-16,187,40,16,21,0
2574,2,2024-09-16,90,20,8,3,0
3839,2,2024-09-16,146,50,20,52,200
2203,2,2024-09-16,289,75,30,4,0
2084,2,2024-09-16,145,40,16,8,150
3723,2,2024-09-16,121,30,12,10,0
3659,2,2024-09-16,107,30,12,8,0
2802,2,2024-09-16,33,20,8,14,0
3267,2,2024-09-16,26,40,16,3,0
3332,2,2024-09-16,284,75,30,12,0
3410,2,2024-09-16,59,20,8,61,0
2688,2,2024-09-16,185,50,20,20,0
3073,2,2024-09-16,107,30,12,23,0
2220,2,2024-09-16,167,30,12,9,0
2008,2,2024-09-16,98,50,20,6,0
2206,2,2024-09-16,129,40,16,30,0
3476,2,2024-09-16,154,40,16,48,0
3213,2,2024-09-16,145,30,12,13,0
3470,2,2024-09-16,49,20,8,5,0
2181,2,2024-09-16,116,30,12,20,0
2619,2,2024-09-16,209,40,16,15,0
3094,2,2024-09-16,254,75,30,26,0
3809,2,2024-09-16,118,40,16,26,0
2944,2,2024-09-16,221,75,30,1,0
3164,2,2024-09-16,213,50,20,2,0
2157,2,2024-09-16,100,20,8,29,0
2337,2,2024-09-16,196,40,16,20,0
3630,2,2024-09-16,0,30,12,19,0
2027,2,2024-09-16,53,20,8,12,0
2877,2,2024-09-16,83,30,12,21,0
2217,2,2024-09-16,41,40,16,22,0
2973,2,2024-09-16,22,20,8,0,0
3578,2,2024-09-16,154,40,16,34,0
2566,2,2024-09-16,188,50,20,6,0
2919,2,2024-09-16,164,50,20,5,0
3782,2,2024-09-16,61,40,16,24,0
2653,2,2024-09-16,36,20,8,26,0
2205,2,2024-09-16,261,50,20,21,50
2584,2,2024-09-16,141,40,16,11,0
2154,2,2024-09-16,94,30,12,77,150
2144,2,2024-09-16,41,20,8,27,0
2022,2,2024-09-16,99,40,16,40,0
3787,2,2024-09-16,113,30,12,42,0
2599,2,2024-09-16,172,40,16,19,0
3682,2,2024-09-16,287,50,20,14,0
3478,2,2024-09-16,104,30,12,2,0
3636,2,2024-09-16,229,75,30,6,0
3177,2,2024-09-16,104,30,12,7,0
2482,2,2024-09-16,156,75,30,1,300
2175,2,2024-09-16,115,20,8,5,0
2136,2,2024-09-16,74,30,12,9,0
3051,2,2024-09-16,195,75,30,7,0
3137,2,2024-09-16,291,75,30,6,0
3101,2,2024-09-16,101,50,20,6,50
2372,2,2024-09-16,82,40,16,13,0
2102,2,2024-09-16,35,20,8,15,0
3541,2,2024-09-16,109,30,12,1,0
2281,2,2024-09-16,185,40,16,50,50
2534,2,2024-09-16,231,50,20,4,300
3390,2,2024-09-16,87,20,8,5,0
2561,2,2024-09-16,22,50,20,3,0
2830,2,2024-09-16,170,40,16,11,0
3648,2,2024-09-16,91,30,12,9,0
2043,2,2024-09-16,76,30,12,5,0
2036,2,2024-09-16,28,30,12,7,0
2672,2,2024-09-16,128,40,16,5,0
2600,2,2024-09-16,128,40,16,3,0
3573,2,2024-09-16,45,30,12,4,0
2374,2,2024-09-16,282,75,30,8,0
3605,2,2024-09-16,106,20,8,12,0
2918,2,2024-09-16,15,50,20,30,0
3307,2,2024-09-16,159,50,20,36,0
2592,2,2024-09-16,169,40,16,21,0
2418,2,2024-09-16,104,20,8,4,0
2063,2,2024-09-16,78,30,12,37,0
3802,2,2024-09-16,10,40,16,5,0
2134,2,2024-09-16,178,30,12,29,0
2727,2,2024-09-16,673,100,40,13,0
2435,2,2024-09-16,144,30,12,6,0
2291,2,2024-09-16,185,30,12,5,0
3457,2,2024-09-16,110,40,16,12,100
3195,2,2024-09-16,85,30,12,3,0
3445,2,2024-09-16,93,30,12,8,0
2850,2,2024-09-16,66,50,20,66,0
3526,2,2024-09-16,307,75,30,9,0
2794,2,2024-09-16,117,40,16,58,0
2192,2,2024-09-16,58,30,12,15,0
2777,2,2024-09-16,58,30,12,1,0
2187,2,2024-09-16,0,30,12,3,0
3646,2,2024-09-16,142,50,20,9,0
3088,2,2024-09-16,187,50,20,14,0
2079,2,2024-09-16,79,20,8,5,0
2537,2,2024-09-16,339,50,20,0,0
2017,2,2024-09-16,121,50,20,27,100
3757,2,2024-09-16,117,30,12,11,0
3637,2,2024-09-16,128,50,20,12,0
2803,2,2024-09-16,171,50,20,25,0
3300,2,2024-09-16,69,30,12,4,0
2522,2,2024-09-16,132,50,20,1,200
2081,2,2024-09-16,172,30,12,41,0
2247,2,2024-09-16,122,50,20,26,0
2394,2,2024-09-16,170,50,20,1,0
3246,2,2024-09-16,236,50,20,17,0
2703,2,2024-09-16,28,20,8,10,0
3515,2,2024-09-16,182,40,16,10,0
2124,2,2024-09-16,77,30,12,2,0
3703,2,2024-09-16,309,100,40,17,50
2767,2,2024-09-16,179,50,20,35,0
2620,2,2024-09-16,204,50,20,4,0
2448,2,2024-09-16,77,50,20,22,0
3474,2,2024-09-16,55,20,8,6,0
3207,2,2024-09-16,102,30,12,20,0
2298,2,2024-09-16,125,50,20,1,50
2261,2,2024-09-16,94,30,12,15,0
3602,2,2024-09-16,79,30,12,27,0
3613,2,2024-09-16,58,30,12,2,0
3249,2,2024-09-16,205,40,16,11,0
3220,2,2024-09-16,26,50,20,4,0
2167,2,2024-09-16,65,20,8,10,0
2442,2,2024-09-16,113,75,30,13,0
3023,2,2024-09-16,41,20,8,0,50
2605,2,2024-09-16,73,40,16,15,0
2986,2,2024-09-16,70,30,12,12,0
2894,2,2024-09-16,21,20,8,7,0
3123,2,2024-09-16,86,40,16,8,200
2567,2,2024-09-16,102,30,12,2,0
3268,2,2024-09-16,136,100,40,2,0
2106,2,2024-09-16,54,20,8,76,200
2316,2,2024-09-16,147,40,16,15,0
2219,2,2024-09-16,134,40,16,24,0
3261,2,2024-09-16,154,50,20,62,0
2113,2,2024-09-16,108,30,12,5,0
3386,2,2024-09-16,109,50,20,23,0
2779,2,2024-09-16,145,40,16,6,0
2999,2,2024-09-16,646,100,40,1,0
3397,2,2024-09-16,174,50,20,2,0
2699,2,2024-09-16,94,40,16,42,100
2756,2,2024-09-16,80,40,16,11,0
2875,2,2024-09-16,203,75,30,13,300
2754,2,2024-09-16,221,50,20,9,100
2221,2,2024-09-16,27,20,8,39,0
2188,2,2024-09-16,132,30,12,33,0
2085,2,2024-09-16,0,40,16,13,0
2241,2,2024-09-16,223,40,16,30,0
3745,2,2024-09-16,0,30,12,15,0
2425,2,2024-09-16,108,30,12,18,0
3635,2,2024-09-16,55,20,8,8,0
2558,2,2024-09-16,15,40,16,0,0
2980,2,2024-09-16,101,50,20,20,0
3405,2,2024-09-16,461,100,40,6,0
2390,2,2024-09-16,67,20,8,27,0
3621,2,2024-09-16,59,20,8,20,100
3274,2,2024-09-16,61,20,8,1,0
3334,2,2024-09-16,82,40,16,4,0
2707,2,2024-09-16,64,40,16,38,0
2031,2,2024-09-16,175,50,20,3,150
2363,2,2024-09-16,39,40,16,25,0
3248,2,2024-09-16,362,100,40,27,200
2039,2,2024-09-16,84,50,20,4,0
3452,2,2024-09-16,117,40,16,22,0
2428,2,2024-09-16,60,20,8,24,0
2895,2,2024-09-16,132,50,20,1,0
3616,2,2024-09-16,268,75,30,19,0
3052,2,2024-09-16,127,40,16,8,0
2315,2,2024-09-16,192,40,16,21,0
3117,2,2024-09-16,367,75,30,5,0
2698,2,2024-09-16,57,30,12,10,200
3437,2,2024-09-16,102,30,12,14,0
3482,2,2024-09-16,333,75,30,5,0
2662,2,2024-09-16,85,20,8,40,0
2827,2,2024-09-16,131,50,20,10,0
3181,2,2024-09-16,281,75,30,26,0
2880,2,2024-09-16,231,100,40,23,0
2684,2,2024-09-16,221,50,20,6,0
3535,2,2024-09-16,263,75,30,15,0
2160,2,2024-09-16,257,50,20,53,0
3359,2,2024-09-16,87,40,16,5,0
2791,2,2024-09-16,287,100,40,39,0
2370,2,2024-09-16,155,30,12,9,0
3049,2,2024-09-16,61,20,8,28,200
3698,2,2024-09-16,100,20,8,2,0
3699,2,2024-09-16,62,20,8,8,0
2589,2,2024-09-16,249,100,40,26,0
3414,2,2024-09-16,94,20,8,8,0
3335,2,2024-09-16,90,40,16,1,0
2836,2,2024-09-16,21,30,12,21,0
2464,2,2024-09-16,60,20,8,9,0
3592,2,2024-09-16,204,75,30,0,0
3666,2,2024-09-16,86,30,12,21,0
2710,2,2024-09-16,174,30,12,45,0
2468,2,2024-09-16,279,100,40,6,0
3451,2,2024-09-16,63,20,8,34,0
3687,2,2024-09-16,185,75,30,2,0
2303,2,2024-09-16,98,30,12,2,0
3413,2,2024-09-16,64,40,16,1,0
3640,2,2024-09-16,132,50,20,35,200
2972,2,2024-09-16,226,50,20,1,0
2045,2,2024-09-16,25,30,12,0,0
3726,2,2024-09-16,175,50,20,3,0
2917,2,2024-09-16,0,30,12,29,0
2443,2,2024-09-16,351,75,30,7,0
3759,2,2024-09-16,112,30,12,47,0
3377,2,2024-09-16,117,40,16,10,0
2003,2,2024-09-16,45,20,8,4,0
2496,2,2024-09-16,155,40,16,7,0
3127,2,2024-09-16,37,20,8,6,0
2196,2,2024-09-16,73,50,20,28,100
3701,2,2024-09-16,102,20,8,19,0
2158,2,2024-09-16,104,40,16,4,0
3496,2,2024-09-16,283,75,30,34,0
2371,2,2024-09-16,58,40,16,3,0
2869,2,2024-09-16,53,40,16,26,0
2199,2,2024-09-16,193,50,20,14,0
3696,2,2024-09-16,102,40,16,26,0
2149,2,2024-09-16,183,30,12,24,0
3493,2,2024-09-16,91,30,12,2,0
2344,2,2024-09-16,52,30,12,9,0
2849,2,2024-09-16,258,75,30,4,0
2389,2,2024-09-16,92,30,12,2,200
2951,2,2024-09-16,173,50,20,16,0
2865,2,2024-09-16,370,75,30,37,0
2861,2,2024-09-16,58,30,12,3,0
2551,2,2024-09-16,147,40,16,5,0
2235,2,2024-09-16,55,40,16,5,0
2038,2,2024-09-16,298,50,20,19,0
2913,2,2024-09-16,176,30,12,27,0
2338,2,2024-09-16,91,30,12,20,0
3835,2,2024-09-16,82,30,12,2,0
3566,2,2024-09-16,11,30,12,18,0
3417,2,2024-09-16,175,40,16,10,0
3265,2,2024-09-16,166,50,20,33,0
2730,2,2024-09-16,162,40,16,12,0
2162,2,2024-09-16,114,50,20,13,0
3178,2,2024-09-16,27,20,8,44,0
2512,2,2024-09-16,132,50,20,7,0
3527,2,2024-09-16,180,50,20,19,50
2385,2,2024-09-16,128,30,12,28,200
2317,2,2024-09-16,58,20,8,0,0
2768,2,2024-09-16,190,100,40,7,0
2197,2,2024-09-16,237,50,20,10,0
2075,2,2024-09-16,96,20,8,9,0
2040,2,2024-09-16,71,40,16,0,0
2308,2,2024-09-16,306,100,40,7,0
3227,2,2024-09-16,76,40,16,12,0
3765,2,2024-09-16,167,50,20,13,0
2126,2,2024-09-16,191,75,30,0,200
3306,2,2024-09-16,64,30,12,46,0
2987,2,2024-09-16,67,75,30,1,0
3318,2,2024-09-16,72,30,12,12,0
2810,2,2024-09-16,268,75,30,46,0
3244,2,2024-09-16,162,50,20,2,0
2140,2,2024-09-16,382,100,40,13,0
2352,2,2024-09-16,285,50,20,4,0
3676,2,2024-09-16,91,30,12,3,0
3026,2,2024-09-16,241,50,20,15,0
3643,2,2024-09-16,102,50,20,2,0
3090,2,2024-09-16,45,50,20,10,0
3161,2,2024-09-16,48,30,12,0,0
3611,2,2024-09-16,108,40,16,4,0
3800,2,2024-09-16,218,50,20,6,0
3232,2,2024-09-16,102,30,12,23,0
3627,2,2024-09-16,141,30,12,44,0
2682,2,2024-09-16,68,30,12,10,150
3102,2,2024-09-16,140,30,12,2,0
2001,2,2024-09-16,83,30,12,5,0
3514,2,2024-09-16,125,40,16,8,0
2626,2,2024-09-16,127,30,12,22,200
3143,2,2024-09-16,176,50,20,7,0
2964,2,2024-09-16,177,50,20,10,0
2639,2,2024-09-16,332,75,30,7,0
3753,2,2024-09-16,219,50,20,7,0
3447,2,2024-09-16,98,50,20,18,200
2719,2,2024-09-16,137,40,16,10,0
3783,2,2024-09-16,70,20,8,20,100
2520,2,2024-09-16,121,75,30,1,0
2630,2,2024-09-16,198,40,16,3,0
2402,2,2024-09-16,83,30,12,4,200
3317,2,2024-09-16,100,30,12,4,0
3707,2,2024-09-16,210,50,20,33,0
2643,2,2024-09-16,209,50,20,16,0
2914,2,2024-09-16,0,50,20,36,0
2954,2,2024-09-16,152,40,16,72,0
3401,2,2024-09-16,91,20,8,1,0
3549,2,2024-09-16,71,30,12,9,0
2742,2,2024-09-16,102,40,16,3,0
2882,2,2024-09-16,5,50,20,7,0
2334,2,2024-09-16,256,75,30,1,150
3069,2,2024-09-16,108,50,20,8,0
3460,2,2024-09-16,320,100,40,5,0
2438,2,2024-09-16,113,30,12,5,0
2407,2,2024-09-16,130,50,20,3,0
3193,2,2024-09-16,165,75,30,33,0
2116,2,2024-09-16,116,20,8,4,0
2311,2,2024-09-16,95,20,8,15,0
2174,2,2024-09-16,333,100,40,21,0
3606,2,2024-09-16,16,30,12,9,0
3380,2,2024-09-16,293,50,20,2,0
2398,2,2024-09-16,345,100,40,3,0
3262,2,2024-09-16,61,75,30,40,0
2012,2,2024-09-16,353,75,30,9,0
3173,2,2024-09-16,36,20,8,23,50
2397,2,2024-09-16,194,50,20,3,0
2907,2,2024-09-16,209,50,20,16,0
2866,2,2024-09-16,211,75,30,2,0
3462,2,2024-09-16,37,40,16,40,0
2597,2,2024-09-16,65,30,12,0,0
3253,2,2024-09-16,67,20,8,9,0
3557,2,2024-09-16,138,50,20,44,0
3224,2,2024-09-16,72,40,16,16,0
3706,2,2024-09-16,134,30,12,0,0
2858,2,2024-09-16,345,75,30,27,0
3420,2,2024-09-16,38,20,8,1,0
3409,2,2024-09-16,11,30,12,14,150
2770,2,2024-09-16,177,30,12,1,100
3700,2,2024-09-16,127,30,12,24,0
2119,2,2024-09-16,101,30,12,4,0
3053,2,2024-09-16,91,100,40,12,0
2514,2,2024-09-16,74,30,12,9,0
2101,2,2024-09-16,202,50,20,11,0
3667,2,2024-09-16,21,50,20,2,300
2525,2,2024-09-16,90,30,12,6,0
3006,2,2024-09-16,240,50,20,13,0
3078,2,2024-09-16,284,100,40,25,100
2787,2,2024-09-16,62,20,8,55,0
3735,2,2024-09-16,184,50,20,36,0
3755,2,2024-09-16,305,75,30,16,0
3152,2,2024-09-16,123,50,20,3,0
3510,2,2024-09-16,188,40,16,19,200
3036,2,2024-09-16,163,40,16,5,0
2073,2,2024-09-16,117,40,16,4,0
3176,2,2024-09-16,70,30,12,13,0
2899,2,2024-09-16,140,30,12,13,0
2282,2,2024-09-16,97,30,12,21,0
2248,2,2024-09-16,227,50,20,1,0
3615,2,2024-09-16,59,20,8,0,0
2538,2,2024-09-16,128,50,20,21,200
3369,2,2024-09-16,95,30,12,32,0
3601,2,2024-09-16,0,30,12,8,0
2873,2,2024-09-16,3,30,12,4,0
3188,2,2024-09-16,276,50,20,12,0
2819,2,2024-09-16,68,20,8,9,0
2741,2,2024-09-16,84,20,8,28,0
2013,2,2024-09-16,84,30,12,14,0
3692,2,2024-09-16,143,30,12,7,0
2784,2,2024-09-16,68,40,16,20,0
2974,2,2024-09-16,145,75,30,35,0
2540,2,2024-09-16,197,40,16,39,0
3760,2,2024-09-16,74,30,12,26,0
2309,2,2024-09-16,46,20,8,15,0
3391,2,2024-09-16,76,20,8,12,0
2473,2,2024-09-16,97,30,12,2,0
3222,2,2024-09-16,246,40,16,10,0
2660,2,2024-09-16,191,40,16,24,0
3082,2,2024-09-16,42,30,12,3,0
2975,2,2024-09-16,265,50,20,2,0
3221,2,2024-09-16,60,20,8,22,0
3407,2,2024-09-16,75,30,12,16,0
3060,2,2024-09-16,149,30,12,14,0
2596,2,2024-09-16,140,50,20,5,0
2530,2,2024-09-16,62,20,8,2,0
3415,2,2024-09-16,82,30,12,1,0
2995,2,2024-09-16,111,40,16,2,0
3418,2,2024-09-16,106,30,12,3,50
3561,2,2024-09-16,107,40,16,10,0
3305,2,2024-09-16,61,50,20,28,0
3308,2,2024-09-16,112,50,20,16,0
3254,2,2024-09-16,116,40,16,3,0
2349,2,2024-09-16,98,50,20,93,0
2484,2,2024-09-16,42,20,8,12,0
2930,2,2024-09-16,76,30,12,24,0
2497,2,2024-09-16,211,40,16,8,0
3279,2,2024-09-16,74,20,8,0,0
2222,2,2024-09-16,31,20,8,4,0
2300,2,2024-09-16,106,30,12,10,0
3825,2,2024-09-16,44,20,8,2,0
3742,2,2024-09-16,215,40,16,2,0
3767,2,2024-09-16,124,40,16,9,300
2120,2,2024-09-16,119,40,16,10,0
3625,2,2024-09-16,59,30,12,2,0
2293,2,2024-09-16,43,40,16,1,0
3288,2,2024-09-16,91,30,12,28,200
3761,2,2024-09-16,65,30,12,12,0
2724,2,2024-09-16,282,100,40,21,0
2180,2,2024-09-16,100,40,16,2,0
3591,2,2024-09-16,150,40,16,33,0
2347,2,2024-09-16,247,50,20,12,50
3158,2,2024-09-16,63,30,12,4,0
3740,2,2024-09-16,165,50,20,26,0
3189,2,2024-09-16,116,40,16,5,0
2117,2,2024-09-16,17,30,12,15,0
2738,2,2024-09-16,83,20,8,1,0
3002,2,2024-09-16,33,40,16,8,0
3780,2,2024-09-16,83,40,16,8,0
2932,2,2024-09-16,203,50,20,2,0
2609,2,2024-09-16,47,20,8,1,200
3754,2,2024-09-16,239,40,16,0,0
2788,2,2024-09-16,127,20,8,17,0
3599,2,2024-09-16,510,100,40,10,0
3538,2,2024-09-16,94,40,16,9,0
3357,2,2024-09-16,130,40,16,9,0
3473,2,2024-09-16,308,50,20,12,150
2351,2,2024-09-16,70,40,16,1,0
3675,2,2024-09-16,112,30,12,1,0
3068,2,2024-09-16,81,30,12,3,0
3295,2,2024-09-16,236,40,16,1,0
3266,2,2024-09-16,95,30,12,14,0
2446,2,2024-09-16,145,50,20,5,0
3363,2,2024-09-16,100,50,20,10,0
2356,2,2024-09-16,308,100,40,15,0
2594,2,2024-09-16,80,40,16,2,0
2381,2,2024-09-16,164,40,16,2,0
2627,2,2024-09-16,318,75,30,19,50
2166,2,2024-09-16,151,40,16,9,0
2725,2,2024-09-16,137,20,8,2,0
2151,2,2024-09-16,181,50,20,6,0
3821,2,2024-09-16,202,50,20,5,0
3749,2,2024-09-16,178,50,20,26,0
3024,2,2024-09-16,37,40,16,18,0
3804,2,2024-09-16,204,40,16,26,300
3822,2,2024-09-16,328,75,30,1,50
2092,2,2024-09-16,184,40,16,22,50
3823,2,2024-09-16,49,30,12,52,0
2367,2,2024-09-16,81,30,12,22,0
2977,2,2024-09-16,38,30,12,19,0
2224,2,2024-09-16,107,40,16,5,0
3709,2,2024-09-16,110,50,20,29,0
3200,2,2024-09-16,0,40,16,46,0
2588,2,2024-09-16,83,20,8,0,0
2382,2,2024-09-16,63,30,12,7,0
3449,2,2024-09-16,71,40,16,5,0
2991,2,2024-09-16,119,75,30,39,200
2957,2,2024-09-16,419,75,30,1,0
3187,2,2024-09-16,19,30,12,26,0
2747,2,2024-09-16,72,20,8,4,100
2386,2,2024-09-16,8,30,12,14,0
3239,2,2024-09-16,69,40,16,18,300
3465,2,2024-09-16,37,20,8,20,0
2099,2,2024-09-16,104,50,20,5,0
2766,2,2024-09-16,54,30,12,14,0
2339,2,2024-09-16,365,100,40,15,0
3558,2,2024-09-16,174,40,16,5,0
2177,2,2024-09-16,433,100,40,36,0
2094,2,2024-09-16,167,50,20,1,150
2209,2,2024-09-16,91,40,16,14,0
3792,2,2024-09-16,112,30,12,19,0
3309,2,2024-09-16,128,30,12,71,50
3556,2,2024-09-16,30,30,12,0,300
3485,2,2024-09-16,129,30,12,7,50
2024,2,2024-09-16,153,75,30,13,0
2330,2,2024-09-16,92,30,12,8,0
3654,2,2024-09-16,319,75,30,0,0
3092,2,2024-09-16,107,50,20,13,0
2847,2,2024-09-16,85,20,8,4,300
3331,2,2024-09-16,86,20,8,21,0
3727,2,2024-09-16,241,50,20,27,100
3313,2,2024-09-16,220,50,20,5,100
2780,2,2024-09-16,172,40,16,24,300
2563,2,2024-09-16,265,75,30,4,0
2179,2,2024-09-16,250,75,30,12,0
2748,2,2024-09-16,233,75,30,2,150
2797,2,2024-09-16,155,30,12,19,0
2923,2,2024-09-16,94,30,12,4,0
3185,2,2024-09-16,99,30,12,8,0
3063,2,2024-09-16,56,75,30,10,0
3503,2,2024-09-16,63,20,8,2,0
3668,2,2024-09-16,111,30,12,43,0
3520,2,2024-09-16,122,50,20,51,0
3461,2,2024-09-16,230,40,16,10,0
3285,2,2024-09-16,185,40,16,2,0
2002,2,2024-09-16,239,50,20,46,0
3466,2,2024-09-16,201,40,16,2,0
2018,2,2024-09-16,76,20,8,2,200
2943,2,2024-09-16,23,30,12,0,0
3035,2,2024-09-16,120,100,40,1,0
3657,2,2024-09-16,94,20,8,9,0
2675,2,2024-09-16,416,100,40,6,0
2569,2,2024-09-16,85,20,8,0,0
2680,2,2024-09-16,279,50,20,15,300
2979,2,2024-09-16,20,20,8,107,0
3010,2,2024-09-16,121,40,16,12,200
2613,2,2024-09-16,333,75,30,19,0
2746,2,2024-09-16,29,50,20,9,0
2739,2,2024-09-16,223,50,20,34,0
2654,2,2024-09-16,224,50,20,10,0
2755,2,2024-09-16,329,75,30,36,0
2161,2,2024-09-16,71,20,8,2,0
2624,2,2024-09-16,118,30,12,40,0
2249,2,2024-09-16,117,50,20,3,0
2856,2,2024-09-16,27,30,12,34,0
3576,2,2024-09-16,70,50,20,34,0
2751,2,2024-09-16,436,75,30,4,0
3665,2,2024-09-16,119,50,20,25,0
2289,2,2024-09-16,105,30,12,35,0
3245,2,2024-09-16,250,50,20,12,0
2992,2,2024-09-16,238,75,30,23,50
2947,2,2024-09-16,105,20,8,15,0
2089,2,2024-09-16,142,30,12,10,0
3638,2,2024-09-16,245,50,20,12,0
2920,2,2024-09-16,126,40,16,8,0
3426,2,2024-09-16,49,30,12,4,0
3653,2,2024-09-16,80,20,8,23,0
2915,2,2024-09-16,87,30,12,13,0
3655,2,2024-09-16,0,50,20,0,0
2716,2,2024-09-16,210,75,30,10,0
2603,2,2024-09-16,159,40,16,6,0
3394,2,2024-09-16,189,75,30,8,0
3506,2,2024-09-16,169,40,16,35,0
2342,2,2024-09-16,130,30,12,15,0
2139,2,2024-09-16,138,50,20,21,0
3103,2,2024-09-16,161,40,16,3,0
3273,2,2024-09-16,114,30,12,4,0
2168,2,2024-09-16,69,40,16,14,0
3544,2,2024-09-16,70,40,16,8,0
3353,2,2024-09-16,77,30,12,13,0
2324,2,2024-09-16,-2,40,16,32,0
2826,2,2024-09-16,211,75,30,28,0
3697,2,2024-09-16,140,40,16,15,200
2245,2,2024-09-16,47,20,8,0,0
3814,2,2024-09-16,136,40,16,3,0
2960,2,2024-09-16,56,40,16,23,0
3202,2,2024-09-16,0,75,30,13,150
3656,2,2024-09-16,141,40,16,11,0
2636,2,2024-09-16,78,50,20,8,0
2580,2,2024-09-16,67,50,20,0,0
2953,2,2024-09-16,39,30,12,21,0
2649,2,2024-09-16,158,30,12,12,0
2503,2,2024-09-16,162,40,16,5,0
3497,2,2024-09-16,157,50,20,3,50
2806,2,2024-09-16,37,20,8,9,50
2607,2,2024-09-16,169,40,16,71,0
3236,2,2024-09-16,46,30,12,1,0
2971,2,2024-09-16,195,75,30,69,50
2927,2,2024-09-16,44,20,8,0,0
3806,2,2024-09-16,128,50,20,38,0
3480,2,2024-09-16,143,30,12,13,0
3194,2,2024-09-16,55,50,20,4,0
2285,2,2024-09-16,146,50,20,3,0
2832,2,2024-09-16,273,75,30,5,0
3087,2,2024-09-16,2,30,12,38,0
3583,2,2024-09-16,116,40,16,23,0
2366,2,2024-09-16,52,20,8,16,0
2602,2,2024-09-16,84,20,8,8,0
3048,2,2024-09-16,111,30,12,28,0
3209,2,2024-09-16,148,30,12,23,0
3326,2,2024-09-16,206,75,30,10,0
2541,2,2024-09-16,114,30,12,0,0
2062,2,2024-09-16,82,30,12,52,0
2650,2,2024-09-16,71,30,12,1,0
3831,2,2024-09-16,84,50,20,4,0
2345,2,2024-09-16,88,30,12,13,0
2693,2,2024-09-16,146,40,16,2,100
2941,2,2024-09-16,18,50,20,17,0
2481,2,2024-09-16,160,50,20,33,0
2346,2,2024-09-16,54,20,8,7,200
3124,2,2024-09-16,101,40,16,12,0
3730,2,2024-09-16,283,50,20,52,0
3734,2,2024-09-16,0,20,8,22,150
3019,2,2024-09-16,69,20,8,28,0
2135,2,2024-09-16,144,50,20,1,0
2495,2,2024-09-16,20,30,12,7,0
2550,2,2024-09-16,114,30,12,40,0
2509,2,2024-09-16,84,50,20,7,0
2164,2,2024-09-16,75,20,8,12,0
3289,2,2024-09-16,239,50,20,1,0
3807,2,2024-09-16,180,40,16,0,0
2256,2,2024-09-16,175,50,20,1,0
3316,2,2024-09-16,40,20,8,40,0
3618,2,2024-09-16,91,30,12,47,0
3443,2,2024-09-16,203,50,20,3,50
3022,2,2024-09-16,105,30,12,62,0
2560,2,2024-09-16,275,50,20,2,0
2328,2,2024-09-16,170,40,16,61,0
2774,2,2024-09-16,84,50,20,15,0
2506,2,2024-09-16,215,100,40,10,0
2026,2,2024-09-16,118,30,12,9,0
2782,2,2024-09-16,59,30,12,35,0
2676,2,2024-09-16,52,40,16,23,0
2233,2,2024-09-16,169,30,12,1,0
3028,2,2024-09-16,258,40,16,12,0
2431,2,2024-09-16,265,75,30,32,50
3360,2,2024-09-16,82,50,20,4,0
2993,2,2024-09-16,34,20,8,1,0
3430,2,2024-09-16,9,30,12,1,0
3705,2,2024-09-16,127,100,40,5,0
2228,2,2024-09-16,192,50,20,16,0
2776,2,2024-09-16,89,30,12,23,100
2436,2,2024-09-16,125,40,16,9,0
3228,2,2024-09-16,127,30,12,19,0
3458,2,2024-09-16,48,40,16,15,0
2916,2,2024-09-16,151,40,16,10,0
2529,2,2024-09-16,272,75,30,12,0
2781,2,2024-09-16,475,100,40,3,0
3120,2,2024-09-16,197,50,20,9,0
3408,2,2024-09-16,162,40,16,46,300
2535,2,2024-09-16,204,50,20,15,0
2867,2,2024-09-16,47,40,16,25,0
3084,2,2024-09-16,197,100,40,10,50
2665,2,2024-09-16,86,40,16,13,0
3206,2,2024-09-16,100,40,16,11,0
2213,2,2024-09-16,68,50,20,2,0
2546,2,2024-09-16,94,40,16,6,0
2798,2,2024-09-16,210,75,30,26,0
3711,2,2024-09-16,10,20,8,5,0
2430,2,2024-09-16,151,50,20,33,100
2735,2,2024-09-16,102,20,8,35,0
2544,2,2024-09-16,150,30,12,20,0
2590,2,2024-09-16,0,30,12,20,0
3287,2,2024-09-16,54,50,20,16,0
2276,2,2024-09-16,31,50,20,0,0
3108,2,2024-09-16,143,30,12,23,0
3406,2,2024-09-16,262,75,30,17,0
3502,2,2024-09-16,330,50,20,18,0
3256,2,2024-09-16,164,30,12,14,0
2395,2,2024-09-16,103,30,12,5,0
2006,2,2024-09-16,177,30,12,0,0
2353,2,2024-09-16,133,50,20,7,0
3720,2,2024-09-16,152,30,12,2,0
3546,2,2024-09-16,72,30,12,15,0
2938,2,2024-09-16,95,30,12,8,0
2565,2,2024-09-16,175,50,20,49,150
3758,2,2024-09-16,477,75,30,4,0
2077,2,2024-09-16,123,40,16,28,300
2042,2,2024-09-16,106,30,12,2,0
2585,2,2024-09-16,133,50,20,9,0
3100,2,2024-09-16,102,50,20,37,0
3670,2,2024-09-16,110,40,16,10,0
3647,2,2024-09-16,277,75,30,39,0
3540,2,2024-09-16,47,20,8,15,0
3677,2,2024-09-16,55,30,12,24,0
3492,2,2024-09-16,125,20,8,20,150
2041,2,2024-09-16,51,20,8,3,0
3018,2,2024-09-16,91,50,20,4,0
3572,2,2024-09-16,43,50,20,11,0
3433,2,2024-09-16,127,50,20,36,0
3345,2,2024-09-16,186,50,20,43,0
3097,2,2024-09-16,270,100,40,111,0
3230,2,2024-09-16,119,30,12,12,0
2193,2,2024-09-16,13,30,12,15,0
2633,2,2024-09-16,47,40,16,67,0
2141,2,2024-09-16,100,20,8,16,0
2447,2,2024-09-16,133,30,12,19,0
2070,2,2024-09-16,62,20,8,21,0
3620,2,2024-09-16,77,30,12,2,0
2253,2,2024-09-16,141,30,12,0,200
2950,2,2024-09-16,109,30,12,6,0
2760,2,2024-09-16,127,75,30,2,0
3490,2,2024-09-16,100,40,16,0,0
2498,2,2024-09-16,134,40,16,32,0
2757,2,2024-09-16,140,30,12,10,0
2982,2,2024-09-16,112,75,30,2,0
2384,2,2024-09-16,188,40,16,12,0
2211,2,2024-09-16,96,20,8,6,0
3450,2,2024-09-16,142,50,20,5,0
2322,2,2024-09-16,37,20,8,14,0
2625,2,2024-09-16,100,30,12,2,0
3529,2,2024-09-16,0,40,16,14,0
2864,2,2024-09-16,146,50,20,16,0
2632,2,2024-09-16,107,40,16,4,0
2958,2,2024-09-16,48,20,8,13,0
3099,2,2024-09-16,159,40,16,22,0
3276,2,2024-09-16,355,75,30,16,0
2712,2,2024-09-16,61,20,8,16,0
3093,2,2024-09-16,156,30,12,11,0
2410,2,2024-09-16,121,50,20,32,100
3603,2,2024-09-16,82,30,12,4,0
3688,2,2024-09-16,23,30,12,6,50
2051,2,2024-09-16,46,30,12,0,0
2623,2,2024-09-16,459,100,40,6,50
3014,2,2024-09-16,511,100,40,0,0
2299,2,2024-09-16,103,40,16,3,200
3338,2,2024-09-16,88,50,20,6,0
2169,2,2024-09-16,72,20,8,8,0
2128,2,2024-09-16,317,75,30,7,0
2527,2,2024-09-16,184,75,30,4,0
2104,2,2024-09-16,193,40,16,7,100
3367,2,2024-09-16,213,50,20,6,50
2058,2,2024-09-16,147,40,16,10,0
3494,2,2024-09-16,166,50,20,1,300
2156,2,2024-09-16,405,100,40,41,0
3728,2,2024-09-16,31,20,8,2,0
3563,2,2024-09-16,10,30,12,22,0
3584,2,2024-09-16,389,100,40,7,300
2294,2,2024-09-16,44,50,20,13,0
2846,2,2024-09-16,57,30,12,23,0
2310,2,2024-09-16,116,40,16,17,0
2507,2,2024-09-16,304,75,30,23,0
2934,2,2024-09-16,50,20,8,34,0
3393,2,2024-09-16,349,75,30,5,0
2082,2,2024-09-16,41,40,16,4,0
3061,2,2024-09-16,56,20,8,0,300
3170,2,2024-09-16,28,30,12,10,0
2305,2,2024-09-16,149,30,12,4,0
3771,2,2024-09-16,23,40,16,30,0
3058,2,2024-09-16,190,40,16,9,150
3555,2,2024-09-16,240,50,20,15,0
2762,2,2024-09-16,369,75,30,3,150
2401,2,2024-09-16,42,30,12,42,0
3756,2,2024-09-16,36,30,12,20,0
3498,2,2024-09-16,247,75,30,14,0
3477,2,2024-09-16,145,50,20,40,0
2146,2,2024-09-16,109,20,8,0,0
2083,2,2024-09-16,52,30,12,4,0
2715,2,2024-09-16,99,30,12,14,0
3243,2,2024-09-16,196,40,16,19,50
3537,2,2024-09-16,65,20,8,24,0
3003,2,2024-09-16,73,20,8,12,0
3281,2,2024-09-16,169,30,12,2,0
2763,2,2024-09-16,62,40,16,27,0
2208,2,2024-09-16,189,40,16,26,100
2054,2,2024-09-16,82,30,12,17,0
3424,2,2024-09-16,92,30,12,15,0
3366,2,2024-09-16,225,75,30,8,0
3829,2,2024-09-16,157,75,30,10,0
3582,2,2024-09-16,36,75,30,0,0
3702,2,2024-09-16,95,30,12,1,0
3419,2,2024-09-16,84,30,12,19,0
2412,2,2024-09-16,0,20,8,38,0
2264,2,2024-09-16,236,50,20,23,0
2355,2,2024-09-16,183,50,20,14,0
2854,2,2024-09-16,60,40,16,5,0
2207,2,2024-09-16,78,40,16,35,0
3145,2,2024-09-16,81,50,20,3,0
2021,2,2024-09-16,98,40,16,11,0
2501,2,2024-09-16,78,20,8,3,0
3016,2,2024-09-16,144,50,20,0,0
2493,2,2024-09-16,94,40,16,6,0
2647,2,2024-09-16,176,50,20,38,0
2533,2,2024-09-16,91,30,12,13,0
2753,2,2024-09-16,28,50,20,18,200
2679,2,2024-09-16,118,50,20,5,0
2274,2,2024-09-16,180,100,40,29,50
2962,2,2024-09-16,155,40,16,3,0
3074,2,2024-09-16,130,30,12,1,0
2722,2,2024-09-16,130,30,12,2,0
2696,2,2024-09-16,28,30,12,10,150
2666,2,2024-09-16,70,30,12,8,0
2452,2,2024-09-16,56,40,16,1,0
3171,2,2024-09-16,73,40,16,15,0
3762,2,2024-09-16,129,30,12,28,0
3264,2,2024-09-16,78,30,12,20,0
2416,2,2024-09-16,121,40,16,0,0
3660,2,2024-09-16,105,30,12,37,0
2532,2,2024-09-16,16,20,8,2,0
3135,2,2024-09-16,26,50,20,11,0
2936,2,2024-09-16,47,20,8,9,0
2674,2,2024-09-16,190,40,16,17,0
3440,2,2024-09-16,157,50,20,2,50
2283,2,2024-09-16,112,50,20,2,0
3836,2,2024-09-16,18,50,20,33,0
2053,2,2024-09-16,54,30,12,2,0
3298,2,2024-09-16,42,20,8,8,0
3163,2,2024-09-16,155,50,20,1,0
2887,2,2024-09-16,31,20,8,5,0
3368,2,2024-09-16,107,40,16,5,0
2659,2,2024-09-16,184,40,16,44,0
2888,2,2024-09-16,104,40,16,20,0
2358,2,2024-09-16,51,50,20,4,0
3581,2,2024-09-16,299,75,30,12,0
2362,2,2024-09-16,136,50,20,11,200
2851,2,2024-09-16,48,20,8,28,0
3310,2,2024-09-16,131,40,16,2,0
2110,2,2024-09-16,162,50,20,5,0
3679,2,2024-09-16,153,50,20,40,0
2928,2,2024-09-16,5,20,8,25,0
2704,2,2024-09-16,138,50,20,1,0
3041,2,2024-09-16,0,75,30,4,0
2037,2,2024-09-16,85,20,8,9,0
3612,2,2024-09-16,356,100,40,0,0
2890,2,2024-09-16,89,20,8,4,0
2377,2,2024-09-16,153,75,30,20,100
2805,2,2024-09-16,181,40,16,2,0
2479,2,2024-09-16,342,75,30,12,0
3150,2,2024-09-16,6,30,12,9,0
2296,2,2024-09-16,19,30,12,1,0
2286,2,2024-09-16,36,30,12,10,0
2189,2,2024-09-16,157,50,20,32,0
3379,2,2024-09-16,95,75,30,4,0
2400,2,2024-09-16,83,20,8,13,0
2071,2,2024-09-16,117,50,20,122,0
2689,2,2024-09-16,177,40,16,27,0
3263,2,2024-09-16,61,20,8,3,0
2163,2,2024-09-16,212,50,20,10,0
3155,2,2024-09-16,2,40,16,6,0
2030,2,2024-09-16,53,30,12,6,0
2581,2,2024-09-16,32,20,8,17,150
2552,2,2024-09-16,105,30,12,13,0
3539,2,2024-09-16,79,30,12,0,0
3223,2,2024-09-16,140,50,20,15,300
2961,2,2024-09-16,125,40,16,13,0
2889,2,2024-09-16,81,75,30,3,0
2406,2,2024-09-16,133,30,12,9,0
3371,2,2024-09-16,131,40,16,11,0
3528,2,2024-09-16,48,20,8,9,0
2691,2,2024-09-16,340,50,20,1,0
3122,2,2024-09-16,61,40,16,11,0
3712,2,2024-09-16,95,50,20,6,0
3587,2,2024-09-16,169,50,20,2,0
3733,2,2024-09-16,70,20,8,5,0
2789,2,2024-09-16,155,40,16,0,0
2279,2,2024-09-16,218,100,40,1,0
3166,2,2024-09-16,82,30,12,7,0
3072,2,2024-09-16,4,75,30,5,0
2587,2,2024-09-16,149,75,30,13,200
3270,2,2024-09-16,113,30,12,2,0
3683,2,2024-09-16,65,30,12,30,0
3373,2,2024-09-16,153,75,30,36,300
3751,2,2024-09-16,63,20,8,8,0
2393,2,2024-09-16,205,50,20,3,100
2433,2,2024-09-16,64,20,8,0,0
2014,2,2024-09-16,71,20,8,11,0
2225,2,2024-09-16,23,20,8,25,0
2093,2,2024-09-16,144,40,16,29,100
2555,2,2024-09-16,83,40,16,5,50
2750,2,2024-09-16,169,50,20,5,0
2489,2,2024-09-16,80,30,12,15,0
2967,2,2024-09-16,65,75,30,22,0
2990,2,2024-09-16,99,30,12,2,300
2615,2,2024-09-16,193,40,16,34,100
3183,2,2024-09-16,189,50,20,15,0
3594,2,2024-09-16,126,75,30,21,0
2959,2,2024-09-16,38,20,8,18,0
2341,2,2024-09-16,199,50,20,28,0
3845,2,2024-09-16,126,40,16,27,0
2583,2,2024-09-16,87,50,20,10,0
3201,2,2024-09-16,59,20,8,11,0
2582,2,2024-09-16,103,30,12,23,0
3374,2,2024-09-16,53,30,12,3,150
3805,2,2024-09-16,150,40,16,1,0
3600,2,2024-09-16,99,40,16,1,0
3015,2,2024-09-16,109,30,12,11,0
2137,2,2024-09-16,94,50,20,9,0
3030,2,2024-09-16,70,30,12,14,0
2828,2,2024-09-16,34,40,16,17,0
3746,2,2024-09-16,230,75,30,20,0
3826,2,2024-09-16,139,75,30,45,0
3292,2,2024-09-16,558,100,40,54,0
3617,2,2024-09-16,157,30,12,2,0
2076,2,2024-09-16,26,20,8,44,0
2734,2,2024-09-16,39,40,16,3,0
2242,2,2024-09-16,58,20,8,1,0
2067,2,2024-09-16,122,40,16,11,0
2257,2,2024-09-16,158,75,30,53,0
2845,2,2024-09-16,303,75,30,8,0
2123,2,2024-09-16,19,50,20,6,0
2378,2,2024-09-16,97,40,16,13,0
3134,2,2024-09-16,106,40,16,23,0
2829,2,2024-09-16,70,40,16,15,0
2461,2,2024-09-16,79,50,20,19,0
2318,2,2024-09-16,122,40,16,12,0
3403,2,2024-09-16,58,30,12,4,0
2223,2,2024-09-16,156,40,16,18,300
2510,2,2024-09-16,17,20,8,0,0
3259,2,2024-09-16,244,50,20,2,0
2542,2,2024-09-16,248,40,16,44,0
2226,2,2024-09-16,388,75,30,3,0
3021,2,2024-09-16,159,75,30,8,0
2905,2,2024-09-16,125,30,12,16,0
3672,2,2024-09-16,621,100,40,18,0
2955,2,2024-09-16,331,75,30,10,0
2476,2,2024-09-16,0,30,12,11,200
3824,2,2024-09-16,71,50,20,0,0
2388,2,2024-09-16,82,50,20,2,0
2327,2,2024-09-16,34,30,12,3,0
2548,2,2024-09-16,78,30,12,5,0
2834,2,2024-09-16,133,50,20,12,0
3286,2,2024-09-16,74,30,12,17,0
3790,2,2024-09-16,147,50,20,11,0
2690,2,2024-09-16,108,40,16,1,100
3543,2,2024-09-16,89,40,16,11,0
3096,2,2024-09-16,209,40,16,7,0
2616,2,2024-09-16,158,50,20,7,150
2399,2,2024-09-16,31,20,8,65,200
2807,2,2024-09-16,79,30,12,22,0
2487,2,2024-09-16,42,40,16,21,0
3456,2,2024-09-16,58,30,12,15,0
2709,2,2024-09-16,171,50,20,39,0
2475,2,2024-09-16,0,40,16,12,0
3808,2,2024-09-16,117,30,12,2,0
3838,2,2024-09-16,147,50,20,25,0
3446,2,2024-09-16,111,75,30,27,0
2523,2,2024-09-16,209,50,20,4,0
2708,2,2024-09-16,56,30,12,19,0
2648,2,2024-09-16,139,40,16,18,0
3192,2,2024-09-16,17,75,30,7,0
2641,2,2024-09-16,122,50,20,4,0
2326,2,2024-09-16,47,30,12,35,0
2243,2,2024-09-16,95,30,12,7,0
2450,2,2024-09-16,141,50,20,54,0
3590,2,2024-09-16,104,20,8,15,0
3044,2,2024-09-16,148,40,16,13,100
3738,2,2024-09-16,119,50,20,15,100
3283,2,2024-09-16,176,75,30,7,0
3165,2,2024-09-16,145,40,16,0,0
3729,2,2024-09-16,209,50,20,9,50
3324,2,2024-09-16,25,20,8,11,0
3722,2,2024-09-16,140,30,12,0,0
3649,2,2024-09-16,97,20,8,17,0
2946,2,2024-09-16,155,40,16,0,0
2361,2,2024-09-16,366,100,40,18,0
2732,2,2024-09-16,242,50,20,2,0
3766,2,2024-09-16,130,50,20,3,0
3205,2,2024-09-16,14,75,30,13,0
2667,2,2024-09-16,103,40,16,10,0
2354,2,2024-09-16,193,50,20,22,0
2387,2,2024-09-16,54,20,8,9,50
3797,2,2024-09-16,88,30,12,4,0
2966,2,2024-09-16,209,100,40,11,0
3037,2,2024-09-16,46,20,8,0,0
2216,2,2024-09-16,378,75,30,3,100
2586,2,2024-09-16,51,50,20,12,0
2118,2,2024-09-16,183,75,30,40,0
2610,2,2024-09-16,84,20,8,20,150
3109,2,2024-09-16,35,40,16,16,0
3280,2,2024-09-16,223,50,20,32,0
3589,2,2024-09-16,90,30,12,12,0
2976,2,2024-09-16,72,30,12,8,0
2881,2,2024-09-16,48,50,20,14,0
2769,2,2024-09-16,145,50,20,22,300
2292,2,2024-09-16,123,100,40,4,0
2614,2,2024-09-16,77,20,8,11,0
2758,2,2024-09-16,27,30,12,8,0
3320,2,2024-09-16,60,30,12,16,0
2568,2,2024-09-16,0,40,16,11,0
3042,2,2024-09-16,148,30,12,17,0
3714,2,2024-09-16,120,50,20,14,0
3564,2,2024-09-16,103,40,16,24,0
3241,2,2024-09-16,84,30,12,1,0
2752,2,2024-09-16,177,50,20,6,0
3752,2,2024-09-16,107,50,20,28,0
2900,2,2024-09-16,110,40,16,3,0
3507,2,2024-09-16,178,50,20,23,0
3432,2,2024-09-16,41,50,20,21,0
2949,2,2024-09-16,39,20,8,15,0
2456,2,2024-09-16,148,50,20,6,300
3119,2,2024-09-16,74,20,8,5,0
2408,2,2024-09-16,115,30,12,0,0
3009,2,2024-09-16,304,75,30,2,0
2080,2,2024-09-16,122,30,12,6,0
2485,2,2024-09-16,44,20,8,20,0
2236,2,2024-09-16,95,30,12,2,0
2804,2,2024-09-16,138,50,20,0,200
3429,2,2024-09-16,171,30,12,1,0
3595,2,2024-09-16,103,40,16,33,0
2263,2,2024-09-16,64,50,20,4,0
2273,2,2024-09-16,0,30,12,25,0
3773,2,2024-09-16,186,50,20,29,0
2052,2,2024-09-16,61,20,8,3,0
3383,2,2024-09-16,251,100,40,0,0
2251,2,2024-09-16,92,30,12,18,0
2491,2,2024-09-16,130,50,20,42,150
3842,2,2024-09-16,107,75,30,5,150
2115,2,2024-09-16,51,20,8,3,0
2396,2,2024-09-16,254,75,30,11,0
3025,2,2024-09-16,183,40,16,42,0
3346,2,2024-09-16,187,75,30,19,300
3416,2,2024-09-16,177,50,20,1,0
2466,2,2024-09-16,335,75,30,4,0
3066,2,2024-09-16,105,20,8,17,100
2444,2,2024-09-16,11,50,20,46,0
2571,2,2024-09-16,193,40,16,22,150
2573,2,2024-09-16,66,30,12,6,0
2255,2,2024-09-16,57,30,12,9,0
2892,2,2024-09-16,119,40,16,27,0
2379,2,2024-09-16,133,30,12,5,0
2528,3,2024-09-15,113,20,8,0,0
3716,3,2024-09-15,43,40,16,1,0
3464,3,2024-09-15,273,100,40,69,0
3430,3,2024-09-15,89,30,12,11,300
2404,3,2024-09-15,108,50,20,27,0
2541,3,2024-09-15,71,40,16,17,300
2623,3,2024-09-15,97,50,20,14,0
3626,3,2024-09-15,95,30,12,0,0
2602,3,2024-09-15,0,75,30,58,0
2163,3,2024-09-15,58,30,12,0,0
2130,3,2024-09-15,40,30,12,7,0
3177,3,2024-09-15,202,40,16,0,0
2295,3,2024-09-15,113,40,16,2,0
2906,3,2024-09-15,124,30,12,29,100
2184,3,2024-09-15,127,100,40,20,0
2250,3,2024-09-15,158,30,12,7,0
3060,3,2024-09-15,150,30,12,34,0
3243,3,2024-09-15,178,50,20,5,0
2358,3,2024-09-15,100,30,12,0,0
2574,3,2024-09-15,239,75,30,1,0
3613,3,2024-09-15,234,40,16,3,0
2897,3,2024-09-15,389,75,30,14,0
2567,3,2024-09-15,108,40,16,45,0
2665,3,2024-09-15,123,100,40,47,0
2035,3,2024-09-15,177,50,20,1,0
3814,3,2024-09-15,151,40,16,8,0
3142,3,2024-09-15,3,30,12,10,0
2269,3,2024-09-15,43,50,20,0,0
3793,3,2024-09-15,0,50,20,22,0
2669,3,2024-09-15,67,30,12,10,0
3159,3,2024-09-15,94,40,16,14,0
3796,3,2024-09-15,4,50,20,8,0
2764,3,2024-09-15,165,75,30,0,0
3014,3,2024-09-15,332,100,40,7,0
3288,3,2024-09-15,0,50,20,2,0
3461,3,2024-09-15,0,20,8,6,100
3689,3,2024-09-15,179,30,12,45,0
2109,3,2024-09-15,397,100,40,29,0
2311,3,2024-09-15,58,30,12,0,0
2474,3,2024-09-15,149,50,20,0,0
2107,3,2024-09-15,78,40,16,10,0
3363,3,2024-09-15,123,50,20,0,0
3536,3,2024-09-15,68,30,12,9,0
3834,3,2024-09-15,243,40,16,4,0
3153,3,2024-09-15,191,50,20,1,0
2365,3,2024-09-15,138,40,16,27,0
3533,3,2024-09-15,155,30,12,18,0
2150,3,2024-09-15,46,30,12,18,0
3701,3,2024-09-15,259,40,16,2,0
2890,3,2024-09-15,61,20,8,13,0
3817,3,2024-09-15,126,50,20,23,0
2535,3,2024-09-15,131,30,12,2,0
2849,3,2024-09-15,68,40,16,10,0
3057,3,2024-09-15,193,50,20,3,0
2722,3,2024-09-15,82,30,12,15,0
2190,3,2024-09-15,50,20,8,9,0
3656,3,2024-09-15,100,30,12,9,0
2632,3,2024-09-15,6,20,8,4,300
2531,3,2024-09-15,69,30,12,0,0
2690,3,2024-09-15,222,40,16,7,0
2991,3,2024-09-15,3,30,12,0,0
3197,3,2024-09-15,199,40,16,53,0
3739,3,2024-09-15,94,20,8,0,0
2626,3,2024-09-15,32,40,16,3,0
3692,3,2024-09-15,75,30,12,12,0
3558,3,2024-09-15,244,50,20,16,0
3635,3,2024-09-15,230,100,40,17,0
3624,3,2024-09-15,14,50,20,15,0
2483,3,2024-09-15,110,50,20,13,0
2526,3,2024-09-15,121,30,12,0,0
3420,3,2024-09-15,193,75,30,8,0
2825,3,2024-09-15,87,40,16,7,0
2432,3,2024-09-15,94,30,12,3,0
3513,3,2024-09-15,21,30,12,2,0
3275,3,2024-09-15,163,50,20,13,0
2187,3,2024-09-15,199,50,20,25,0
2077,3,2024-09-15,180,50,20,1,0
2075,3,2024-09-15,45,20,8,61,300
2066,3,2024-09-15,130,40,16,18,150
2971,3,2024-09-15,241,50,20,3,0
3419,3,2024-09-15,134,100,40,1,200
2847,3,2024-09-15,102,30,12,3,200
2817,3,2024-09-15,110,50,20,17,0
2124,3,2024-09-15,78,30,12,22,0
2791,3,2024-09-15,72,20,8,0,0
3145,3,2024-09-15,261,75,30,10,0
3362,3,2024-09-15,35,20,8,15,0
2507,3,2024-09-15,206,75,30,1,0
3440,3,2024-09-15,170,30,12,12,0
2489,3,2024-09-15,76,30,12,4,0
2368,3,2024-09-15,108,20,8,31,0
2688,3,2024-09-15,175,50,20,4,0
2351,3,2024-09-15,47,40,16,42,0
3455,3,2024-09-15,82,30,12,23,0
2893,3,2024-09-15,57,30,12,5,0
2552,3,2024-09-15,123,30,12,5,0
2621,3,2024-09-15,51,50,20,20,0
2696,3,2024-09-15,129,40,16,0,0
2685,3,2024-09-15,0,100,40,12,0
2585,3,2024-09-15,167,50,20,5,0
2840,3,2024-09-15,491,100,40,16,0
3622,3,2024-09-15,140,40,16,2,0
3094,3,2024-09-15,23,50,20,17,0
2553,3,2024-09-15,156,40,16,8,0
2876,3,2024-09-15,22,40,16,5,0
2865,3,2024-09-15,120,50,20,5,0
3598,3,2024-09-15,46,40,16,16,150
2127,3,2024-09-15,186,40,16,7,0
2477,3,2024-09-15,266,40,16,4,0
2613,3,2024-09-15,61,40,16,4,0
3599,3,2024-09-15,43,20,8,14,0
3336,3,2024-09-15,82,20,8,14,0
2516,3,2024-09-15,75,30,12,3,0
3540,3,2024-09-15,107,30,12,3,0
3670,3,2024-09-15,61,40,16,17,0
3748,3,2024-09-15,89,30,12,6,0
2930,3,2024-09-15,320,75,30,0,0
3493,3,2024-09-15,342,100,40,10,0
2079,3,2024-09-15,143,40,16,32,50
2590,3,2024-09-15,80,20,8,10,0
2568,3,2024-09-15,130,30,12,9,0
2494,3,2024-09-15,-13,100,40,7,0
3233,3,2024-09-15,104,50,20,19,0
2580,3,2024-09-15,119,40,16,3,0
2542,3,2024-09-15,227,50,20,19,0
3065,3,2024-09-15,145,40,16,6,0
2462,3,2024-09-15,37,30,12,1,0
3786,3,2024-09-15,-8,30,12,2,0
2202,3,2024-09-15,121,30,12,27,0
3000,3,2024-09-15,107,40,16,14,50
2015,3,2024-09-15,84,30,12,0,0
2523,3,2024-09-15,123,40,16,19,0
2286,3,2024-09-15,429,100,40,52,0
3365,3,2024-09-15,113,50,20,37,0
3687,3,2024-09-15,256,50,20,40,0
3342,3,2024-09-15,182,50,20,31,0
2701,3,2024-09-15,140,30,12,9,0
2880,3,2024-09-15,304,75,30,12,0
2899,3,2024-09-15,165,50,20,8,0
2855,3,2024-09-15,165,50,20,14,0
2650,3,2024-09-15,80,40,16,6,0
3794,3,2024-09-15,129,30,12,25,0
3135,3,2024-09-15,236,50,20,4,0
2327,3,2024-09-15,133,30,12,140,0
2245,3,2024-09-15,82,30,12,0,0
3311,3,2024-09-15,46,30,12,4,0
3661,3,2024-09-15,151,30,12,42,0
3383,3,2024-09-15,46,30,12,6,0
2911,3,2024-09-15,117,40,16,30,0
3084,3,2024-09-15,191,75,30,9,50
2524,3,2024-09-15,0,40,16,6,0
3655,3,2024-09-15,129,40,16,0,0
2870,3,2024-09-15,220,50,20,12,0
2634,3,2024-09-15,117,40,16,22,0
3697,3,2024-09-15,40,30,12,8,0
3041,3,2024-09-15,84,50,20,25,50
2518,3,2024-09-15,34,40,16,1,0
2046,3,2024-09-15,102,30,12,10,0
2891,3,2024-09-15,107,30,12,3,0
2399,3,2024-09-15,211,40,16,0,0
2811,3,2024-09-15,112,40,16,12,0
3665,3,2024-09-15,75,50,20,0,0
2175,3,2024-09-15,38,30,12,0,0
2687,3,2024-09-15,61,20,8,12,0
2654,3,2024-09-15,171,75,30,2,200
2136,3,2024-09-15,84,40,16,18,0
2441,3,2024-09-15,53,20,8,11,0
2324,3,2024-09-15,177,40,16,1,0
2253,3,2024-09-15,136,50,20,27,0
2083,3,2024-09-15,163,50,20,2,0
3378,3,2024-09-15,112,30,12,38,100
2894,3,2024-09-15,117,40,16,4,0
2449,3,2024-09-15,171,50,20,3,150
2797,3,2024-09-15,47,50,20,34,0
3082,3,2024-09-15,21,30,12,24,0
3328,3,2024-09-15,107,30,12,12,0
2471,3,2024-09-15,145,30,12,21,0
3749,3,2024-09-15,341,50,20,4,0
3654,3,2024-09-15,146,50,20,10,0
3659,3,2024-09-15,105,30,12,4,0
3510,3,2024-09-15,63,50,20,24,0
3012,3,2024-09-15,94,30,12,31,0
2514,3,2024-09-15,281,50,20,11,0
2448,3,2024-09-15,187,40,16,6,0
3762,3,2024-09-15,123,30,12,15,0
2317,3,2024-09-15,87,40,16,22,200
2297,3,2024-09-15,290,50,20,2,50
3471,3,2024-09-15,142,40,16,5,0
3262,3,2024-09-15,168,50,20,28,0
3707,3,2024-09-15,295,100,40,8,150
3652,3,2024-09-15,103,30,12,7,0
3090,3,2024-09-15,80,30,12,20,0
2165,3,2024-09-15,42,20,8,22,50
3591,3,2024-09-15,92,50,20,9,0
3110,3,2024-09-15,136,30,12,6,0
3173,3,2024-09-15,396,75,30,39,0
3307,3,2024-09-15,199,40,16,43,0
3629,3,2024-09-15,77,75,30,16,0
3009,3,2024-09-15,129,40,16,22,0
3710,3,2024-09-15,114,30,12,5,0
3359,3,2024-09-15,0,50,20,23,50
3718,3,2024-09-15,35,75,30,3,0
2536,3,2024-09-15,213,30,12,16,0
3575,3,2024-09-15,63,20,8,14,0
2624,3,2024-09-15,77,50,20,5,0
3277,3,2024-09-15,126,40,16,2,0
2724,3,2024-09-15,75,30,12,1,200
2300,3,2024-09-15,58,30,12,7,0
2756,3,2024-09-15,193,50,20,8,100
2859,3,2024-09-15,140,50,20,13,300
2427,3,2024-09-15,128,40,16,45,200
3683,3,2024-09-15,40,40,16,4,100
3452,3,2024-09-15,140,30,12,35,300
2234,3,2024-09-15,70,50,20,10,150
2246,3,2024-09-15,400,75,30,2,200
2667,3,2024-09-15,84,30,12,1,0
2784,3,2024-09-15,164,40,16,1,0
2431,3,2024-09-15,101,30,12,1,0
2853,3,2024-09-15,143,30,12,65,0
2042,3,2024-09-15,150,30,12,2,0
2681,3,2024-09-15,72,20,8,9,0
2291,3,2024-09-15,130,30,12,40,0
2998,3,2024-09-15,33,30,12,9,0
2266,3,2024-09-15,31,30,12,2,0
2931,3,2024-09-15,73,40,16,9,0
3274,3,2024-09-15,120,30,12,29,0
2314,3,2024-09-15,162,50,20,19,0
2456,3,2024-09-15,322,75,30,22,0
2204,3,2024-09-15,78,20,8,2,0
3303,3,2024-09-15,149,100,40,8,0
2386,3,2024-09-15,88,30,12,18,0
2315,3,2024-09-15,125,40,16,12,0
2800,3,2024-09-15,280,100,40,0,0
2850,3,2024-09-15,82,50,20,8,0
2122,3,2024-09-15,125,30,12,5,0
3356,3,2024-09-15,210,50,20,1,0
3602,3,2024-09-15,162,40,16,6,100
2951,3,2024-09-15,80,30,12,5,0
3547,3,2024-09-15,80,30,12,25,0
2143,3,2024-09-15,115,30,12,2,0
2874,3,2024-09-15,54,20,8,4,100
3789,3,2024-09-15,172,40,16,33,0
3062,3,2024-09-15,75,20,8,16,0
3078,3,2024-09-15,102,30,12,14,0
3503,3,2024-09-15,172,50,20,0,200
3134,3,2024-09-15,88,20,8,0,0
2194,3,2024-09-15,48,50,20,33,0
2914,3,2024-09-15,215,50,20,2,0
2852,3,2024-09-15,55,50,20,23,0
2128,3,2024-09-15,399,100,40,1,0
2424,3,2024-09-15,75,30,12,69,0
2832,3,2024-09-15,295,50,20,8,0
3539,3,2024-09-15,425,100,40,0,0
3216,3,2024-09-15,68,30,12,3,0
2084,3,2024-09-15,37,50,20,0,0
3171,3,2024-09-15,116,40,16,2,0
2200,3,2024-09-15,167,50,20,6,0
2747,3,2024-09-15,86,50,20,2,0
2168,3,2024-09-15,83,40,16,15,0
2916,3,2024-09-15,136,40,16,6,0
2011,3,2024-09-15,102,30,12,15,0
3723,3,2024-09-15,413,100,40,38,0
2583,3,2024-09-15,38,50,20,22,0
2933,3,2024-09-15,196,40,16,8,0
3343,3,2024-09-15,144,40,16,25,0
2827,3,2024-09-15,121,30,12,1,0
3557,3,2024-09-15,54,30,12,9,0
3566,3,2024-09-15,221,75,30,17,0
3606,3,2024-09-15,66,30,12,1,200
3803,3,2024-09-15,328,50,20,19,100
3827,3,2024-09-15,147,40,16,6,0
3397,3,2024-09-15,194,75,30,15,0
3050,3,2024-09-15,68,40,16,2,0
3364,3,2024-09-15,104,30,12,19,0
2838,3,2024-09-15,288,75,30,20,0
3386,3,2024-09-15,354,75,30,0,0
2398,3,2024-09-15,123,50,20,4,0
2412,3,2024-09-15,497,75,30,9,0
2228,3,2024-09-15,123,30,12,33,100
2284,3,2024-09-15,177,50,20,5,0
2418,3,2024-09-15,108,30,12,13,0
3668,3,2024-09-15,203,75,30,43,0
2937,3,2024-09-15,55,30,12,36,0
2866,3,2024-09-15,377,100,40,22,0
3367,3,2024-09-15,103,30,12,26,0
3203,3,2024-09-15,644,100,40,0,0
3175,3,2024-09-15,5,50,20,8,0
3267,3,2024-09-15,110,30,12,6,0
3700,3,2024-09-15,102,40,16,26,150
2636,3,2024-09-15,193,50,20,15,0
3406,3,2024-09-15,189,75,30,9,0
3146,3,2024-09-15,26,20,8,14,100
2070,3,2024-09-15,84,50,20,1,0
3720,3,2024-09-15,123,30,12,6,0
3422,3,2024-09-15,104,40,16,18,0
3034,3,2024-09-15,111,75,30,12,0
2979,3,2024-09-15,151,40,16,5,0
3835,3,2024-09-15,20,40,16,12,200
3097,3,2024-09-15,129,30,12,21,0
2846,3,2024-09-15,135,40,16,6,0
2040,3,2024-09-15,148,40,16,9,100
2476,3,2024-09-15,109,30,12,8,100
3016,3,2024-09-15,49,40,16,0,0
2748,3,2024-09-15,105,40,16,8,0
2727,3,2024-09-15,125,30,12,29,0
2045,3,2024-09-15,70,40,16,23,0
2990,3,2024-09-15,65,75,30,4,0
2160,3,2024-09-15,90,50,20,8,0
3611,3,2024-09-15,247,50,20,19,0
2151,3,2024-09-15,112,75,30,14,0
3292,3,2024-09-15,97,40,16,14,100
2815,3,2024-09-15,26,20,8,59,100
2785,3,2024-09-15,153,75,30,55,150
2373,3,2024-09-15,78,50,20,50,0
3548,3,2024-09-15,93,20,8,61,0
3231,3,2024-09-15,182,40,16,3,0
3111,3,2024-09-15,89,20,8,22,200
3245,3,2024-09-15,139,50,20,6,0
3743,3,2024-09-15,198,40,16,25,50
2573,3,2024-09-15,89,30,12,43,300
2463,3,2024-09-15,113,30,12,0,0
3019,3,2024-09-15,9,50,20,19,150
2235,3,2024-09-15,97,30,12,4,300
2926,3,2024-09-15,104,40,16,0,0
3761,3,2024-09-15,93,40,16,12,0
3505,3,2024-09-15,269,50,20,15,0
2478,3,2024-09-15,212,100,40,20,0
2999,3,2024-09-15,117,30,12,38,0
3614,3,2024-09-15,116,40,16,28,0
2772,3,2024-09-15,34,50,20,16,0
2861,3,2024-09-15,194,50,20,17,0
2114,3,2024-09-15,124,30,12,8,0
2264,3,2024-09-15,99,50,20,10,0
3265,3,2024-09-15,138,40,16,29,0
2262,3,2024-09-15,179,40,16,3,0
3066,3,2024-09-15,121,40,16,9,0
3791,3,2024-09-15,317,100,40,20,0
3387,3,2024-09-15,172,40,16,9,0
2276,3,2024-09-15,35,30,12,40,0
3222,3,2024-09-15,140,40,16,0,0
2392,3,2024-09-15,114,40,16,9,0
2209,3,2024-09-15,254,75,30,18,0
3260,3,2024-09-15,37,20,8,11,0
2754,3,2024-09-15,157,100,40,4,0
2169,3,2024-09-15,53,20,8,5,0
3195,3,2024-09-15,120,40,16,6,0
3772,3,2024-09-15,40,30,12,10,50
2218,3,2024-09-15,67,50,20,9,0
3448,3,2024-09-15,143,40,16,17,0
2571,3,2024-09-15,473,100,40,18,0
2556,3,2024-09-15,114,30,12,3,0
2550,3,2024-09-15,228,75,30,14,200
3498,3,2024-09-15,212,50,20,4,0
3341,3,2024-09-15,265,50,20,5,0
2457,3,2024-09-15,122,50,20,9,0
2601,3,2024-09-15,113,50,20,6,0
3011,3,2024-09-15,71,40,16,5,0
2481,3,2024-09-15,63,30,12,7,0
3228,3,2024-09-15,148,40,16,13,0
2741,3,2024-09-15,265,50,20,3,0
3244,3,2024-09-15,49,20,8,0,0
2036,3,2024-09-15,244,75,30,11,0
3215,3,2024-09-15,199,50,20,13,0
2382,3,2024-09-15,92,50,20,19,0
2349,3,2024-09-15,68,20,8,22,0
3512,3,2024-09-15,183,50,20,3,300
2102,3,2024-09-15,12,20,8,2,0
3272,3,2024-09-15,54,20,8,48,0
2243,3,2024-09-15,114,30,12,8,0
2413,3,2024-09-15,47,20,8,21,0
3366,3,2024-09-15,18,40,16,5,100
3264,3,2024-09-15,161,30,12,6,0
3500,3,2024-09-15,51,50,20,28,0
3819,3,2024-09-15,114,40,16,23,0
2289,3,2024-09-15,74,40,16,22,0
3807,3,2024-09-15,26,30,12,5,0
3168,3,2024-09-15,132,40,16,3,0
2716,3,2024-09-15,51,50,20,9,0
2944,3,2024-09-15,80,30,12,14,0
3735,3,2024-09-15,276,75,30,46,0
3733,3,2024-09-15,65,30,12,5,0
3694,3,2024-09-15,224,50,20,9,0
2582,3,2024-09-15,153,50,20,2,0
2796,3,2024-09-15,128,40,16,27,0
3144,3,2024-09-15,256,100,40,40,0
2325,3,2024-09-15,29,20,8,20,0
2700,3,2024-09-15,120,30,12,5,0
2671,3,2024-09-15,148,30,12,0,0
3205,3,2024-09-15,92,50,20,11,0
2064,3,2024-09-15,102,30,12,12,0
2275,3,2024-09-15,142,50,20,11,0
2273,3,2024-09-15,85,40,16,70,0
3373,3,2024-09-15,130,40,16,0,0
2775,3,2024-09-15,76,50,20,46,0
2332,3,2024-09-15,226,50,20,2,0
3745,3,2024-09-15,61,20,8,8,0
2698,3,2024-09-15,239,50,20,2,0
2537,3,2024-09-15,68,20,8,10,0
2154,3,2024-09-15,92,75,30,7,0
3319,3,2024-09-15,362,100,40,15,0
2192,3,2024-09-15,267,50,20,2,0
2598,3,2024-09-15,104,40,16,11,100
2628,3,2024-09-15,107,100,40,13,0
2403,3,2024-09-15,64,30,12,18,0
2394,3,2024-09-15,69,20,8,1,0
2026,3,2024-09-15,145,30,12,26,0
2298,3,2024-09-15,311,75,30,32,0
2283,3,2024-09-15,125,30,12,6,0
2425,3,2024-09-15,78,20,8,16,0
2544,3,2024-09-15,197,75,30,12,0
3158,3,2024-09-15,84,50,20,8,0
3535,3,2024-09-15,67,20,8,30,0
3207,3,2024-09-15,98,20,8,22,50
2415,3,2024-09-15,169,50,20,26,0
2572,3,2024-09-15,191,40,16,40,0
3180,3,2024-09-15,101,40,16,18,0
2566,3,2024-09-15,127,40,16,4,0
2260,3,2024-09-15,152,40,16,3,0
2292,3,2024-09-15,162,40,16,8,0
3828,3,2024-09-15,21,40,16,12,0
2674,3,2024-09-15,104,100,40,4,0
3163,3,2024-09-15,65,30,12,19,0
2952,3,2024-09-15,52,50,20,8,0
3569,3,2024-09-15,14,20,8,23,0
2695,3,2024-09-15,216,40,16,22,150
2570,3,2024-09-15,106,100,40,1,0
3196,3,2024-09-15,159,30,12,5,0
3096,3,2024-09-15,68,20,8,5,150
2496,3,2024-09-15,219,40,16,26,0
2329,3,2024-09-15,96,30,12,3,0
2308,3,2024-09-15,197,100,40,2,0
3402,3,2024-09-15,105,40,16,5,0
3445,3,2024-09-15,29,40,16,5,0
3255,3,2024-09-15,10,30,12,16,0
3015,3,2024-09-15,352,100,40,24,0
2236,3,2024-09-15,112,30,12,16,0
3332,3,2024-09-15,26,75,30,0,0
3070,3,2024-09-15,238,40,16,0,0
3181,3,2024-09-15,289,75,30,4,0
3013,3,2024-09-15,122,30,12,7,100
3429,3,2024-09-15,83,20,8,9,0
3770,3,2024-09-15,412,75,30,37,0
3779,3,2024-09-15,81,50,20,16,0
3444,3,2024-09-15,133,40,16,21,0
3118,3,2024-09-15,26,75,30,7,0
3736,3,2024-09-15,63,30,12,1,0
3473,3,2024-09-15,304,75,30,3,100
3187,3,2024-09-15,117,40,16,13,0
2366,3,2024-09-15,136,40,16,5,0
2157,3,2024-09-15,111,30,12,15,50
2712,3,2024-09-15,69,20,8,2,0
2920,3,2024-09-15,250,50,20,3,0
3486,3,2024-09-15,0,30,12,24,0
2610,3,2024-09-15,43,20,8,17,0
2148,3,2024-09-15,142,75,30,7,0
3047,3,2024-09-15,191,75,30,0,0
3708,3,2024-09-15,179,40,16,9,200
3246,3,2024-09-15,102,40,16,23,0
2614,3,2024-09-15,199,30,12,2,0
2408,3,2024-09-15,40,50,20,4,0
2666,3,2024-09-15,51,20,8,12,0
2578,3,2024-09-15,279,75,30,67,0
3201,3,2024-09-15,227,50,20,12,0
2428,3,2024-09-15,138,40,16,6,0
2702,3,2024-09-15,101,30,12,0,0
2482,3,2024-09-15,43,40,16,29,0
3675,3,2024-09-15,48,20,8,23,0
2497,3,2024-09-15,100,50,20,69,0
3544,3,2024-09-15,69,40,16,21,0
2082,3,2024-09-15,120,30,12,19,0
3174,3,2024-09-15,204,75,30,16,0
2322,3,2024-09-15,186,50,20,45,0
3747,3,2024-09-15,111,50,20,22,0
2101,3,2024-09-15,26,40,16,1,50
3199,3,2024-09-15,127,30,12,10,0
3459,3,2024-09-15,0,50,20,5,0
3123,3,2024-09-15,23,75,30,35,0
3200,3,2024-09-15,104,20,8,34,0
2854,3,2024-09-15,149,30,12,12,0
2098,3,2024-09-15,50,30,12,16,0
3542,3,2024-09-15,18,30,12,18,150
2922,3,2024-09-15,210,40,16,59,0
3125,3,2024-09-15,91,30,12,2,0
2419,3,2024-09-15,76,30,12,8,0
2932,3,2024-09-15,93,20,8,4,0
3484,3,2024-09-15,252,100,40,41,0
3148,3,2024-09-15,81,40,16,1,100
2004,3,2024-09-15,144,40,16,10,100
2331,3,2024-09-15,102,40,16,11,100
2709,3,2024-09-15,152,50,20,13,0
3391,3,2024-09-15,236,50,20,38,150
3757,3,2024-09-15,37,20,8,1,0
2921,3,2024-09-15,241,100,40,16,0
2744,3,2024-09-15,189,50,20,10,0
2510,3,2024-09-15,128,40,16,3,50
3427,3,2024-09-15,88,30,12,79,0
3583,3,2024-09-15,130,50,20,22,150
3276,3,2024-09-15,121,30,12,26,0
2813,3,2024-09-15,117,50,20,9,0
2896,3,2024-09-15,228,75,30,1,0
2237,3,2024-09-15,179,40,16,29,0
2936,3,2024-09-15,78,30,12,2,0
3024,3,2024-09-15,61,40,16,3,0
3580,3,2024-09-15,9,30,12,41,0
2512,3,2024-09-15,101,40,16,9,0
2760,3,2024-09-15,159,30,12,2,100
3162,3,2024-09-15,119,30,12,13,0
2397,3,2024-09-15,40,50,20,18,0
3254,3,2024-09-15,50,30,12,11,0
3185,3,2024-09-15,116,30,12,12,0
2682,3,2024-09-15,0,50,20,0,0
2749,3,2024-09-15,85,30,12,10,0
3007,3,2024-09-15,192,50,20,25,100
2290,3,2024-09-15,167,50,20,21,150
3301,3,2024-09-15,154,40,16,10,0
2105,3,2024-09-15,36,30,12,18,0
2617,3,2024-09-15,189,100,40,7,0
2287,3,2024-09-15,0,30,12,34,0
2805,3,2024-09-15,126,50,20,2,0
2029,3,2024-09-15,233,75,30,31,0
3467,3,2024-09-15,239,40,16,20,200
2918,3,2024-09-15,197,30,12,34,300
2073,3,2024-09-15,312,75,30,8,0
3314,3,2024-09-15,22,50,20,0,0
2328,3,2024-09-15,175,40,16,1,200
3434,3,2024-09-15,632,100,40,37,0
2915,3,2024-09-15,314,75,30,11,0
2599,3,2024-09-15,272,75,30,12,0
2341,3,2024-09-15,100,50,20,8,0
2493,3,2024-09-15,54,20,8,18,0
3441,3,2024-09-15,86,30,12,13,0
2183,3,2024-09-15,111,100,40,44,50
3398,3,2024-09-15,30,20,8,27,0
2889,3,2024-09-15,90,40,16,0,0
2293,3,2024-09-15,91,20,8,12,0
2361,3,2024-09-15,128,40,16,45,0
3824,3,2024-09-15,52,20,8,10,0
2594,3,2024-09-15,69,20,8,27,0
2642,3,2024-09-15,0,40,16,7,0
3193,3,2024-09-15,62,30,12,31,0
2330,3,2024-09-15,76,30,12,36,0
2912,3,2024-09-15,171,50,20,14,0
3527,3,2024-09-15,37,20,8,7,0
2589,3,2024-09-15,37,40,16,13,0
2587,3,2024-09-15,169,40,16,2,150
2563,3,2024-09-15,69,20,8,22,0
3005,3,2024-09-15,96,50,20,13,0
2787,3,2024-09-15,303,75,30,15,200
2513,3,2024-09-15,26,20,8,11,0
2823,3,2024-09-15,70,40,16,8,0
2615,3,2024-09-15,170,50,20,31,0
3100,3,2024-09-15,363,75,30,24,0
3750,3,2024-09-15,104,30,12,5,50
2591,3,2024-09-15,64,20,8,7,0
2625,3,2024-09-15,170,50,20,3,0
2141,3,2024-09-15,39,20,8,7,0
3354,3,2024-09-15,147,40,16,15,0
3586,3,2024-09-15,57,30,12,8,50
2786,3,2024-09-15,109,40,16,22,0
3258,3,2024-09-15,97,30,12,1,0
3029,3,2024-09-15,102,30,12,1,0
3702,3,2024-09-15,109,30,12,29,0
2301,3,2024-09-15,108,30,12,7,0
2965,3,2024-09-15,68,40,16,21,0
3115,3,2024-09-15,157,40,16,7,0
2860,3,2024-09-15,33,20,8,5,0
3730,3,2024-09-15,135,50,20,34,0
3400,3,2024-09-15,53,50,20,15,0
2022,3,2024-09-15,135,40,16,23,0
3724,3,2024-09-15,49,40,16,5,0
3018,3,2024-09-15,58,30,12,7,0
3451,3,2024-09-15,35,40,16,3,0
2943,3,2024-09-15,165,30,12,14,0
3636,3,2024-09-15,112,75,30,0,0
3476,3,2024-09-15,446,100,40,0,150
3095,3,2024-09-15,23,20,8,9,0
3719,3,2024-09-15,348,75,30,14,0
3002,3,2024-09-15,117,40,16,0,0
2641,3,2024-09-15,28,50,20,2,0
3049,3,2024-09-15,146,50,20,20,100
3832,3,2024-09-15,211,40,16,14,0
3417,3,2024-09-15,150,30,12,22,0
2983,3,2024-09-15,56,40,16,81,0
2060,3,2024-09-15,249,100,40,43,0
3131,3,2024-09-15,420,100,40,7,0
2834,3,2024-09-15,184,40,16,0,0
2071,3,2024-09-15,105,40,16,30,0
3805,3,2024-09-15,196,50,20,18,0
2167,3,2024-09-15,55,20,8,11,0
2975,3,2024-09-15,38,20,8,20,0
2499,3,2024-09-15,60,20,8,13,0
2255,3,2024-09-15,232,40,16,2,0
2929,3,2024-09-15,40,40,16,3,0
3104,3,2024-09-15,74,30,12,19,0
2969,3,2024-09-15,75,30,12,20,0
2790,3,2024-09-15,88,20,8,9,0
3407,3,2024-09-15,208,75,30,10,0
3194,3,2024-09-15,126,40,16,19,0
2137,3,2024-09-15,62,40,16,29,50
3495,3,2024-09-15,114,30,12,18,0
3413,3,2024-09-15,236,50,20,3,0
3663,3,2024-09-15,148,30,12,2,0
2660,3,2024-09-15,141,40,16,12,0
3298,3,2024-09-15,72,50,20,24,0
3106,3,2024-09-15,120,30,12,0,150
3703,3,2024-09-15,31,40,16,4,50
3358,3,2024-09-15,79,20,8,16,300
3114,3,2024-09-15,212,50,20,19,0
2878,3,2024-09-15,138,30,12,7,0
3768,3,2024-09-15,191,50,20,55,0
2433,3,2024-09-15,55,40,16,13,0
2061,3,2024-09-15,128,40,16,0,0
3653,3,2024-09-15,16,50,20,43,0
2238,3,2024-09-15,187,30,12,0,0
3133,3,2024-09-15,149,40,16,29,0
3109,3,2024-09-15,190,40,16,4,200
3843,3,2024-09-15,19,40,16,80,0
3810,3,2024-09-15,232,50,20,57,300
2342,3,2024-09-15,131,40,16,1,0
2692,3,2024-09-15,0,50,20,12,0
3236,3,2024-09-15,30,30,12,81,0
3524,3,2024-09-15,149,40,16,5,0
3074,3,2024-09-15,183,50,20,1,0
2884,3,2024-09-15,87,75,30,24,150
3442,3,2024-09-15,154,50,20,2,0
3457,3,2024-09-15,128,40,16,4,0
3388,3,2024-09-15,57,20,8,22,50
2967,3,2024-09-15,81,30,12,32,0
2208,3,2024-09-15,245,75,30,15,150
3472,3,2024-09-15,71,40,16,3,0
3651,3,2024-09-15,534,75,30,9,0
2620,3,2024-09-15,397,75,30,27,0
2057,3,2024-09-15,75,40,16,1,0
2006,3,2024-09-15,56,20,8,50,0
2759,3,2024-09-15,37,40,16,17,150
2718,3,2024-09-15,96,40,16,8,0
2871,3,2024-09-15,381,75,30,0,100
2352,3,2024-09-15,81,30,12,35,0
2409,3,2024-09-15,146,75,30,27,0
3119,3,2024-09-15,213,100,40,23,0
2179,3,2024-09-15,410,100,40,6,200
2215,3,2024-09-15,189,50,20,4,0
2313,3,2024-09-15,30,40,16,0,100
2841,3,2024-09-15,122,50,20,16,0
2378,3,2024-09-15,153,50,20,7,0
2050,3,2024-09-15,294,40,16,2,0
2945,3,2024-09-15,177,50,20,10,0
2673,3,2024-09-15,232,50,20,35,50
3120,3,2024-09-15,141,50,20,25,0
2708,3,2024-09-15,87,50,20,22,0
3492,3,2024-09-15,167,30,12,1,0
3252,3,2024-09-15,58,40,16,10,0
3672,3,2024-09-15,53,40,16,27,0
2437,3,2024-09-15,171,40,16,7,300
2844,3,2024-09-15,94,30,12,5,0
2370,3,2024-09-15,56,75,30,8,0
2242,3,2024-09-15,61,30,12,20,0
2065,3,2024-09-15,123,40,16,0,0
2446,3,2024-09-15,161,50,20,5,0
3804,3,2024-09-15,127,30,12,1,0
2903,3,2024-09-15,220,100,40,1,0
3209,3,2024-09-15,18,50,20,40,0
2144,3,2024-09-15,63,30,12,6,50
2737,3,2024-09-15,113,40,16,8,0
3372,3,2024-09-15,119,40,16,2,0
2213,3,2024-09-15,169,50,20,59,0
3339,3,2024-09-15,17,50,20,26,0
2138,3,2024-09-15,237,50,20,24,0
3376,3,2024-09-15,230,75,30,43,0
3211,3,2024-09-15,100,40,16,37,0
2232,3,2024-09-15,64,20,8,5,50
2651,3,2024-09-15,201,75,30,23,0
3389,3,2024-09-15,114,40,16,39,0
3351,3,2024-09-15,48,20,8,0,0
3682,3,2024-09-15,15,20,8,45,0
3031,3,2024-09-15,151,30,12,3,0
2161,3,2024-09-15,110,40,16,13,0
3741,3,2024-09-15,176,75,30,26,0
2793,3,2024-09-15,140,75,30,0,0
3799,3,2024-09-15,25,20,8,49,0
2527,3,2024-09-15,82,40,16,30,0
2442,3,2024-09-15,282,75,30,24,300
3217,3,2024-09-15,17,30,12,23,0
2686,3,2024-09-15,56,20,8,21,0
2603,3,2024-09-15,147,40,16,15,0
2099,3,2024-09-15,75,20,8,42,0
2350,3,2024-09-15,136,40,16,30,150
3821,3,2024-09-15,353,100,40,0,0
3758,3,2024-09-15,157,40,16,6,0
2753,3,2024-09-15,234,40,16,28,0
2505,3,2024-09-15,127,30,12,9,0
2375,3,2024-09-15,166,40,16,19,0
3842,3,2024-09-15,105,30,12,25,0
3404,3,2024-09-15,46,20,8,4,0
2233,3,2024-09-15,231,75,30,13,0
3247,3,2024-09-15,95,30,12,23,300
2960,3,2024-09-15,168,40,16,5,0
2384,3,2024-09-15,143,30,12,7,0
2072,3,2024-09-15,433,100,40,19,0
3036,3,2024-09-15,263,100,40,3,0
2828,3,2024-09-15,125,30,12,12,0
3122,3,2024-09-15,95,75,30,22,0
3522,3,2024-09-15,66,20,8,17,0
3453,3,2024-09-15,49,30,12,0,0
2226,3,2024-09-15,107,40,16,11,0
3249,3,2024-09-15,193,50,20,5,0
2027,3,2024-09-15,69,30,12,20,0
2680,3,2024-09-15,155,100,40,5,0
2010,3,2024-09-15,72,40,16,6,0
3223,3,2024-09-15,120,30,12,6,300
3361,3,2024-09-15,115,30,12,72,0
2470,3,2024-09-15,57,20,8,12,0
3564,3,2024-09-15,132,50,20,12,0
3271,3,2024-09-15,41,30,12,7,0
3506,3,2024-09-15,23,50,20,9,0
3261,3,2024-09-15,51,40,16,2,0
2511,3,2024-09-15,15,40,16,3,0
2149,3,2024-09-15,371,75,30,0,0
3759,3,2024-09-15,88,40,16,9,0
3482,3,2024-09-15,80,40,16,9,0
3784,3,2024-09-15,253,75,30,2,0
2450,3,2024-09-15,264,50,20,2,150
2618,3,2024-09-15,36,50,20,24,0
3112,3,2024-09-15,125,30,12,10,100
3775,3,2024-09-15,349,100,40,21,0
3600,3,2024-09-15,159,40,16,47,0
2405,3,2024-09-15,197,50,20,1,300
3830,3,2024-09-15,192,30,12,5,100
2829,3,2024-09-15,102,40,16,56,0
2191,3,2024-09-15,91,40,16,93,0
3690,3,2024-09-15,10,30,12,29,0
3355,3,2024-09-15,259,50,20,17,0
2263,3,2024-09-15,12,30,12,11,0
2108,3,2024-09-15,121,40,16,8,50
2118,3,2024-09-15,105,75,30,13,0
2055,3,2024-09-15,15,20,8,0,100
3528,3,2024-09-15,38,30,12,5,0
2559,3,2024-09-15,106,50,20,11,0
3640,3,2024-09-15,166,50,20,6,0
3227,3,2024-09-15,128,30,12,2,0
3695,3,2024-09-15,89,30,12,20,0
3538,3,2024-09-15,138,40,16,26,100
2495,3,2024-09-15,138,30,12,2,0
3147,3,2024-09-15,67,40,16,21,0
2901,3,2024-09-15,0,30,12,18,100
3179,3,2024-09-15,275,100,40,8,0
2186,3,2024-09-15,223,50,20,7,0
2873,3,2024-09-15,156,40,16,2,0
2762,3,2024-09-15,201,40,16,10,0
3589,3,2024-09-15,149,50,20,1,0
2530,3,2024-09-15,69,40,16,34,0
3529,3,2024-09-15,113,40,16,4,0
2104,3,2024-09-15,69,20,8,14,0
3006,3,2024-09-15,91,40,16,7,0
2697,3,2024-09-15,280,50,20,2,0
2436,3,2024-09-15,69,20,8,21,0
2172,3,2024-09-15,252,40,16,5,0
3048,3,2024-09-15,94,50,20,2,300
3335,3,2024-09-15,144,40,16,19,0
2001,3,2024-09-15,2,30,12,40,0
3149,3,2024-09-15,74,50,20,14,0
3076,3,2024-09-15,89,20,8,7,0
2323,3,2024-09-15,86,30,12,1,0
3677,3,2024-09-15,158,30,12,4,0
3304,3,2024-09-15,117,40,16,22,0
3296,3,2024-09-15,75,20,8,22,0
2964,3,2024-09-15,113,50,20,1,0
2707,3,2024-09-15,22,20,8,1,0
3284,3,2024-09-15,48,50,20,8,0
3128,3,2024-09-15,54,20,8,7,0
2597,3,2024-09-15,198,75,30,24,0
3001,3,2024-09-15,51,20,8,1,0
2607,3,2024-09-15,91,30,12,26,0
3077,3,2024-09-15,134,40,16,13,0
3017,3,2024-09-15,470,75,30,8,0
3815,3,2024-09-15,17,20,8,13,0
2034,3,2024-09-15,245,50,20,17,0
2239,3,2024-09-15,136,40,16,16,0
3838,3,2024-09-15,84,20,8,3,0
2305,3,2024-09-15,295,100,40,74,0
3368,3,2024-09-15,28,20,8,3,0
2606,3,2024-09-15,61,30,12,7,0
3283,3,2024-09-15,255,75,30,1,0
2364,3,2024-09-15,16,30,12,18,0
3649,3,2024-09-15,0,40,16,38,0
3709,3,2024-09-15,154,50,20,13,0
3178,3,2024-09-15,124,40,16,1,0
2278,3,2024-09-15,70,40,16,49,200
2153,3,2024-09-15,81,30,12,3,0
2178,3,2024-09-15,170,40,16,5,0
3279,3,2024-09-15,52,20,8,4,0
2520,3,2024-09-15,179,50,20,44,0
2078,3,2024-09-15,165,30,12,4,0
3395,3,2024-09-15,106,30,12,0,0
2185,3,2024-09-15,148,30,12,3,0
2357,3,2024-09-15,72,30,12,2,0
2905,3,2024-09-15,106,50,20,11,50
3731,3,2024-09-15,264,100,40,8,200
3785,3,2024-09-15,164,75,30,9,0
3054,3,2024-09-15,509,100,40,3,200
3639,3,2024-09-15,73,50,20,15,200
2637,3,2024-09-15,185,75,30,5,0
3322,3,2024-09-15,110,40,16,8,0
3630,3,2024-09-15,55,30,12,26,0
3324,3,2024-09-15,233,40,16,27,0
2676,3,2024-09-15,285,75,30,1,0
2333,3,2024-09-15,71,20,8,1,0
2132,3,2024-09-15,242,50,20,6,0
2763,3,2024-09-15,81,50,20,37,100
3617,3,2024-09-15,43,40,16,54,150
3578,3,2024-09-15,205,50,20,24,50
2857,3,2024-09-15,200,40,16,11,0
3573,3,2024-09-15,84,20,8,16,0
3072,3,2024-09-15,156,50,20,14,200
3728,3,2024-09-15,166,40,16,1,150
3221,3,2024-09-15,126,50,20,14,0
2177,3,2024-09-15,304,50,20,1,0
3022,3,2024-09-15,170,40,16,2,0
2902,3,2024-09-15,103,30,12,6,0
2025,3,2024-09-15,88,40,16,4,50
3435,3,2024-09-15,411,75,30,23,300
2996,3,2024-09-15,51,20,8,10,0
3780,3,2024-09-15,112,40,16,36,0
2421,3,2024-09-15,117,40,16,10,0
3756,3,2024-09-15,215,100,40,27,0
2267,3,2024-09-15,376,75,30,4,0
3504,3,2024-09-15,179,30,12,13,0
3130,3,2024-09-15,78,30,12,1,0
3753,3,2024-09-15,43,30,12,29,0
2320,3,2024-09-15,196,50,20,15,0
2203,3,2024-09-15,106,40,16,3,0
3426,3,2024-09-15,59,40,16,15,0
2005,3,2024-09-15,340,50,20,12,0
2058,3,2024-09-15,0,30,12,19,0
3609,3,2024-09-15,150,50,20,1,0
3523,3,2024-09-15,255,100,40,14,0
2451,3,2024-09-15,105,40,16,9,0
2645,3,2024-09-15,19,30,12,21,0
3143,3,2024-09-15,63,40,16,23,0
3782,3,2024-09-15,66,40,16,1,0
2778,3,2024-09-15,246,40,16,33,0
3746,3,2024-09-15,3,20,8,4,0
2525,3,2024-09-15,115,50,20,14,150
2836,3,2024-09-15,179,50,20,52,0
3374,3,2024-09-15,268,100,40,12,0
3042,3,2024-09-15,443,75,30,0,0
3463,3,2024-09-15,94,40,16,7,150
2134,3,2024-09-15,77,50,20,37,0
2941,3,2024-09-15,48,30,12,10,0
3225,3,2024-09-15,360,75,30,9,0
2344,3,2024-09-15,59,40,16,16,150
2180,3,2024-09-15,57,20,8,1,0
2750,3,2024-09-15,64,20,8,16,0
3477,3,2024-09-15,74,20,8,11,100
3183,3,2024-09-15,47,40,16,5,0
2396,3,2024-09-15,147,40,16,0,0
2561,3,2024-09-15,53,30,12,14,0
2117,3,2024-09-15,99,30,12,19,0
2604,3,2024-09-15,76,40,16,18,0
3408,3,2024-09-15,76,100,40,10,0
3327,3,2024-09-15,209,75,30,26,0
2252,3,2024-09-15,133,20,8,8,0
2875,3,2024-09-15,123,50,20,18,0
2389,3,2024-09-15,147,50,20,0,0
3240,3,2024-09-15,80,30,12,16,0
2830,3,2024-09-15,63,30,12,1,300
2909,3,2024-09-15,63,20,8,13,0
2730,3,2024-09-15,72,50,20,6,0
3836,3,2024-09-15,82,40,16,14,0
3281,3,2024-09-15,132,40,16,6,0
2306,3,2024-09-15,220,50,20,4,0
3026,3,2024-09-15,237,75,30,21,0
3619,3,2024-09-15,279,50,20,6,0
3792,3,2024-09-15,753,100,40,31,0
2037,3,2024-09-15,31,20,8,2,150
3409,3,2024-09-15,186,40,16,20,0
2227,3,2024-09-15,128,30,12,7,0
3841,3,2024-09-15,121,30,12,8,0
2133,3,2024-09-15,118,30,12,1,0
3781,3,2024-09-15,176,40,16,9,0
2887,3,2024-09-15,83,20,8,6,150
2307,3,2024-09-15,231,75,30,7,0
3620,3,2024-09-15,251,50,20,9,300
2883,3,2024-09-15,35,20,8,7,0
2303,3,2024-09-15,155,30,12,8,0
3742,3,2024-09-15,165,40,16,9,0
2977,3,2024-09-15,67,50,20,4,50
2982,3,2024-09-15,215,50,20,22,0
2222,3,2024-09-15,210,40,16,38,0
3290,3,2024-09-15,128,50,20,10,0
3309,3,2024-09-15,115,30,12,8,0
2593,3,2024-09-15,136,50,20,13,0
2472,3,2024-09-15,78,20,8,3,0
2663,3,2024-09-15,19,30,12,12,0
2438,3,2024-09-15,97,30,12,1,50
2081,3,2024-09-15,71,40,16,12,0
2962,3,2024-09-15,103,30,12,17,150
3443,3,2024-09-15,118,30,12,8,300
2356,3,2024-09-15,157,40,16,2,0
3431,3,2024-09-15,87,75,30,3,0
2533,3,2024-09-15,80,40,16,3,0
3425,3,2024-09-15,84,40,16,29,0
2845,3,2024-09-15,44,20,8,62,0
2020,3,2024-09-15,34,20,8,4,0
2661,3,2024-09-15,239,40,16,1,50
2792,3,2024-09-15,616,100,40,7,0
2546,3,2024-09-15,48,20,8,44,0
2656,3,2024-09-15,68,40,16,6,0
2147,3,2024-09-15,89,20,8,15,0
3520,3,2024-09-15,145,40,16,14,200
2734,3,2024-09-15,50,30,12,8,0
2863,3,2024-09-15,206,40,16,13,0
3475,3,2024-09-15,71,75,30,8,0
2466,3,2024-09-15,215,75,30,11,0
2116,3,2024-09-15,268,100,40,5,0
2576,3,2024-09-15,176,40,16,6,0
3085,3,2024-09-15,55,30,12,15,50
2257,3,2024-09-15,331,75,30,13,0
3010,3,2024-09-15,49,20,8,11,0
3039,3,2024-09-15,25,20,8,2,0
3287,3,2024-09-15,421,75,30,13,0
2197,3,2024-09-15,199,75,30,1,150
3121,3,2024-09-15,49,20,8,21,0
2454,3,2024-09-15,160,40,16,9,0
2173,3,2024-09-15,170,40,16,0,0
2097,3,2024-09-15,235,50,20,0,0
3740,3,2024-09-15,91,30,12,4,0
3737,3,2024-09-15,107,75,30,39,0
2188,3,2024-09-15,106,20,8,5,0
2268,3,2024-09-15,179,30,12,1,0
3139,3,2024-09-15,46,50,20,13,0
3030,3,2024-09-15,139,30,12,42,0
2761,3,2024-09-15,81,20,8,12,0
3091,3,2024-09-15,236,100,40,26,0
2377,3,2024-09-15,126,40,16,43,0
3344,3,2024-09-15,161,50,20,35,0
2139,3,2024-09-15,347,50,20,16,0
3138,3,2024-09-15,97,50,20,2,0
3182,3,2024-09-15,90,20,8,7,0
3822,3,2024-09-15,140,40,16,17,0
2646,3,2024-09-15,97,40,16,36,0
2949,3,2024-09-15,209,50,20,10,0
3305,3,2024-09-15,152,40,16,46,0
2773,3,2024-09-15,147,50,20,44,0
3722,3,2024-09-15,110,30,12,20,150
2693,3,2024-09-15,92,40,16,13,0
2334,3,2024-09-15,159,75,30,10,150
2609,3,2024-09-15,89,30,12,26,0
3107,3,2024-09-15,195,40,16,4,0
2713,3,2024-09-15,129,30,12,2,0
2976,3,2024-09-15,-8,40,16,30,0
3561,3,2024-09-15,19,30,12,19,0
2416,3,2024-09-15,103,30,12,26,0
2074,3,2024-09-15,171,40,16,16,0
2129,3,2024-09-15,144,50,20,36,300
3286,3,2024-09-15,326,100,40,0,0
2551,3,2024-09-15,176,40,16,6,150
2745,3,2024-09-15,31,30,12,22,100
3631,3,2024-09-15,160,50,20,30,0
3439,3,2024-09-15,124,40,16,11,0
2569,3,2024-09-15,74,30,12,8,0
3251,3,2024-09-15,174,50,20,1,0
2612,3,2024-09-15,103,50,20,8,100
2961,3,2024-09-15,226,75,30,28,0
3067,3,2024-09-15,202,100,40,21,0
2984,3,2024-09-15,27,20,8,16,0
2217,3,2024-09-15,107,40,16,3,0
2111,3,2024-09-15,123,40,16,57,100
2142,3,2024-09-15,80,30,12,10,0
3650,3,2024-09-15,70,20,8,2,200
3497,3,2024-09-15,138,40,16,46,0
3816,3,2024-09-15,82,50,20,44,50
2833,3,2024-09-15,4,50,20,10,0
3767,3,2024-09-15,180,75,30,25,0
2387,3,2024-09-15,46,40,16,3,0
3685,3,2024-09-15,238,75,30,29,0
2981,3,2024-09-15,210,40,16,7,0
3550,3,2024-09-15,-12,50,20,2,0
3234,3,2024-09-15,174,40,16,45,0
2993,3,2024-09-15,46,20,8,15,0
3521,3,2024-09-15,41,20,8,19,0
2554,3,2024-09-15,211,75,30,2,0
2385,3,2024-09-15,46,30,12,27,0
2783,3,2024-09-15,18,50,20,0,0
3808,3,2024-09-15,104,40,16,2,0
3800,3,2024-09-15,93,50,20,25,0
2777,3,2024-09-15,67,20,8,15,0
2538,3,2024-09-15,100,30,12,4,0
3297,3,2024-09-15,196,50,20,54,100
2090,3,2024-09-15,204,50,20,15,0
3481,3,2024-09-15,4,50,20,41,300
2683,3,2024-09-15,70,20,8,0,0
3352,3,2024-09-15,70,20,8,27,0
3021,3,2024-09-15,428,100,40,24,0
2086,3,2024-09-15,41,20,8,35,0
2940,3,2024-09-15,210,50,20,19,0
3642,3,2024-09-15,386,50,20,4,200
2672,3,2024-09-15,154,30,12,6,0
2547,3,2024-09-15,95,30,12,6,0
2789,3,2024-09-15,133,20,8,24,100
3771,3,2024-09-15,160,75,30,0,0
2339,3,2024-09-15,93,30,12,1,50
3126,3,2024-09-15,131,40,16,4,0
2326,3,2024-09-15,79,20,8,24,0
3241,3,2024-09-15,243,75,30,7,0
2549,3,2024-09-15,85,20,8,14,0
3488,3,2024-09-15,103,50,20,7,0
3248,3,2024-09-15,108,75,30,28,0
2155,3,2024-09-15,39,20,8,7,0
3625,3,2024-09-15,197,40,16,6,0
2545,3,2024-09-15,101,40,16,23,0
2152,3,2024-09-15,79,30,12,10,0
2770,3,2024-09-15,23,20,8,13,0
2198,3,2024-09-15,-15,40,16,24,0
3418,3,2024-09-15,125,40,16,0,300
3405,3,2024-09-15,367,100,40,28,0
3136,3,2024-09-15,295,50,20,1,0
3069,3,2024-09-15,111,20,8,2,0
2353,3,2024-09-15,156,50,20,6,0
2864,3,2024-09-15,65,30,12,32,0
2600,3,2024-09-15,100,30,12,2,0
3202,3,2024-09-15,156,40,16,41,0
3515,3,2024-09-15,147,30,12,12,0
3496,3,2024-09-15,46,20,8,0,0
3615,3,2024-09-15,75,20,8,40,0
2420,3,2024-09-15,60,40,16,11,0
3597,3,2024-09-15,73,40,16,3,0
3293,3,2024-09-15,177,40,16,1,0
3058,3,2024-09-15,157,40,16,13,0
2008,3,2024-09-15,66,30,12,11,0
3552,3,2024-09-15,93,50,20,16,0
2980,3,2024-09-15,115,20,8,9,0
3751,3,2024-09-15,95,20,8,7,0
3607,3,2024-09-15,0,30,12,11,0
3660,3,2024-09-15,76,20,8,14,0
3777,3,2024-09-15,0,75,30,3,0
2225,3,2024-09-15,120,20,8,0,0
2304,3,2024-09-15,137,30,12,5,0
2562,3,2024-09-15,90,20,8,48,0
3280,3,2024-09-15,33,20,8,3,0
2706,3,2024-09-15,179,50,20,8,300
2752,3,2024-09-15,38,30,12,18,0
3673,3,2024-09-15,157,40,16,33,50
3553,3,2024-09-15,144,30,12,0,0
2174,3,2024-09-15,235,40,16,21,0
2629,3,2024-09-15,345,75,30,14,0
2509,3,2024-09-15,184,40,16,6,0
2056,3,2024-09-15,119,40,16,9,0
2094,3,2024-09-15,125,75,30,5,0
3317,3,2024-09-15,50,20,8,4,0
3812,3,2024-09-15,49,30,12,25,0
3213,3,2024-09-15,36,30,12,3,0
2422,3,2024-09-15,119,30,12,13,0
3688,3,2024-09-15,133,50,20,1,0
2359,3,2024-09-15,96,20,8,30,0
3831,3,2024-09-15,192,75,30,2,0
2738,3,2024-09-15,121,30,12,14,0
2879,3,2024-09-15,141,40,16,5,0
2096,3,2024-09-15,434,100,40,28,0
2662,3,2024-09-15,251,50,20,33,0
2207,3,2024-09-15,189,40,16,1,0
2939,3,2024-09-15,0,50,20,11,0
3766,3,2024-09-15,169,50,20,29,0
3449,3,2024-09-15,74,30,12,6,0
3806,3,2024-09-15,400,75,30,14,0
2430,3,2024-09-15,154,50,20,12,0
2816,3,2024-09-15,97,30,12,6,0
2348,3,2024-09-15,31,20,8,0,0
3318,3,2024-09-15,55,30,12,5,0
3393,3,2024-09-15,99,40,16,10,0
2851,3,2024-09-15,62,30,12,6,0
3494,3,2024-09-15,183,100,40,5,0
2280,3,2024-09-15,59,50,20,2,50
2888,3,2024-09-15,154,50,20,48,0
2938,3,2024-09-15,90,30,12,2,0
2363,3,2024-09-15,25,20,8,5,0
2464,3,2024-09-15,78,30,12,0,0
2043,3,2024-09-15,136,40,16,8,0
3098,3,2024-09-15,78,40,16,12,200
3693,3,2024-09-15,61,30,12,26,0
2812,3,2024-09-15,151,40,16,32,0
3035,3,2024-09-15,99,30,12,12,0
3433,3,2024-09-15,503,100,40,0,0
3300,3,2024-09-15,183,30,12,1,0
3450,3,2024-09-15,158,50,20,12,0
2088,3,2024-09-15,95,30,12,20,0
2145,3,2024-09-15,14,30,12,45,0
3220,3,2024-09-15,195,50,20,30,0
2469,3,2024-09-15,31,40,16,2,0
3637,3,2024-09-15,185,50,20,3,0
2751,3,2024-09-15,168,50,20,15,0
2502,3,2024-09-15,149,50,20,19,0
3465,3,2024-09-15,47,20,8,21,0
3696,3,2024-09-15,119,50,20,74,0
3278,3,2024-09-15,28,20,8,11,0
2985,3,2024-09-15,273,50,20,19,0
2504,3,2024-09-15,92,30,12,23,0
2955,3,2024-09-15,32,20,8,11,0
2658,3,2024-09-15,155,50,20,2,150
2934,3,2024-09-15,16,75,30,24,0
2288,3,2024-09-15,352,100,40,4,0
3371,3,2024-09-15,65,40,16,3,0
2575,3,2024-09-15,54,40,16,16,0
2839,3,2024-09-15,384,75,30,32,100
2031,3,2024-09-15,49,50,20,5,0
2459,3,2024-09-15,201,50,20,8,0
3658,3,2024-09-15,9,50,20,86,0
3051,3,2024-09-15,0,50,20,14,0
2321,3,2024-09-15,96,50,20,9,200
2310,3,2024-09-15,49,30,12,4,0
2135,3,2024-09-15,303,50,20,12,0
3669,3,2024-09-15,54,30,12,4,50
3470,3,2024-09-15,96,40,16,5,0
3546,3,2024-09-15,103,40,16,11,0
2095,3,2024-09-15,188,75,30,36,0
2584,3,2024-09-15,115,30,12,7,0
2211,3,2024-09-15,68,30,12,1,0
2588,3,2024-09-15,227,50,20,9,0
3541,3,2024-09-15,114,40,16,9,0
2019,3,2024-09-15,160,75,30,12,0
2193,3,2024-09-15,109,40,16,54,200
2917,3,2024-09-15,214,40,16,4,0
2113,3,2024-09-15,150,50,20,14,50
2842,3,2024-09-15,312,100,40,3,0
3229,3,2024-09-15,31,30,12,15,0
3382,3,2024-09-15,437,100,40,21,0
2439,3,2024-09-15,71,40,16,1,0
2336,3,2024-09-15,29,30,12,9,0
2856,3,2024-09-15,106,50,20,20,0
2543,3,2024-09-15,113,20,8,4,200
2346,3,2024-09-15,205,50,20,4,0
2508,3,2024-09-15,77,20,8,0,0
3499,3,2024-09-15,65,30,12,0,0
3490,3,2024-09-15,122,40,16,3,0
3102,3,2024-09-15,169,40,16,10,0
3160,3,2024-09-15,82,50,20,4,0
3577,3,2024-09-15,95,30,12,6,0
3348,3,2024-09-15,171,30,12,5,0
2619,3,2024-09-15,86,20,8,6,0
3396,3,2024-09-15,121,50,20,37,0
3003,3,2024-09-15,95,50,20,13,0
2565,3,2024-09-15,63,40,16,2,0
3560,3,2024-09-15,93,20,8,59,100
3623,3,2024-09-15,0,20,8,1,100
3020,3,2024-09-15,84,40,16,2,0
3595,3,2024-09-15,94,20,8,15,0
2631,3,2024-09-15,235,50,20,0,0
2928,3,2024-09-15,68,50,20,49,0
2265,3,2024-09-15,154,50,20,16,0
2953,3,2024-09-15,80,30,12,18,0
2808,3,2024-09-15,120,75,30,1,0
3432,3,2024-09-15,180,40,16,0,0
3664,3,2024-09-15,44,30,12,2,0
3437,3,2024-09-15,161,40,16,27,0
2835,3,2024-09-15,253,75,30,38,300
2765,3,2024-09-15,266,50,20,45,0
3263,3,2024-09-15,272,75,30,4,50
2739,3,2024-09-15,47,20,8,2,0
2484,3,2024-09-15,114,30,12,0,0
2067,3,2024-09-15,196,40,16,3,150
3116,3,2024-09-15,152,40,16,14,0
3460,3,2024-09-15,32,20,8,8,200
3206,3,2024-09-15,100,40,16,12,0
2498,3,2024-09-15,87,50,20,24,0
2635,3,2024-09-15,25,20,8,19,0
2156,3,2024-09-15,161,30,12,8,0
2972,3,2024-09-15,42,20,8,5,0
2705,3,2024-09-15,209,30,12,42,200
2059,3,2024-09-15,85,40,16,1,0
2176,3,2024-09-15,110,30,12,8,0
3657,3,2024-09-15,215,50,20,4,100
2486,3,2024-09-15,168,40,16,28,0
3340,3,2024-09-15,85,75,30,13,0
2595,3,2024-09-15,98,30,12,0,0
2013,3,2024-09-15,73,40,16,6,0
3763,3,2024-09-15,173,40,16,4,0
2254,3,2024-09-15,46,30,12,6,0
2820,3,2024-09-15,399,75,30,16,0
2653,3,2024-09-15,293,50,20,5,0
2309,3,2024-09-15,56,20,8,13,0
3565,3,2024-09-15,143,40,16,19,0
2221,3,2024-09-15,76,30,12,9,0
2231,3,2024-09-15,151,30,12,21,0
2886,3,2024-09-15,332,75,30,8,150
3797,3,2024-09-15,53,20,8,8,0
3491,3,2024-09-15,0,50,20,19,0
2277,3,2024-09-15,84,40,16,3,0
2106,3,2024-09-15,141,50,20,26,0
3270,3,2024-09-15,115,40,16,11,0
2799,3,2024-09-15,134,50,20,1,0
3820,3,2024-09-15,357,100,40,12,0
2668,3,2024-09-15,78,20,8,1,0
3576,3,2024-09-15,217,75,30,5,0
2517,3,2024-09-15,18,20,8,26,0
3044,3,2024-09-15,99,30,12,5,50
3349,3,2024-09-15,98,40,16,4,0
2465,3,2024-09-15,105,30,12,18,0
2704,3,2024-09-15,106,40,16,6,0
3325,3,2024-09-15,20,40,16,6,0
3738,3,2024-09-15,51,50,20,6,0
2125,3,2024-09-15,99,40,16,21,0
2959,3,2024-09-15,171,30,12,3,0
2987,3,2024-09-15,42,20,8,61,0
2923,3,2024-09-15,175,50,20,12,0
2848,3,2024-09-15,195,50,20,7,0
2319,3,2024-09-15,241,50,20,11,0
3833,3,2024-09-15,90,20,8,0,50
2468,3,2024-09-15,170,100,40,15,0
3337,3,2024-09-15,53,20,8,3,0
2162,3,2024-09-15,215,50,20,22,0
2711,3,2024-09-15,84,50,20,19,0
2881,3,2024-09-15,275,50,20,8,0
3571,3,2024-09-15,124,30,12,6,0
2256,3,2024-09-15,101,30,12,29,0
2312,3,2024-09-15,189,50,20,55,100
3754,3,2024-09-15,81,40,16,4,0
2954,3,2024-09-15,39,30,12,3,0
3188,3,2024-09-15,91,30,12,64,0
3055,3,2024-09-15,53,40,16,7,0
2780,3,2024-09-15,33,50,20,6,0
2723,3,2024-09-15,145,40,16,4,0
3501,3,2024-09-15,87,20,8,2,0
3585,3,2024-09-15,181,50,20,10,0
2360,3,2024-09-15,361,100,40,9,0
2910,3,2024-09-15,214,40,16,1,0
2345,3,2024-09-15,83,30,12,3,150
2746,3,2024-09-15,95,40,16,2,0
3567,3,2024-09-15,107,40,16,13,0
3474,3,2024-09-15,83,30,12,91,0
3680,3,2024-09-15,48,30,12,18,0
2052,3,2024-09-15,163,50,20,1,0
3079,3,2024-09-15,40,30,12,1,0
3691,3,2024-09-15,173,40,16,1,0
3458,3,2024-09-15,125,50,20,12,0
3608,3,2024-09-15,110,40,16,5,0
2249,3,2024-09-15,59,40,16,21,100
3025,3,2024-09-15,164,50,20,29,0
3809,3,2024-09-15,148,30,12,51,0
3353,3,2024-09-15,143,75,30,17,0
3315,3,2024-09-15,338,50,20,13,0
2205,3,2024-09-15,30,20,8,3,0
2053,3,2024-09-15,107,30,12,33,0
3214,3,2024-09-15,53,30,12,13,100
2244,3,2024-09-15,107,30,12,17,0
2140,3,2024-09-15,95,40,16,7,0
2417,3,2024-09-15,71,20,8,15,0
3208,3,2024-09-15,99,20,8,9,0
2170,3,2024-09-15,105,40,16,0,0
3161,3,2024-09-15,406,75,30,51,0
2453,3,2024-09-15,43,30,12,47,0
3563,3,2024-09-15,167,50,20,3,0
2924,3,2024-09-15,210,100,40,9,0
3555,3,2024-09-15,116,30,12,10,0
3537,3,2024-09-15,7,30,12,3,100
2016,3,2024-09-15,61,20,8,11,100
3038,3,2024-09-15,130,40,16,20,0
3446,3,2024-09-15,81,30,12,25,0
2240,3,2024-09-15,68,50,20,2,100
2913,3,2024-09-15,116,40,16,8,100
3289,3,2024-09-15,227,50,20,47,0
3316,3,2024-09-15,308,75,30,13,0
2935,3,2024-09-15,69,30,12,7,0
3224,3,2024-09-15,251,75,30,0,0
3299,3,2024-09-15,297,100,40,3,0
2051,3,2024-09-15,-12,50,20,22,0
2769,3,2024-09-15,93,40,16,5,0
3154,3,2024-09-15,60,30,12,7,0
3313,3,2024-09-15,51,40,16,11,0
2973,3,2024-09-15,199,40,16,4,0
3666,3,2024-09-15,123,40,16,23,0
2224,3,2024-09-15,107,20,8,1,0
2461,3,2024-09-15,252,50,20,25,150
3108,3,2024-09-15,43,75,30,7,0
3811,3,2024-09-15,125,30,12,86,0
3390,3,2024-09-15,43,50,20,38,0
2085,3,2024-09-15,121,40,16,41,0
3235,3,2024-09-15,147,30,12,0,150
2007,3,2024-09-15,112,40,16,24,0
2251,3,2024-09-15,5,50,20,0,0
2743,3,2024-09-15,218,75,30,35,0
2411,3,2024-09-15,128,40,16,18,0
3083,3,2024-09-15,40,30,12,3,0
3790,3,2024-09-15,127,40,16,32,0
3587,3,2024-09-15,10,50,20,17,100
3127,3,2024-09-15,111,40,16,6,0
2393,3,2024-09-15,160,100,40,5,0
2907,3,2024-09-15,112,40,16,4,300
3844,3,2024-09-15,161,50,20,30,0
2892,3,2024-09-15,74,30,12,5,0
2997,3,2024-09-15,165,40,16,19,300
2555,3,2024-09-15,99,75,30,10,0
3551,3,2024-09-15,92,30,12,12,0
3089,3,2024-09-15,370,100,40,10,0
2611,3,2024-09-15,76,50,20,2,0
2248,3,2024-09-15,144,40,16,3,0
2699,3,2024-09-15,118,40,16,30,50
2119,3,2024-09-15,365,75,30,4,0
3549,3,2024-09-15,22,30,12,12,0
3525,3,2024-09-15,54,20,8,9,300
2014,3,2024-09-15,126,30,12,11,0
3480,3,2024-09-15,215,40,16,5,0
2966,3,2024-09-15,142,50,20,38,0
2023,3,2024-09-15,133,75,30,1,0
3306,3,2024-09-15,167,50,20,8,0
2895,3,2024-09-15,99,30,12,3,0
3403,3,2024-09-15,64,20,8,4,0
2781,3,2024-09-15,213,40,16,7,0
2279,3,2024-09-15,349,75,30,49,0
3519,3,2024-09-15,146,30,12,20,0
2826,3,2024-09-15,221,50,20,0,0
2684,3,2024-09-15,308,50,20,0,200
3132,3,2024-09-15,110,30,12,5,100
2391,3,2024-09-15,105,100,40,42,200
3436,3,2024-09-15,64,50,20,4,150
2063,3,2024-09-15,127,40,16,8,0
3765,3,2024-09-15,19,20,8,2,0
2171,3,2024-09-15,24,50,20,16,0
3507,3,2024-09-15,362,100,40,0,0
2103,3,2024-09-15,153,40,16,17,0
3027,3,2024-09-15,110,20,8,7,0
2181,3,2024-09-15,78,20,8,8,0
3141,3,2024-09-15,171,40,16,7,0
2199,3,2024-09-15,54,20,8,17,0
2024,3,2024-09-15,216,40,16,0,200
3839,3,2024-09-15,64,75,30,22,0
3381,3,2024-09-15,23,30,12,39,0
2596,3,2024-09-15,207,30,12,0,0
3113,3,2024-09-15,95,40,16,2,0
2146,3,2024-09-15,72,20,8,17,0
2862,3,2024-09-15,79,40,16,4,0
3845,3,2024-09-15,0,30,12,2,0
2272,3,2024-09-15,133,50,20,4,0
3699,3,2024-09-15,101,50,20,0,0
3063,3,2024-09-15,46,20,8,2,0
2219,3,2024-09-15,53,20,8,3,0
3601,3,2024-09-15,176,40,16,4,0
2794,3,2024-09-15,193,50,20,9,100
2480,3,2024-09-15,247,50,20,12,0
2316,3,2024-09-15,51,20,8,5,0
2807,3,2024-09-15,213,75,30,10,0
2038,3,2024-09-15,30,30,12,64,0
2804,3,2024-09-15,177,30,12,29,0
3662,3,2024-09-15,3,100,40,6,0
3312,3,2024-09-15,58,40,16,23,300
3256,3,2024-09-15,147,40,16,18,0
2776,3,2024-09-15,83,30,12,4,0
2379,3,2024-09-15,143,40,16,11,0
2802,3,2024-09-15,109,40,16,16,0
2821,3,2024-09-15,116,30,12,13,0
2788,3,2024-09-15,69,20,8,1,0
2033,3,2024-09-15,376,100,40,21,0
3152,3,2024-09-15,382,75,30,2,0
2414,3,2024-09-15,272,100,40,4,0
3502,3,2024-09-15,195,75,30,38,0
2782,3,2024-09-15,184,40,16,0,0
2039,3,2024-09-15,91,30,12,9,0
3813,3,2024-09-15,23,30,12,17,0
3155,3,2024-09-15,89,20,8,6,0
2919,3,2024-09-15,80,30,12,12,0
3295,3,2024-09-15,62,20,8,38,0
3369,3,2024-09-15,182,50,20,14,0
3151,3,2024-09-15,16,30,12,13,0
2729,3,2024-09-15,5,20,8,0,0
2164,3,2024-09-15,138,50,20,39,0
3644,3,2024-09-15,198,50,20,2,0
3043,3,2024-09-15,111,30,12,16,0
3170,3,2024-09-15,115,40,16,9,0
3603,3,2024-09-15,252,40,16,11,0
2182,3,2024-09-15,188,40,16,1,0
2371,3,2024-09-15,140,50,20,71,100
3647,3,2024-09-15,0,50,20,0,0
3559,3,2024-09-15,49,50,20,5,150
3046,3,2024-09-15,264,50,20,21,0
2522,3,2024-09-15,40,75,30,25,0
2017,3,2024-09-15,159,40,16,34,0
3543,3,2024-09-15,211,50,20,4,0
3721,3,2024-09-15,99,20,8,14,0
2703,3,2024-09-15,55,30,12,3,0
3421,3,2024-09-15,138,40,16,11,0
3230,3,2024-09-15,98,20,8,40,0
2426,3,2024-09-15,169,50,20,40,0
2223,3,2024-09-15,397,75,30,22,0
3282,3,2024-09-15,90,40,16,4,150
3250,3,2024-09-15,123,30,12,10,0
3508,3,2024-09-15,80,30,12,21,0
3345,3,2024-09-15,81,20,8,5,0
3164,3,2024-09-15,194,50,20,13,0
2087,3,2024-09-15,117,30,12,24,0
2506,3,2024-09-15,206,75,30,2,0
3140,3,2024-09-15,126,50,20,31,0
2539,3,2024-09-15,159,40,16,44,200
3592,3,2024-09-15,58,20,8,5,0
2452,3,2024-09-15,376,75,30,17,0
3370,3,2024-09-15,71,20,8,0,0
2643,3,2024-09-15,198,50,20,24,0
2241,3,2024-09-15,221,75,30,0,0
3627,3,2024-09-15,195,40,16,10,0
3080,3,2024-09-15,25,50,20,6,0
2206,3,2024-09-15,92,20,8,13,0
3412,3,2024-09-15,126,40,16,14,0
2948,3,2024-09-15,118,40,16,27,0
2809,3,2024-09-15,51,30,12,28,0
2201,3,2024-09-15,22,20,8,5,200
2818,3,2024-09-15,91,30,12,25,0
2376,3,2024-09-15,269,75,30,10,0
2261,3,2024-09-15,104,30,12,44,0
3711,3,2024-09-15,111,50,20,24,0
3479,3,2024-09-15,73,50,20,9,0
2677,3,2024-09-15,4,20,8,4,0
2867,3,2024-09-15,53,50,20,2,150
2548,3,2024-09-15,42,20,8,4,0
3638,3,2024-09-15,172,50,20,2,0
3681,3,2024-09-15,74,30,12,13,0
2664,3,2024-09-15,174,50,20,5,0
3124,3,2024-09-15,163,50,20,6,100
3212,3,2024-09-15,79,20,8,3,0
2755,3,2024-09-15,288,50,20,1,0
2123,3,2024-09-15,61,30,12,33,0
2302,3,2024-09-15,34,20,8,40,0
3198,3,2024-09-15,70,20,8,16,0
2434,3,2024-09-15,79,20,8,34,0
2337,3,2024-09-15,425,100,40,18,0
3165,3,2024-09-15,180,50,20,48,0
2558,3,2024-09-15,176,40,16,14,0
2657,3,2024-09-15,353,100,40,9,50
3184,3,2024-09-15,165,40,16,10,0
2710,3,2024-09-15,83,30,12,38,0
2521,3,2024-09-15,113,40,16,68,0
3616,3,2024-09-15,64,30,12,3,0
3487,3,2024-09-15,103,50,20,0,0
3554,3,2024-09-15,77,20,8,2,0
3338,3,2024-09-15,421,100,40,3,0
3760,3,2024-09-15,235,40,16,14,0
3714,3,2024-09-15,92,50,20,14,0
2271,3,2024-09-15,31,20,8,5,50
3186,3,2024-09-15,128,30,12,54,0
2018,3,2024-09-15,107,40,16,9,200
3191,3,2024-09-15,206,40,16,7,0
3040,3,2024-09-15,129,20,8,25,0
2988,3,2024-09-15,43,20,8,0,0
2126,3,2024-09-15,42,40,16,0,0
3071,3,2024-09-15,117,50,20,12,0
3532,3,2024-09-15,172,40,16,10,0
2091,3,2024-09-15,153,40,16,2,0
2166,3,2024-09-15,93,20,8,7,0
3579,3,2024-09-15,97,20,8,11,0
3634,3,2024-09-15,233,50,20,22,0
2021,3,2024-09-15,71,30,12,29,0
3686,3,2024-09-15,348,100,40,20,200
3717,3,2024-09-15,59,20,8,9,0
2622,3,2024-09-15,97,30,12,1,0
2383,3,2024-09-15,56,30,12,7,0
3326,3,2024-09-15,116,30,12,18,0
3526,3,2024-09-15,32,40,16,15,0
2798,3,2024-09-15,90,30,12,10,0
2995,3,2024-09-15,54,40,16,8,0
2877,3,2024-09-15,153,40,16,6,0
3204,3,2024-09-15,117,50,20,6,0
3755,3,2024-09-15,165,40,16,7,300
2473,3,2024-09-15,50,50,20,25,0
3350,3,2024-09-15,184,40,16,18,0
3189,3,2024-09-15,122,50,20,16,0
2868,3,2024-09-15,90,40,16,9,0
2627,3,2024-09-15,154,50,20,14,0
3081,3,2024-09-15,302,75,30,0,0
3294,3,2024-09-15,11,20,8,16,0
2898,3,2024-09-15,60,20,8,7,200
3596,3,2024-09-15,54,20,8,9,0
3483,3,2024-09-15,132,30,12,15,200
3715,3,2024-09-15,165,75,30,27,300
3392,3,2024-09-15,359,100,40,0,0
2080,3,2024-09-15,234,40,16,4,0
3346,3,2024-09-15,161,50,20,22,0
3584,3,2024-09-15,216,75,30,9,0
2068,3,2024-09-15,171,40,16,25,0
2338,3,2024-09-15,82,40,16,15,0
2675,3,2024-09-15,211,40,16,8,0
3137,3,2024-09-15,229,50,20,2,0
2989,3,2024-09-15,61,20,8,13,0
2735,3,2024-09-15,238,50,20,16,0
2423,3,2024-09-15,0,30,12,17,0
2216,3,2024-09-15,205,50,20,11,0
2076,3,2024-09-15,98,20,8,31,0
2372,3,2024-09-15,93,30,12,0,0
3073,3,2024-09-15,153,30,12,1,0
3678,3,2024-09-15,158,50,20,2,100
2115,3,2024-09-15,51,75,30,4,0
2340,3,2024-09-15,111,50,20,3,200
2956,3,2024-09-15,101,20,8,0,0
3679,3,2024-09-15,242,100,40,32,300
2429,3,2024-09-15,340,75,30,42,0
2579,3,2024-09-15,157,50,20,4,0
2355,3,2024-09-15,132,30,12,0,0
2810,3,2024-09-15,99,30,12,9,0
2925,3,2024-09-15,130,30,12,0,300
3726,3,2024-09-15,214,40,16,0,0
3052,3,2024-09-15,108,30,12,12,0
3302,3,2024-09-15,141,30,12,4,0
3075,3,2024-09-15,118,30,12,43,0
2638,3,2024-09-15,95,20,8,13,200
2616,3,2024-09-15,256,100,40,7,0
2581,3,2024-09-15,252,50,20,36,0
2012,3,2024-09-15,126,30,12,0,0
3394,3,2024-09-15,71,50,20,32,0
3166,3,2024-09-15,0,40,16,8,50
3468,3,2024-09-15,23,50,20,38,0
2131,3,2024-09-15,164,50,20,15,150
3706,3,2024-09-15,64,20,8,29,0
2720,3,2024-09-15,52,20,8,5,0
3237,3,2024-09-15,105,30,12,18,200
2958,3,2024-09-15,212,75,30,5,0
2758,3,2024-09-15,168,50,20,25,0
2435,3,2024-09-15,590,100,40,20,300
2369,3,2024-09-15,230,75,30,0,0
2407,3,2024-09-15,110,50,20,2,0
2942,3,2024-09-15,127,30,12,0,0
2678,3,2024-09-15,97,20,8,25,0
2519,3,2024-09-15,20,50,20,14,0
3478,3,2024-09-15,189,40,16,12,0
3466,3,2024-09-15,91,30,12,15,0
2294,3,2024-09-15,324,100,40,7,0
2560,3,2024-09-15,41,20,8,36,0
3037,3,2024-09-15,31,40,16,12,0
2968,3,2024-09-15,95,30,12,3,300
2479,3,2024-09-15,68,30,12,20,0
3570,3,2024-09-15,143,40,16,12,0
3823,3,2024-09-15,14,30,12,33,0
3269,3,2024-09-15,172,40,16,10,50
3375,3,2024-09-15,239,50,20,50,0
3101,3,2024-09-15,217,50,20,28,0
3734,3,2024-09-15,130,40,16,11,0
2230,3,2024-09-15,83,40,16,12,0
2717,3,2024-09-15,196,50,20,14,0
3744,3,2024-09-15,81,40,16,11,0
2908,3,2024-09-15,225,50,20,2,0
2447,3,2024-09-15,21,20,8,16,300
2388,3,2024-09-15,40,40,16,8,0
3157,3,2024-09-15,140,50,20,2,0
2028,3,2024-09-15,200,50,20,5,0
2719,3,2024-09-15,99,30,12,9,0
2900,3,2024-09-15,75,20,8,13,0
2047,3,2024-09-15,85,20,8,44,0
3605,3,2024-09-15,105,100,40,23,300
3604,3,2024-09-15,57,30,12,4,0
3033,3,2024-09-15,233,40,16,28,0
3414,3,2024-09-15,172,75,30,4,0
3329,3,2024-09-15,39,50,20,26,100
2069,3,2024-09-15,104,20,8,4,0
3801,3,2024-09-15,346,75,30,6,0
3509,3,2024-09-15,166,50,20,9,0
3117,3,2024-09-15,113,50,20,16,0
2281,3,2024-09-15,130,40,16,29,100
2110,3,2024-09-15,80,40,16,10,0
2740,3,2024-09-15,139,40,16,49,0
3385,3,2024-09-15,13,40,16,1,200
3594,3,2024-09-15,158,50,20,56,50
3415,3,2024-09-15,121,50,20,3,0
2220,3,2024-09-15,0,75,30,37,0
3411,3,2024-09-15,179,50,20,7,0
2401,3,2024-09-15,200,50,20,9,0
3462,3,2024-09-15,163,40,16,3,100
2970,3,2024-09-15,174,40,16,1,0
3053,3,2024-09-15,57,30,12,22,0
3572,3,2024-09-15,48,40,16,5,0
3259,3,2024-09-15,125,40,16,9,0
2963,3,2024-09-15,84,50,20,4,50
3086,3,2024-09-15,246,75,30,12,300
2402,3,2024-09-15,54,40,16,17,0
3534,3,2024-09-15,264,75,30,2,0
2440,3,2024-09-15,34,30,12,13,0
2771,3,2024-09-15,116,40,16,10,0
3795,3,2024-09-15,119,30,12,2,0
2824,3,2024-09-15,320,75,30,13,0
3469,3,2024-09-15,73,30,12,19,50
2715,3,2024-09-15,189,40,16,17,0
2395,3,2024-09-15,92,40,16,10,0
2904,3,2024-09-15,146,30,12,11,0
3380,3,2024-09-15,0,30,12,0,0
3330,3,2024-09-15,31,40,16,1,0
2986,3,2024-09-15,144,30,12,2,0
2927,3,2024-09-15,263,40,16,21,200
2189,3,2024-09-15,45,20,8,8,0
3004,3,2024-09-15,193,50,20,13,0
2992,3,2024-09-15,97,20,8,8,150
2803,3,2024-09-15,177,40,16,38,0
2806,3,2024-09-15,237,75,30,13,0
3610,3,2024-09-15,0,40,16,5,0
2406,3,2024-09-15,239,50,20,9,0
3291,3,2024-09-15,177,30,12,14,0
3698,3,2024-09-15,231,75,30,23,0
2837,3,2024-09-15,91,30,12,11,0
2726,3,2024-09-15,106,20,8,5,50
3712,3,2024-09-15,99,50,20,5,0
3518,3,2024-09-15,86,30,12,7,0
2488,3,2024-09-15,471,100,40,2,0
2210,3,2024-09-15,182,40,16,6,0
3545,3,2024-09-15,0,50,20,0,50
2974,3,2024-09-15,10,50,20,13,50
3825,3,2024-09-15,91,30,12,1,0
2694,3,2024-09-15,216,100,40,47,0
3818,3,2024-09-15,176,50,20,25,0
3556,3,2024-09-15,202,50,20,7,0
3092,3,2024-09-15,195,75,30,13,0
3826,3,2024-09-15,74,30,12,0,0
3377,3,2024-09-15,201,75,30,6,0
2048,3,2024-09-15,121,50,20,2,0
2044,3,2024-09-15,467,100,40,16,0
3840,3,2024-09-15,182,100,40,24,150
2089,3,2024-09-15,98,40,16,4,0
2032,3,2024-09-15,81,30,12,7,0
3704,3,2024-09-15,279,50,20,1,0
3210,3,2024-09-15,120,30,12,36,0
3129,3,2024-09-15,70,20,8,1,0
3093,3,2024-09-15,186,40,16,70,0
2380,3,2024-09-15,99,40,16,59,0
3648,3,2024-09-15,187,50,20,0,0
2092,3,2024-09-15,265,75,30,5,50
3253,3,2024-09-15,159,30,12,4,0
3454,3,2024-09-15,181,50,20,1,0
2774,3,2024-09-15,68,20,8,0,50
2093,3,2024-09-15,148,40,16,8,0
2455,3,2024-09-15,68,20,8,8,0
2121,3,2024-09-15,54,30,12,17,0
3285,3,2024-09-15,137,50,20,11,0
2592,3,2024-09-15,26,20,8,12,0
2767,3,2024-09-15,31,40,16,9,0
3167,3,2024-09-15,93,40,16,5,0
2639,3,2024-09-15,107,40,16,8,0
2843,3,2024-09-15,125,50,20,5,0
3088,3,2024-09-15,53,20,8,5,0
3632,3,2024-09-15,127,50,20,4,0
3150,3,2024-09-15,186,50,20,6,0
3671,3,2024-09-15,194,75,30,2,0
2247,3,2024-09-15,76,75,30,0,0
3705,3,2024-09-15,85,30,12,21,0
2540,3,2024-09-15,165,50,20,11,0
2947,3,2024-09-15,123,30,12,10,0
2882,3,2024-09-15,163,50,20,6,0
2041,3,2024-09-15,172,50,20,17,300
2733,3,2024-09-15,105,20,8,12,0
3438,3,2024-09-15,40,30,12,2,0
2515,3,2024-09-15,102,20,8,0,0
2159,3,2024-09-15,44,30,12,20,0
3032,3,2024-09-15,47,30,12,23,0
3725,3,2024-09-15,44,20,8,7,0
2491,3,2024-09-15,90,20,8,11,0
3428,3,2024-09-15,29,40,16,8,0
2819,3,2024-09-15,62,40,16,4,0
2458,3,2024-09-15,81,20,8,3,0
2732,3,2024-09-15,133,40,16,3,0
2814,3,2024-09-15,26,40,16,10,0
2381,3,2024-09-15,146,30,12,0,0
2487,3,2024-09-15,138,40,16,93,0
3447,3,2024-09-15,0,30,12,34,0
2670,3,2024-09-15,218,50,20,0,0
3008,3,2024-09-15,88,50,20,16,0
3778,3,2024-09-15,121,50,20,3,0
2120,3,2024-09-15,536,75,30,14,0
3238,3,2024-09-15,123,50,20,11,0
3590,3,2024-09-15,135,30,12,4,0
3105,3,2024-09-15,151,40,16,23,0
2229,3,2024-09-15,67,40,16,5,0
2445,3,2024-09-15,37,30,12,9,0
2869,3,2024-09-15,125,30,12,5,200
2347,3,2024-09-15,189,40,16,31,0
3618,3,2024-09-15,111,40,16,0,0
2564,3,2024-09-15,107,40,16,4,0
2002,3,2024-09-15,114,50,20,14,0
3169,3,2024-09-15,434,75,30,10,0
2296,3,2024-09-15,456,100,40,3,0
3489,3,2024-09-15,101,30,12,5,0
3423,3,2024-09-15,107,30,12,41,0
3401,3,2024-09-15,147,30,12,2,0
2158,3,2024-09-15,71,40,16,46,0
2492,3,2024-09-15,113,50,20,7,0
2691,3,2024-09-15,128,75,30,6,0
2557,3,2024-09-15,10,30,12,7,0
3242,3,2024-09-15,141,30,12,15,0
2831,3,2024-09-15,118,30,12,11,0
3257,3,2024-09-15,158,50,20,4,0
3099,3,2024-09-15,0,75,30,0,0
2978,3,2024-09-15,118,30,12,27,0
2444,3,2024-09-15,174,40,16,3,0
3310,3,2024-09-15,59,40,16,13,0
3399,3,2024-09-15,114,40,16,50,50
2795,3,2024-09-15,190,50,20,17,0
3334,3,2024-09-15,96,30,12,34,0
2532,3,2024-09-15,195,50,20,18,0
2659,3,2024-09-15,95,40,16,6,0
3333,3,2024-09-15,114,40,16,8,0
3581,3,2024-09-15,118,30,12,15,50
2354,3,2024-09-15,189,40,16,1,0
3410,3,2024-09-15,57,40,16,9,0
2335,3,2024-09-15,478,75,30,5,0
3727,3,2024-09-15,72,30,12,8,0
3059,3,2024-09-15,237,50,20,10,0
3787,3,2024-09-15,92,40,16,0,0
2285,3,2024-09-15,85,30,12,15,0
3218,3,2024-09-15,98,40,16,8,0
3568,3,2024-09-15,164,30,12,35,0
3239,3,2024-09-15,201,50,20,1,200
3798,3,2024-09-15,39,20,8,21,0
2062,3,2024-09-15,254,75,30,12,0
2714,3,2024-09-15,126,75,30,47,0
2528,3,2024-09-16,148,40,16,13,300
3716,3,2024-09-16,129,75,30,2,0
3464,3,2024-09-16,112,30,12,22,0
3430,3,2024-09-16,129,75,30,36,0
2404,3,2024-09-16,283,75,30,14,300
2541,3,2024-09-16,128,30,12,3,0
2623,3,2024-09-16,138,40,16,18,0
3626,3,2024-09-16,128,30,12,17,0
2602,3,2024-09-16,104,50,20,10,200
2163,3,2024-09-16,181,40,16,6,0
2130,3,2024-09-16,215,75,30,6,200
3177,3,2024-09-16,163,50,20,14,0
2295,3,2024-09-16,229,50,20,35,0
2906,3,2024-09-16,218,40,16,14,0
2184,3,2024-09-16,52,40,16,6,0
2250,3,2024-09-16,33,20,8,23,0
3060,3,2024-09-16,274,100,40,11,0
3243,3,2024-09-16,86,30,12,40,0
2358,3,2024-09-16,150,40,16,8,0
2574,3,2024-09-16,88,30,12,0,0
3613,3,2024-09-16,15,40,16,15,0
2897,3,2024-09-16,156,40,16,5,200
2567,3,2024-09-16,162,40,16,2,0
2665,3,2024-09-16,107,20,8,7,0
2035,3,2024-09-16,-14,30,12,1,0
3814,3,2024-09-16,111,40,16,11,0
3142,3,2024-09-16,76,30,12,19,0
2269,3,2024-09-16,80,30,12,16,0
3793,3,2024-09-16,31,40,16,4,0
2669,3,2024-09-16,183,50,20,14,0
3159,3,2024-09-16,279,100,40,21,0
3796,3,2024-09-16,131,30,12,13,0
2764,3,2024-09-16,255,40,16,3,0
3014,3,2024-09-16,24,20,8,17,0
3288,3,2024-09-16,218,100,40,10,300
3461,3,2024-09-16,30,20,8,1,100
3689,3,2024-09-16,27,20,8,24,0
2109,3,2024-09-16,88,20,8,18,0
2311,3,2024-09-16,44,30,12,19,0
2474,3,2024-09-16,62,20,8,7,0
2107,3,2024-09-16,204,30,12,19,0
3363,3,2024-09-16,150,30,12,10,100
3536,3,2024-09-16,166,40,16,11,0
3834,3,2024-09-16,115,30,12,9,0
3153,3,2024-09-16,245,75,30,1,300
2365,3,2024-09-16,68,40,16,6,0
3533,3,2024-09-16,128,40,16,4,0
2150,3,2024-09-16,103,40,16,6,0
3701,3,2024-09-16,59,30,12,9,0
2890,3,2024-09-16,39,30,12,11,0
3817,3,2024-09-16,101,30,12,1,0
2535,3,2024-09-16,69,30,12,11,0
2849,3,2024-09-16,177,40,16,27,0
3057,3,2024-09-16,72,40,16,5,0
2722,3,2024-09-16,65,20,8,11,0
2190,3,2024-09-16,145,40,16,7,0
3656,3,2024-09-16,58,20,8,9,0
2632,3,2024-09-16,139,30,12,17,0
2531,3,2024-09-16,167,50,20,12,0
2690,3,2024-09-16,104,30,12,33,100
2991,3,2024-09-16,18,20,8,19,0
3197,3,2024-09-16,152,40,16,3,0
3739,3,2024-09-16,11,40,16,11,0
2626,3,2024-09-16,63,30,12,6,0
3692,3,2024-09-16,170,50,20,5,50
3558,3,2024-09-16,59,20,8,0,0
3635,3,2024-09-16,113,40,16,4,0
3624,3,2024-09-16,256,75,30,34,300
2483,3,2024-09-16,23,20,8,14,0
2526,3,2024-09-16,175,40,16,37,0
3420,3,2024-09-16,231,75,30,6,0
2825,3,2024-09-16,81,20,8,3,0
2432,3,2024-09-16,303,100,40,0,0
3513,3,2024-09-16,45,20,8,1,0
3275,3,2024-09-16,224,75,30,11,0
2187,3,2024-09-16,178,75,30,3,0
2077,3,2024-09-16,152,40,16,15,0
2075,3,2024-09-16,68,75,30,14,0
2066,3,2024-09-16,154,40,16,28,0
2971,3,2024-09-16,191,50,20,27,300
3419,3,2024-09-16,92,50,20,2,0
2847,3,2024-09-16,523,100,40,11,0
2817,3,2024-09-16,149,40,16,30,0
2124,3,2024-09-16,106,20,8,29,0
2791,3,2024-09-16,307,50,20,20,0
3145,3,2024-09-16,164,40,16,11,300
3362,3,2024-09-16,270,75,30,32,0
2507,3,2024-09-16,93,40,16,14,0
3440,3,2024-09-16,252,75,30,12,50
2489,3,2024-09-16,238,75,30,18,0
2368,3,2024-09-16,46,50,20,12,0
2688,3,2024-09-16,209,100,40,0,0
2351,3,2024-09-16,49,30,12,0,0
3455,3,2024-09-16,12,50,20,12,0
2893,3,2024-09-16,54,20,8,52,0
2552,3,2024-09-16,86,30,12,22,0
2621,3,2024-09-16,118,30,12,1,0
2696,3,2024-09-16,87,40,16,4,0
2685,3,2024-09-16,136,75,30,13,0
2585,3,2024-09-16,0,30,12,26,0
2840,3,2024-09-16,0,30,12,5,0
3622,3,2024-09-16,271,75,30,14,50
3094,3,2024-09-16,68,20,8,26,0
2553,3,2024-09-16,208,40,16,28,200
2876,3,2024-09-16,50,20,8,5,0
2865,3,2024-09-16,169,50,20,13,300
3598,3,2024-09-16,29,30,12,12,0
2127,3,2024-09-16,117,30,12,1,0
2477,3,2024-09-16,154,50,20,5,0
2613,3,2024-09-16,226,50,20,5,0
3599,3,2024-09-16,49,30,12,1,0
3336,3,2024-09-16,106,20,8,10,0
2516,3,2024-09-16,81,30,12,13,0
3540,3,2024-09-16,79,30,12,5,0
3670,3,2024-09-16,294,50,20,28,0
3748,3,2024-09-16,22,50,20,5,0
2930,3,2024-09-16,79,40,16,15,0
3493,3,2024-09-16,175,50,20,14,0
2079,3,2024-09-16,159,40,16,18,0
2590,3,2024-09-16,196,50,20,0,0
2568,3,2024-09-16,119,30,12,8,0
2494,3,2024-09-16,40,30,12,29,300
3233,3,2024-09-16,196,50,20,16,0
2580,3,2024-09-16,166,40,16,12,0
2542,3,2024-09-16,68,30,12,9,0
3065,3,2024-09-16,85,20,8,24,0
2462,3,2024-09-16,0,30,12,20,0
3786,3,2024-09-16,49,20,8,4,150
2202,3,2024-09-16,205,50,20,4,0
3000,3,2024-09-16,236,40,16,10,0
2015,3,2024-09-16,59,40,16,2,0
2523,3,2024-09-16,74,20,8,7,0
2286,3,2024-09-16,41,30,12,0,0
3365,3,2024-09-16,80,30,12,11,0
3687,3,2024-09-16,68,20,8,30,0
3342,3,2024-09-16,95,50,20,36,0
2701,3,2024-09-16,86,40,16,18,0
2880,3,2024-09-16,164,50,20,37,0
2899,3,2024-09-16,43,20,8,9,0
2855,3,2024-09-16,175,40,16,32,0
2650,3,2024-09-16,165,40,16,18,0
3794,3,2024-09-16,136,30,12,21,0
3135,3,2024-09-16,101,20,8,6,0
2327,3,2024-09-16,96,20,8,30,0
2245,3,2024-09-16,273,75,30,8,200
3311,3,2024-09-16,111,40,16,6,0
3661,3,2024-09-16,160,40,16,3,50
3383,3,2024-09-16,126,30,12,3,0
2911,3,2024-09-16,350,75,30,14,0
3084,3,2024-09-16,22,40,16,31,50
2524,3,2024-09-16,120,30,12,32,0
3655,3,2024-09-16,84,30,12,12,0
2870,3,2024-09-16,167,50,20,40,0
2634,3,2024-09-16,0,50,20,7,0
3697,3,2024-09-16,144,30,12,2,0
3041,3,2024-09-16,98,30,12,8,0
2518,3,2024-09-16,184,50,20,2,0
2046,3,2024-09-16,241,50,20,36,100
2891,3,2024-09-16,131,30,12,16,0
2399,3,2024-09-16,68,50,20,17,0
2811,3,2024-09-16,182,40,16,5,0
3665,3,2024-09-16,159,50,20,8,0
2175,3,2024-09-16,65,40,16,16,0
2687,3,2024-09-16,174,40,16,51,0
2654,3,2024-09-16,120,30,12,15,0
2136,3,2024-09-16,117,30,12,33,0
2441,3,2024-09-16,177,75,30,9,0
2324,3,2024-09-16,114,40,16,0,50
2253,3,2024-09-16,372,100,40,34,0
2083,3,2024-09-16,504,75,30,15,0
3378,3,2024-09-16,260,100,40,10,200
2894,3,2024-09-16,113,50,20,1,0
2449,3,2024-09-16,96,30,12,1,0
2797,3,2024-09-16,97,40,16,13,0
3082,3,2024-09-16,185,40,16,1,0
3328,3,2024-09-16,128,40,16,18,0
2471,3,2024-09-16,32,30,12,13,0
3749,3,2024-09-16,125,30,12,16,0
3654,3,2024-09-16,82,20,8,25,0
3659,3,2024-09-16,138,100,40,6,0
3510,3,2024-09-16,144,50,20,37,100
3012,3,2024-09-16,50,20,8,4,0
2514,3,2024-09-16,24,20,8,7,0
2448,3,2024-09-16,35,100,40,10,0
3762,3,2024-09-16,95,20,8,6,0
2317,3,2024-09-16,117,50,20,2,0
2297,3,2024-09-16,55,50,20,15,0
3471,3,2024-09-16,47,40,16,2,0
3262,3,2024-09-16,202,75,30,21,200
3707,3,2024-09-16,98,40,16,17,0
3652,3,2024-09-16,42,40,16,10,0
3090,3,2024-09-16,148,75,30,2,0
2165,3,2024-09-16,0,30,12,4,200
3591,3,2024-09-16,121,30,12,22,0
3110,3,2024-09-16,121,30,12,0,50
3173,3,2024-09-16,249,50,20,58,200
3307,3,2024-09-16,204,40,16,49,0
3629,3,2024-09-16,107,50,20,46,50
3009,3,2024-09-16,107,30,12,43,0
3710,3,2024-09-16,183,50,20,11,0
3359,3,2024-09-16,82,20,8,1,0
3718,3,2024-09-16,315,75,30,7,0
2536,3,2024-09-16,225,40,16,16,0
3575,3,2024-09-16,129,40,16,2,0
2624,3,2024-09-16,142,30,12,11,0
3277,3,2024-09-16,23,20,8,34,0
2724,3,2024-09-16,149,30,12,6,0
2300,3,2024-09-16,116,40,16,3,0
2756,3,2024-09-16,0,40,16,61,0
2859,3,2024-09-16,88,30,12,18,0
2427,3,2024-09-16,162,40,16,38,0
3683,3,2024-09-16,256,100,40,10,150
3452,3,2024-09-16,241,40,16,7,0
2234,3,2024-09-16,60,20,8,11,0
2246,3,2024-09-16,117,50,20,1,0
2667,3,2024-09-16,89,40,16,2,0
2784,3,2024-09-16,102,30,12,14,0
2431,3,2024-09-16,129,30,12,39,0
2853,3,2024-09-16,57,20,8,7,0
2042,3,2024-09-16,116,100,40,10,0
2681,3,2024-09-16,41,20,8,1,150
2291,3,2024-09-16,59,30,12,14,0
2998,3,2024-09-16,180,50,20,8,0
2266,3,2024-09-16,200,40,16,5,0
2931,3,2024-09-16,151,40,16,7,0
3274,3,2024-09-16,126,30,12,31,0
2314,3,2024-09-16,93,40,16,1,0
2456,3,2024-09-16,78,30,12,11,50
2204,3,2024-09-16,82,50,20,10,0
3303,3,2024-09-16,160,50,20,8,300
2386,3,2024-09-16,96,20,8,25,0
2315,3,2024-09-16,147,40,16,29,0
2800,3,2024-09-16,98,30,12,0,0
2850,3,2024-09-16,206,40,16,17,0
2122,3,2024-09-16,71,40,16,13,0
3356,3,2024-09-16,69,20,8,8,0
3602,3,2024-09-16,239,50,20,46,0
2951,3,2024-09-16,71,40,16,8,0
3547,3,2024-09-16,437,100,40,9,0
2143,3,2024-09-16,175,40,16,10,50
2874,3,2024-09-16,129,50,20,1,300
3789,3,2024-09-16,25,20,8,16,200
3062,3,2024-09-16,130,40,16,0,0
3078,3,2024-09-16,163,30,12,1,0
3503,3,2024-09-16,71,20,8,4,100
3134,3,2024-09-16,113,30,12,5,0
2194,3,2024-09-16,497,100,40,11,50
2914,3,2024-09-16,197,50,20,25,0
2852,3,2024-09-16,153,40,16,1,0
2128,3,2024-09-16,176,40,16,20,0
2424,3,2024-09-16,123,30,12,22,0
2832,3,2024-09-16,195,40,16,9,0
3539,3,2024-09-16,206,40,16,3,0
3216,3,2024-09-16,132,30,12,14,0
2084,3,2024-09-16,156,40,16,2,0
3171,3,2024-09-16,45,40,16,49,0
2200,3,2024-09-16,95,30,12,6,0
2747,3,2024-09-16,0,30,12,14,0
2168,3,2024-09-16,105,40,16,28,0
2916,3,2024-09-16,134,30,12,11,0
2011,3,2024-09-16,228,50,20,4,0
3723,3,2024-09-16,102,40,16,13,0
2583,3,2024-09-16,32,20,8,7,0
2933,3,2024-09-16,35,40,16,16,0
3343,3,2024-09-16,132,30,12,47,0
2827,3,2024-09-16,155,40,16,8,0
3557,3,2024-09-16,166,40,16,11,0
3566,3,2024-09-16,119,40,16,18,0
3606,3,2024-09-16,273,40,16,23,0
3803,3,2024-09-16,79,30,12,12,150
3827,3,2024-09-16,11,75,30,31,0
3397,3,2024-09-16,79,40,16,30,0
3050,3,2024-09-16,56,40,16,5,0
3364,3,2024-09-16,348,75,30,9,0
2838,3,2024-09-16,229,40,16,3,0
3386,3,2024-09-16,105,75,30,0,0
2398,3,2024-09-16,145,40,16,6,0
2412,3,2024-09-16,160,50,20,2,0
2228,3,2024-09-16,157,50,20,25,0
2284,3,2024-09-16,128,75,30,7,0
2418,3,2024-09-16,33,20,8,2,150
3668,3,2024-09-16,16,50,20,7,0
2937,3,2024-09-16,127,30,12,16,0
2866,3,2024-09-16,75,30,12,25,0
3367,3,2024-09-16,73,30,12,14,0
3203,3,2024-09-16,120,30,12,32,150
3175,3,2024-09-16,214,50,20,17,0
3267,3,2024-09-16,621,100,40,7,0
3700,3,2024-09-16,104,40,16,7,0
2636,3,2024-09-16,121,75,30,8,0
3406,3,2024-09-16,0,50,20,17,300
3146,3,2024-09-16,132,40,16,15,0
2070,3,2024-09-16,151,40,16,30,0
3720,3,2024-09-16,263,75,30,4,0
3422,3,2024-09-16,239,50,20,12,200
3034,3,2024-09-16,188,40,16,29,0
2979,3,2024-09-16,38,40,16,15,0
3835,3,2024-09-16,110,50,20,2,0
3097,3,2024-09-16,179,75,30,1,0
2846,3,2024-09-16,86,40,16,19,0
2040,3,2024-09-16,135,75,30,12,0
2476,3,2024-09-16,134,50,20,0,200
3016,3,2024-09-16,66,30,12,32,50
2748,3,2024-09-16,152,30,12,10,0
2727,3,2024-09-16,95,30,12,3,200
2045,3,2024-09-16,0,30,12,25,0
2990,3,2024-09-16,45,20,8,3,300
2160,3,2024-09-16,220,75,30,15,150
3611,3,2024-09-16,52,75,30,1,0
2151,3,2024-09-16,248,40,16,14,0
3292,3,2024-09-16,57,50,20,0,0
2815,3,2024-09-16,82,30,12,0,300
2785,3,2024-09-16,160,75,30,1,0
2373,3,2024-09-16,94,20,8,8,0
3548,3,2024-09-16,166,75,30,4,0
3231,3,2024-09-16,0,20,8,9,0
3111,3,2024-09-16,107,30,12,48,0
3245,3,2024-09-16,81,20,8,45,0
3743,3,2024-09-16,159,50,20,2,0
2573,3,2024-09-16,7,20,8,0,0
2463,3,2024-09-16,99,20,8,14,100
3019,3,2024-09-16,84,50,20,10,0
2235,3,2024-09-16,216,40,16,53,0
2926,3,2024-09-16,84,20,8,34,150
3761,3,2024-09-16,156,40,16,4,0
3505,3,2024-09-16,30,20,8,6,0
2478,3,2024-09-16,112,20,8,30,0
2999,3,2024-09-16,129,30,12,7,0
3614,3,2024-09-16,242,50,20,31,0
2772,3,2024-09-16,25,20,8,43,200
2861,3,2024-09-16,112,30,12,4,0
2114,3,2024-09-16,31,40,16,5,0
2264,3,2024-09-16,74,30,12,10,0
3265,3,2024-09-16,27,20,8,45,0
2262,3,2024-09-16,125,50,20,5,0
3066,3,2024-09-16,47,50,20,16,300
3791,3,2024-09-16,20,20,8,27,50
3387,3,2024-09-16,98,30,12,41,0
2276,3,2024-09-16,61,50,20,20,0
3222,3,2024-09-16,95,40,16,12,0
2392,3,2024-09-16,157,40,16,9,300
2209,3,2024-09-16,116,20,8,75,0
3260,3,2024-09-16,119,30,12,44,0
2754,3,2024-09-16,148,50,20,11,0
2169,3,2024-09-16,57,50,20,16,0
3195,3,2024-09-16,191,50,20,65,0
3772,3,2024-09-16,100,40,16,7,300
2218,3,2024-09-16,0,40,16,10,0
3448,3,2024-09-16,417,75,30,11,300
2571,3,2024-09-16,66,20,8,0,150
2556,3,2024-09-16,168,40,16,5,0
2550,3,2024-09-16,245,50,20,69,0
3498,3,2024-09-16,139,40,16,11,0
3341,3,2024-09-16,64,30,12,3,100
2457,3,2024-09-16,134,30,12,5,0
2601,3,2024-09-16,137,40,16,1,0
3011,3,2024-09-16,97,40,16,2,0
2481,3,2024-09-16,93,50,20,5,0
3228,3,2024-09-16,84,30,12,34,300
2741,3,2024-09-16,64,20,8,8,0
3244,3,2024-09-16,0,50,20,32,300
2036,3,2024-09-16,155,20,8,10,0
3215,3,2024-09-16,178,40,16,17,0
2382,3,2024-09-16,153,40,16,18,50
2349,3,2024-09-16,129,40,16,13,0
3512,3,2024-09-16,151,50,20,10,0
2102,3,2024-09-16,216,50,20,7,0
3272,3,2024-09-16,65,30,12,7,0
2243,3,2024-09-16,62,20,8,26,0
2413,3,2024-09-16,122,30,12,24,0
3366,3,2024-09-16,18,30,12,48,0
3264,3,2024-09-16,239,50,20,17,0
3500,3,2024-09-16,0,75,30,16,0
3819,3,2024-09-16,200,40,16,18,150
2289,3,2024-09-16,298,75,30,13,0
3807,3,2024-09-16,103,30,12,15,200
3168,3,2024-09-16,29,20,8,13,0
2716,3,2024-09-16,182,40,16,22,0
2944,3,2024-09-16,101,20,8,4,0
3735,3,2024-09-16,132,40,16,11,300
3733,3,2024-09-16,298,50,20,12,200
3694,3,2024-09-16,89,30,12,0,0
2582,3,2024-09-16,48,40,16,16,0
2796,3,2024-09-16,94,30,12,15,0
3144,3,2024-09-16,73,20,8,16,0
2325,3,2024-09-16,261,50,20,8,0
2700,3,2024-09-16,49,40,16,0,300
2671,3,2024-09-16,162,40,16,6,100
3205,3,2024-09-16,159,40,16,62,150
2064,3,2024-09-16,11,30,12,9,0
2275,3,2024-09-16,69,30,12,1,0
2273,3,2024-09-16,153,40,16,4,0
3373,3,2024-09-16,119,40,16,62,0
2775,3,2024-09-16,45,40,16,10,0
2332,3,2024-09-16,68,40,16,27,0
3745,3,2024-09-16,170,50,20,5,0
2698,3,2024-09-16,89,75,30,14,0
2537,3,2024-09-16,288,75,30,7,0
2154,3,2024-09-16,132,40,16,1,0
3319,3,2024-09-16,68,40,16,32,0
2192,3,2024-09-16,231,40,16,28,0
2598,3,2024-09-16,153,50,20,5,0
2628,3,2024-09-16,153,50,20,3,150
2403,3,2024-09-16,93,30,12,11,0
2394,3,2024-09-16,117,30,12,37,0
2026,3,2024-09-16,26,20,8,15,0
2298,3,2024-09-16,286,75,30,2,0
2283,3,2024-09-16,112,20,8,13,0
2425,3,2024-09-16,77,20,8,41,50
2544,3,2024-09-16,38,20,8,0,50
3158,3,2024-09-16,118,20,8,7,0
3535,3,2024-09-16,110,50,20,8,0
3207,3,2024-09-16,96,50,20,43,0
2415,3,2024-09-16,24,20,8,14,0
2572,3,2024-09-16,66,30,12,19,0
3180,3,2024-09-16,96,50,20,18,0
2566,3,2024-09-16,48,30,12,8,0
2260,3,2024-09-16,9,50,20,1,0
2292,3,2024-09-16,276,75,30,2,0
3828,3,2024-09-16,151,40,16,8,0
2674,3,2024-09-16,228,75,30,4,0
3163,3,2024-09-16,48,20,8,6,0
2952,3,2024-09-16,0,40,16,17,0
3569,3,2024-09-16,242,50,20,5,0
2695,3,2024-09-16,98,40,16,15,0
2570,3,2024-09-16,54,50,20,32,0
3196,3,2024-09-16,259,50,20,5,0
3096,3,2024-09-16,130,40,16,1,0
2496,3,2024-09-16,56,40,16,6,0
2329,3,2024-09-16,262,75,30,11,100
2308,3,2024-09-16,87,20,8,21,0
3402,3,2024-09-16,168,50,20,33,0
3445,3,2024-09-16,195,50,20,26,0
3255,3,2024-09-16,74,20,8,5,0
3015,3,2024-09-16,209,75,30,8,0
2236,3,2024-09-16,216,50,20,19,300
3332,3,2024-09-16,74,30,12,25,0
3070,3,2024-09-16,262,50,20,5,0
3181,3,2024-09-16,26,20,8,22,0
3013,3,2024-09-16,95,30,12,27,100
3429,3,2024-09-16,335,75,30,2,0
3770,3,2024-09-16,379,75,30,1,100
3779,3,2024-09-16,113,50,20,3,0
3444,3,2024-09-16,322,50,20,20,50
3118,3,2024-09-16,170,30,12,3,0
3736,3,2024-09-16,233,75,30,0,0
3473,3,2024-09-16,98,20,8,2,0
3187,3,2024-09-16,139,75,30,18,0
2366,3,2024-09-16,127,40,16,15,0
2157,3,2024-09-16,51,20,8,7,0
2712,3,2024-09-16,100,40,16,7,50
2920,3,2024-09-16,197,50,20,67,0
3486,3,2024-09-16,70,20,8,30,50
2610,3,2024-09-16,192,50,20,4,0
2148,3,2024-09-16,76,40,16,5,0
3047,3,2024-09-16,97,30,12,5,150
3708,3,2024-09-16,104,40,16,2,0
3246,3,2024-09-16,89,100,40,5,50
2614,3,2024-09-16,150,40,16,4,100
2408,3,2024-09-16,324,50,20,24,0
2666,3,2024-09-16,82,20,8,37,200
2578,3,2024-09-16,114,75,30,4,0
3201,3,2024-09-16,107,30,12,1,0
2428,3,2024-09-16,389,75,30,6,0
2702,3,2024-09-16,99,50,20,31,0
2482,3,2024-09-16,105,50,20,11,0
3675,3,2024-09-16,206,50,20,26,0
2497,3,2024-09-16,50,40,16,16,150
3544,3,2024-09-16,145,30,12,72,0
2082,3,2024-09-16,200,50,20,16,0
3174,3,2024-09-16,87,20,8,10,50
2322,3,2024-09-16,105,40,16,38,0
3747,3,2024-09-16,157,75,30,19,0
2101,3,2024-09-16,61,40,16,3,0
3199,3,2024-09-16,132,30,12,1,0
3459,3,2024-09-16,79,40,16,7,0
3123,3,2024-09-16,44,30,12,3,0
3200,3,2024-09-16,23,40,16,15,0
2854,3,2024-09-16,142,75,30,50,50
2098,3,2024-09-16,92,40,16,1,0
3542,3,2024-09-16,431,100,40,2,0
2922,3,2024-09-16,303,75,30,0,200
3125,3,2024-09-16,142,20,8,2,0
2419,3,2024-09-16,46,50,20,20,0
2932,3,2024-09-16,53,30,12,6,0
3484,3,2024-09-16,205,50,20,37,0
3148,3,2024-09-16,41,20,8,2,0
2004,3,2024-09-16,69,20,8,2,0
2331,3,2024-09-16,68,20,8,1,300
2709,3,2024-09-16,42,20,8,27,0
3391,3,2024-09-16,66,30,12,16,200
3757,3,2024-09-16,33,50,20,8,0
2921,3,2024-09-16,101,40,16,4,0
2744,3,2024-09-16,66,30,12,1,0
2510,3,2024-09-16,96,20,8,9,0
3427,3,2024-09-16,93,40,16,20,300
3583,3,2024-09-16,138,40,16,38,0
3276,3,2024-09-16,72,40,16,5,0
2813,3,2024-09-16,157,50,20,6,0
2896,3,2024-09-16,171,40,16,14,50
2237,3,2024-09-16,90,40,16,35,200
2936,3,2024-09-16,177,50,20,3,0
3024,3,2024-09-16,184,50,20,2,0
3580,3,2024-09-16,288,50,20,0,0
2512,3,2024-09-16,28,30,12,15,50
2760,3,2024-09-16,85,40,16,61,0
3162,3,2024-09-16,43,20,8,11,0
2397,3,2024-09-16,71,30,12,8,0
3254,3,2024-09-16,306,50,20,0,0
3185,3,2024-09-16,0,100,40,1,0
2682,3,2024-09-16,134,30,12,5,0
2749,3,2024-09-16,154,40,16,1,0
3007,3,2024-09-16,2,40,16,23,200
2290,3,2024-09-16,36,50,20,30,0
3301,3,2024-09-16,24,20,8,8,0
2105,3,2024-09-16,130,30,12,18,0
2617,3,2024-09-16,50,30,12,20,0
2287,3,2024-09-16,292,50,20,48,0
2805,3,2024-09-16,34,20,8,35,0
2029,3,2024-09-16,60,40,16,4,0
3467,3,2024-09-16,132,30,12,1,0
2918,3,2024-09-16,122,100,40,12,0
2073,3,2024-09-16,0,30,12,2,0
3314,3,2024-09-16,47,30,12,4,200
2328,3,2024-09-16,80,30,12,6,0
3434,3,2024-09-16,155,30,12,20,0
2915,3,2024-09-16,87,30,12,18,0
2599,3,2024-09-16,309,75,30,0,0
2341,3,2024-09-16,-15,40,16,38,0
2493,3,2024-09-16,151,50,20,26,0
3441,3,2024-09-16,4,40,16,29,0
2183,3,2024-09-16,181,50,20,17,0
3398,3,2024-09-16,28,20,8,18,0
2889,3,2024-09-16,114,40,16,32,300
2293,3,2024-09-16,353,75,30,27,0
2361,3,2024-09-16,143,40,16,2,0
3824,3,2024-09-16,93,30,12,7,200
2594,3,2024-09-16,73,40,16,4,0
2642,3,2024-09-16,254,50,20,0,0
3193,3,2024-09-16,35,30,12,2,50
2330,3,2024-09-16,68,20,8,45,150
2912,3,2024-09-16,70,20,8,7,0
3527,3,2024-09-16,86,50,20,11,200
2589,3,2024-09-16,154,50,20,27,300
2587,3,2024-09-16,108,40,16,13,0
2563,3,2024-09-16,343,75,30,18,0
3005,3,2024-09-16,74,20,8,12,0
2787,3,2024-09-16,287,75,30,4,200
2513,3,2024-09-16,176,50,20,2,0
2823,3,2024-09-16,164,50,20,7,0
2615,3,2024-09-16,121,40,16,3,0
3100,3,2024-09-16,20,50,20,47,0
3750,3,2024-09-16,135,50,20,1,0
2591,3,2024-09-16,58,30,12,36,0
2625,3,2024-09-16,0,50,20,22,0
2141,3,2024-09-16,94,50,20,6,0
3354,3,2024-09-16,32,20,8,1,100
3586,3,2024-09-16,126,40,16,37,0
2786,3,2024-09-16,163,40,16,3,0
3258,3,2024-09-16,171,75,30,6,0
3029,3,2024-09-16,145,50,20,1,0
3702,3,2024-09-16,86,30,12,1,0
2301,3,2024-09-16,299,75,30,5,0
2965,3,2024-09-16,88,20,8,0,0
3115,3,2024-09-16,135,20,8,0,0
2860,3,2024-09-16,123,40,16,9,0
3730,3,2024-09-16,183,40,16,24,0
3400,3,2024-09-16,134,75,30,1,0
2022,3,2024-09-16,100,30,12,2,0
3724,3,2024-09-16,124,40,16,0,0
3018,3,2024-09-16,49,20,8,5,0
3451,3,2024-09-16,119,40,16,9,0
2943,3,2024-09-16,159,40,16,5,0
3636,3,2024-09-16,163,40,16,0,0
3476,3,2024-09-16,296,100,40,30,0
3095,3,2024-09-16,66,30,12,23,0
3719,3,2024-09-16,189,50,20,10,0
3002,3,2024-09-16,47,20,8,19,0
2641,3,2024-09-16,154,30,12,10,0
3049,3,2024-09-16,138,30,12,30,100
3832,3,2024-09-16,139,50,20,9,0
3417,3,2024-09-16,0,30,12,3,0
2983,3,2024-09-16,-6,30,12,4,0
2060,3,2024-09-16,79,30,12,29,0
3131,3,2024-09-16,234,50,20,12,200
2834,3,2024-09-16,62,20,8,21,0
2071,3,2024-09-16,102,40,16,18,0
3805,3,2024-09-16,162,100,40,7,0
2167,3,2024-09-16,137,40,16,21,0
2975,3,2024-09-16,150,50,20,11,0
2499,3,2024-09-16,24,50,20,13,0
2255,3,2024-09-16,217,40,16,27,0
2929,3,2024-09-16,76,30,12,6,0
3104,3,2024-09-16,171,40,16,9,0
2969,3,2024-09-16,125,50,20,13,0
2790,3,2024-09-16,35,40,16,26,50
3407,3,2024-09-16,138,50,20,5,0
3194,3,2024-09-16,92,20,8,0,0
2137,3,2024-09-16,59,20,8,4,0
3495,3,2024-09-16,186,40,16,14,0
3413,3,2024-09-16,88,30,12,26,0
3663,3,2024-09-16,51,30,12,2,0
2660,3,2024-09-16,122,40,16,8,0
3298,3,2024-09-16,80,40,16,5,0
3106,3,2024-09-16,139,30,12,71,0
3703,3,2024-09-16,31,30,12,18,0
3358,3,2024-09-16,100,20,8,16,0
3114,3,2024-09-16,0,50,20,10,0
2878,3,2024-09-16,112,20,8,2,0
3768,3,2024-09-16,98,75,30,55,0
2433,3,2024-09-16,180,50,20,17,0
2061,3,2024-09-16,194,50,20,7,50
3653,3,2024-09-16,226,50,20,10,0
2238,3,2024-09-16,294,40,16,14,0
3133,3,2024-09-16,122,40,16,4,0
3109,3,2024-09-16,146,30,12,53,0
3843,3,2024-09-16,177,40,16,7,0
3810,3,2024-09-16,242,50,20,61,0
2342,3,2024-09-16,122,40,16,5,0
2692,3,2024-09-16,133,40,16,58,50
3236,3,2024-09-16,29,30,12,25,200
3524,3,2024-09-16,59,75,30,25,200
3074,3,2024-09-16,140,50,20,4,0
2884,3,2024-09-16,50,20,8,5,0
3442,3,2024-09-16,170,40,16,8,0
3457,3,2024-09-16,123,40,16,7,0
3388,3,2024-09-16,82,50,20,1,0
2967,3,2024-09-16,87,40,16,13,0
2208,3,2024-09-16,106,40,16,4,0
3472,3,2024-09-16,73,50,20,19,0
3651,3,2024-09-16,101,50,20,6,150
2620,3,2024-09-16,61,40,16,31,0
2057,3,2024-09-16,129,30,12,0,0
2006,3,2024-09-16,37,20,8,15,200
2759,3,2024-09-16,176,50,20,1,0
2718,3,2024-09-16,115,50,20,16,0
2871,3,2024-09-16,213,50,20,2,0
2352,3,2024-09-16,88,20,8,16,150
2409,3,2024-09-16,127,30,12,25,0
3119,3,2024-09-16,45,30,12,6,0
2179,3,2024-09-16,154,100,40,5,0
2215,3,2024-09-16,178,40,16,9,0
2313,3,2024-09-16,151,40,16,6,150
2841,3,2024-09-16,143,50,20,4,0
2378,3,2024-09-16,31,50,20,2,0
2050,3,2024-09-16,259,100,40,10,0
2945,3,2024-09-16,27,40,16,18,0
2673,3,2024-09-16,343,100,40,35,0
3120,3,2024-09-16,61,40,16,24,0
2708,3,2024-09-16,279,50,20,21,0
3492,3,2024-09-16,59,40,16,3,0
3252,3,2024-09-16,130,75,30,20,100
3672,3,2024-09-16,80,30,12,14,0
2437,3,2024-09-16,156,50,20,13,100
2844,3,2024-09-16,10,30,12,6,0
2370,3,2024-09-16,75,40,16,0,0
2242,3,2024-09-16,25,30,12,19,0
2065,3,2024-09-16,88,30,12,3,0
2446,3,2024-09-16,33,20,8,24,0
3804,3,2024-09-16,116,30,12,4,0
2903,3,2024-09-16,38,30,12,10,0
3209,3,2024-09-16,46,20,8,27,150
2144,3,2024-09-16,144,30,12,16,0
2737,3,2024-09-16,46,30,12,36,0
3372,3,2024-09-16,69,30,12,12,0
2213,3,2024-09-16,272,50,20,4,0
3339,3,2024-09-16,53,20,8,7,0
2138,3,2024-09-16,280,75,30,5,0
3376,3,2024-09-16,221,75,30,3,0
3211,3,2024-09-16,44,20,8,12,0
2232,3,2024-09-16,121,50,20,11,0
2651,3,2024-09-16,63,30,12,6,0
3389,3,2024-09-16,60,20,8,15,0
3351,3,2024-09-16,147,40,16,5,0
3682,3,2024-09-16,137,40,16,12,0
3031,3,2024-09-16,161,30,12,48,150
2161,3,2024-09-16,44,40,16,37,0
3741,3,2024-09-16,146,40,16,6,0
2793,3,2024-09-16,226,75,30,14,0
3799,3,2024-09-16,202,40,16,2,0
2527,3,2024-09-16,50,30,12,2,0
2442,3,2024-09-16,106,20,8,26,0
3217,3,2024-09-16,69,30,12,10,0
2686,3,2024-09-16,298,100,40,30,0
2603,3,2024-09-16,108,20,8,1,300
2099,3,2024-09-16,78,30,12,26,0
2350,3,2024-09-16,34,40,16,16,0
3821,3,2024-09-16,117,30,12,18,0
3758,3,2024-09-16,76,40,16,50,0
2753,3,2024-09-16,75,30,12,90,0
2505,3,2024-09-16,179,75,30,38,150
2375,3,2024-09-16,392,100,40,13,0
3842,3,2024-09-16,122,40,16,26,0
3404,3,2024-09-16,159,30,12,9,0
2233,3,2024-09-16,223,40,16,41,0
3247,3,2024-09-16,203,50,20,0,0
2960,3,2024-09-16,73,50,20,7,0
2384,3,2024-09-16,204,40,16,3,0
2072,3,2024-09-16,134,40,16,5,0
3036,3,2024-09-16,129,75,30,14,0
2828,3,2024-09-16,28,30,12,2,0
3122,3,2024-09-16,368,75,30,18,0
3522,3,2024-09-16,74,40,16,15,0
3453,3,2024-09-16,370,100,40,5,0
2226,3,2024-09-16,43,30,12,15,0
3249,3,2024-09-16,76,50,20,7,0
2027,3,2024-09-16,119,30,12,8,0
2680,3,2024-09-16,317,75,30,4,0
2010,3,2024-09-16,71,40,16,15,0
3223,3,2024-09-16,142,40,16,31,0
3361,3,2024-09-16,165,50,20,7,0
2470,3,2024-09-16,55,20,8,36,0
3564,3,2024-09-16,109,50,20,1,0
3271,3,2024-09-16,195,40,16,26,0
3506,3,2024-09-16,215,50,20,32,0
3261,3,2024-09-16,69,20,8,28,0
2511,3,2024-09-16,86,20,8,1,0
2149,3,2024-09-16,153,40,16,18,300
3759,3,2024-09-16,137,40,16,21,0
3482,3,2024-09-16,0,40,16,45,0
3784,3,2024-09-16,43,30,12,28,0
2450,3,2024-09-16,117,30,12,0,0
2618,3,2024-09-16,83,40,16,0,150
3112,3,2024-09-16,78,40,16,20,0
3775,3,2024-09-16,67,30,12,56,0
3600,3,2024-09-16,242,75,30,15,0
2405,3,2024-09-16,196,40,16,8,100
3830,3,2024-09-16,49,30,12,32,0
2829,3,2024-09-16,91,40,16,32,0
2191,3,2024-09-16,265,50,20,24,0
3690,3,2024-09-16,-12,100,40,35,0
3355,3,2024-09-16,268,50,20,1,0
2263,3,2024-09-16,148,30,12,10,100
2108,3,2024-09-16,47,20,8,10,0
2118,3,2024-09-16,116,75,30,0,0
2055,3,2024-09-16,56,30,12,23,0
3528,3,2024-09-16,163,50,20,6,0
2559,3,2024-09-16,100,40,16,47,0
3640,3,2024-09-16,81,30,12,126,0
3227,3,2024-09-16,190,40,16,33,0
3695,3,2024-09-16,35,40,16,5,0
3538,3,2024-09-16,89,30,12,18,0
2495,3,2024-09-16,128,40,16,4,0
3147,3,2024-09-16,133,40,16,18,300
2901,3,2024-09-16,28,40,16,4,50
3179,3,2024-09-16,82,20,8,64,0
2186,3,2024-09-16,51,50,20,18,0
2873,3,2024-09-16,55,50,20,19,0
2762,3,2024-09-16,55,30,12,23,0
3589,3,2024-09-16,207,100,40,1,0
2530,3,2024-09-16,38,20,8,70,0
3529,3,2024-09-16,52,40,16,19,0
2104,3,2024-09-16,337,75,30,5,0
3006,3,2024-09-16,33,30,12,6,0
2697,3,2024-09-16,387,100,40,31,0
2436,3,2024-09-16,135,30,12,28,0
2172,3,2024-09-16,58,40,16,55,0
3048,3,2024-09-16,262,50,20,53,0
3335,3,2024-09-16,234,75,30,6,0
2001,3,2024-09-16,103,30,12,1,0
3149,3,2024-09-16,10,20,8,15,0
3076,3,2024-09-16,104,50,20,16,0
2323,3,2024-09-16,140,40,16,21,0
3677,3,2024-09-16,115,30,12,35,0
3304,3,2024-09-16,158,30,12,13,0
3296,3,2024-09-16,176,50,20,45,0
2964,3,2024-09-16,30,30,12,13,100
2707,3,2024-09-16,104,20,8,0,0
3284,3,2024-09-16,165,50,20,23,150
3128,3,2024-09-16,116,50,20,1,0
2597,3,2024-09-16,57,20,8,15,0
3001,3,2024-09-16,122,40,16,5,0
2607,3,2024-09-16,69,30,12,36,200
3077,3,2024-09-16,73,30,12,18,0
3017,3,2024-09-16,42,30,12,18,0
3815,3,2024-09-16,154,75,30,6,0
2034,3,2024-09-16,51,20,8,26,0
2239,3,2024-09-16,102,20,8,21,0
3838,3,2024-09-16,78,30,12,23,0
2305,3,2024-09-16,153,40,16,44,0
3368,3,2024-09-16,63,20,8,9,0
2606,3,2024-09-16,190,30,12,36,0
3283,3,2024-09-16,126,40,16,1,0
2364,3,2024-09-16,245,75,30,10,0
3649,3,2024-09-16,86,40,16,5,100
3709,3,2024-09-16,26,50,20,38,0
3178,3,2024-09-16,105,40,16,6,0
2278,3,2024-09-16,213,40,16,27,0
2153,3,2024-09-16,158,50,20,13,0
2178,3,2024-09-16,172,40,16,6,0
3279,3,2024-09-16,34,40,16,3,0
2520,3,2024-09-16,120,50,20,47,100
2078,3,2024-09-16,136,30,12,21,50
3395,3,2024-09-16,158,50,20,33,150
2185,3,2024-09-16,181,40,16,5,150
2357,3,2024-09-16,74,40,16,56,0
2905,3,2024-09-16,0,40,16,5,0
3731,3,2024-09-16,178,50,20,46,0
3785,3,2024-09-16,247,50,20,7,0
3054,3,2024-09-16,94,30,12,3,0
3639,3,2024-09-16,149,50,20,18,0
2637,3,2024-09-16,130,50,20,14,0
3322,3,2024-09-16,134,75,30,11,0
3630,3,2024-09-16,359,100,40,1,0
3324,3,2024-09-16,117,40,16,3,200
2676,3,2024-09-16,29,30,12,0,0
2333,3,2024-09-16,162,50,20,3,0
2132,3,2024-09-16,125,40,16,53,0
2763,3,2024-09-16,420,75,30,3,0
3617,3,2024-09-16,68,40,16,26,50
3578,3,2024-09-16,12,20,8,0,0
2857,3,2024-09-16,38,20,8,17,0
3573,3,2024-09-16,101,40,16,12,0
3072,3,2024-09-16,103,30,12,5,0
3728,3,2024-09-16,289,100,40,3,0
3221,3,2024-09-16,78,30,12,22,0
2177,3,2024-09-16,86,50,20,7,0
3022,3,2024-09-16,183,30,12,10,0
2902,3,2024-09-16,246,50,20,31,0
2025,3,2024-09-16,181,30,12,14,0
3435,3,2024-09-16,100,30,12,22,0
2996,3,2024-09-16,60,100,40,5,0
3780,3,2024-09-16,185,50,20,12,0
2421,3,2024-09-16,18,20,8,2,0
3756,3,2024-09-16,35,20,8,16,0
2267,3,2024-09-16,186,40,16,5,0
3504,3,2024-09-16,2,40,16,0,0
3130,3,2024-09-16,138,30,12,9,0
3753,3,2024-09-16,197,50,20,26,50
2320,3,2024-09-16,141,75,30,5,0
2203,3,2024-09-16,186,75,30,20,0
3426,3,2024-09-16,262,75,30,3,0
2005,3,2024-09-16,54,20,8,3,0
2058,3,2024-09-16,111,30,12,16,0
3609,3,2024-09-16,191,50,20,24,150
3523,3,2024-09-16,96,50,20,15,0
2451,3,2024-09-16,43,20,8,48,0
2645,3,2024-09-16,75,40,16,54,0
3143,3,2024-09-16,93,30,12,12,0
3782,3,2024-09-16,150,100,40,7,0
2778,3,2024-09-16,52,20,8,11,0
3746,3,2024-09-16,202,40,16,9,0
2525,3,2024-09-16,178,50,20,5,0
2836,3,2024-09-16,315,100,40,3,0
3374,3,2024-09-16,81,20,8,14,0
3042,3,2024-09-16,220,50,20,31,0
3463,3,2024-09-16,77,20,8,32,0
2134,3,2024-09-16,133,30,12,3,300
2941,3,2024-09-16,35,40,16,8,0
3225,3,2024-09-16,118,20,8,17,0
2344,3,2024-09-16,257,50,20,22,0
2180,3,2024-09-16,233,75,30,1,100
2750,3,2024-09-16,106,40,16,31,0
3477,3,2024-09-16,182,100,40,15,0
3183,3,2024-09-16,119,30,12,9,0
2396,3,2024-09-16,232,50,20,7,0
2561,3,2024-09-16,130,40,16,7,0
2117,3,2024-09-16,153,30,12,21,0
2604,3,2024-09-16,48,40,16,5,0
3408,3,2024-09-16,123,40,16,30,0
3327,3,2024-09-16,148,50,20,5,0
2252,3,2024-09-16,94,30,12,27,0
2875,3,2024-09-16,107,20,8,37,0
2389,3,2024-09-16,292,100,40,17,0
3240,3,2024-09-16,208,50,20,8,0
2830,3,2024-09-16,44,20,8,2,0
2909,3,2024-09-16,39,40,16,4,0
2730,3,2024-09-16,235,75,30,23,0
3836,3,2024-09-16,109,50,20,13,0
3281,3,2024-09-16,24,30,12,0,0
2306,3,2024-09-16,411,75,30,34,0
3026,3,2024-09-16,235,50,20,20,150
3619,3,2024-09-16,32,40,16,2,0
3792,3,2024-09-16,383,75,30,11,0
2037,3,2024-09-16,188,50,20,15,0
3409,3,2024-09-16,296,50,20,0,0
2227,3,2024-09-16,130,50,20,11,0
3841,3,2024-09-16,84,20,8,6,0
2133,3,2024-09-16,71,30,12,6,0
3781,3,2024-09-16,92,40,16,8,0
2887,3,2024-09-16,44,40,16,7,0
2307,3,2024-09-16,90,30,12,42,0
3620,3,2024-09-16,22,30,12,1,0
2883,3,2024-09-16,74,20,8,36,0
2303,3,2024-09-16,138,30,12,18,50
3742,3,2024-09-16,32,20,8,26,100
2977,3,2024-09-16,333,75,30,40,0
2982,3,2024-09-16,71,30,12,1,0
2222,3,2024-09-16,117,30,12,22,0
3290,3,2024-09-16,258,50,20,30,0
3309,3,2024-09-16,108,30,12,12,0
2593,3,2024-09-16,87,20,8,35,50
2472,3,2024-09-16,0,100,40,15,0
2663,3,2024-09-16,211,75,30,87,0
2438,3,2024-09-16,170,40,16,6,0
2081,3,2024-09-16,68,40,16,9,0
2962,3,2024-09-16,96,20,8,5,0
3443,3,2024-09-16,98,30,12,18,0
2356,3,2024-09-16,195,75,30,10,50
3431,3,2024-09-16,127,50,20,0,0
2533,3,2024-09-16,29,20,8,16,0
3425,3,2024-09-16,93,30,12,3,0
2845,3,2024-09-16,1,50,20,5,0
2020,3,2024-09-16,26,20,8,20,0
2661,3,2024-09-16,89,20,8,1,0
2792,3,2024-09-16,69,20,8,13,0
2546,3,2024-09-16,75,40,16,1,300
2656,3,2024-09-16,51,30,12,44,0
2147,3,2024-09-16,226,40,16,28,0
3520,3,2024-09-16,126,30,12,4,0
2734,3,2024-09-16,138,30,12,144,0
2863,3,2024-09-16,66,30,12,4,0
3475,3,2024-09-16,72,30,12,14,0
2466,3,2024-09-16,125,40,16,17,0
2116,3,2024-09-16,217,50,20,2,150
2576,3,2024-09-16,90,20,8,3,0
3085,3,2024-09-16,107,30,12,16,0
2257,3,2024-09-16,68,20,8,19,100
3010,3,2024-09-16,113,100,40,12,0
3039,3,2024-09-16,87,30,12,50,0
3287,3,2024-09-16,95,50,20,2,0
2197,3,2024-09-16,192,50,20,18,0
3121,3,2024-09-16,21,20,8,13,50
2454,3,2024-09-16,125,40,16,19,0
2173,3,2024-09-16,77,30,12,24,0
2097,3,2024-09-16,29,40,16,13,0
3740,3,2024-09-16,47,40,16,8,100
3737,3,2024-09-16,506,100,40,2,0
2188,3,2024-09-16,133,30,12,24,0
2268,3,2024-09-16,115,50,20,66,200
3139,3,2024-09-16,217,40,16,1,0
3030,3,2024-09-16,168,50,20,1,0
2761,3,2024-09-16,19,30,12,0,50
3091,3,2024-09-16,50,40,16,40,0
2377,3,2024-09-16,73,30,12,24,0
3344,3,2024-09-16,66,30,12,26,0
2139,3,2024-09-16,344,100,40,2,50
3138,3,2024-09-16,86,40,16,5,0
3182,3,2024-09-16,98,30,12,29,0
3822,3,2024-09-16,78,20,8,4,0
2646,3,2024-09-16,67,30,12,52,0
2949,3,2024-09-16,47,30,12,4,0
3305,3,2024-09-16,0,40,16,12,0
2773,3,2024-09-16,108,30,12,0,150
3722,3,2024-09-16,156,100,40,29,0
2693,3,2024-09-16,124,30,12,5,150
2334,3,2024-09-16,233,40,16,8,150
2609,3,2024-09-16,498,100,40,26,0
3107,3,2024-09-16,54,50,20,14,0
2713,3,2024-09-16,84,30,12,8,0
2976,3,2024-09-16,190,100,40,0,0
3561,3,2024-09-16,111,30,12,27,0
2416,3,2024-09-16,239,75,30,9,150
2074,3,2024-09-16,132,40,16,63,0
2129,3,2024-09-16,111,40,16,2,100
3286,3,2024-09-16,26,20,8,9,0
2551,3,2024-09-16,474,75,30,8,0
2745,3,2024-09-16,116,50,20,11,0
3631,3,2024-09-16,39,30,12,6,0
3439,3,2024-09-16,202,40,16,24,0
2569,3,2024-09-16,128,30,12,12,100
3251,3,2024-09-16,89,30,12,0,0
2612,3,2024-09-16,51,50,20,2,0
2961,3,2024-09-16,3,40,16,9,0
3067,3,2024-09-16,75,40,16,10,150
2984,3,2024-09-16,303,100,40,29,0
2217,3,2024-09-16,115,50,20,11,0
2111,3,2024-09-16,64,30,12,17,0
2142,3,2024-09-16,180,100,40,14,0
3650,3,2024-09-16,163,50,20,11,0
3497,3,2024-09-16,29,20,8,8,0
3816,3,2024-09-16,451,100,40,20,150
2833,3,2024-09-16,12,30,12,27,0
3767,3,2024-09-16,95,20,8,8,0
2387,3,2024-09-16,66,30,12,8,0
3685,3,2024-09-16,97,20,8,27,0
2981,3,2024-09-16,312,75,30,10,0
3550,3,2024-09-16,457,100,40,2,0
3234,3,2024-09-16,110,30,12,7,100
2993,3,2024-09-16,50,20,8,5,0
3521,3,2024-09-16,75,40,16,4,0
2554,3,2024-09-16,129,40,16,15,150
2385,3,2024-09-16,40,20,8,3,0
2783,3,2024-09-16,165,40,16,33,0
3808,3,2024-09-16,190,75,30,3,0
3800,3,2024-09-16,85,50,20,14,0
2777,3,2024-09-16,158,50,20,13,0
2538,3,2024-09-16,49,30,12,10,0
3297,3,2024-09-16,108,20,8,9,0
2090,3,2024-09-16,93,20,8,0,200
3481,3,2024-09-16,101,50,20,6,300
2683,3,2024-09-16,282,50,20,7,0
3352,3,2024-09-16,91,40,16,26,0
3021,3,2024-09-16,157,40,16,16,0
2086,3,2024-09-16,193,50,20,10,0
2940,3,2024-09-16,95,30,12,0,50
3642,3,2024-09-16,203,75,30,32,0
2672,3,2024-09-16,126,50,20,10,0
2547,3,2024-09-16,28,20,8,6,0
2789,3,2024-09-16,251,75,30,17,100
3771,3,2024-09-16,275,100,40,8,0
2339,3,2024-09-16,197,100,40,1,0
3126,3,2024-09-16,234,100,40,12,50
2326,3,2024-09-16,2,20,8,21,150
3241,3,2024-09-16,74,30,12,5,0
2549,3,2024-09-16,127,40,16,25,0
3488,3,2024-09-16,147,50,20,18,100
3248,3,2024-09-16,105,50,20,14,0
2155,3,2024-09-16,21,20,8,23,0
3625,3,2024-09-16,43,40,16,6,0
2545,3,2024-09-16,17,50,20,5,0
2152,3,2024-09-16,117,30,12,4,0
2770,3,2024-09-16,324,75,30,19,200
2198,3,2024-09-16,252,40,16,17,0
3418,3,2024-09-16,207,50,20,8,0
3405,3,2024-09-16,35,40,16,16,0
3136,3,2024-09-16,230,50,20,3,0
3069,3,2024-09-16,398,100,40,10,0
2353,3,2024-09-16,35,30,12,18,0
2864,3,2024-09-16,156,50,20,5,0
2600,3,2024-09-16,111,75,30,2,0
3202,3,2024-09-16,172,50,20,1,0
3515,3,2024-09-16,90,30,12,2,0
3496,3,2024-09-16,250,100,40,1,0
3615,3,2024-09-16,17,30,12,4,0
2420,3,2024-09-16,296,100,40,4,0
3597,3,2024-09-16,185,40,16,1,0
3293,3,2024-09-16,68,40,16,13,0
3058,3,2024-09-16,304,100,40,4,0
2008,3,2024-09-16,149,50,20,0,0
3552,3,2024-09-16,32,30,12,26,0
2980,3,2024-09-16,0,40,16,52,0
3751,3,2024-09-16,33,30,12,0,0
3607,3,2024-09-16,172,50,20,46,0
3660,3,2024-09-16,100,50,20,3,0
3777,3,2024-09-16,149,50,20,1,0
2225,3,2024-09-16,127,30,12,16,0
2304,3,2024-09-16,417,100,40,4,0
2562,3,2024-09-16,19,20,8,0,0
3280,3,2024-09-16,324,75,30,9,100
2706,3,2024-09-16,108,20,8,18,0
2752,3,2024-09-16,557,100,40,33,0
3673,3,2024-09-16,50,20,8,3,0
3553,3,2024-09-16,0,40,16,12,150
2174,3,2024-09-16,71,30,12,39,0
2629,3,2024-09-16,164,50,20,19,0
2509,3,2024-09-16,299,100,40,1,0
2056,3,2024-09-16,37,20,8,24,200
2094,3,2024-09-16,57,20,8,7,100
3317,3,2024-09-16,384,100,40,3,200
3812,3,2024-09-16,45,30,12,5,0
3213,3,2024-09-16,94,50,20,15,0
2422,3,2024-09-16,74,20,8,19,0
3688,3,2024-09-16,118,30,12,82,0
2359,3,2024-09-16,43,20,8,25,150
3831,3,2024-09-16,87,20,8,14,0
2738,3,2024-09-16,36,20,8,24,0
2879,3,2024-09-16,56,20,8,9,0
2096,3,2024-09-16,111,50,20,42,0
2662,3,2024-09-16,69,50,20,27,0
2207,3,2024-09-16,113,75,30,20,0
2939,3,2024-09-16,319,50,20,7,0
3766,3,2024-09-16,81,30,12,36,0
3449,3,2024-09-16,156,40,16,18,0
3806,3,2024-09-16,329,75,30,9,0
2430,3,2024-09-16,196,40,16,13,0
2816,3,2024-09-16,102,50,20,6,0
2348,3,2024-09-16,125,40,16,4,0
3318,3,2024-09-16,79,40,16,43,50
3393,3,2024-09-16,108,40,16,14,0
2851,3,2024-09-16,210,75,30,3,0
3494,3,2024-09-16,225,50,20,3,200
2280,3,2024-09-16,250,40,16,10,0
2888,3,2024-09-16,399,75,30,0,0
2938,3,2024-09-16,0,100,40,10,0
2363,3,2024-09-16,76,30,12,2,0
2464,3,2024-09-16,98,20,8,2,0
2043,3,2024-09-16,86,30,12,55,100
3098,3,2024-09-16,120,40,16,7,0
3693,3,2024-09-16,141,20,8,3,0
2812,3,2024-09-16,156,30,12,38,0
3035,3,2024-09-16,401,75,30,17,0
3433,3,2024-09-16,145,40,16,0,0
3300,3,2024-09-16,98,30,12,11,300
3450,3,2024-09-16,177,50,20,9,0
2088,3,2024-09-16,172,40,16,14,100
2145,3,2024-09-16,83,40,16,12,0
3220,3,2024-09-16,71,30,12,15,0
2469,3,2024-09-16,112,40,16,1,0
3637,3,2024-09-16,144,50,20,7,0
2751,3,2024-09-16,119,30,12,11,0
2502,3,2024-09-16,46,20,8,2,0
3465,3,2024-09-16,180,50,20,25,0
3696,3,2024-09-16,175,40,16,6,0
3278,3,2024-09-16,39,30,12,11,0
2985,3,2024-09-16,15,20,8,12,200
2504,3,2024-09-16,179,50,20,8,0
2955,3,2024-09-16,99,50,20,11,0
2658,3,2024-09-16,97,40,16,5,0
2934,3,2024-09-16,255,50,20,15,0
2288,3,2024-09-16,89,50,20,0,0
3371,3,2024-09-16,134,50,20,17,0
2575,3,2024-09-16,78,40,16,62,0
2839,3,2024-09-16,63,50,20,60,0
2031,3,2024-09-16,0,30,12,10,0
2459,3,2024-09-16,42,20,8,22,0
3658,3,2024-09-16,158,50,20,0,0
3051,3,2024-09-16,195,40,16,0,0
2321,3,2024-09-16,112,30,12,5,0
2310,3,2024-09-16,226,30,12,13,0
2135,3,2024-09-16,52,50,20,77,0
3669,3,2024-09-16,130,40,16,3,0
3470,3,2024-09-16,450,100,40,23,0
3546,3,2024-09-16,66,30,12,1,0
2095,3,2024-09-16,30,30,12,37,0
2584,3,2024-09-16,113,50,20,0,0
2211,3,2024-09-16,106,30,12,37,200
2588,3,2024-09-16,137,30,12,7,0
3541,3,2024-09-16,80,20,8,3,100
2019,3,2024-09-16,10,40,16,3,0
2193,3,2024-09-16,54,20,8,27,0
2917,3,2024-09-16,221,75,30,0,0
2113,3,2024-09-16,50,40,16,28,0
2842,3,2024-09-16,67,40,16,16,0
3229,3,2024-09-16,88,30,12,36,0
3382,3,2024-09-16,144,40,16,11,0
2439,3,2024-09-16,173,50,20,90,50
2336,3,2024-09-16,84,20,8,4,0
2856,3,2024-09-16,122,40,16,6,100
2543,3,2024-09-16,103,40,16,3,0
2346,3,2024-09-16,134,50,20,5,0
2508,3,2024-09-16,248,75,30,0,0
3499,3,2024-09-16,22,20,8,4,0
3490,3,2024-09-16,206,50,20,4,0
3102,3,2024-09-16,47,20,8,6,0
3160,3,2024-09-16,24,20,8,34,0
3577,3,2024-09-16,139,30,12,8,0
3348,3,2024-09-16,62,40,16,19,0
2619,3,2024-09-16,42,20,8,28,0
3396,3,2024-09-16,198,50,20,38,0
3003,3,2024-09-16,227,75,30,5,0
2565,3,2024-09-16,88,30,12,8,0
3560,3,2024-09-16,398,75,30,6,50
3623,3,2024-09-16,175,40,16,4,0
3020,3,2024-09-16,210,50,20,8,0
3595,3,2024-09-16,282,50,20,37,0
2631,3,2024-09-16,31,40,16,33,0
2928,3,2024-09-16,70,30,12,12,0
2265,3,2024-09-16,60,40,16,4,0
2953,3,2024-09-16,103,30,12,5,0
2808,3,2024-09-16,176,40,16,11,0
3432,3,2024-09-16,24,20,8,31,0
3664,3,2024-09-16,82,40,16,22,0
3437,3,2024-09-16,25,30,12,7,0
2835,3,2024-09-16,121,50,20,14,0
2765,3,2024-09-16,103,50,20,0,0
3263,3,2024-09-16,126,20,8,1,0
2739,3,2024-09-16,92,50,20,31,0
2484,3,2024-09-16,149,75,30,20,0
2067,3,2024-09-16,123,40,16,21,150
3116,3,2024-09-16,129,50,20,13,0
3460,3,2024-09-16,181,40,16,26,0
3206,3,2024-09-16,71,20,8,30,150
2498,3,2024-09-16,79,30,12,13,200
2635,3,2024-09-16,306,50,20,3,0
2156,3,2024-09-16,96,50,20,1,0
2972,3,2024-09-16,42,30,12,6,0
2705,3,2024-09-16,116,40,16,55,0
2059,3,2024-09-16,82,40,16,7,0
2176,3,2024-09-16,66,75,30,5,0
3657,3,2024-09-16,61,20,8,8,150
2486,3,2024-09-16,137,40,16,7,100
3340,3,2024-09-16,36,20,8,0,0
2595,3,2024-09-16,104,20,8,22,0
2013,3,2024-09-16,165,30,12,0,0
3763,3,2024-09-16,172,50,20,4,0
2254,3,2024-09-16,106,50,20,0,0
2820,3,2024-09-16,161,30,12,2,0
2653,3,2024-09-16,154,30,12,9,0
2309,3,2024-09-16,43,30,12,13,0
3565,3,2024-09-16,302,75,30,4,0
2221,3,2024-09-16,126,30,12,0,0
2231,3,2024-09-16,121,75,30,34,50
2886,3,2024-09-16,180,75,30,12,0
3797,3,2024-09-16,147,50,20,1,50
3491,3,2024-09-16,80,50,20,17,0
2277,3,2024-09-16,76,20,8,15,0
2106,3,2024-09-16,71,50,20,9,0
3270,3,2024-09-16,60,20,8,1,0
2799,3,2024-09-16,131,40,16,4,0
3820,3,2024-09-16,533,100,40,19,100
2668,3,2024-09-16,43,40,16,3,0
3576,3,2024-09-16,91,40,16,0,0
2517,3,2024-09-16,124,30,12,7,0
3044,3,2024-09-16,71,20,8,5,0
3349,3,2024-09-16,258,50,20,6,0
2465,3,2024-09-16,278,75,30,19,0
2704,3,2024-09-16,166,50,20,2,0
3325,3,2024-09-16,90,30,12,26,200
3738,3,2024-09-16,63,20,8,7,0
2125,3,2024-09-16,51,20,8,56,0
2959,3,2024-09-16,103,30,12,25,0
2987,3,2024-09-16,69,30,12,10,0
2923,3,2024-09-16,96,30,12,15,0
2848,3,2024-09-16,138,20,8,33,0
2319,3,2024-09-16,0,30,12,13,0
3833,3,2024-09-16,108,75,30,18,0
2468,3,2024-09-16,241,40,16,23,0
3337,3,2024-09-16,126,30,12,4,150
2162,3,2024-09-16,123,30,12,0,0
2711,3,2024-09-16,75,20,8,2,0
2881,3,2024-09-16,612,100,40,1,0
3571,3,2024-09-16,170,40,16,4,0
2256,3,2024-09-16,124,30,12,3,0
2312,3,2024-09-16,75,40,16,85,0
3754,3,2024-09-16,102,30,12,1,0
2954,3,2024-09-16,100,50,20,10,100
3188,3,2024-09-16,133,50,20,7,0
3055,3,2024-09-16,66,50,20,14,0
2780,3,2024-09-16,124,50,20,8,0
2723,3,2024-09-16,64,30,12,3,0
3501,3,2024-09-16,82,50,20,3,0
3585,3,2024-09-16,150,30,12,20,150
2360,3,2024-09-16,110,30,12,13,0
2910,3,2024-09-16,113,40,16,0,0
2345,3,2024-09-16,59,75,30,11,0
2746,3,2024-09-16,101,30,12,26,0
3567,3,2024-09-16,205,40,16,35,0
3474,3,2024-09-16,51,20,8,21,0
3680,3,2024-09-16,326,75,30,7,0
2052,3,2024-09-16,264,50,20,6,0
3079,3,2024-09-16,223,50,20,49,0
3691,3,2024-09-16,231,100,40,3,0
3458,3,2024-09-16,290,100,40,39,0
3608,3,2024-09-16,48,20,8,43,100
2249,3,2024-09-16,108,40,16,6,0
3025,3,2024-09-16,0,40,16,7,0
3809,3,2024-09-16,203,75,30,64,0
3353,3,2024-09-16,7,20,8,7,0
3315,3,2024-09-16,70,75,30,4,0
2205,3,2024-09-16,41,20,8,7,0
2053,3,2024-09-16,110,40,16,1,0
3214,3,2024-09-16,44,20,8,6,0
2244,3,2024-09-16,40,30,12,16,300
2140,3,2024-09-16,205,50,20,4,0
2417,3,2024-09-16,62,30,12,0,0
3208,3,2024-09-16,196,40,16,2,0
2170,3,2024-09-16,142,30,12,24,200
3161,3,2024-09-16,108,40,16,1,0
2453,3,2024-09-16,128,40,16,29,0
3563,3,2024-09-16,44,30,12,14,0
2924,3,2024-09-16,218,40,16,63,0
3555,3,2024-09-16,100,30,12,26,0
3537,3,2024-09-16,11,30,12,15,0
2016,3,2024-09-16,29,30,12,15,0
3038,3,2024-09-16,201,50,20,1,0
3446,3,2024-09-16,74,30,12,18,0
2240,3,2024-09-16,42,20,8,30,0
2913,3,2024-09-16,39,40,16,2,100
3289,3,2024-09-16,62,40,16,5,0
3316,3,2024-09-16,295,50,20,14,0
2935,3,2024-09-16,90,30,12,0,0
3224,3,2024-09-16,151,30,12,4,0
3299,3,2024-09-16,47,30,12,16,0
2051,3,2024-09-16,169,75,30,68,0
2769,3,2024-09-16,268,100,40,8,0
3154,3,2024-09-16,70,30,12,15,0
3313,3,2024-09-16,266,50,20,4,0
2973,3,2024-09-16,262,40,16,18,0
3666,3,2024-09-16,59,40,16,17,0
2224,3,2024-09-16,45,30,12,13,200
2461,3,2024-09-16,37,30,12,18,0
3108,3,2024-09-16,100,40,16,3,0
3811,3,2024-09-16,138,40,16,4,0
3390,3,2024-09-16,150,40,16,46,0
2085,3,2024-09-16,108,30,12,59,0
3235,3,2024-09-16,186,40,16,11,0
2007,3,2024-09-16,-11,100,40,28,0
2251,3,2024-09-16,54,20,8,9,0
2743,3,2024-09-16,135,30,12,5,0
2411,3,2024-09-16,116,40,16,28,0
3083,3,2024-09-16,47,20,8,8,0
3790,3,2024-09-16,110,40,16,1,0
3587,3,2024-09-16,150,50,20,1,0
3127,3,2024-09-16,0,20,8,2,0
2393,3,2024-09-16,197,50,20,52,0
2907,3,2024-09-16,307,75,30,33,0
3844,3,2024-09-16,178,30,12,4,0
2892,3,2024-09-16,44,50,20,4,0
2997,3,2024-09-16,77,20,8,19,0
2555,3,2024-09-16,45,50,20,25,0
3551,3,2024-09-16,92,30,12,0,0
3089,3,2024-09-16,103,50,20,33,0
2611,3,2024-09-16,88,20,8,0,0
2248,3,2024-09-16,180,30,12,6,0
2699,3,2024-09-16,36,20,8,16,200
2119,3,2024-09-16,110,30,12,51,0
3549,3,2024-09-16,117,30,12,5,0
3525,3,2024-09-16,151,30,12,49,0
2014,3,2024-09-16,185,50,20,34,0
3480,3,2024-09-16,127,20,8,41,50
2966,3,2024-09-16,52,20,8,11,0
2023,3,2024-09-16,78,40,16,8,0
3306,3,2024-09-16,48,30,12,5,0
2895,3,2024-09-16,128,30,12,5,0
3403,3,2024-09-16,409,100,40,8,0
2781,3,2024-09-16,58,30,12,28,0
2279,3,2024-09-16,173,40,16,21,300
3519,3,2024-09-16,124,50,20,30,0
2826,3,2024-09-16,54,30,12,10,0
2684,3,2024-09-16,49,20,8,34,0
3132,3,2024-09-16,240,100,40,19,0
2391,3,2024-09-16,102,20,8,1,0
3436,3,2024-09-16,97,30,12,0,0
2063,3,2024-09-16,96,40,16,3,0
3765,3,2024-09-16,191,50,20,48,0
2171,3,2024-09-16,192,50,20,8,0
3507,3,2024-09-16,112,30,12,1,0
2103,3,2024-09-16,141,50,20,9,0
3027,3,2024-09-16,68,30,12,16,0
2181,3,2024-09-16,140,50,20,6,0
3141,3,2024-09-16,97,40,16,26,0
2199,3,2024-09-16,42,20,8,26,0
2024,3,2024-09-16,85,50,20,6,0
3839,3,2024-09-16,24,50,20,36,0
3381,3,2024-09-16,153,50,20,19,0
2596,3,2024-09-16,116,30,12,20,0
3113,3,2024-09-16,16,30,12,37,0
2146,3,2024-09-16,97,50,20,11,0
2862,3,2024-09-16,133,50,20,82,0
3845,3,2024-09-16,190,40,16,27,0
2272,3,2024-09-16,55,20,8,1,0
3699,3,2024-09-16,123,30,12,4,0
3063,3,2024-09-16,190,40,16,17,0
2219,3,2024-09-16,116,50,20,35,0
3601,3,2024-09-16,131,50,20,1,0
2794,3,2024-09-16,67,75,30,62,0
2480,3,2024-09-16,173,40,16,42,0
2316,3,2024-09-16,174,50,20,9,0
2807,3,2024-09-16,0,75,30,9,0
2038,3,2024-09-16,118,50,20,11,0
2804,3,2024-09-16,116,40,16,2,0
3662,3,2024-09-16,189,40,16,17,100
3312,3,2024-09-16,82,20,8,3,0
3256,3,2024-09-16,0,20,8,10,0
2776,3,2024-09-16,0,20,8,9,0
2379,3,2024-09-16,12,30,12,10,0
2802,3,2024-09-16,296,50,20,1,0
2821,3,2024-09-16,139,40,16,14,0
2788,3,2024-09-16,54,50,20,9,0
2033,3,2024-09-16,88,30,12,2,0
3152,3,2024-09-16,42,50,20,51,100
2414,3,2024-09-16,96,30,12,5,0
3502,3,2024-09-16,109,40,16,4,0
2782,3,2024-09-16,51,30,12,1,300
2039,3,2024-09-16,134,40,16,1,50
3813,3,2024-09-16,21,30,12,5,0
3155,3,2024-09-16,135,40,16,32,50
2919,3,2024-09-16,238,50,20,5,200
3295,3,2024-09-16,87,20,8,33,0
3369,3,2024-09-16,183,40,16,2,0
3151,3,2024-09-16,178,40,16,20,0
2729,3,2024-09-16,378,75,30,28,0
2164,3,2024-09-16,61,40,16,16,0
3644,3,2024-09-16,287,50,20,10,0
3043,3,2024-09-16,54,40,16,5,0
3170,3,2024-09-16,137,100,40,10,0
3603,3,2024-09-16,156,50,20,14,0
2182,3,2024-09-16,151,40,16,4,0
2371,3,2024-09-16,274,100,40,11,0
3647,3,2024-09-16,412,100,40,10,0
3559,3,2024-09-16,97,30,12,10,0
3046,3,2024-09-16,98,40,16,2,200
2522,3,2024-09-16,83,20,8,2,0
2017,3,2024-09-16,374,75,30,16,0
3543,3,2024-09-16,181,75,30,0,0
3721,3,2024-09-16,300,75,30,10,0
2703,3,2024-09-16,94,20,8,1,0
3421,3,2024-09-16,226,75,30,4,0
3230,3,2024-09-16,67,30,12,36,0
2426,3,2024-09-16,50,30,12,3,0
2223,3,2024-09-16,118,40,16,39,0
3282,3,2024-09-16,52,20,8,11,0
3250,3,2024-09-16,0,30,12,1,0
3508,3,2024-09-16,93,30,12,13,0
3345,3,2024-09-16,144,30,12,3,0
3164,3,2024-09-16,161,30,12,6,0
2087,3,2024-09-16,171,40,16,8,0
2506,3,2024-09-16,72,30,12,15,0
3140,3,2024-09-16,121,30,12,17,0
2539,3,2024-09-16,157,50,20,0,0
3592,3,2024-09-16,323,100,40,18,200
2452,3,2024-09-16,178,30,12,2,0
3370,3,2024-09-16,71,20,8,13,0
2643,3,2024-09-16,25,20,8,2,0
2241,3,2024-09-16,190,75,30,27,0
3627,3,2024-09-16,223,40,16,8,0
3080,3,2024-09-16,192,40,16,2,0
2206,3,2024-09-16,131,40,16,0,0
3412,3,2024-09-16,522,100,40,0,0
2948,3,2024-09-16,43,20,8,30,0
2809,3,2024-09-16,93,75,30,11,300
2201,3,2024-09-16,107,30,12,38,300
2818,3,2024-09-16,84,40,16,12,0
2376,3,2024-09-16,121,40,16,15,0
2261,3,2024-09-16,72,40,16,10,100
3711,3,2024-09-16,446,100,40,38,0
3479,3,2024-09-16,147,30,12,1,0
2677,3,2024-09-16,149,40,16,16,300
2867,3,2024-09-16,21,20,8,9,200
2548,3,2024-09-16,76,40,16,73,0
3638,3,2024-09-16,189,30,12,15,0
3681,3,2024-09-16,154,40,16,4,0
2664,3,2024-09-16,107,40,16,16,0
3124,3,2024-09-16,93,20,8,38,0
3212,3,2024-09-16,294,50,20,10,0
2755,3,2024-09-16,157,30,12,13,0
2123,3,2024-09-16,7,50,20,10,0
2302,3,2024-09-16,63,30,12,101,0
3198,3,2024-09-16,524,100,40,2,0
2434,3,2024-09-16,58,30,12,14,0
2337,3,2024-09-16,75,50,20,41,0
3165,3,2024-09-16,75,20,8,6,0
2558,3,2024-09-16,142,30,12,11,200
2657,3,2024-09-16,186,75,30,19,0
3184,3,2024-09-16,45,30,12,10,200
2710,3,2024-09-16,50,20,8,8,0
2521,3,2024-09-16,65,40,16,20,0
3616,3,2024-09-16,36,20,8,1,0
3487,3,2024-09-16,59,30,12,9,0
3554,3,2024-09-16,112,30,12,4,200
3338,3,2024-09-16,33,20,8,6,50
3760,3,2024-09-16,109,30,12,0,0
3714,3,2024-09-16,159,30,12,1,0
2271,3,2024-09-16,0,50,20,1,0
3186,3,2024-09-16,103,50,20,6,0
2018,3,2024-09-16,339,75,30,14,0
3191,3,2024-09-16,53,20,8,3,0
3040,3,2024-09-16,22,20,8,16,0
2988,3,2024-09-16,128,30,12,26,0
2126,3,2024-09-16,196,40,16,8,200
3071,3,2024-09-16,127,40,16,38,0
3532,3,2024-09-16,153,40,16,34,0
2091,3,2024-09-16,90,30,12,3,200
2166,3,2024-09-16,0,30,12,36,0
3579,3,2024-09-16,56,30,12,50,0
3634,3,2024-09-16,170,40,16,33,0
2021,3,2024-09-16,313,75,30,15,0
3686,3,2024-09-16,32,30,12,17,0
3717,3,2024-09-16,155,75,30,4,0
2622,3,2024-09-16,96,30,12,1,0
2383,3,2024-09-16,68,30,12,30,0
3326,3,2024-09-16,188,30,12,1,0
3526,3,2024-09-16,70,30,12,15,0
2798,3,2024-09-16,109,30,12,1,0
2995,3,2024-09-16,204,50,20,3,300
2877,3,2024-09-16,116,30,12,19,100
3204,3,2024-09-16,172,50,20,4,0
3755,3,2024-09-16,47,20,8,52,0
2473,3,2024-09-16,74,30,12,13,50
3350,3,2024-09-16,64,30,12,8,0
3189,3,2024-09-16,204,40,16,0,0
2868,3,2024-09-16,57,30,12,1,0
2627,3,2024-09-16,191,50,20,8,0
3081,3,2024-09-16,201,40,16,3,0
3294,3,2024-09-16,139,50,20,11,0
2898,3,2024-09-16,73,30,12,39,0
3596,3,2024-09-16,69,40,16,13,0
3483,3,2024-09-16,33,20,8,2,300
3715,3,2024-09-16,84,20,8,13,0
3392,3,2024-09-16,63,30,12,20,0
2080,3,2024-09-16,172,40,16,18,0
3346,3,2024-09-16,100,30,12,0,0
3584,3,2024-09-16,458,100,40,9,0
2068,3,2024-09-16,130,50,20,14,0
2338,3,2024-09-16,56,20,8,3,0
2675,3,2024-09-16,137,40,16,3,200
3137,3,2024-09-16,135,40,16,6,0
2989,3,2024-09-16,152,40,16,35,0
2735,3,2024-09-16,185,40,16,4,0
2423,3,2024-09-16,127,30,12,10,0
2216,3,2024-09-16,73,30,12,12,0
2076,3,2024-09-16,102,50,20,28,0
2372,3,2024-09-16,60,40,16,24,0
3073,3,2024-09-16,96,75,30,10,0
3678,3,2024-09-16,25,30,12,8,0
2115,3,2024-09-16,44,20,8,30,0
2340,3,2024-09-16,0,75,30,38,0
2956,3,2024-09-16,133,30,12,10,0
3679,3,2024-09-16,165,50,20,18,300
2429,3,2024-09-16,69,30,12,1,0
2579,3,2024-09-16,126,30,12,33,100
2355,3,2024-09-16,101,30,12,2,0
2810,3,2024-09-16,185,30,12,2,0
2925,3,2024-09-16,195,100,40,10,0
3726,3,2024-09-16,276,50,20,46,0
3052,3,2024-09-16,388,100,40,1,50
3302,3,2024-09-16,197,40,16,14,0
3075,3,2024-09-16,66,20,8,5,0
2638,3,2024-09-16,4,20,8,13,0
2616,3,2024-09-16,94,20,8,11,100
2581,3,2024-09-16,198,50,20,15,0
2012,3,2024-09-16,226,50,20,1,0
3394,3,2024-09-16,76,20,8,7,0
3166,3,2024-09-16,135,30,12,24,0
3468,3,2024-09-16,102,50,20,3,0
2131,3,2024-09-16,71,20,8,46,0
3706,3,2024-09-16,92,50,20,27,0
2720,3,2024-09-16,101,50,20,8,0
3237,3,2024-09-16,139,50,20,7,0
2958,3,2024-09-16,101,30,12,6,300
2758,3,2024-09-16,198,30,12,0,200
2435,3,2024-09-16,161,30,12,0,0
2369,3,2024-09-16,194,100,40,4,150
2407,3,2024-09-16,173,40,16,2,50
2942,3,2024-09-16,105,50,20,12,0
2678,3,2024-09-16,149,40,16,42,0
2519,3,2024-09-16,140,40,16,15,0
3478,3,2024-09-16,273,50,20,14,0
3466,3,2024-09-16,228,75,30,4,100
2294,3,2024-09-16,197,75,30,1,0
2560,3,2024-09-16,0,40,16,1,0
3037,3,2024-09-16,0,30,12,0,0
2968,3,2024-09-16,40,30,12,2,0
2479,3,2024-09-16,231,50,20,9,200
3570,3,2024-09-16,80,20,8,11,0
3823,3,2024-09-16,147,40,16,1,100
3269,3,2024-09-16,101,50,20,1,0
3375,3,2024-09-16,217,40,16,9,0
3101,3,2024-09-16,100,30,12,6,0
3734,3,2024-09-16,218,75,30,16,0
2230,3,2024-09-16,95,30,12,6,0
2717,3,2024-09-16,258,75,30,3,0
3744,3,2024-09-16,224,50,20,11,0
2908,3,2024-09-16,51,75,30,13,200
2447,3,2024-09-16,105,40,16,0,150
2388,3,2024-09-16,80,20,8,2,0
3157,3,2024-09-16,90,20,8,8,0
2028,3,2024-09-16,0,20,8,9,0
2719,3,2024-09-16,79,20,8,0,0
2900,3,2024-09-16,86,30,12,9,0
2047,3,2024-09-16,38,20,8,6,0
3605,3,2024-09-16,96,50,20,3,300
3604,3,2024-09-16,203,40,16,7,300
3033,3,2024-09-16,128,30,12,7,0
3414,3,2024-09-16,66,30,12,37,0
3329,3,2024-09-16,98,30,12,2,0
2069,3,2024-09-16,412,100,40,11,0
3801,3,2024-09-16,101,20,8,8,0
3509,3,2024-09-16,100,40,16,4,0
3117,3,2024-09-16,115,30,12,53,0
2281,3,2024-09-16,134,40,16,12,0
2110,3,2024-09-16,215,40,16,67,0
2740,3,2024-09-16,105,40,16,23,150
3385,3,2024-09-16,170,30,12,2,50
3594,3,2024-09-16,514,100,40,2,0
3415,3,2024-09-16,146,30,12,12,0
2220,3,2024-09-16,249,40,16,36,0
3411,3,2024-09-16,180,40,16,3,0
2401,3,2024-09-16,24,40,16,7,300
3462,3,2024-09-16,39,40,16,14,0
2970,3,2024-09-16,32,30,12,44,0
3053,3,2024-09-16,98,20,8,0,0
3572,3,2024-09-16,68,30,12,17,0
3259,3,2024-09-16,104,30,12,0,200
2963,3,2024-09-16,77,40,16,6,0
3086,3,2024-09-16,344,75,30,1,0
2402,3,2024-09-16,54,30,12,3,100
3534,3,2024-09-16,118,40,16,19,0
2440,3,2024-09-16,73,20,8,14,0
2771,3,2024-09-16,101,50,20,6,0
3795,3,2024-09-16,14,40,16,3,0
2824,3,2024-09-16,127,30,12,39,0
3469,3,2024-09-16,62,30,12,38,300
2715,3,2024-09-16,73,30,12,4,0
2395,3,2024-09-16,101,50,20,44,0
2904,3,2024-09-16,339,100,40,6,0
3380,3,2024-09-16,250,100,40,3,0
3330,3,2024-09-16,127,75,30,2,0
2986,3,2024-09-16,575,100,40,23,0
2927,3,2024-09-16,85,50,20,37,0
2189,3,2024-09-16,169,40,16,3,0
3004,3,2024-09-16,161,40,16,26,150
2992,3,2024-09-16,107,30,12,0,150
2803,3,2024-09-16,140,50,20,4,0
2806,3,2024-09-16,92,30,12,2,0
3610,3,2024-09-16,82,20,8,10,50
2406,3,2024-09-16,290,75,30,4,0
3291,3,2024-09-16,84,40,16,19,0
3698,3,2024-09-16,94,40,16,6,0
2837,3,2024-09-16,79,40,16,9,0
2726,3,2024-09-16,168,40,16,5,0
3712,3,2024-09-16,137,50,20,41,0
3518,3,2024-09-16,137,40,16,13,0
2488,3,2024-09-16,229,75,30,18,0
2210,3,2024-09-16,32,30,12,20,0
3545,3,2024-09-16,56,30,12,12,0
2974,3,2024-09-16,101,20,8,20,0
3825,3,2024-09-16,23,40,16,5,0
2694,3,2024-09-16,323,50,20,69,0
3818,3,2024-09-16,102,30,12,11,0
3556,3,2024-09-16,122,30,12,5,300
3092,3,2024-09-16,0,100,40,23,0
3826,3,2024-09-16,152,50,20,24,0
3377,3,2024-09-16,8,20,8,21,0
2048,3,2024-09-16,430,100,40,1,0
2044,3,2024-09-16,25,30,12,1,0
3840,3,2024-09-16,181,40,16,24,0
2089,3,2024-09-16,275,100,40,9,0
2032,3,2024-09-16,166,40,16,18,0
3704,3,2024-09-16,22,40,16,21,0
3210,3,2024-09-16,154,75,30,12,0
3129,3,2024-09-16,286,50,20,18,0
3093,3,2024-09-16,248,50,20,7,0
2380,3,2024-09-16,38,30,12,6,150
3648,3,2024-09-16,100,50,20,23,0
2092,3,2024-09-16,170,40,16,12,0
3253,3,2024-09-16,0,30,12,1,0
3454,3,2024-09-16,155,100,40,14,0
2774,3,2024-09-16,67,40,16,82,0
2093,3,2024-09-16,46,30,12,11,0
2455,3,2024-09-16,103,30,12,17,0
2121,3,2024-09-16,108,40,16,0,0
3285,3,2024-09-16,84,50,20,1,0
2592,3,2024-09-16,84,50,20,17,0
2767,3,2024-09-16,64,30,12,5,0
3167,3,2024-09-16,109,75,30,27,0
2639,3,2024-09-16,88,30,12,5,0
2843,3,2024-09-16,252,75,30,3,200
3088,3,2024-09-16,232,50,20,8,0
3632,3,2024-09-16,170,30,12,8,0
3150,3,2024-09-16,0,75,30,21,0
3671,3,2024-09-16,32,20,8,44,300
2247,3,2024-09-16,74,50,20,2,0
3705,3,2024-09-16,295,100,40,1,0
2540,3,2024-09-16,85,30,12,13,0
2947,3,2024-09-16,86,30,12,4,0
2882,3,2024-09-16,182,40,16,24,0
2041,3,2024-09-16,76,30,12,17,0
2733,3,2024-09-16,26,20,8,10,0
3438,3,2024-09-16,62,20,8,6,0
2515,3,2024-09-16,147,50,20,2,0
2159,3,2024-09-16,23,30,12,0,0
3032,3,2024-09-16,112,40,16,20,0
3725,3,2024-09-16,193,40,16,6,200
2491,3,2024-09-16,71,50,20,29,0
3428,3,2024-09-16,185,40,16,24,0
2819,3,2024-09-16,129,50,20,6,0
2458,3,2024-09-16,62,30,12,0,0
2732,3,2024-09-16,12,50,20,2,0
2814,3,2024-09-16,99,50,20,1,0
2381,3,2024-09-16,77,20,8,24,0
2487,3,2024-09-16,132,40,16,1,0
3447,3,2024-09-16,160,50,20,0,0
2670,3,2024-09-16,268,40,16,17,0
3008,3,2024-09-16,161,40,16,13,0
3778,3,2024-09-16,287,75,30,32,0
2120,3,2024-09-16,35,20,8,1,0
3238,3,2024-09-16,31,30,12,21,0
3590,3,2024-09-16,67,50,20,9,0
3105,3,2024-09-16,123,50,20,9,0
2229,3,2024-09-16,137,30,12,9,0
2445,3,2024-09-16,39,30,12,2,0
2869,3,2024-09-16,98,40,16,79,0
2347,3,2024-09-16,62,20,8,15,0
3618,3,2024-09-16,92,40,16,12,0
2564,3,2024-09-16,126,50,20,5,0
2002,3,2024-09-16,26,30,12,9,0
3169,3,2024-09-16,88,20,8,1,0
2296,3,2024-09-16,191,50,20,29,0
3489,3,2024-09-16,261,100,40,19,0
3423,3,2024-09-16,175,40,16,0,0
3401,3,2024-09-16,97,40,16,25,0
2158,3,2024-09-16,50,20,8,25,0
2492,3,2024-09-16,1,30,12,9,0
2691,3,2024-09-16,64,30,12,5,0
2557,3,2024-09-16,46,40,16,7,0
3242,3,2024-09-16,105,30,12,18,0
2831,3,2024-09-16,161,40,16,8,0
3257,3,2024-09-16,76,30,12,4,0
3099,3,2024-09-16,171,50,20,2,0
2978,3,2024-09-16,204,40,16,19,0
2444,3,2024-09-16,167,50,20,79,50
3310,3,2024-09-16,315,40,16,8,0
3399,3,2024-09-16,90,50,20,54,0
2795,3,2024-09-16,287,50,20,0,100
3334,3,2024-09-16,41,20,8,29,0
2532,3,2024-09-16,21,30,12,37,0
2659,3,2024-09-16,113,30,12,5,0
3333,3,2024-09-16,55,50,20,16,0
3581,3,2024-09-16,177,50,20,200,0
2354,3,2024-09-16,67,30,12,0,0
3410,3,2024-09-16,99,30,12,30,0
2335,3,2024-09-16,118,30,12,5,0
3727,3,2024-09-16,232,50,20,8,0
3059,3,2024-09-16,143,30,12,34,0
3787,3,2024-09-16,415,75,30,6,0
2285,3,2024-09-16,0,30,12,4,0
3218,3,2024-09-16,69,30,12,4,0
3568,3,2024-09-16,74,40,16,2,0
3239,3,2024-09-16,136,50,20,19,0
3798,3,2024-09-16,141,30,12,7,50
2062,3,2024-09-16,95,50,20,1,100
2714,3,2024-09-16,88,40,16,10,0
2613,4,2024-09-15,98,20,8,39,0
2116,4,2024-09-15,37,20,8,45,150
2769,4,2024-09-15,4,50,20,3,0
2710,4,2024-09-15,213,30,12,0,0
3466,4,2024-09-15,195,40,16,1,0
3324,4,2024-09-15,125,30,12,12,50
2549,4,2024-09-15,124,50,20,16,0
2493,4,2024-09-15,87,50,20,14,0
2192,4,2024-09-15,259,50,20,11,0
2424,4,2024-09-15,36,30,12,67,0
3796,4,2024-09-15,87,40,16,27,0
2121,4,2024-09-15,68,40,16,8,0
2734,4,2024-09-15,224,50,20,18,0
2253,4,2024-09-15,167,50,20,8,0
3024,4,2024-09-15,179,50,20,2,0
3502,4,2024-09-15,245,75,30,10,0
3642,4,2024-09-15,166,50,20,1,0
3682,4,2024-09-15,32,30,12,13,0
3614,4,2024-09-15,315,100,40,1,0
2205,4,2024-09-15,100,30,12,12,0
3594,4,2024-09-15,256,40,16,5,0
2374,4,2024-09-15,375,75,30,38,0
3094,4,2024-09-15,151,40,16,22,0
2185,4,2024-09-15,24,40,16,4,0
3253,4,2024-09-15,85,30,12,2,0
2900,4,2024-09-15,193,100,40,30,0
3653,4,2024-09-15,60,30,12,12,0
3234,4,2024-09-15,86,50,20,36,0
3290,4,2024-09-15,85,40,16,22,0
2365,4,2024-09-15,51,40,16,3,0
2760,4,2024-09-15,90,20,8,16,0
3791,4,2024-09-15,60,30,12,6,0
2024,4,2024-09-15,109,20,8,54,0
3549,4,2024-09-15,178,50,20,35,0
3045,4,2024-09-15,89,30,12,3,0
2190,4,2024-09-15,23,20,8,31,0
3659,4,2024-09-15,117,50,20,3,0
2646,4,2024-09-15,90,40,16,3,0
2904,4,2024-09-15,-13,50,20,15,0
3839,4,2024-09-15,223,75,30,1,0
3347,4,2024-09-15,171,75,30,37,0
3130,4,2024-09-15,114,30,12,6,0
3699,4,2024-09-15,68,20,8,1,50
3139,4,2024-09-15,13,40,16,25,0
2085,4,2024-09-15,123,30,12,8,0
2002,4,2024-09-15,107,30,12,32,0
3767,4,2024-09-15,170,50,20,13,0
2733,4,2024-09-15,163,30,12,2,0
2246,4,2024-09-15,359,50,20,34,0
3620,4,2024-09-15,52,20,8,50,0
3512,4,2024-09-15,0,40,16,5,300
2130,4,2024-09-15,189,75,30,0,0
2490,4,2024-09-15,80,40,16,6,200
2712,4,2024-09-15,258,50,20,1,0
2864,4,2024-09-15,28,40,16,68,0
2137,4,2024-09-15,385,75,30,5,0
2824,4,2024-09-15,73,50,20,7,0
3487,4,2024-09-15,200,50,20,3,0
3201,4,2024-09-15,55,30,12,50,100
2839,4,2024-09-15,9,40,16,13,0
2914,4,2024-09-15,60,20,8,6,0
3400,4,2024-09-15,56,20,8,21,300
2012,4,2024-09-15,172,75,30,50,0
3294,4,2024-09-15,119,50,20,10,0
3759,4,2024-09-15,104,40,16,24,0
3559,4,2024-09-15,139,30,12,22,50
3064,4,2024-09-15,0,40,16,13,0
2331,4,2024-09-15,86,50,20,12,200
2863,4,2024-09-15,255,100,40,1,0
2755,4,2024-09-15,68,30,12,22,0
2570,4,2024-09-15,144,50,20,39,0
3394,4,2024-09-15,86,40,16,6,0
3259,4,2024-09-15,219,50,20,10,0
3740,4,2024-09-15,47,40,16,5,0
2133,4,2024-09-15,43,75,30,15,0
2564,4,2024-09-15,75,40,16,2,0
3177,4,2024-09-15,192,40,16,12,0
2147,4,2024-09-15,135,30,12,42,0
2898,4,2024-09-15,85,30,12,15,0
2391,4,2024-09-15,276,40,16,21,0
3443,4,2024-09-15,65,20,8,0,100
3478,4,2024-09-15,201,40,16,8,0
2690,4,2024-09-15,34,30,12,8,0
3227,4,2024-09-15,37,20,8,35,0
2700,4,2024-09-15,209,50,20,13,200
3584,4,2024-09-15,118,30,12,9,0
2158,4,2024-09-15,68,20,8,39,0
2481,4,2024-09-15,374,100,40,17,0
3216,4,2024-09-15,73,50,20,19,0
3765,4,2024-09-15,100,30,12,21,0
2191,4,2024-09-15,31,50,20,45,300
2624,4,2024-09-15,77,20,8,1,150
2984,4,2024-09-15,51,20,8,40,0
3252,4,2024-09-15,69,50,20,20,0
3379,4,2024-09-15,153,50,20,11,0
2055,4,2024-09-15,120,30,12,10,0
2676,4,2024-09-15,49,20,8,20,0
2412,4,2024-09-15,38,30,12,9,150
3302,4,2024-09-15,93,30,12,7,0
2798,4,2024-09-15,23,30,12,2,0
3143,4,2024-09-15,111,30,12,33,0
2497,4,2024-09-15,118,30,12,1,0
2290,4,2024-09-15,136,30,12,21,0
3049,4,2024-09-15,142,30,12,77,0
2046,4,2024-09-15,61,20,8,35,0
2529,4,2024-09-15,58,20,8,6,0
3027,4,2024-09-15,202,75,30,41,0
2812,4,2024-09-15,89,50,20,26,0
2219,4,2024-09-15,71,50,20,1,0
2939,4,2024-09-15,250,50,20,2,0
3847,4,2024-09-15,101,20,8,12,0
2787,4,2024-09-15,58,40,16,3,0
3434,4,2024-09-15,95,40,16,30,0
2828,4,2024-09-15,15,75,30,3,0
3794,4,2024-09-15,48,40,16,5,0
2532,4,2024-09-15,485,100,40,20,100
2694,4,2024-09-15,180,50,20,3,0
3329,4,2024-09-15,62,30,12,0,0
2101,4,2024-09-15,71,20,8,1,0
2681,4,2024-09-15,65,20,8,0,0
2768,4,2024-09-15,98,40,16,0,0
2344,4,2024-09-15,46,20,8,2,0
3507,4,2024-09-15,100,40,16,2,200
3484,4,2024-09-15,97,30,12,34,0
2413,4,2024-09-15,96,30,12,4,0
3619,4,2024-09-15,114,50,20,22,0
2152,4,2024-09-15,117,30,12,11,0
2035,4,2024-09-15,82,20,8,2,0
3723,4,2024-09-15,0,20,8,10,0
2683,4,2024-09-15,168,40,16,68,0
3742,4,2024-09-15,81,30,12,45,100
2685,4,2024-09-15,21,30,12,13,0
2383,4,2024-09-15,180,30,12,8,0
2168,4,2024-09-15,340,75,30,2,0
3140,4,2024-09-15,151,100,40,9,0
3760,4,2024-09-15,121,40,16,6,0
3741,4,2024-09-15,37,20,8,34,0
3349,4,2024-09-15,75,30,12,25,0
2974,4,2024-09-15,0,50,20,27,0
3470,4,2024-09-15,89,40,16,30,0
2699,4,2024-09-15,196,30,12,54,0
3035,4,2024-09-15,92,30,12,4,0
3380,4,2024-09-15,85,20,8,17,0
3508,4,2024-09-15,46,40,16,17,0
3099,4,2024-09-15,97,20,8,13,0
3515,4,2024-09-15,130,30,12,60,0
2238,4,2024-09-15,111,40,16,23,0
3781,4,2024-09-15,130,30,12,32,200
2717,4,2024-09-15,36,30,12,3,0
3194,4,2024-09-15,46,50,20,17,0
2395,4,2024-09-15,0,20,8,2,0
2006,4,2024-09-15,134,30,12,3,0
2510,4,2024-09-15,224,40,16,17,0
3445,4,2024-09-15,264,75,30,13,0
2110,4,2024-09-15,58,20,8,0,0
3274,4,2024-09-15,158,30,12,13,0
2154,4,2024-09-15,45,30,12,65,0
2580,4,2024-09-15,110,50,20,8,0
2150,4,2024-09-15,116,30,12,7,50
3633,4,2024-09-15,113,40,16,4,0
3026,4,2024-09-15,99,30,12,1,0
2885,4,2024-09-15,115,40,16,19,0
2894,4,2024-09-15,261,40,16,9,0
2342,4,2024-09-15,140,75,30,7,0
2940,4,2024-09-15,138,40,16,11,0
3724,4,2024-09-15,187,40,16,24,0
2852,4,2024-09-15,85,50,20,36,0
3532,4,2024-09-15,230,40,16,2,0
3618,4,2024-09-15,232,50,20,6,0
3770,4,2024-09-15,211,75,30,3,0
3018,4,2024-09-15,81,40,16,29,0
2976,4,2024-09-15,342,75,30,38,200
2808,4,2024-09-15,209,40,16,21,0
3322,4,2024-09-15,176,50,20,0,0
3153,4,2024-09-15,99,30,12,3,0
2064,4,2024-09-15,156,40,16,1,0
2589,4,2024-09-15,64,30,12,12,0
3645,4,2024-09-15,274,50,20,16,0
2476,4,2024-09-15,70,40,16,8,0
2594,4,2024-09-15,86,40,16,0,0
3056,4,2024-09-15,235,100,40,11,0
2889,4,2024-09-15,40,30,12,13,0
3278,4,2024-09-15,75,30,12,5,0
3164,4,2024-09-15,102,50,20,6,50
3115,4,2024-09-15,76,75,30,50,0
3766,4,2024-09-15,163,75,30,17,0
2386,4,2024-09-15,196,40,16,38,0
3541,4,2024-09-15,190,50,20,4,0
2373,4,2024-09-15,70,30,12,9,0
2718,4,2024-09-15,144,40,16,16,0
2414,4,2024-09-15,176,50,20,5,0
3086,4,2024-09-15,146,50,20,3,0
2559,4,2024-09-15,235,40,16,9,0
3192,4,2024-09-15,118,30,12,0,0
3110,4,2024-09-15,269,40,16,54,0
3501,4,2024-09-15,238,50,20,35,0
2456,4,2024-09-15,322,75,30,16,0
3352,4,2024-09-15,57,30,12,23,200
3137,4,2024-09-15,346,100,40,7,0
2701,4,2024-09-15,11,40,16,16,0
2766,4,2024-09-15,160,40,16,14,0
2368,4,2024-09-15,117,30,12,7,0
2467,4,2024-09-15,255,50,20,1,0
2286,4,2024-09-15,113,40,16,4,0
2230,4,2024-09-15,148,50,20,10,0
2218,4,2024-09-15,63,20,8,15,0
2129,4,2024-09-15,65,20,8,9,0
3643,4,2024-09-15,268,75,30,10,0
2782,4,2024-09-15,96,30,12,5,0
2233,4,2024-09-15,110,40,16,22,0
2162,4,2024-09-15,468,100,40,15,0
2861,4,2024-09-15,103,30,12,1,0
3459,4,2024-09-15,309,75,30,4,0
3668,4,2024-09-15,85,40,16,32,0
2801,4,2024-09-15,74,50,20,21,0
2105,4,2024-09-15,61,40,16,21,0
2227,4,2024-09-15,113,50,20,38,0
3343,4,2024-09-15,153,40,16,4,0
3303,4,2024-09-15,107,40,16,13,0
3286,4,2024-09-15,139,40,16,32,0
2720,4,2024-09-15,84,20,8,4,0
3783,4,2024-09-15,0,50,20,13,0
2955,4,2024-09-15,191,50,20,17,0
3498,4,2024-09-15,169,75,30,19,0
3688,4,2024-09-15,49,30,12,1,0
2504,4,2024-09-15,219,40,16,15,0
3326,4,2024-09-15,188,30,12,1,0
2528,4,2024-09-15,188,30,12,12,0
3083,4,2024-09-15,420,75,30,83,0
3306,4,2024-09-15,123,50,20,2,0
3124,4,2024-09-15,134,30,12,34,0
2328,4,2024-09-15,521,100,40,27,0
2291,4,2024-09-15,108,40,16,35,0
3612,4,2024-09-15,29,20,8,6,0
2869,4,2024-09-15,89,40,16,0,0
3346,4,2024-09-15,289,50,20,3,0
2051,4,2024-09-15,97,20,8,30,200
3247,4,2024-09-15,78,40,16,13,0
3391,4,2024-09-15,116,50,20,1,0
3436,4,2024-09-15,157,30,12,29,0
2357,4,2024-09-15,16,50,20,1,0
3359,4,2024-09-15,127,40,16,19,0
2868,4,2024-09-15,74,75,30,3,0
2335,4,2024-09-15,174,40,16,21,0
2508,4,2024-09-15,79,30,12,4,50
2727,4,2024-09-15,47,30,12,14,0
3716,4,2024-09-15,52,40,16,1,0
2595,4,2024-09-15,199,50,20,2,0
2067,4,2024-09-15,122,40,16,1,0
3768,4,2024-09-15,123,40,16,17,0
2262,4,2024-09-15,93,40,16,2,0
3560,4,2024-09-15,206,50,20,2,0
3220,4,2024-09-15,25,40,16,36,300
3160,4,2024-09-15,71,30,12,1,0
2145,4,2024-09-15,0,40,16,31,0
2897,4,2024-09-15,239,75,30,31,0
2960,4,2024-09-15,6,75,30,10,0
2738,4,2024-09-15,249,75,30,16,0
2962,4,2024-09-15,274,100,40,18,0
2249,4,2024-09-15,102,20,8,21,0
3416,4,2024-09-15,0,20,8,17,0
3298,4,2024-09-15,35,30,12,5,100
3123,4,2024-09-15,346,75,30,25,0
3819,4,2024-09-15,244,50,20,8,0
3442,4,2024-09-15,100,40,16,84,200
2696,4,2024-09-15,28,20,8,22,0
2815,4,2024-09-15,254,40,16,11,0
3231,4,2024-09-15,280,50,20,8,0
3415,4,2024-09-15,59,50,20,0,0
3283,4,2024-09-15,133,40,16,0,50
2941,4,2024-09-15,40,50,20,30,150
2987,4,2024-09-15,227,50,20,9,0
2775,4,2024-09-15,244,75,30,6,200
2740,4,2024-09-15,201,30,12,3,150
3272,4,2024-09-15,108,30,12,4,0
2561,4,2024-09-15,413,75,30,30,0
3587,4,2024-09-15,43,20,8,20,0
3069,4,2024-09-15,55,30,12,2,0
3405,4,2024-09-15,281,75,30,25,0
2228,4,2024-09-15,83,30,12,2,0
2001,4,2024-09-15,88,20,8,5,0
2214,4,2024-09-15,146,40,16,2,0
3403,4,2024-09-15,40,20,8,28,0
2831,4,2024-09-15,50,30,12,4,0
3714,4,2024-09-15,58,30,12,22,0
3691,4,2024-09-15,100,30,12,0,0
3505,4,2024-09-15,123,50,20,33,0
2970,4,2024-09-15,107,30,12,14,200
3772,4,2024-09-15,90,20,8,3,0
3657,4,2024-09-15,116,30,12,25,0
3739,4,2024-09-15,212,75,30,31,0
3432,4,2024-09-15,80,30,12,0,0
2516,4,2024-09-15,127,30,12,2,0
3592,4,2024-09-15,225,50,20,4,0
2199,4,2024-09-15,72,30,12,11,0
3423,4,2024-09-15,100,30,12,45,0
2058,4,2024-09-15,48,50,20,69,0
3798,4,2024-09-15,148,50,20,40,0
2387,4,2024-09-15,245,40,16,10,0
2999,4,2024-09-15,172,40,16,33,0
2242,4,2024-09-15,146,40,16,14,0
2495,4,2024-09-15,89,50,20,33,0
2088,4,2024-09-15,81,40,16,16,0
2323,4,2024-09-15,170,40,16,11,0
3634,4,2024-09-15,280,100,40,10,0
3676,4,2024-09-15,168,40,16,19,0
2826,4,2024-09-15,93,40,16,0,0
3128,4,2024-09-15,41,20,8,39,0
3641,4,2024-09-15,35,30,12,12,0
3483,4,2024-09-15,158,40,16,20,0
3129,4,2024-09-15,143,40,16,2,0
2749,4,2024-09-15,49,40,16,3,0
3091,4,2024-09-15,49,20,8,10,0
3206,4,2024-09-15,20,30,12,39,0
2071,4,2024-09-15,261,50,20,1,150
2934,4,2024-09-15,75,20,8,29,0
3737,4,2024-09-15,24,20,8,0,150
2575,4,2024-09-15,83,30,12,9,0
3308,4,2024-09-15,96,30,12,5,0
3215,4,2024-09-15,78,30,12,29,300
3120,4,2024-09-15,76,30,12,12,0
2891,4,2024-09-15,35,20,8,16,0
3452,4,2024-09-15,378,100,40,43,0
2208,4,2024-09-15,168,75,30,41,50
3351,4,2024-09-15,115,40,16,5,0
2803,4,2024-09-15,-6,20,8,12,0
2509,4,2024-09-15,44,20,8,12,50
2878,4,2024-09-15,89,20,8,45,300
2005,4,2024-09-15,213,75,30,52,200
2602,4,2024-09-15,55,50,20,13,0
2065,4,2024-09-15,209,100,40,16,150
3818,4,2024-09-15,59,20,8,2,0
3048,4,2024-09-15,145,30,12,16,0
2014,4,2024-09-15,204,40,16,0,0
3652,4,2024-09-15,135,75,30,12,0
3486,4,2024-09-15,211,40,16,0,0
3807,4,2024-09-15,0,75,30,1,0
2239,4,2024-09-15,150,75,30,1,0
3813,4,2024-09-15,118,75,30,26,0
3371,4,2024-09-15,11,30,12,0,0
2884,4,2024-09-15,80,50,20,18,0
2726,4,2024-09-15,196,40,16,8,0
3492,4,2024-09-15,107,30,12,2,0
2325,4,2024-09-15,39,20,8,8,0
3503,4,2024-09-15,51,30,12,21,0
3136,4,2024-09-15,159,50,20,16,0
2375,4,2024-09-15,86,20,8,1,0
2044,4,2024-09-15,219,50,20,32,0
3428,4,2024-09-15,193,40,16,1,0
3529,4,2024-09-15,50,20,8,5,0
3441,4,2024-09-15,88,20,8,36,0
3539,4,2024-09-15,30,20,8,18,0
2982,4,2024-09-15,121,20,8,23,0
3567,4,2024-09-15,88,30,12,63,0
2341,4,2024-09-15,148,40,16,21,0
3338,4,2024-09-15,106,30,12,41,0
2091,4,2024-09-15,261,75,30,0,50
2015,4,2024-09-15,51,20,8,29,0
3810,4,2024-09-15,104,30,12,0,300
2047,4,2024-09-15,85,40,16,25,0
2448,4,2024-09-15,0,40,16,3,0
3555,4,2024-09-15,130,20,8,0,100
2739,4,2024-09-15,77,30,12,18,100
3757,4,2024-09-15,194,75,30,20,300
3689,4,2024-09-15,74,30,12,12,0
2731,4,2024-09-15,72,40,16,6,0
2979,4,2024-09-15,129,30,12,17,0
3523,4,2024-09-15,152,30,12,2,50
3017,4,2024-09-15,272,75,30,18,0
2764,4,2024-09-15,46,40,16,15,0
2902,4,2024-09-15,73,30,12,30,0
2345,4,2024-09-15,104,30,12,26,0
2780,4,2024-09-15,182,40,16,20,0
2555,4,2024-09-15,67,20,8,31,200
3202,4,2024-09-15,142,30,12,20,0
2135,4,2024-09-15,97,50,20,16,0
3401,4,2024-09-15,269,100,40,87,0
3785,4,2024-09-15,121,30,12,4,0
3305,4,2024-09-15,470,100,40,20,0
2153,4,2024-09-15,37,20,8,8,0
2439,4,2024-09-15,0,40,16,18,0
2450,4,2024-09-15,163,50,20,10,0
2703,4,2024-09-15,85,30,12,3,0
2899,4,2024-09-15,123,40,16,16,0
2697,4,2024-09-15,171,50,20,8,0
2783,4,2024-09-15,123,100,40,23,0
2920,4,2024-09-15,148,30,12,27,0
3681,4,2024-09-15,93,40,16,1,0
2805,4,2024-09-15,102,50,20,7,0
3568,4,2024-09-15,37,40,16,2,0
2922,4,2024-09-15,100,30,12,32,300
3310,4,2024-09-15,97,40,16,19,0
3209,4,2024-09-15,126,30,12,0,0
3199,4,2024-09-15,293,75,30,19,0
3287,4,2024-09-15,0,75,30,1,0
2360,4,2024-09-15,161,50,20,12,0
2543,4,2024-09-15,88,30,12,16,100
2628,4,2024-09-15,118,40,16,3,200
3580,4,2024-09-15,45,30,12,5,100
3387,4,2024-09-15,191,75,30,3,0
3613,4,2024-09-15,149,100,40,42,0
3628,4,2024-09-15,268,75,30,39,0
3195,4,2024-09-15,105,30,12,7,300
2511,4,2024-09-15,76,50,20,1,0
2489,4,2024-09-15,625,100,40,25,0
2991,4,2024-09-15,71,30,12,50,0
2872,4,2024-09-15,134,50,20,0,0
3114,4,2024-09-15,61,40,16,2,0
2992,4,2024-09-15,190,75,30,3,0
2103,4,2024-09-15,162,50,20,3,0
2682,4,2024-09-15,65,30,12,16,150
3828,4,2024-09-15,161,100,40,9,0
2142,4,2024-09-15,75,30,12,22,0
3015,4,2024-09-15,239,100,40,5,0
2479,4,2024-09-15,223,50,20,15,0
3402,4,2024-09-15,335,100,40,25,0
2585,4,2024-09-15,66,75,30,1,0
2415,4,2024-09-15,139,30,12,16,0
2076,4,2024-09-15,80,30,12,0,0
2729,4,2024-09-15,287,50,20,26,0
3151,4,2024-09-15,240,100,40,25,300
3156,4,2024-09-15,103,40,16,14,0
2478,4,2024-09-15,131,50,20,7,0
3615,4,2024-09-15,340,75,30,13,0
2631,4,2024-09-15,90,30,12,25,0
2758,4,2024-09-15,95,30,12,17,0
2117,4,2024-09-15,227,40,16,15,0
2309,4,2024-09-15,43,50,20,9,0
2074,4,2024-09-15,34,40,16,11,0
3595,4,2024-09-15,124,30,12,19,0
2965,4,2024-09-15,69,30,12,6,0
2355,4,2024-09-15,83,30,12,1,0
2254,4,2024-09-15,118,40,16,0,0
3196,4,2024-09-15,153,50,20,9,0
3117,4,2024-09-15,346,75,30,17,0
2593,4,2024-09-15,169,40,16,13,300
2957,4,2024-09-15,32,50,20,72,0
2527,4,2024-09-15,145,50,20,7,0
3489,4,2024-09-15,93,30,12,0,50
3597,4,2024-09-15,115,30,12,63,0
2944,4,2024-09-15,157,50,20,4,150
3551,4,2024-09-15,134,50,20,8,0
2447,4,2024-09-15,124,40,16,36,0
2195,4,2024-09-15,32,30,12,14,50
3422,4,2024-09-15,185,100,40,7,0
2280,4,2024-09-15,97,20,8,15,200
3658,4,2024-09-15,265,100,40,0,0
2004,4,2024-09-15,24,30,12,11,0
3320,4,2024-09-15,264,100,40,6,0
3093,4,2024-09-15,31,20,8,1,200
2054,4,2024-09-15,34,40,16,8,0
2419,4,2024-09-15,389,75,30,23,0
2181,4,2024-09-15,49,20,8,16,0
2021,4,2024-09-15,231,40,16,67,0
2925,4,2024-09-15,20,50,20,3,0
2237,4,2024-09-15,62,40,16,7,0
2119,4,2024-09-15,126,30,12,10,0
3361,4,2024-09-15,305,75,30,20,0
3292,4,2024-09-15,107,40,16,3,0
2165,4,2024-09-15,133,50,20,1,150
3384,4,2024-09-15,145,40,16,3,0
2332,4,2024-09-15,223,40,16,10,0
2250,4,2024-09-15,43,20,8,48,0
2284,4,2024-09-15,143,50,20,6,0
2295,4,2024-09-15,26,20,8,4,0
3806,4,2024-09-15,113,20,8,3,0
3174,4,2024-09-15,221,50,20,14,0
3822,4,2024-09-15,157,30,12,1,0
2356,4,2024-09-15,163,50,20,8,0
2951,4,2024-09-15,83,30,12,3,300
2053,4,2024-09-15,115,75,30,30,0
3103,4,2024-09-15,0,75,30,2,0
2488,4,2024-09-15,90,20,8,26,0
2009,4,2024-09-15,152,75,30,2,50
2784,4,2024-09-15,133,50,20,40,0
3679,4,2024-09-15,29,20,8,20,0
3068,4,2024-09-15,41,50,20,2,0
2336,4,2024-09-15,139,40,16,5,0
3236,4,2024-09-15,0,40,16,25,0
2322,4,2024-09-15,52,20,8,3,0
3686,4,2024-09-15,76,75,30,10,0
3179,4,2024-09-15,97,40,16,13,0
3827,4,2024-09-15,189,50,20,12,0
2498,4,2024-09-15,293,75,30,0,0
2072,4,2024-09-15,62,50,20,45,150
2548,4,2024-09-15,266,75,30,21,0
2716,4,2024-09-15,39,20,8,9,0
2707,4,2024-09-15,215,75,30,1,0
3605,4,2024-09-15,154,50,20,16,100
2757,4,2024-09-15,60,20,8,2,150
3690,4,2024-09-15,77,30,12,29,200
3313,4,2024-09-15,65,75,30,10,0
2810,4,2024-09-15,80,40,16,0,0
2935,4,2024-09-15,179,50,20,15,50
2315,4,2024-09-15,397,100,40,12,0
2263,4,2024-09-15,26,20,8,45,0
3678,4,2024-09-15,73,20,8,0,0
2080,4,2024-09-15,142,50,20,16,0
2348,4,2024-09-15,250,100,40,0,0
3028,4,2024-09-15,114,40,16,7,150
3820,4,2024-09-15,27,30,12,36,0
2369,4,2024-09-15,90,40,16,4,0
2779,4,2024-09-15,135,50,20,0,0
2601,4,2024-09-15,64,40,16,0,0
3186,4,2024-09-15,33,75,30,2,0
3193,4,2024-09-15,158,40,16,0,0
3181,4,2024-09-15,67,30,12,2,0
3731,4,2024-09-15,280,75,30,7,0
3382,4,2024-09-15,151,40,16,16,0
3499,4,2024-09-15,62,30,12,2,0
2688,4,2024-09-15,97,40,16,8,0
2556,4,2024-09-15,0,50,20,19,0
3417,4,2024-09-15,118,100,40,16,0
2978,4,2024-09-15,106,30,12,0,0
2912,4,2024-09-15,91,50,20,10,0
2127,4,2024-09-15,44,75,30,17,0
2398,4,2024-09-15,368,75,30,10,0
2632,4,2024-09-15,232,50,20,12,0
2817,4,2024-09-15,75,30,12,1,0
2279,4,2024-09-15,217,75,30,1,0
3178,4,2024-09-15,74,30,12,2,0
3023,4,2024-09-15,215,75,30,19,0
2231,4,2024-09-15,111,30,12,27,0
3840,4,2024-09-15,126,30,12,19,150
2745,4,2024-09-15,0,40,16,9,0
2882,4,2024-09-15,254,50,20,9,0
3016,4,2024-09-15,296,75,30,8,0
2394,4,2024-09-15,68,40,16,10,0
2095,4,2024-09-15,217,40,16,47,0
2937,4,2024-09-15,176,50,20,4,150
3493,4,2024-09-15,81,30,12,8,200
3295,4,2024-09-15,108,40,16,3,100
2213,4,2024-09-15,102,30,12,4,0
2750,4,2024-09-15,88,20,8,8,0
3817,4,2024-09-15,82,20,8,8,0
3121,4,2024-09-15,248,100,40,37,0
2653,4,2024-09-15,67,30,12,6,0
2166,4,2024-09-15,53,40,16,86,0
2773,4,2024-09-15,20,20,8,3,0
3245,4,2024-09-15,193,50,20,39,0
2667,4,2024-09-15,128,30,12,16,0
2297,4,2024-09-15,177,30,12,49,0
2407,4,2024-09-15,94,30,12,3,0
2111,4,2024-09-15,160,50,20,1,100
2437,4,2024-09-15,81,40,16,36,0
2856,4,2024-09-15,76,20,8,3,0
2811,4,2024-09-15,84,20,8,2,0
2389,4,2024-09-15,90,20,8,32,0
3108,4,2024-09-15,134,50,20,10,0
3803,4,2024-09-15,66,30,12,6,300
3356,4,2024-09-15,11,40,16,23,0
2563,4,2024-09-15,221,50,20,16,0
3596,4,2024-09-15,270,75,30,1,0
3622,4,2024-09-15,6,75,30,5,0
3430,4,2024-09-15,88,30,12,10,0
2638,4,2024-09-15,21,20,8,15,300
2521,4,2024-09-15,350,75,30,1,0
3261,4,2024-09-15,17,75,30,22,0
2329,4,2024-09-15,60,30,12,10,0
2633,4,2024-09-15,92,40,16,22,0
2069,4,2024-09-15,267,50,20,19,0
2283,4,2024-09-15,130,30,12,1,50
2924,4,2024-09-15,132,30,12,0,0
3458,4,2024-09-15,187,30,12,2,0
3624,4,2024-09-15,104,30,12,10,0
3788,4,2024-09-15,121,50,20,9,0
2615,4,2024-09-15,-14,50,20,2,0
2562,4,2024-09-15,71,20,8,6,0
3787,4,2024-09-15,85,100,40,46,0
2907,4,2024-09-15,94,20,8,8,0
2049,4,2024-09-15,164,40,16,9,0
2422,4,2024-09-15,252,75,30,17,0
3565,4,2024-09-15,67,30,12,7,100
2954,4,2024-09-15,65,30,12,76,0
2217,4,2024-09-15,114,30,12,1,0
3328,4,2024-09-15,32,30,12,6,0
2581,4,2024-09-15,81,30,12,25,0
2506,4,2024-09-15,213,40,16,35,0
3022,4,2024-09-15,124,30,12,37,0
3609,4,2024-09-15,153,30,12,4,0
3782,4,2024-09-15,44,30,12,0,200
3106,4,2024-09-15,25,50,20,4,0
2536,4,2024-09-15,145,50,20,6,0
3537,4,2024-09-15,66,40,16,13,300
3693,4,2024-09-15,0,20,8,25,0
3490,4,2024-09-15,88,40,16,24,0
3007,4,2024-09-15,197,50,20,19,0
3063,4,2024-09-15,206,40,16,12,0
2975,4,2024-09-15,197,100,40,17,0
2531,4,2024-09-15,340,75,30,21,0
2406,4,2024-09-15,125,40,16,46,50
3276,4,2024-09-15,70,40,16,8,0
2399,4,2024-09-15,174,75,30,33,0
2229,4,2024-09-15,195,40,16,6,0
2948,4,2024-09-15,162,50,20,6,0
3309,4,2024-09-15,36,20,8,13,0
3053,4,2024-09-15,84,30,12,0,0
3481,4,2024-09-15,317,75,30,5,0
2281,4,2024-09-15,93,20,8,23,0
3720,4,2024-09-15,33,30,12,6,0
2896,4,2024-09-15,185,40,16,9,0
3043,4,2024-09-15,47,20,8,4,0
2905,4,2024-09-15,100,40,16,9,0
2073,4,2024-09-15,186,50,20,0,0
2816,4,2024-09-15,96,75,30,6,0
3680,4,2024-09-15,187,40,16,25,0
3296,4,2024-09-15,46,20,8,30,0
2378,4,2024-09-15,76,20,8,12,0
3574,4,2024-09-15,155,30,12,5,0
3427,4,2024-09-15,152,40,16,25,50
3754,4,2024-09-15,69,30,12,5,100
3265,4,2024-09-15,274,75,30,2,300
2420,4,2024-09-15,54,30,12,3,0
2945,4,2024-09-15,61,20,8,22,0
2915,4,2024-09-15,25,20,8,2,0
2442,4,2024-09-15,74,20,8,17,0
3648,4,2024-09-15,144,50,20,10,0
3626,4,2024-09-15,101,40,16,21,0
3241,4,2024-09-15,36,30,12,25,0
3799,4,2024-09-15,59,75,30,0,0
2287,4,2024-09-15,224,40,16,16,0
2455,4,2024-09-15,242,75,30,14,0
3562,4,2024-09-15,79,40,16,16,0
3712,4,2024-09-15,3,40,16,3,0
2642,4,2024-09-15,67,30,12,12,0
2985,4,2024-09-15,336,75,30,30,0
2081,4,2024-09-15,105,40,16,5,0
3169,4,2024-09-15,119,40,16,3,0
3418,4,2024-09-15,20,50,20,42,0
3543,4,2024-09-15,183,50,20,0,0
3804,4,2024-09-15,99,30,12,9,0
2178,4,2024-09-15,200,50,20,7,0
2313,4,2024-09-15,99,30,12,11,0
2161,4,2024-09-15,60,20,8,30,0
3474,4,2024-09-15,72,40,16,0,0
2149,4,2024-09-15,183,50,20,82,0
3133,4,2024-09-15,196,75,30,7,0
3381,4,2024-09-15,50,40,16,8,0
2013,4,2024-09-15,236,50,20,13,0
3611,4,2024-09-15,335,100,40,38,0
2201,4,2024-09-15,113,40,16,3,50
2610,4,2024-09-15,32,100,40,1,0
3553,4,2024-09-15,91,40,16,13,0
2221,4,2024-09-15,207,50,20,10,0
3564,4,2024-09-15,35,20,8,5,300
3041,4,2024-09-15,173,40,16,21,0
2146,4,2024-09-15,80,30,12,8,0
2888,4,2024-09-15,267,75,30,11,100
3311,4,2024-09-15,96,30,12,18,0
2583,4,2024-09-15,336,75,30,3,300
2128,4,2024-09-15,44,30,12,38,0
3719,4,2024-09-15,69,30,12,17,0
3039,4,2024-09-15,108,20,8,9,0
3159,4,2024-09-15,70,30,12,24,0
3793,4,2024-09-15,185,75,30,10,0
2573,4,2024-09-15,160,75,30,9,0
3173,4,2024-09-15,5,40,16,32,0
2879,4,2024-09-15,108,40,16,5,0
3226,4,2024-09-15,210,40,16,21,0
2605,4,2024-09-15,131,40,16,13,0
2092,4,2024-09-15,112,75,30,5,0
2066,4,2024-09-15,12,30,12,13,0
3745,4,2024-09-15,198,30,12,3,0
3509,4,2024-09-15,154,40,16,1,0
2800,4,2024-09-15,52,40,16,17,0
3815,4,2024-09-15,128,40,16,22,0
3692,4,2024-09-15,131,75,30,1,0
2709,4,2024-09-15,47,40,16,2,0
3170,4,2024-09-15,48,30,12,29,0
3561,4,2024-09-15,235,50,20,21,0
3439,4,2024-09-15,101,50,20,28,0
3590,4,2024-09-15,231,75,30,13,0
3743,4,2024-09-15,293,75,30,33,200
2686,4,2024-09-15,319,50,20,17,0
3411,4,2024-09-15,75,20,8,5,150
2793,4,2024-09-15,139,40,16,36,0
2353,4,2024-09-15,61,40,16,18,200
2648,4,2024-09-15,81,20,8,13,0
3602,4,2024-09-15,97,50,20,2,300
2660,4,2024-09-15,3,30,12,11,0
3599,4,2024-09-15,68,50,20,33,0
2949,4,2024-09-15,138,40,16,8,0
2109,4,2024-09-15,215,50,20,2,0
3545,4,2024-09-15,241,40,16,22,0
2630,4,2024-09-15,113,30,12,21,200
3673,4,2024-09-15,43,40,16,28,0
3845,4,2024-09-15,138,50,20,48,150
3074,4,2024-09-15,105,40,16,2,100
3519,4,2024-09-15,122,50,20,37,0
2714,4,2024-09-15,100,20,8,21,300
2537,4,2024-09-15,55,50,20,34,200
2762,4,2024-09-15,281,75,30,4,0
2883,4,2024-09-15,124,40,16,21,0
2639,4,2024-09-15,134,40,16,0,50
2122,4,2024-09-15,183,30,12,81,0
3534,4,2024-09-15,228,50,20,4,0
2917,4,2024-09-15,14,20,8,16,0
3364,4,2024-09-15,79,75,30,18,0
2980,4,2024-09-15,53,20,8,43,0
2019,4,2024-09-15,219,50,20,36,0
2404,4,2024-09-15,111,30,12,9,0
2997,4,2024-09-15,77,20,8,15,200
2401,4,2024-09-15,51,40,16,22,0
3746,4,2024-09-15,239,100,40,58,300
3262,4,2024-09-15,194,50,20,5,0
2125,4,2024-09-15,65,20,8,1,0
3333,4,2024-09-15,0,40,16,34,0
3784,4,2024-09-15,163,50,20,14,0
2463,4,2024-09-15,131,40,16,4,0
3057,4,2024-09-15,61,20,8,5,0
2715,4,2024-09-15,425,100,40,2,0
2411,4,2024-09-15,72,30,12,3,150
3288,4,2024-09-15,93,20,8,49,0
2857,4,2024-09-15,128,40,16,6,50
3571,4,2024-09-15,85,20,8,8,0
3603,4,2024-09-15,58,20,8,0,0
3433,4,2024-09-15,99,30,12,2,0
3012,4,2024-09-15,235,100,40,2,0
2392,4,2024-09-15,89,40,16,1,0
2647,4,2024-09-15,55,75,30,7,0
3389,4,2024-09-15,21,20,8,2,50
3646,4,2024-09-15,140,40,16,19,0
3588,4,2024-09-15,121,40,16,48,0
2371,4,2024-09-15,240,50,20,9,0
3733,4,2024-09-15,483,100,40,19,300
3637,4,2024-09-15,48,50,20,1,0
3373,4,2024-09-15,120,30,12,18,0
2747,4,2024-09-15,60,40,16,60,0
2804,4,2024-09-15,203,50,20,9,0
2216,4,2024-09-15,158,50,20,4,0
2265,4,2024-09-15,44,30,12,25,300
3230,4,2024-09-15,8,40,16,4,0
2635,4,2024-09-15,119,50,20,13,150
2517,4,2024-09-15,61,20,8,4,0
3440,4,2024-09-15,95,20,8,4,0
2487,4,2024-09-15,92,40,16,2,0
2333,4,2024-09-15,46,40,16,1,0
2887,4,2024-09-15,199,50,20,10,0
2106,4,2024-09-15,69,30,12,26,0
2388,4,2024-09-15,151,40,16,29,0
3191,4,2024-09-15,278,40,16,6,0
2854,4,2024-09-15,317,75,30,6,0
3629,4,2024-09-15,79,30,12,23,0
2590,4,2024-09-15,132,50,20,9,0
2566,4,2024-09-15,147,50,20,14,50
3254,4,2024-09-15,142,50,20,42,0
3044,4,2024-09-15,101,20,8,3,0
2271,4,2024-09-15,210,50,20,12,0
2622,4,2024-09-15,172,50,20,12,0
3520,4,2024-09-15,97,30,12,1,0
3079,4,2024-09-15,338,100,40,0,0
2623,4,2024-09-15,170,40,16,1,0
2704,4,2024-09-15,140,50,20,11,0
2799,4,2024-09-15,68,30,12,2,0
3709,4,2024-09-15,105,40,16,16,0
3547,4,2024-09-15,99,30,12,9,100
2675,4,2024-09-15,103,40,16,14,0
2909,4,2024-09-15,160,40,16,42,0
2871,4,2024-09-15,47,20,8,3,0
2300,4,2024-09-15,70,20,8,15,0
2748,4,2024-09-15,127,30,12,11,100
3183,4,2024-09-15,159,75,30,23,0
2304,4,2024-09-15,247,75,30,2,0
3697,4,2024-09-15,93,30,12,18,0
2819,4,2024-09-15,129,40,16,6,0
3073,4,2024-09-15,56,20,8,17,0
3844,4,2024-09-15,96,20,8,9,0
3468,4,2024-09-15,192,50,20,4,0
3531,4,2024-09-15,54,20,8,14,0
2969,4,2024-09-15,66,20,8,1,0
3293,4,2024-09-15,137,100,40,2,0
2776,4,2024-09-15,56,40,16,4,0
3246,4,2024-09-15,36,30,12,30,100
2086,4,2024-09-15,129,30,12,7,0
3152,4,2024-09-15,129,30,12,30,100
2807,4,2024-09-15,118,20,8,6,0
3084,4,2024-09-15,339,75,30,19,0
2708,4,2024-09-15,68,50,20,28,0
2513,4,2024-09-15,254,50,20,3,100
3801,4,2024-09-15,228,40,16,11,0
2953,4,2024-09-15,331,75,30,19,0
2048,4,2024-09-15,158,75,30,17,0
3030,4,2024-09-15,120,30,12,16,0
2679,4,2024-09-15,57,30,12,4,0
3606,4,2024-09-15,206,40,16,14,0
2977,4,2024-09-15,157,30,12,5,0
3524,4,2024-09-15,121,30,12,22,0
3795,4,2024-09-15,109,30,12,16,0
2746,4,2024-09-15,216,100,40,16,0
2670,4,2024-09-15,179,40,16,11,0
3581,4,2024-09-15,35,30,12,15,0
2906,4,2024-09-15,111,30,12,13,0
3617,4,2024-09-15,146,40,16,0,0
2636,4,2024-09-15,223,40,16,16,0
3570,4,2024-09-15,64,20,8,1,0
2656,4,2024-09-15,15,20,8,1,150
3408,4,2024-09-15,29,20,8,7,0
2692,4,2024-09-15,47,50,20,0,0
2752,4,2024-09-15,212,50,20,24,0
3360,4,2024-09-15,223,50,20,13,0
2036,4,2024-09-15,116,30,12,1,0
2579,4,2024-09-15,47,30,12,29,0
2379,4,2024-09-15,190,50,20,49,0
2770,4,2024-09-15,126,30,12,32,0
2182,4,2024-09-15,41,40,16,6,0
2270,4,2024-09-15,104,40,16,7,0
2174,4,2024-09-15,121,30,12,16,0
2473,4,2024-09-15,173,75,30,2,0
2380,4,2024-09-15,140,30,12,11,0
2299,4,2024-09-15,24,40,16,0,0
2469,4,2024-09-15,128,75,30,10,0
2461,4,2024-09-15,78,20,8,24,100
3005,4,2024-09-15,161,30,12,13,0
2458,4,2024-09-15,42,20,8,16,0
2390,4,2024-09-15,120,75,30,8,0
2452,4,2024-09-15,98,20,8,2,0
2339,4,2024-09-15,74,20,8,7,0
2039,4,2024-09-15,101,20,8,5,0
2483,4,2024-09-15,53,40,16,2,0
2790,4,2024-09-15,57,50,20,0,0
3663,4,2024-09-15,74,50,20,49,0
3694,4,2024-09-15,162,40,16,2,0
2247,4,2024-09-15,36,20,8,10,0
2756,4,2024-09-15,58,30,12,34,0
2851,4,2024-09-15,224,75,30,22,0
3457,4,2024-09-15,122,30,12,2,0
3184,4,2024-09-15,54,30,12,10,100
2677,4,2024-09-15,35,20,8,45,0
2220,4,2024-09-15,34,20,8,19,0
3162,4,2024-09-15,220,30,12,11,0
2294,4,2024-09-15,125,30,12,22,0
2134,4,2024-09-15,93,75,30,3,0
3031,4,2024-09-15,10,40,16,28,0
3237,4,2024-09-15,0,50,20,20,0
2634,4,2024-09-15,141,40,16,33,0
3348,4,2024-09-15,165,30,12,55,0
3282,4,2024-09-15,67,30,12,4,0
2886,4,2024-09-15,84,30,12,10,0
3837,4,2024-09-15,47,20,8,1,0
2644,4,2024-09-15,99,30,12,11,0
2303,4,2024-09-15,106,40,16,33,0
2310,4,2024-09-15,166,40,16,21,50
2038,4,2024-09-15,11,20,8,19,0
3685,4,2024-09-15,81,30,12,18,0
2669,4,2024-09-15,0,30,12,15,0
3464,4,2024-09-15,25,20,8,7,0
3260,4,2024-09-15,47,40,16,1,100
2031,4,2024-09-15,70,20,8,15,0
2188,4,2024-09-15,175,40,16,9,150
2574,4,2024-09-15,173,75,30,20,0
3350,4,2024-09-15,160,30,12,10,0
3665,4,2024-09-15,51,20,8,1,0
3576,4,2024-09-15,233,50,20,2,0
3335,4,2024-09-15,61,30,12,3,150
3285,4,2024-09-15,106,50,20,8,0
2910,4,2024-09-15,75,30,12,51,0
2118,4,2024-09-15,135,50,20,6,200
2289,4,2024-09-15,56,30,12,32,0
3071,4,2024-09-15,44,30,12,25,0
2061,4,2024-09-15,154,75,30,7,0
3811,4,2024-09-15,208,30,12,18,0
2120,4,2024-09-15,347,75,30,11,0
2060,4,2024-09-15,140,40,16,2,0
3557,4,2024-09-15,289,75,30,15,0
2094,4,2024-09-15,14,20,8,11,0
2903,4,2024-09-15,77,20,8,1,0
3270,4,2024-09-15,182,50,20,17,0
3632,4,2024-09-15,121,100,40,11,0
3019,4,2024-09-15,239,50,20,30,0
3225,4,2024-09-15,45,30,12,51,0
3279,4,2024-09-15,95,20,8,8,0
3816,4,2024-09-15,74,40,16,0,0
3284,4,2024-09-15,84,30,12,4,0
3386,4,2024-09-15,253,50,20,0,0
3409,4,2024-09-15,242,40,16,5,0
2825,4,2024-09-15,142,40,16,28,0
2606,4,2024-09-15,65,30,12,13,0
2874,4,2024-09-15,299,75,30,15,0
3655,4,2024-09-15,118,40,16,4,200
2990,4,2024-09-15,91,30,12,29,0
3544,4,2024-09-15,135,30,12,24,0
3738,4,2024-09-15,52,20,8,7,0
2200,4,2024-09-15,107,50,20,10,0
2661,4,2024-09-15,137,40,16,11,0
2236,4,2024-09-15,79,50,20,0,0
2298,4,2024-09-15,77,40,16,18,0
2931,4,2024-09-15,-14,50,20,2,0
2016,4,2024-09-15,182,40,16,16,0
2855,4,2024-09-15,186,50,20,1,0
2384,4,2024-09-15,11,20,8,0,200
3610,4,2024-09-15,335,75,30,8,0
2240,4,2024-09-15,113,30,12,3,0
2209,4,2024-09-15,32,20,8,28,0
3744,4,2024-09-15,83,40,16,10,0
2460,4,2024-09-15,74,40,16,7,0
3268,4,2024-09-15,104,30,12,1,0
3341,4,2024-09-15,101,30,12,45,0
3707,4,2024-09-15,86,20,8,17,0
3362,4,2024-09-15,116,30,12,0,50
3625,4,2024-09-15,459,75,30,1,0
3706,4,2024-09-15,107,40,16,6,0
3608,4,2024-09-15,160,30,12,4,0
2753,4,2024-09-15,153,50,20,6,0
3077,4,2024-09-15,45,20,8,20,0
3096,4,2024-09-15,180,40,16,7,0
3304,4,2024-09-15,64,20,8,34,0
2475,4,2024-09-15,123,40,16,0,0
3134,4,2024-09-15,369,100,40,15,0
3281,4,2024-09-15,242,75,30,4,50
3370,4,2024-09-15,106,30,12,10,0
2454,4,2024-09-15,72,50,20,21,0
2586,4,2024-09-15,161,40,16,21,0
3598,4,2024-09-15,84,50,20,3,0
3258,4,2024-09-15,28,30,12,10,300
3404,4,2024-09-15,48,20,8,32,0
3150,4,2024-09-15,15,20,8,1,0
2796,4,2024-09-15,276,75,30,5,0
3144,4,2024-09-15,245,50,20,3,0
2033,4,2024-09-15,161,40,16,5,0
2462,4,2024-09-15,99,30,12,8,200
3812,4,2024-09-15,30,50,20,2,0
3554,4,2024-09-15,40,30,12,10,50
3479,4,2024-09-15,74,30,12,7,0
2526,4,2024-09-15,40,30,12,7,0
2843,4,2024-09-15,70,30,12,2,0
2494,4,2024-09-15,78,20,8,3,0
3038,4,2024-09-15,149,50,20,24,0
2523,4,2024-09-15,119,40,16,3,0
3504,4,2024-09-15,177,75,30,32,0
3250,4,2024-09-15,171,50,20,11,0
2305,4,2024-09-15,92,40,16,7,0
3102,4,2024-09-15,33,50,20,5,0
3242,4,2024-09-15,140,30,12,12,0
2078,4,2024-09-15,19,100,40,7,0
3802,4,2024-09-15,277,50,20,5,0
2273,4,2024-09-15,82,30,12,12,100
2070,4,2024-09-15,144,50,20,20,0
3631,4,2024-09-15,87,30,12,10,300
3573,4,2024-09-15,20,20,8,4,0
2588,4,2024-09-15,312,50,20,21,0
3773,4,2024-09-15,109,30,12,14,0
2403,4,2024-09-15,86,40,16,1,0
2840,4,2024-09-15,177,40,16,5,0
3747,4,2024-09-15,-11,40,16,21,100
2376,4,2024-09-15,9,40,16,10,0
2652,4,2024-09-15,215,40,16,47,50
2275,4,2024-09-15,52,30,12,20,0
2847,4,2024-09-15,138,30,12,30,0
3233,4,2024-09-15,214,40,16,51,0
2627,4,2024-09-15,144,50,20,9,0
2037,4,2024-09-15,12,20,8,4,0
3006,4,2024-09-15,115,20,8,17,150
2252,4,2024-09-15,79,20,8,31,0
3221,4,2024-09-15,183,50,20,2,0
3165,4,2024-09-15,134,75,30,32,0
3161,4,2024-09-15,99,30,12,48,0
2986,4,2024-09-15,121,40,16,9,0
2358,4,2024-09-15,143,75,30,6,0
3078,4,2024-09-15,71,40,16,1,0
3081,4,2024-09-15,68,30,12,10,0
2385,4,2024-09-15,87,20,8,2,150
2598,4,2024-09-15,88,30,12,23,150
3004,4,2024-09-15,111,30,12,13,0
3385,4,2024-09-15,123,30,12,5,0
3809,4,2024-09-15,80,50,20,4,0
2964,4,2024-09-15,254,40,16,48,50
3212,4,2024-09-15,160,30,12,12,0
2813,4,2024-09-15,185,50,20,15,100
2693,4,2024-09-15,61,50,20,6,100
2830,4,2024-09-15,55,30,12,1,300
3750,4,2024-09-15,70,20,8,2,0
2138,4,2024-09-15,147,40,16,5,0
3248,4,2024-09-15,66,30,12,24,50
2582,4,2024-09-15,18,30,12,0,0
3365,4,2024-09-15,62,20,8,16,0
3176,4,2024-09-15,0,30,12,32,300
3780,4,2024-09-15,106,50,20,8,0
3300,4,2024-09-15,402,100,40,20,0
3021,4,2024-09-15,61,30,12,5,0
3456,4,2024-09-15,18,50,20,30,0
2792,4,2024-09-15,153,40,16,19,0
2625,4,2024-09-15,103,75,30,7,0
2560,4,2024-09-15,193,40,16,1,0
3461,4,2024-09-15,104,20,8,62,0
3135,4,2024-09-15,48,75,30,3,0
3538,4,2024-09-15,42,30,12,1,0
2296,4,2024-09-15,327,75,30,13,0
3315,4,2024-09-15,194,40,16,7,0
2330,4,2024-09-15,65,50,20,7,0
2534,4,2024-09-15,205,50,20,2,50
3635,4,2024-09-15,172,50,20,29,100
2206,4,2024-09-15,95,40,16,1,100
2809,4,2024-09-15,92,75,30,7,0
2090,4,2024-09-15,48,20,8,1,0
2829,4,2024-09-15,73,20,8,9,0
3105,4,2024-09-15,140,30,12,12,0
3357,4,2024-09-15,33,30,12,17,200
3751,4,2024-09-15,56,20,8,2,0
2317,4,2024-09-15,180,50,20,41,0
3388,4,2024-09-15,-9,50,20,1,0
2658,4,2024-09-15,120,30,12,32,0
2663,4,2024-09-15,64,30,12,18,0
3251,4,2024-09-15,168,50,20,6,0
2396,4,2024-09-15,99,30,12,51,0
3414,4,2024-09-15,87,20,8,19,0
2641,4,2024-09-15,92,50,20,0,0
2026,4,2024-09-15,0,30,12,40,0
3732,4,2024-09-15,71,20,8,12,0
2774,4,2024-09-15,177,40,16,6,0
2372,4,2024-09-15,62,50,20,4,0
2349,4,2024-09-15,0,50,20,1,0
2968,4,2024-09-15,52,40,16,1,0
2845,4,2024-09-15,57,20,8,10,0
2351,4,2024-09-15,128,50,20,7,0
3097,4,2024-09-15,51,20,8,80,0
3579,4,2024-09-15,92,40,16,2,0
3107,4,2024-09-15,80,30,12,3,0
3369,4,2024-09-15,120,75,30,1,0
2996,4,2024-09-15,105,100,40,3,0
2436,4,2024-09-15,99,30,12,40,0
3376,4,2024-09-15,205,75,30,7,0
2998,4,2024-09-15,37,20,8,16,0
3607,4,2024-09-15,70,30,12,15,0
3833,4,2024-09-15,130,40,16,10,100
2744,4,2024-09-15,72,20,8,2,0
3749,4,2024-09-15,0,50,20,45,0
2211,4,2024-09-15,168,30,12,13,0
2056,4,2024-09-15,16,30,12,5,150
3762,4,2024-09-15,211,50,20,0,0
2833,4,2024-09-15,107,30,12,13,0
2007,4,2024-09-15,79,40,16,4,200
2533,4,2024-09-15,92,30,12,5,0
3469,4,2024-09-15,269,50,20,1,0
3500,4,2024-09-15,161,40,16,0,0
3824,4,2024-09-15,72,75,30,17,0
3769,4,2024-09-15,333,50,20,23,50
2042,4,2024-09-15,66,20,8,12,0
2908,4,2024-09-15,27,30,12,14,0
3460,4,2024-09-15,79,20,8,2,0
2981,4,2024-09-15,94,30,12,19,0
3826,4,2024-09-15,87,50,20,18,0
3527,4,2024-09-15,90,50,20,22,0
3277,4,2024-09-15,143,40,16,7,0
2453,4,2024-09-15,111,30,12,10,0
2680,4,2024-09-15,91,40,16,13,0
2445,4,2024-09-15,80,40,16,11,0
2672,4,2024-09-15,163,40,16,23,0
2963,4,2024-09-15,106,30,12,9,300
3353,4,2024-09-15,244,50,20,1,0
2062,4,2024-09-15,222,50,20,12,150
3398,4,2024-09-15,84,30,12,22,0
3790,4,2024-09-15,76,30,12,0,0
2895,4,2024-09-15,261,100,40,2,0
3003,4,2024-09-15,39,30,12,5,0
2321,4,2024-09-15,85,20,8,13,0
3147,4,2024-09-15,178,30,12,18,0
2223,4,2024-09-15,95,40,16,1,0
2314,4,2024-09-15,124,50,20,14,0
2535,4,2024-09-15,114,75,30,1,50
3450,4,2024-09-15,282,75,30,0,0
2041,4,2024-09-15,189,40,16,5,0
2427,4,2024-09-15,116,40,16,3,0
3825,4,2024-09-15,228,100,40,9,150
3522,4,2024-09-15,277,40,16,26,0
3273,4,2024-09-15,76,20,8,25,0
3471,4,2024-09-15,19,20,8,9,0
2547,4,2024-09-15,199,75,30,26,100
3761,4,2024-09-15,44,30,12,9,0
2172,4,2024-09-15,121,40,16,7,0
2973,4,2024-09-15,240,30,12,3,0
2160,4,2024-09-15,175,40,16,3,0
2664,4,2024-09-15,162,50,20,14,150
3623,4,2024-09-15,129,30,12,6,0
2170,4,2024-09-15,141,75,30,36,0
3836,4,2024-09-15,11,20,8,4,50
3154,4,2024-09-15,11,30,12,2,0
3755,4,2024-09-15,167,30,12,0,0
2316,4,2024-09-15,85,50,20,6,0
2264,4,2024-09-15,108,100,40,3,0
2608,4,2024-09-15,67,30,12,42,0
2778,4,2024-09-15,109,30,12,42,0
3429,4,2024-09-15,61,40,16,3,0
3061,4,2024-09-15,27,20,8,4,0
3792,4,2024-09-15,270,75,30,10,0
2754,4,2024-09-15,85,30,12,77,0
2123,4,2024-09-15,5,30,12,7,0
2538,4,2024-09-15,219,40,16,3,0
2600,4,2024-09-15,103,50,20,11,0
2224,4,2024-09-15,19,30,12,3,0
3368,4,2024-09-15,212,40,16,3,0
2569,4,2024-09-15,215,75,30,13,0
3008,4,2024-09-15,191,50,20,12,0
2096,4,2024-09-15,50,20,8,12,0
3271,4,2024-09-15,73,30,12,2,0
3374,4,2024-09-15,181,50,20,9,300
2989,4,2024-09-15,126,75,30,0,0
2875,4,2024-09-15,51,50,20,10,0
3552,4,2024-09-15,113,30,12,15,0
2723,4,2024-09-15,182,50,20,6,0
2397,4,2024-09-15,44,20,8,36,0
3725,4,2024-09-15,0,40,16,6,0
2034,4,2024-09-15,132,30,12,18,0
3312,4,2024-09-15,117,20,8,36,0
2136,4,2024-09-15,65,20,8,24,0
3684,4,2024-09-15,243,100,40,20,0
2327,4,2024-09-15,60,40,16,5,0
3834,4,2024-09-15,185,40,16,21,100
3577,4,2024-09-15,162,30,12,12,0
2474,4,2024-09-15,136,50,20,2,0
2025,4,2024-09-15,73,20,8,0,0
3112,4,2024-09-15,150,40,16,8,0
3800,4,2024-09-15,284,75,30,16,0
3032,4,2024-09-15,122,30,12,23,0
3410,4,2024-09-15,192,50,20,7,0
2841,4,2024-09-15,141,40,16,48,0
2438,4,2024-09-15,219,75,30,1,0
2143,4,2024-09-15,134,40,16,1,0
2797,4,2024-09-15,31,50,20,9,0
2546,4,2024-09-15,50,30,12,19,0
2184,4,2024-09-15,198,30,12,3,100
3846,4,2024-09-15,109,20,8,12,0
2244,4,2024-09-15,36,20,8,23,50
2501,4,2024-09-15,148,30,12,6,0
3325,4,2024-09-15,152,30,12,33,0
3517,4,2024-09-15,199,75,30,2,0
2177,4,2024-09-15,64,20,8,1,0
2257,4,2024-09-15,109,30,12,36,0
3366,4,2024-09-15,109,20,8,10,200
2059,4,2024-09-15,113,30,12,39,200
2846,4,2024-09-15,147,50,20,30,0
2901,4,2024-09-15,143,50,20,10,0
3319,4,2024-09-15,21,30,12,47,0
2822,4,2024-09-15,105,30,12,5,0
3155,4,2024-09-15,192,30,12,33,0
3297,4,2024-09-15,56,40,16,7,200
3289,4,2024-09-15,79,30,12,2,0
2020,4,2024-09-15,46,20,8,21,0
3542,4,2024-09-15,153,40,16,27,0
2112,4,2024-09-15,137,40,16,7,0
2100,4,2024-09-15,70,30,12,51,0
3314,4,2024-09-15,334,75,30,11,200
2515,4,2024-09-15,61,20,8,11,300
3345,4,2024-09-15,163,40,16,4,0
2862,4,2024-09-15,433,100,40,3,0
3267,4,2024-09-15,0,75,30,2,0
2115,4,2024-09-15,128,50,20,22,0
2340,4,2024-09-15,128,50,20,16,0
2144,4,2024-09-15,84,50,20,4,0
2876,4,2024-09-15,117,50,20,15,0
2491,4,2024-09-15,34,20,8,9,0
2785,4,2024-09-15,354,50,20,30,0
3536,4,2024-09-15,134,40,16,1,0
3702,4,2024-09-15,153,40,16,3,0
3138,4,2024-09-15,140,30,12,2,0
3000,4,2024-09-15,77,30,12,3,0
3111,4,2024-09-15,165,40,16,41,0
3662,4,2024-09-15,372,50,20,5,0
3546,4,2024-09-15,123,40,16,1,0
3167,4,2024-09-15,59,30,12,2,0
2255,4,2024-09-15,218,75,30,17,0
3808,4,2024-09-15,299,75,30,10,0
3600,4,2024-09-15,141,30,12,3,0
3477,4,2024-09-15,130,40,16,32,0
2958,4,2024-09-15,23,30,12,44,0
2010,4,2024-09-15,145,40,16,2,0
2576,4,2024-09-15,85,40,16,5,0
2169,4,2024-09-15,175,50,20,13,0
2599,4,2024-09-15,78,40,16,7,0
3540,4,2024-09-15,24,30,12,3,0
2827,4,2024-09-15,153,50,20,30,0
3497,4,2024-09-15,138,40,16,18,0
3127,4,2024-09-15,238,50,20,11,0
2043,4,2024-09-15,196,75,30,1,0
3330,4,2024-09-15,464,75,30,19,0
2408,4,2024-09-15,177,30,12,7,300
2765,4,2024-09-15,122,50,20,1,0
2113,4,2024-09-15,86,20,8,12,0
2029,4,2024-09-15,57,20,8,46,0
3704,4,2024-09-15,57,30,12,21,0
3649,4,2024-09-15,315,100,40,2,0
2045,4,2024-09-15,195,75,30,17,0
2087,4,2024-09-15,49,20,8,14,0
2433,4,2024-09-15,136,40,16,16,0
2434,4,2024-09-15,41,30,12,0,0
2346,4,2024-09-15,162,75,30,2,0
2215,4,2024-09-15,146,40,16,5,0
3172,4,2024-09-15,151,50,20,7,0
3713,4,2024-09-15,4,40,16,48,0
2921,4,2024-09-15,137,50,20,0,0
2108,4,2024-09-15,242,50,20,2,0
3200,4,2024-09-15,150,40,16,14,0
2568,4,2024-09-15,127,40,16,5,0
2967,4,2024-09-15,93,20,8,63,0
3255,4,2024-09-15,93,40,16,0,0
2050,4,2024-09-15,127,50,20,1,0
2418,4,2024-09-15,122,30,12,6,0
2083,4,2024-09-15,68,20,8,12,0
2818,4,2024-09-15,58,30,12,8,0
3627,4,2024-09-15,145,50,20,64,0
2022,4,2024-09-15,21,30,12,7,0
3378,4,2024-09-15,170,40,16,7,0
3672,4,2024-09-15,45,30,12,4,200
3249,4,2024-09-15,187,40,16,2,0
2988,4,2024-09-15,0,40,16,5,0
3393,4,2024-09-15,329,75,30,5,0
3491,4,2024-09-15,141,40,16,14,0
2266,4,2024-09-15,140,40,16,24,0
3779,4,2024-09-15,293,100,40,6,0
2167,4,2024-09-15,43,20,8,2,200
3660,4,2024-09-15,85,30,12,7,0
2484,4,2024-09-15,136,40,16,11,0
2243,4,2024-09-15,12,30,12,0,0
3113,4,2024-09-15,141,40,16,35,0
3269,4,2024-09-15,38,20,8,2,0
2343,4,2024-09-15,104,50,20,110,0
3266,4,2024-09-15,22,20,8,3,0
3372,4,2024-09-15,420,75,30,5,50
2671,4,2024-09-15,359,75,30,3,0
2932,4,2024-09-15,126,40,16,22,0
3119,4,2024-09-15,260,40,16,1,0
2082,4,2024-09-15,325,100,40,25,0
2040,4,2024-09-15,130,50,20,6,0
3214,4,2024-09-15,148,40,16,2,0
2245,4,2024-09-15,61,20,8,19,0
2443,4,2024-09-15,85,30,12,1,0
3149,4,2024-09-15,0,40,16,2,0
2626,4,2024-09-15,100,100,40,13,0
3062,4,2024-09-15,439,100,40,3,0
2629,4,2024-09-15,124,40,16,22,100
2525,4,2024-09-15,49,30,12,9,0
2711,4,2024-09-15,60,30,12,39,100
2665,4,2024-09-15,539,100,40,16,0
2567,4,2024-09-15,84,50,20,66,0
3187,4,2024-09-15,111,30,12,4,0
3777,4,2024-09-15,68,40,16,21,200
2691,4,2024-09-15,139,30,12,27,150
2277,4,2024-09-15,135,30,12,15,0
2621,4,2024-09-15,163,75,30,2,200
2751,4,2024-09-15,404,100,40,8,0
2293,4,2024-09-15,0,40,16,79,0
2961,4,2024-09-15,113,40,16,0,0
2114,4,2024-09-15,140,40,16,5,150
3797,4,2024-09-15,418,100,40,6,0
2522,4,2024-09-15,325,75,30,6,200
2850,4,2024-09-15,127,30,12,2,0
2308,4,2024-09-15,164,40,16,10,0
3367,4,2024-09-15,26,30,12,1,0
2432,4,2024-09-15,134,40,16,22,0
2947,4,2024-09-15,336,100,40,0,0
3211,4,2024-09-15,69,30,12,31,0
3698,4,2024-09-15,162,40,16,16,0
2093,4,2024-09-15,150,30,12,2,0
3413,4,2024-09-15,47,20,8,6,0
2832,4,2024-09-15,27,75,30,37,0
2668,4,2024-09-15,148,30,12,12,0
3122,4,2024-09-15,88,20,8,11,0
3831,4,2024-09-15,114,40,16,21,200
3734,4,2024-09-15,79,50,20,20,0
2865,4,2024-09-15,23,50,20,24,0
2003,4,2024-09-15,32,20,8,1,0
3708,4,2024-09-15,226,30,12,13,0
2952,4,2024-09-15,203,40,16,20,0
2107,4,2024-09-15,96,30,12,13,0
3842,4,2024-09-15,66,20,8,14,0
2553,4,2024-09-15,17,30,12,9,0
2929,4,2024-09-15,290,75,30,0,0
3494,4,2024-09-15,257,75,30,5,0
2278,4,2024-09-15,142,40,16,11,0
2268,4,2024-09-15,326,75,30,22,0
2248,4,2024-09-15,453,100,40,32,50
3726,4,2024-09-15,0,40,16,6,0
2274,4,2024-09-15,312,75,30,3,0
3421,4,2024-09-15,72,40,16,29,0
3585,4,2024-09-15,101,50,20,13,0
3020,4,2024-09-15,0,30,12,29,0
2079,4,2024-09-15,98,30,12,7,0
3291,4,2024-09-15,65,50,20,0,0
2735,4,2024-09-15,80,30,12,15,0
2794,4,2024-09-15,204,40,16,6,0
3132,4,2024-09-15,96,20,8,23,0
2848,4,2024-09-15,190,40,16,4,0
2350,4,2024-09-15,83,20,8,8,0
2032,4,2024-09-15,97,40,16,16,0
3730,4,2024-09-15,262,50,20,31,0
3317,4,2024-09-15,55,20,8,0,0
3175,4,2024-09-15,40,40,16,2,0
3092,4,2024-09-15,99,30,12,13,0
2269,4,2024-09-15,159,40,16,2,0
2470,4,2024-09-15,76,40,16,12,0
2210,4,2024-09-15,69,30,12,7,0
2649,4,2024-09-15,41,40,16,0,0
2763,4,2024-09-15,171,75,30,89,0
2956,4,2024-09-15,41,30,12,8,150
3722,4,2024-09-15,55,40,16,2,0
3482,4,2024-09-15,49,40,16,11,0
2942,4,2024-09-15,153,40,16,18,0
3703,4,2024-09-15,22,30,12,4,0
2614,4,2024-09-15,45,40,16,18,0
3076,4,2024-09-15,63,20,8,5,150
2241,4,2024-09-15,87,40,16,41,0
3843,4,2024-09-15,7,30,12,15,0
3496,4,2024-09-15,67,75,30,16,0
2820,4,2024-09-15,109,50,20,11,0
2767,4,2024-09-15,67,30,12,3,200
3332,4,2024-09-15,86,30,12,43,0
3228,4,2024-09-15,93,20,8,20,0
2502,4,2024-09-15,63,20,8,12,0
3025,4,2024-09-15,91,20,8,2,0
2186,4,2024-09-15,249,50,20,51,0
3695,4,2024-09-15,262,75,30,10,0
2592,4,2024-09-15,120,30,12,0,0
2018,4,2024-09-15,30,30,12,6,50
3495,4,2024-09-15,39,30,12,2,0
2486,4,2024-09-15,18,100,40,7,0
3419,4,2024-09-15,48,20,8,5,0
3748,4,2024-09-15,235,50,20,27,0
3651,4,2024-09-15,74,30,12,11,100
2950,4,2024-09-15,150,50,20,71,0
2318,4,2024-09-15,165,30,12,10,200
3334,4,2024-09-15,69,30,12,50,0
3036,4,2024-09-15,91,40,16,7,0
3395,4,2024-09-15,125,30,12,2,0
2084,4,2024-09-15,70,40,16,3,0
2320,4,2024-09-15,334,50,20,11,0
2725,4,2024-09-15,145,20,8,4,0
3448,4,2024-09-15,130,50,20,0,0
3455,4,2024-09-15,157,50,20,7,0
2587,4,2024-09-15,98,40,16,7,0
3158,4,2024-09-15,118,75,30,39,0
3763,4,2024-09-15,44,20,8,1,100
2449,4,2024-09-15,39,20,8,2,0
2151,4,2024-09-15,146,30,12,20,0
3299,4,2024-09-15,76,40,16,11,0
2645,4,2024-09-15,98,20,8,10,0
3437,4,2024-09-15,155,40,16,8,0
2933,4,2024-09-15,49,40,16,2,0
2159,4,2024-09-15,78,20,8,18,0
3054,4,2024-09-15,130,50,20,2,150
2514,4,2024-09-15,155,50,20,35,0
3264,4,2024-09-15,1,30,12,8,0
3700,4,2024-09-15,82,30,12,6,0
3070,4,2024-09-15,94,50,20,11,0
2416,4,2024-09-15,175,40,16,6,0
2366,4,2024-09-15,119,50,20,0,0
3375,4,2024-09-15,119,100,40,7,300
3736,4,2024-09-15,468,100,40,5,0
2736,4,2024-09-15,289,75,30,1,0
3087,4,2024-09-15,183,75,30,1,0
2311,4,2024-09-15,37,20,8,43,0
3222,4,2024-09-15,68,30,12,11,0
2338,4,2024-09-15,62,40,16,3,0
2918,4,2024-09-15,54,30,12,10,0
3835,4,2024-09-15,101,40,16,6,0
3475,4,2024-09-15,82,30,12,26,0
3098,4,2024-09-15,186,50,20,25,0
2795,4,2024-09-15,69,40,16,2,0
2423,4,2024-09-15,126,30,12,0,0
3185,4,2024-09-15,146,40,16,22,0
2272,4,2024-09-15,281,40,16,31,0
2285,4,2024-09-15,93,75,30,8,0
2618,4,2024-09-15,73,20,8,17,0
2607,4,2024-09-15,52,30,12,29,0
3431,4,2024-09-15,102,30,12,54,0
3447,4,2024-09-15,0,30,12,12,0
3141,4,2024-09-15,69,20,8,19,0
2354,4,2024-09-15,64,30,12,3,0
3396,4,2024-09-15,185,40,16,1,0
3786,4,2024-09-15,173,50,20,39,0
2441,4,2024-09-15,15,50,20,2,0
2860,4,2024-09-15,241,100,40,34,0
3243,4,2024-09-15,210,50,20,6,0
2737,4,2024-09-15,166,100,40,2,0
3052,4,2024-09-15,85,30,12,49,200
2539,4,2024-09-15,188,75,30,8,100
3210,4,2024-09-15,99,40,16,12,100
3040,4,2024-09-15,113,40,16,1,0
3841,4,2024-09-15,127,30,12,2,0
2370,4,2024-09-15,162,50,20,13,0
2943,4,2024-09-15,222,50,20,0,0
2446,4,2024-09-15,28,20,8,36,50
2363,4,2024-09-15,114,40,16,3,0
3280,4,2024-09-15,115,50,20,9,0
3392,4,2024-09-15,80,30,12,48,0
2444,4,2024-09-15,99,40,16,5,0
3756,4,2024-09-15,114,50,20,4,0
2507,4,2024-09-15,103,30,12,3,0
3042,4,2024-09-15,182,50,20,12,0
2334,4,2024-09-15,153,40,16,24,0
2179,4,2024-09-15,136,40,16,12,0
3805,4,2024-09-15,47,30,12,58,0
3399,4,2024-09-15,303,100,40,14,0
3217,4,2024-09-15,119,30,12,33,0
2719,4,2024-09-15,119,50,20,24,0
2706,4,2024-09-15,193,50,20,43,0
2140,4,2024-09-15,55,30,12,47,0
2212,4,2024-09-15,82,40,16,7,0
2203,4,2024-09-15,59,20,8,1,300
3218,4,2024-09-15,247,75,30,12,0
3518,4,2024-09-15,125,40,16,49,0
2713,4,2024-09-15,56,30,12,10,0
2520,4,2024-09-15,33,20,8,1,0
2732,4,2024-09-15,224,50,20,5,0
3189,4,2024-09-15,468,75,30,9,50
3224,4,2024-09-15,108,40,16,22,100
3683,4,2024-09-15,69,20,8,15,0
2916,4,2024-09-15,83,30,12,25,0
3426,4,2024-09-15,66,20,8,0,0
3775,4,2024-09-15,107,30,12,8,0
2180,4,2024-09-15,17,20,8,1,0
2232,4,2024-09-15,351,75,30,3,0
3558,4,2024-09-15,68,30,12,21,0
2302,4,2024-09-15,69,20,8,27,100
2052,4,2024-09-15,344,75,30,0,0
3715,4,2024-09-15,197,40,16,33,0
2893,4,2024-09-15,133,40,16,17,0
3789,4,2024-09-15,69,30,12,2,0
3717,4,2024-09-15,123,40,16,9,0
3644,4,2024-09-15,159,50,20,14,0
3830,4,2024-09-15,75,30,12,39,0
3729,4,2024-09-15,23,20,8,3,0
3771,4,2024-09-15,116,50,20,32,0
2175,4,2024-09-15,73,20,8,9,50
3011,4,2024-09-15,63,40,16,3,0
3661,4,2024-09-15,77,30,12,1,50
2057,4,2024-09-15,140,40,16,12,0
2222,4,2024-09-15,198,50,20,3,0
2923,4,2024-09-15,72,30,12,14,0
3467,4,2024-09-15,103,50,20,3,0
3244,4,2024-09-15,65,20,8,4,0
3318,4,2024-09-15,118,40,16,17,0
3157,4,2024-09-15,203,40,16,6,0
3208,4,2024-09-15,0,20,8,3,0
2596,4,2024-09-15,111,50,20,5,0
2928,4,2024-09-15,217,50,20,6,0
2207,4,2024-09-15,168,40,16,2,0
3589,4,2024-09-15,85,30,12,21,0
2853,4,2024-09-15,181,50,20,2,0
3550,4,2024-09-15,180,50,20,29,0
2202,4,2024-09-15,4,20,8,35,0
3059,4,2024-09-15,100,40,16,9,0
3510,4,2024-09-15,40,20,8,8,0
2542,4,2024-09-15,77,30,12,23,0
2993,4,2024-09-15,0,50,20,5,0
2743,4,2024-09-15,140,50,20,7,0
2550,4,2024-09-15,72,40,16,9,0
2591,4,2024-09-15,109,40,16,4,0
2571,4,2024-09-15,109,50,20,29,0
3126,4,2024-09-15,191,75,30,1,0
2499,4,2024-09-15,58,20,8,0,0
3082,4,2024-09-15,324,75,30,4,0
3621,4,2024-09-15,0,100,40,9,0
2189,4,2024-09-15,-9,30,12,50,150
2791,4,2024-09-15,218,75,30,3,0
3168,4,2024-09-15,130,50,20,21,0
3067,4,2024-09-15,49,30,12,1,0
3530,4,2024-09-15,39,40,16,19,0
3814,4,2024-09-15,70,20,8,3,0
3438,4,2024-09-15,187,50,20,5,300
2402,4,2024-09-15,188,40,16,10,200
2148,4,2024-09-15,16,30,12,20,0
2643,4,2024-09-15,224,100,40,31,150
2849,4,2024-09-15,240,100,40,28,0
3037,4,2024-09-15,161,30,12,9,0
2867,4,2024-09-15,77,20,8,50,0
2075,4,2024-09-15,180,50,20,12,0
2911,4,2024-09-15,58,40,16,16,0
2258,4,2024-09-15,145,40,16,1,0
2276,4,2024-09-15,208,40,16,27,0
2640,4,2024-09-15,104,40,16,22,0
3582,4,2024-09-15,40,30,12,23,0
2772,4,2024-09-15,0,30,12,5,0
3465,4,2024-09-15,49,50,20,52,0
3664,4,2024-09-15,89,30,12,7,0
2552,4,2024-09-15,196,40,16,10,0
2465,4,2024-09-15,350,100,40,21,0
2324,4,2024-09-15,89,30,12,49,0
2193,4,2024-09-15,154,40,16,9,0
2077,4,2024-09-15,54,30,12,13,0
3563,4,2024-09-15,185,50,20,16,0
2927,4,2024-09-15,49,20,8,9,0
3701,4,2024-09-15,399,100,40,1,0
3513,4,2024-09-15,316,100,40,3,0
2724,4,2024-09-15,35,20,8,0,0
2866,4,2024-09-15,102,40,16,16,0
2459,4,2024-09-15,137,50,20,3,300
3575,4,2024-09-15,82,30,12,14,100
2577,4,2024-09-15,128,30,12,19,0
3449,4,2024-09-15,3,40,16,19,150
3566,4,2024-09-15,281,100,40,10,300
3656,4,2024-09-15,89,20,8,5,0
2500,4,2024-09-15,94,50,20,20,200
2288,4,2024-09-15,170,40,16,21,0
3601,4,2024-09-15,34,30,12,24,0
3047,4,2024-09-15,120,40,16,2,0
3256,4,2024-09-15,73,20,8,28,100
3101,4,2024-09-15,310,75,30,17,0
2597,4,2024-09-15,239,50,20,14,0
2008,4,2024-09-15,107,20,8,8,0
3355,4,2024-09-15,198,50,20,3,0
3829,4,2024-09-15,64,20,8,3,0
2654,4,2024-09-15,193,50,20,10,0
2235,4,2024-09-15,157,40,16,11,0
2612,4,2024-09-15,113,40,16,0,0
3516,4,2024-09-15,55,20,8,6,0
3146,4,2024-09-15,147,30,12,2,0
2505,4,2024-09-15,99,30,12,1,0
2176,4,2024-09-15,66,20,8,19,0
3721,4,2024-09-15,70,40,16,92,0
3340,4,2024-09-15,268,75,30,14,0
2496,4,2024-09-15,67,30,12,8,0
3506,4,2024-09-15,126,30,12,18,0
2837,4,2024-09-15,136,40,16,1,0
3511,4,2024-09-15,123,40,16,6,300
3377,4,2024-09-15,8,30,12,18,0
2673,4,2024-09-15,0,30,12,9,200
3257,4,2024-09-15,156,50,20,3,0
3821,4,2024-09-15,225,75,30,47,0
2362,4,2024-09-15,93,40,16,31,300
2400,4,2024-09-15,137,40,16,17,0
3776,4,2024-09-15,126,40,16,6,0
2503,4,2024-09-15,108,40,16,20,0
2468,4,2024-09-15,102,75,30,5,0
2881,4,2024-09-15,190,40,16,15,0
3383,4,2024-09-15,99,30,12,19,0
2759,4,2024-09-15,156,40,16,3,0
2425,4,2024-09-15,173,40,16,21,0
3125,4,2024-09-15,70,30,12,71,300
3363,4,2024-09-15,69,20,8,11,150
2806,4,2024-09-15,112,40,16,53,0
2995,4,2024-09-15,232,75,30,27,0
2650,4,2024-09-15,266,100,40,20,0
3055,4,2024-09-15,53,40,16,45,0
3009,4,2024-09-15,230,40,16,0,0
3390,4,2024-09-15,128,40,16,0,0
2938,4,2024-09-15,137,30,12,17,0
2572,4,2024-09-15,93,20,8,0,0
3075,4,2024-09-15,49,20,8,4,0
2913,4,2024-09-15,103,30,12,5,0
3232,4,2024-09-15,22,20,8,30,0
3425,4,2024-09-15,153,30,12,6,0
2655,4,2024-09-15,86,30,12,0,0
2821,4,2024-09-15,43,50,20,4,150
3344,4,2024-09-15,90,20,8,2,0
3331,4,2024-09-15,48,20,8,36,0
2545,4,2024-09-15,102,40,16,0,0
2651,4,2024-09-15,127,40,16,7,0
2877,4,2024-09-15,185,40,16,11,300
3337,4,2024-09-15,93,20,8,16,0
3050,4,2024-09-15,61,40,16,3,0
3085,4,2024-09-15,180,30,12,4,0
3327,4,2024-09-15,65,30,12,20,0
2156,4,2024-09-15,228,50,20,3,150
3533,4,2024-09-15,265,100,40,27,0
3677,4,2024-09-15,93,30,12,10,0
3034,4,2024-09-15,66,100,40,2,0
2234,4,2024-09-15,63,40,16,11,0
3229,4,2024-09-15,303,100,40,10,0
2802,4,2024-09-15,64,20,8,3,0
3316,4,2024-09-15,69,50,20,3,0
2426,4,2024-09-15,151,40,16,58,0
3118,4,2024-09-15,72,20,8,21,0
2609,4,2024-09-15,93,30,12,17,300
2617,4,2024-09-15,164,40,16,4,0
2435,4,2024-09-15,193,50,20,17,100
3525,4,2024-09-15,62,30,12,0,0
2451,4,2024-09-15,24,40,16,1,0
2196,4,2024-09-15,94,30,12,8,0
3239,4,2024-09-15,246,50,20,25,50
3080,4,2024-09-15,99,40,16,3,0
2347,4,2024-09-15,0,30,12,1,0
2637,4,2024-09-15,49,20,8,40,0
3485,4,2024-09-15,313,100,40,6,0
2089,4,2024-09-15,103,30,12,27,0
2657,4,2024-09-15,36,30,12,2,0
3307,4,2024-09-15,40,40,16,13,300
3029,4,2024-09-15,89,30,12,3,0
2099,4,2024-09-15,98,30,12,9,0
2141,4,2024-09-15,115,40,16,37,200
3778,4,2024-09-15,294,75,30,15,0
2705,4,2024-09-15,172,40,16,39,0
3213,4,2024-09-15,132,30,12,2,0
2124,4,2024-09-15,108,30,12,24,0
3089,4,2024-09-15,52,20,8,4,0
3650,4,2024-09-15,83,50,20,21,0
3321,4,2024-09-15,288,75,30,9,0
2282,4,2024-09-15,64,40,16,12,0
3088,4,2024-09-15,133,40,16,8,0
2662,4,2024-09-15,64,50,20,7,0
2823,4,2024-09-15,0,20,8,12,0
2183,4,2024-09-15,84,20,8,15,0
3667,4,2024-09-15,66,40,16,13,0
2492,4,2024-09-15,306,75,30,5,0
3198,4,2024-09-15,202,100,40,1,0
2139,4,2024-09-15,391,75,30,25,0
2619,4,2024-09-15,132,30,12,5,0
2126,4,2024-09-15,125,30,12,13,0
3727,4,2024-09-15,135,40,16,15,300
2326,4,2024-09-15,18,30,12,1,0
2946,4,2024-09-15,1,50,20,2,0
3569,4,2024-09-15,51,20,8,20,0
2471,4,2024-09-15,89,30,12,2,0
2789,4,2024-09-15,80,50,20,0,0
2870,4,2024-09-15,82,30,12,20,0
2666,4,2024-09-15,490,100,40,20,0
3354,4,2024-09-15,35,40,16,16,150
3454,4,2024-09-15,109,50,20,5,0
3666,4,2024-09-15,88,30,12,3,0
2584,4,2024-09-15,140,40,16,3,0
3696,4,2024-09-15,53,30,12,18,0
3142,4,2024-09-15,131,30,12,4,150
2684,4,2024-09-15,23,20,8,1,0
3473,4,2024-09-15,178,75,30,0,0
2936,4,2024-09-15,36,20,8,2,200
2836,4,2024-09-15,26,40,16,17,0
2364,4,2024-09-15,141,50,20,14,0
2027,4,2024-09-15,55,40,16,2,300
3463,4,2024-09-15,190,50,20,4,0
3578,4,2024-09-15,104,40,16,21,0
3476,4,2024-09-15,145,40,16,7,0
2880,4,2024-09-15,37,20,8,0,0
3166,4,2024-09-15,18,50,20,4,0
3640,4,2024-09-15,68,75,30,3,0
2892,4,2024-09-15,157,40,16,49,300
3591,4,2024-09-15,129,50,20,11,300
3163,4,2024-09-15,72,20,8,3,0
3412,4,2024-09-15,90,50,20,16,0
2966,4,2024-09-15,99,30,12,2,0
3671,4,2024-09-15,352,100,40,7,0
3670,4,2024-09-15,155,30,12,1,0
2187,4,2024-09-15,21,20,8,32,0
3339,4,2024-09-15,48,20,8,42,0
3838,4,2024-09-15,0,20,8,11,0
2722,4,2024-09-15,0,30,12,15,0
2431,4,2024-09-15,46,40,16,2,0
2994,4,2024-09-15,237,50,20,11,0
3774,4,2024-09-15,166,75,30,9,0
3674,4,2024-09-15,140,30,12,6,0
3593,4,2024-09-15,17,20,8,3,0
2194,4,2024-09-15,62,20,8,24,0
2814,4,2024-09-15,156,100,40,1,0
3223,4,2024-09-15,92,30,12,15,0
2430,4,2024-09-15,117,50,20,8,300
2261,4,2024-09-15,147,50,20,3,150
3710,4,2024-09-15,169,30,12,14,0
2173,4,2024-09-15,104,30,12,5,0
3014,4,2024-09-15,132,40,16,9,0
2544,4,2024-09-15,91,20,8,2,0
3238,4,2024-09-15,190,50,20,12,0
3336,4,2024-09-15,267,75,30,4,0
2616,4,2024-09-15,454,100,40,6,0
2578,4,2024-09-15,109,40,16,2,0
3832,4,2024-09-15,6,30,12,5,0
2786,4,2024-09-15,0,30,12,19,0
3033,4,2024-09-15,35,30,12,23,0
2421,4,2024-09-15,148,40,16,3,0
3301,4,2024-09-15,56,30,12,23,50
3072,4,2024-09-15,104,40,16,6,0
2306,4,2024-09-15,176,50,20,40,0
3823,4,2024-09-15,33,30,12,38,0
2842,4,2024-09-15,189,40,16,0,0
2102,4,2024-09-15,69,30,12,11,100
2959,4,2024-09-15,43,20,8,17,0
2519,4,2024-09-15,66,30,12,5,0
2557,4,2024-09-15,257,50,20,11,0
2702,4,2024-09-15,273,75,30,0,0
3753,4,2024-09-15,31,20,8,18,0
2926,4,2024-09-15,47,50,20,20,0
2319,4,2024-09-15,109,40,16,32,100
3638,4,2024-09-15,285,100,40,20,0
2890,4,2024-09-15,103,20,8,3,0
3104,4,2024-09-15,124,50,20,3,0
3435,4,2024-09-15,76,50,20,7,0
2485,4,2024-09-15,27,30,12,1,0
3616,4,2024-09-15,25,100,40,2,300
3190,4,2024-09-15,187,50,20,64,300
3548,4,2024-09-15,100,50,20,38,0
2457,4,2024-09-15,111,40,16,12,0
2410,4,2024-09-15,116,30,12,27,0
3711,4,2024-09-15,127,40,16,1,0
2405,4,2024-09-15,142,40,16,64,0
2440,4,2024-09-15,44,20,8,23,0
2292,4,2024-09-15,340,75,30,15,0
3535,4,2024-09-15,54,20,8,49,150
3060,4,2024-09-15,87,30,12,4,0
2393,4,2024-09-15,48,30,12,1,0
2482,4,2024-09-15,99,40,16,0,0
2131,4,2024-09-15,88,20,8,0,0
3728,4,2024-09-15,156,50,20,10,0
2337,4,2024-09-15,26,30,12,10,0
3407,4,2024-09-15,123,20,8,0,0
3752,4,2024-09-15,153,40,16,29,0
3446,4,2024-09-15,84,20,8,18,0
2256,4,2024-09-15,396,100,40,9,0
3758,4,2024-09-15,64,20,8,15,0
2698,4,2024-09-15,156,40,16,21,0
2251,4,2024-09-15,131,75,30,12,0
3586,4,2024-09-15,0,50,20,26,0
2971,4,2024-09-15,0,30,12,9,150
3188,4,2024-09-15,17,20,8,23,0
2858,4,2024-09-15,88,20,8,33,0
2678,4,2024-09-15,75,30,12,13,0
3145,4,2024-09-15,596,100,40,0,0
3451,4,2024-09-15,142,50,20,0,150
2659,4,2024-09-15,76,40,16,2,0
3480,4,2024-09-15,40,20,8,16,0
3219,4,2024-09-15,95,40,16,5,0
3095,4,2024-09-15,313,100,40,1,0
3010,4,2024-09-15,85,30,12,18,50
3718,4,2024-09-15,46,30,12,23,200
2204,4,2024-09-15,73,20,8,3,0
3583,4,2024-09-15,68,40,16,10,0
2098,4,2024-09-15,116,20,8,0,0
2198,4,2024-09-15,427,100,40,13,0
3654,4,2024-09-15,213,40,16,4,0
2603,4,2024-09-15,94,40,16,6,0
2352,4,2024-09-15,160,30,12,103,0
3342,4,2024-09-15,126,40,16,20,0
2554,4,2024-09-15,150,75,30,10,0
3528,4,2024-09-15,118,30,12,52,0
2771,4,2024-09-15,128,40,16,6,0
3205,4,2024-09-15,107,30,12,5,0
2171,4,2024-09-15,140,40,16,0,0
3488,4,2024-09-15,135,50,20,8,0
2359,4,2024-09-15,171,40,16,20,150
2728,4,2024-09-15,315,50,20,1,0
2674,4,2024-09-15,180,30,12,1,0
2844,4,2024-09-15,93,30,12,4,0
2466,4,2024-09-15,85,30,12,28,0
3406,4,2024-09-15,156,40,16,34,0
2097,4,2024-09-15,0,30,12,1,0
2781,4,2024-09-15,133,40,16,4,0
2132,4,2024-09-15,33,40,16,3,0
3171,4,2024-09-15,121,50,20,27,0
2834,4,2024-09-15,37,20,8,9,0
2919,4,2024-09-15,132,50,20,0,0
2104,4,2024-09-15,414,100,40,6,0
2429,4,2024-09-15,225,50,20,0,50
3066,4,2024-09-15,77,20,8,43,0
2721,4,2024-09-15,16,40,16,21,0
3397,4,2024-09-15,132,50,20,1,0
2972,4,2024-09-15,122,30,12,8,0
2409,4,2024-09-15,36,30,12,31,0
3630,4,2024-09-15,116,30,12,13,0
3180,4,2024-09-15,113,50,20,2,0
2512,4,2024-09-15,100,30,12,1,0
3526,4,2024-09-15,46,20,8,6,0
3182,4,2024-09-15,103,40,16,8,100
2695,4,2024-09-15,351,100,40,16,0
3109,4,2024-09-15,166,75,30,11,300
2361,4,2024-09-15,146,40,16,12,0
2382,4,2024-09-15,134,30,12,19,0
3131,4,2024-09-15,87,30,12,9,0
2524,4,2024-09-15,230,50,20,6,0
3001,4,2024-09-15,246,40,16,11,0
2613,4,2024-09-16,82,50,20,6,0
2116,4,2024-09-16,73,20,8,15,0
2769,4,2024-09-16,88,20,8,5,0
2710,4,2024-09-16,86,30,12,36,0
3466,4,2024-09-16,145,20,8,14,150
3324,4,2024-09-16,0,30,12,12,50
2549,4,2024-09-16,224,100,40,5,0
2493,4,2024-09-16,155,30,12,0,0
2192,4,2024-09-16,19,75,30,8,0
2424,4,2024-09-16,68,30,12,0,150
3796,4,2024-09-16,97,50,20,2,0
2121,4,2024-09-16,0,30,12,3,0
2734,4,2024-09-16,244,75,30,6,0
2253,4,2024-09-16,68,40,16,2,0
3024,4,2024-09-16,415,75,30,19,0
3502,4,2024-09-16,66,20,8,10,0
3642,4,2024-09-16,44,50,20,7,0
3682,4,2024-09-16,188,50,20,4,0
3614,4,2024-09-16,52,20,8,8,0
2205,4,2024-09-16,163,30,12,1,0
3594,4,2024-09-16,118,40,16,0,0
2374,4,2024-09-16,125,30,12,6,0
3094,4,2024-09-16,198,40,16,4,0
2185,4,2024-09-16,37,20,8,15,0
3253,4,2024-09-16,79,20,8,6,0
2900,4,2024-09-16,55,40,16,9,0
3653,4,2024-09-16,95,30,12,5,0
3234,4,2024-09-16,141,20,8,12,0
3290,4,2024-09-16,18,40,16,0,0
2365,4,2024-09-16,16,20,8,16,0
2760,4,2024-09-16,115,30,12,7,0
3791,4,2024-09-16,367,100,40,9,0
2024,4,2024-09-16,101,40,16,6,0
3549,4,2024-09-16,211,75,30,6,0
3045,4,2024-09-16,143,40,16,3,0
2190,4,2024-09-16,154,50,20,13,0
3659,4,2024-09-16,0,50,20,4,0
2646,4,2024-09-16,158,50,20,2,0
2904,4,2024-09-16,22,50,20,2,0
3839,4,2024-09-16,80,50,20,9,0
3347,4,2024-09-16,69,20,8,5,50
3130,4,2024-09-16,47,30,12,22,0
3699,4,2024-09-16,148,50,20,42,0
3139,4,2024-09-16,224,100,40,11,0
2085,4,2024-09-16,34,30,12,0,0
2002,4,2024-09-16,188,40,16,3,0
3767,4,2024-09-16,159,75,30,10,0
2733,4,2024-09-16,231,40,16,7,0
2246,4,2024-09-16,108,40,16,2,0
3620,4,2024-09-16,183,40,16,1,0
3512,4,2024-09-16,137,30,12,5,0
2130,4,2024-09-16,99,30,12,9,0
2490,4,2024-09-16,128,40,16,11,0
2712,4,2024-09-16,139,30,12,20,0
2864,4,2024-09-16,59,40,16,24,0
2137,4,2024-09-16,113,100,40,7,0
2824,4,2024-09-16,76,30,12,3,0
3487,4,2024-09-16,46,50,20,2,0
3201,4,2024-09-16,79,75,30,15,0
2839,4,2024-09-16,211,40,16,9,0
2914,4,2024-09-16,47,20,8,21,0
3400,4,2024-09-16,129,40,16,20,0
2012,4,2024-09-16,76,20,8,25,0
3294,4,2024-09-16,140,30,12,7,300
3759,4,2024-09-16,18,50,20,0,0
3559,4,2024-09-16,43,20,8,4,0
3064,4,2024-09-16,95,50,20,7,0
2331,4,2024-09-16,70,75,30,22,0
2863,4,2024-09-16,33,30,12,5,100
2755,4,2024-09-16,262,75,30,15,0
2570,4,2024-09-16,11,30,12,9,300
3394,4,2024-09-16,34,30,12,12,0
3259,4,2024-09-16,46,20,8,21,200
3740,4,2024-09-16,189,50,20,20,0
2133,4,2024-09-16,115,30,12,20,0
2564,4,2024-09-16,69,50,20,5,0
3177,4,2024-09-16,64,20,8,9,0
2147,4,2024-09-16,124,40,16,13,0
2898,4,2024-09-16,162,40,16,7,0
2391,4,2024-09-16,70,30,12,11,0
3443,4,2024-09-16,54,20,8,5,50
3478,4,2024-09-16,22,40,16,12,0
2690,4,2024-09-16,323,100,40,120,0
3227,4,2024-09-16,21,50,20,2,0
2700,4,2024-09-16,162,40,16,18,50
3584,4,2024-09-16,108,30,12,20,0
2158,4,2024-09-16,165,40,16,14,0
2481,4,2024-09-16,115,40,16,0,0
3216,4,2024-09-16,232,50,20,0,0
3765,4,2024-09-16,128,40,16,6,0
2191,4,2024-09-16,271,75,30,22,0
2624,4,2024-09-16,172,50,20,5,150
2984,4,2024-09-16,65,20,8,21,0
3252,4,2024-09-16,77,30,12,2,0
3379,4,2024-09-16,103,75,30,6,300
2055,4,2024-09-16,7,20,8,2,0
2676,4,2024-09-16,73,40,16,20,0
2412,4,2024-09-16,59,30,12,4,150
3302,4,2024-09-16,96,20,8,3,200
2798,4,2024-09-16,16,20,8,31,0
3143,4,2024-09-16,387,100,40,15,0
2497,4,2024-09-16,36,20,8,4,0
2290,4,2024-09-16,67,30,12,5,0
3049,4,2024-09-16,357,100,40,22,0
2046,4,2024-09-16,147,50,20,0,300
2529,4,2024-09-16,153,40,16,6,0
3027,4,2024-09-16,60,40,16,9,0
2812,4,2024-09-16,144,75,30,34,0
2219,4,2024-09-16,98,20,8,2,0
2939,4,2024-09-16,91,30,12,3,0
3847,4,2024-09-16,175,40,16,72,300
2787,4,2024-09-16,29,40,16,1,0
3434,4,2024-09-16,248,50,20,0,0
2828,4,2024-09-16,82,40,16,1,300
3794,4,2024-09-16,0,75,30,16,0
2532,4,2024-09-16,65,20,8,9,0
2694,4,2024-09-16,54,20,8,2,200
3329,4,2024-09-16,109,40,16,7,0
2101,4,2024-09-16,116,40,16,6,0
2681,4,2024-09-16,269,75,30,0,0
2768,4,2024-09-16,117,30,12,25,0
2344,4,2024-09-16,45,30,12,17,0
3507,4,2024-09-16,197,40,16,17,0
3484,4,2024-09-16,233,75,30,3,0
2413,4,2024-09-16,82,30,12,1,300
3619,4,2024-09-16,102,100,40,28,0
2152,4,2024-09-16,1,40,16,1,0
2035,4,2024-09-16,67,50,20,7,0
3723,4,2024-09-16,66,20,8,6,0
2683,4,2024-09-16,158,30,12,6,0
3742,4,2024-09-16,39,20,8,7,0
2685,4,2024-09-16,133,40,16,3,0
2383,4,2024-09-16,87,20,8,9,0
2168,4,2024-09-16,69,20,8,0,0
3140,4,2024-09-16,194,75,30,50,150
3760,4,2024-09-16,95,40,16,13,0
3741,4,2024-09-16,198,50,20,7,0
3349,4,2024-09-16,183,75,30,1,0
2974,4,2024-09-16,105,40,16,69,0
3470,4,2024-09-16,311,100,40,3,0
2699,4,2024-09-16,47,20,8,5,0
3035,4,2024-09-16,30,40,16,6,0
3380,4,2024-09-16,0,30,12,4,0
3508,4,2024-09-16,68,30,12,21,0
3099,4,2024-09-16,114,75,30,28,0
3515,4,2024-09-16,347,100,40,14,0
2238,4,2024-09-16,98,75,30,18,0
3781,4,2024-09-16,49,40,16,20,150
2717,4,2024-09-16,160,40,16,16,0
3194,4,2024-09-16,48,30,12,2,0
2395,4,2024-09-16,150,40,16,19,200
2006,4,2024-09-16,161,50,20,37,0
2510,4,2024-09-16,97,20,8,22,0
3445,4,2024-09-16,260,100,40,11,0
2110,4,2024-09-16,143,50,20,70,300
3274,4,2024-09-16,118,75,30,4,0
2154,4,2024-09-16,75,40,16,0,0
2580,4,2024-09-16,80,20,8,10,0
2150,4,2024-09-16,0,50,20,53,0
3633,4,2024-09-16,33,30,12,26,0
3026,4,2024-09-16,75,30,12,0,0
2885,4,2024-09-16,224,50,20,28,0
2894,4,2024-09-16,227,50,20,3,200
2342,4,2024-09-16,24,30,12,19,0
2940,4,2024-09-16,0,40,16,20,100
3724,4,2024-09-16,0,20,8,46,0
2852,4,2024-09-16,180,50,20,12,0
3532,4,2024-09-16,201,40,16,0,0
3618,4,2024-09-16,218,40,16,3,0
3770,4,2024-09-16,136,30,12,26,0
3018,4,2024-09-16,224,50,20,3,0
2976,4,2024-09-16,96,20,8,37,0
2808,4,2024-09-16,320,75,30,78,300
3322,4,2024-09-16,397,100,40,20,0
3153,4,2024-09-16,95,30,12,4,0
2064,4,2024-09-16,398,75,30,9,0
2589,4,2024-09-16,167,50,20,0,0
3645,4,2024-09-16,48,30,12,9,0
2476,4,2024-09-16,69,40,16,33,50
2594,4,2024-09-16,116,20,8,30,0
3056,4,2024-09-16,154,40,16,4,0
2889,4,2024-09-16,80,100,40,11,100
3278,4,2024-09-16,134,50,20,44,0
3164,4,2024-09-16,262,50,20,15,150
3115,4,2024-09-16,95,30,12,0,0
3766,4,2024-09-16,123,50,20,0,0
2386,4,2024-09-16,109,30,12,25,0
3541,4,2024-09-16,355,75,30,0,0
2373,4,2024-09-16,133,50,20,17,0
2718,4,2024-09-16,0,40,16,46,0
2414,4,2024-09-16,44,30,12,106,300
3086,4,2024-09-16,143,30,12,23,0
2559,4,2024-09-16,78,30,12,28,300
3192,4,2024-09-16,89,20,8,1,300
3110,4,2024-09-16,96,75,30,9,0
3501,4,2024-09-16,367,100,40,23,0
2456,4,2024-09-16,165,50,20,10,0
3352,4,2024-09-16,105,30,12,12,0
3137,4,2024-09-16,125,40,16,6,0
2701,4,2024-09-16,156,30,12,7,0
2766,4,2024-09-16,76,40,16,9,300
2368,4,2024-09-16,68,30,12,19,100
2467,4,2024-09-16,163,50,20,1,0
2286,4,2024-09-16,38,20,8,0,0
2230,4,2024-09-16,69,50,20,0,0
2218,4,2024-09-16,120,20,8,6,0
2129,4,2024-09-16,30,50,20,21,0
3643,4,2024-09-16,200,75,30,12,100
2782,4,2024-09-16,313,75,30,23,0
2233,4,2024-09-16,59,30,12,5,0
2162,4,2024-09-16,76,30,12,0,0
2861,4,2024-09-16,165,40,16,29,0
3459,4,2024-09-16,108,20,8,9,0
3668,4,2024-09-16,0,75,30,11,0
2801,4,2024-09-16,155,75,30,2,0
2105,4,2024-09-16,42,40,16,2,0
2227,4,2024-09-16,68,40,16,0,0
3343,4,2024-09-16,111,30,12,4,100
3303,4,2024-09-16,92,50,20,12,300
3286,4,2024-09-16,130,30,12,39,0
2720,4,2024-09-16,27,30,12,20,0
3783,4,2024-09-16,75,50,20,12,0
2955,4,2024-09-16,245,50,20,1,0
3498,4,2024-09-16,107,20,8,36,0
3688,4,2024-09-16,105,30,12,8,0
2504,4,2024-09-16,51,20,8,0,0
3326,4,2024-09-16,127,50,20,4,0
2528,4,2024-09-16,59,20,8,23,100
3083,4,2024-09-16,197,40,16,5,0
3306,4,2024-09-16,132,20,8,34,0
3124,4,2024-09-16,144,100,40,18,0
2328,4,2024-09-16,57,30,12,8,0
2291,4,2024-09-16,7,20,8,16,0
3612,4,2024-09-16,28,50,20,26,0
2869,4,2024-09-16,389,75,30,28,300
3346,4,2024-09-16,179,50,20,7,0
2051,4,2024-09-16,19,30,12,9,0
3247,4,2024-09-16,208,100,40,15,0
3391,4,2024-09-16,16,40,16,8,0
3436,4,2024-09-16,204,50,20,10,0
2357,4,2024-09-16,60,30,12,9,0
3359,4,2024-09-16,97,30,12,10,0
2868,4,2024-09-16,216,50,20,62,0
2335,4,2024-09-16,128,30,12,14,0
2508,4,2024-09-16,210,40,16,26,0
2727,4,2024-09-16,44,30,12,1,0
3716,4,2024-09-16,104,30,12,13,0
2595,4,2024-09-16,96,30,12,4,0
2067,4,2024-09-16,170,50,20,13,0
3768,4,2024-09-16,110,30,12,1,0
2262,4,2024-09-16,71,20,8,10,50
3560,4,2024-09-16,125,40,16,15,0
3220,4,2024-09-16,180,40,16,19,0
3160,4,2024-09-16,155,40,16,7,50
2145,4,2024-09-16,130,30,12,3,0
2897,4,2024-09-16,57,30,12,30,0
2960,4,2024-09-16,75,20,8,18,0
2738,4,2024-09-16,119,30,12,2,50
2962,4,2024-09-16,38,20,8,1,0
2249,4,2024-09-16,140,40,16,13,0
3416,4,2024-09-16,187,50,20,5,0
3298,4,2024-09-16,185,100,40,31,0
3123,4,2024-09-16,38,20,8,3,300
3819,4,2024-09-16,303,50,20,66,0
3442,4,2024-09-16,56,20,8,1,0
2696,4,2024-09-16,86,30,12,12,0
2815,4,2024-09-16,389,100,40,2,0
3231,4,2024-09-16,110,50,20,15,200
3415,4,2024-09-16,18,20,8,6,200
3283,4,2024-09-16,25,50,20,20,0
2941,4,2024-09-16,144,40,16,1,300
2987,4,2024-09-16,133,30,12,2,200
2775,4,2024-09-16,154,40,16,3,100
2740,4,2024-09-16,295,50,20,18,0
3272,4,2024-09-16,78,30,12,4,300
2561,4,2024-09-16,193,50,20,4,0
3587,4,2024-09-16,194,40,16,29,0
3069,4,2024-09-16,220,40,16,19,0
3405,4,2024-09-16,71,20,8,1,0
2228,4,2024-09-16,99,50,20,17,0
2001,4,2024-09-16,136,30,12,30,0
2214,4,2024-09-16,167,40,16,2,100
3403,4,2024-09-16,99,40,16,4,0
2831,4,2024-09-16,53,20,8,2,0
3714,4,2024-09-16,45,40,16,12,0
3691,4,2024-09-16,27,40,16,8,100
3505,4,2024-09-16,114,40,16,4,0
2970,4,2024-09-16,136,40,16,1,50
3772,4,2024-09-16,327,75,30,41,0
3657,4,2024-09-16,109,30,12,17,0
3739,4,2024-09-16,23,20,8,1,0
3432,4,2024-09-16,306,100,40,5,0
2516,4,2024-09-16,16,20,8,0,0
3592,4,2024-09-16,124,40,16,3,0
2199,4,2024-09-16,262,50,20,4,0
3423,4,2024-09-16,120,40,16,0,0
2058,4,2024-09-16,144,30,12,19,0
3798,4,2024-09-16,118,40,16,36,0
2387,4,2024-09-16,67,30,12,5,0
2999,4,2024-09-16,150,40,16,0,0
2242,4,2024-09-16,224,50,20,8,0
2495,4,2024-09-16,276,50,20,38,50
2088,4,2024-09-16,112,50,20,9,0
2323,4,2024-09-16,163,30,12,6,0
3634,4,2024-09-16,0,40,16,0,0
3676,4,2024-09-16,97,30,12,5,0
2826,4,2024-09-16,91,30,12,17,50
3128,4,2024-09-16,54,50,20,4,0
3641,4,2024-09-16,143,40,16,13,0
3483,4,2024-09-16,295,40,16,11,0
3129,4,2024-09-16,2,40,16,14,0
2749,4,2024-09-16,57,30,12,21,0
3091,4,2024-09-16,72,20,8,2,100
3206,4,2024-09-16,101,30,12,12,0
2071,4,2024-09-16,244,75,30,24,100
2934,4,2024-09-16,0,40,16,12,0
3737,4,2024-09-16,123,40,16,1,0
2575,4,2024-09-16,215,50,20,16,0
3308,4,2024-09-16,159,50,20,25,0
3215,4,2024-09-16,184,50,20,3,0
3120,4,2024-09-16,193,75,30,31,0
2891,4,2024-09-16,383,75,30,30,100
3452,4,2024-09-16,110,40,16,28,0
2208,4,2024-09-16,144,50,20,1,0
3351,4,2024-09-16,168,75,30,24,0
2803,4,2024-09-16,292,75,30,11,0
2509,4,2024-09-16,366,75,30,8,200
2878,4,2024-09-16,186,40,16,1,150
2005,4,2024-09-16,219,50,20,1,0
2602,4,2024-09-16,195,30,12,2,0
2065,4,2024-09-16,173,30,12,2,50
3818,4,2024-09-16,147,30,12,13,0
3048,4,2024-09-16,134,40,16,4,0
2014,4,2024-09-16,0,50,20,14,100
3652,4,2024-09-16,182,40,16,37,0
3486,4,2024-09-16,127,30,12,4,0
3807,4,2024-09-16,79,20,8,1,0
2239,4,2024-09-16,168,30,12,2,0
3813,4,2024-09-16,126,40,16,1,0
3371,4,2024-09-16,220,75,30,0,0
2884,4,2024-09-16,106,30,12,21,0
2726,4,2024-09-16,59,20,8,27,50
3492,4,2024-09-16,124,30,12,39,0
2325,4,2024-09-16,375,100,40,8,0
3503,4,2024-09-16,255,75,30,4,0
3136,4,2024-09-16,228,50,20,10,50
2375,4,2024-09-16,51,40,16,0,150
2044,4,2024-09-16,159,50,20,20,0
3428,4,2024-09-16,289,50,20,16,0
3529,4,2024-09-16,70,30,12,28,0
3441,4,2024-09-16,121,40,16,3,0
3539,4,2024-09-16,107,30,12,23,0
2982,4,2024-09-16,95,30,12,11,0
3567,4,2024-09-16,37,40,16,0,0
2341,4,2024-09-16,33,40,16,7,0
3338,4,2024-09-16,76,30,12,6,0
2091,4,2024-09-16,135,30,12,11,0
2015,4,2024-09-16,224,75,30,23,0
3810,4,2024-09-16,20,20,8,5,0
2047,4,2024-09-16,133,50,20,7,0
2448,4,2024-09-16,23,20,8,3,0
3555,4,2024-09-16,138,50,20,7,0
2739,4,2024-09-16,124,40,16,2,50
3757,4,2024-09-16,66,75,30,4,300
3689,4,2024-09-16,104,50,20,23,0
2731,4,2024-09-16,200,50,20,58,50
2979,4,2024-09-16,269,40,16,10,300
3523,4,2024-09-16,20,30,12,0,0
3017,4,2024-09-16,94,40,16,14,0
2764,4,2024-09-16,143,30,12,5,0
2902,4,2024-09-16,134,75,30,7,0
2345,4,2024-09-16,103,30,12,11,0
2780,4,2024-09-16,359,75,30,17,0
2555,4,2024-09-16,106,30,12,36,50
3202,4,2024-09-16,79,30,12,7,0
2135,4,2024-09-16,36,40,16,3,0
3401,4,2024-09-16,135,30,12,35,0
3785,4,2024-09-16,59,20,8,4,0
3305,4,2024-09-16,129,40,16,9,0
2153,4,2024-09-16,128,50,20,10,0
2439,4,2024-09-16,186,50,20,27,200
2450,4,2024-09-16,105,40,16,0,0
2703,4,2024-09-16,59,30,12,42,0
2899,4,2024-09-16,70,30,12,6,0
2697,4,2024-09-16,76,30,12,45,100
2783,4,2024-09-16,26,75,30,0,0
2920,4,2024-09-16,53,30,12,21,0
3681,4,2024-09-16,35,40,16,4,300
2805,4,2024-09-16,99,50,20,20,0
3568,4,2024-09-16,130,30,12,6,150
2922,4,2024-09-16,42,30,12,74,0
3310,4,2024-09-16,72,20,8,10,0
3209,4,2024-09-16,176,50,20,0,300
3199,4,2024-09-16,272,50,20,8,0
3287,4,2024-09-16,76,30,12,11,0
2360,4,2024-09-16,56,20,8,71,0
2543,4,2024-09-16,103,20,8,19,0
2628,4,2024-09-16,168,50,20,21,100
3580,4,2024-09-16,51,30,12,1,0
3387,4,2024-09-16,257,50,20,2,300
3613,4,2024-09-16,244,75,30,15,0
3628,4,2024-09-16,31,30,12,55,0
3195,4,2024-09-16,71,50,20,18,50
2511,4,2024-09-16,120,50,20,5,0
2489,4,2024-09-16,139,40,16,6,0
2991,4,2024-09-16,131,40,16,28,0
2872,4,2024-09-16,102,20,8,7,0
3114,4,2024-09-16,152,30,12,8,0
2992,4,2024-09-16,149,30,12,0,0
2103,4,2024-09-16,42,40,16,5,0
2682,4,2024-09-16,106,40,16,48,50
3828,4,2024-09-16,39,20,8,11,0
2142,4,2024-09-16,86,50,20,14,0
3015,4,2024-09-16,166,40,16,18,0
2479,4,2024-09-16,47,20,8,15,0
3402,4,2024-09-16,85,30,12,18,0
2585,4,2024-09-16,216,40,16,9,0
2415,4,2024-09-16,123,30,12,20,0
2076,4,2024-09-16,283,100,40,24,200
2729,4,2024-09-16,106,40,16,4,0
3151,4,2024-09-16,124,40,16,5,0
3156,4,2024-09-16,170,30,12,82,0
2478,4,2024-09-16,88,40,16,126,0
3615,4,2024-09-16,117,40,16,8,0
2631,4,2024-09-16,173,40,16,1,0
2758,4,2024-09-16,137,50,20,5,150
2117,4,2024-09-16,87,40,16,22,0
2309,4,2024-09-16,79,40,16,24,0
2074,4,2024-09-16,22,30,12,34,0
3595,4,2024-09-16,109,30,12,0,0
2965,4,2024-09-16,118,30,12,2,0
2355,4,2024-09-16,142,100,40,2,0
2254,4,2024-09-16,159,50,20,11,0
3196,4,2024-09-16,43,20,8,20,0
3117,4,2024-09-16,0,30,12,32,0
2593,4,2024-09-16,211,50,20,21,300
2957,4,2024-09-16,167,50,20,22,100
2527,4,2024-09-16,39,40,16,13,0
3489,4,2024-09-16,107,30,12,2,0
3597,4,2024-09-16,43,20,8,14,0
2944,4,2024-09-16,204,40,16,27,0
3551,4,2024-09-16,369,75,30,5,100
2447,4,2024-09-16,128,40,16,0,0
2195,4,2024-09-16,99,30,12,25,0
3422,4,2024-09-16,133,40,16,26,0
2280,4,2024-09-16,165,30,12,45,0
3658,4,2024-09-16,259,50,20,12,0
2004,4,2024-09-16,86,20,8,6,0
3320,4,2024-09-16,470,100,40,31,300
3093,4,2024-09-16,61,30,12,13,0
2054,4,2024-09-16,152,30,12,42,0
2419,4,2024-09-16,158,50,20,0,0
2181,4,2024-09-16,167,50,20,0,0
2021,4,2024-09-16,55,75,30,47,0
2925,4,2024-09-16,156,40,16,32,0
2237,4,2024-09-16,222,50,20,16,0
2119,4,2024-09-16,188,50,20,16,0
3361,4,2024-09-16,46,30,12,7,0
3292,4,2024-09-16,89,75,30,1,0
2165,4,2024-09-16,301,50,20,13,0
3384,4,2024-09-16,137,30,12,16,200
2332,4,2024-09-16,43,20,8,9,0
2250,4,2024-09-16,51,40,16,10,0
2284,4,2024-09-16,55,75,30,17,0
2295,4,2024-09-16,290,50,20,13,0
3806,4,2024-09-16,181,50,20,6,0
3174,4,2024-09-16,182,50,20,3,0
3822,4,2024-09-16,96,50,20,42,0
2356,4,2024-09-16,90,20,8,19,0
2951,4,2024-09-16,64,40,16,23,0
2053,4,2024-09-16,63,40,16,30,0
3103,4,2024-09-16,73,40,16,2,0
2488,4,2024-09-16,74,30,12,9,0
2009,4,2024-09-16,46,40,16,1,0
2784,4,2024-09-16,121,30,12,28,200
3679,4,2024-09-16,316,100,40,22,300
3068,4,2024-09-16,163,40,16,7,0
2336,4,2024-09-16,96,40,16,1,0
3236,4,2024-09-16,191,75,30,3,0
2322,4,2024-09-16,49,30,12,16,0
3686,4,2024-09-16,166,100,40,30,0
3179,4,2024-09-16,176,50,20,12,0
3827,4,2024-09-16,142,50,20,3,0
2498,4,2024-09-16,193,50,20,18,50
2072,4,2024-09-16,88,20,8,40,0
2548,4,2024-09-16,158,30,12,37,0
2716,4,2024-09-16,267,75,30,10,0
2707,4,2024-09-16,60,30,12,33,0
3605,4,2024-09-16,93,50,20,0,0
2757,4,2024-09-16,0,30,12,37,0
3690,4,2024-09-16,19,30,12,13,150
3313,4,2024-09-16,78,30,12,18,100
2810,4,2024-09-16,98,100,40,6,0
2935,4,2024-09-16,336,75,30,18,0
2315,4,2024-09-16,328,75,30,18,0
2263,4,2024-09-16,331,75,30,21,0
3678,4,2024-09-16,242,75,30,0,200
2080,4,2024-09-16,41,40,16,21,0
2348,4,2024-09-16,86,30,12,10,0
3028,4,2024-09-16,175,40,16,4,0
3820,4,2024-09-16,177,30,12,31,0
2369,4,2024-09-16,155,50,20,0,0
2779,4,2024-09-16,109,20,8,0,0
2601,4,2024-09-16,140,50,20,38,0
3186,4,2024-09-16,47,75,30,12,0
3193,4,2024-09-16,125,20,8,38,0
3181,4,2024-09-16,362,75,30,14,0
3731,4,2024-09-16,33,40,16,3,50
3382,4,2024-09-16,6,30,12,1,0
3499,4,2024-09-16,94,20,8,16,0
2688,4,2024-09-16,106,40,16,6,0
2556,4,2024-09-16,54,20,8,5,0
3417,4,2024-09-16,185,50,20,108,0
2978,4,2024-09-16,42,20,8,37,0
2912,4,2024-09-16,133,30,12,4,0
2127,4,2024-09-16,83,40,16,10,150
2398,4,2024-09-16,127,50,20,38,0
2632,4,2024-09-16,202,50,20,0,0
2817,4,2024-09-16,122,50,20,1,0
2279,4,2024-09-16,156,50,20,30,0
3178,4,2024-09-16,131,50,20,3,0
3023,4,2024-09-16,84,20,8,16,0
2231,4,2024-09-16,314,75,30,37,0
3840,4,2024-09-16,106,30,12,4,0
2745,4,2024-09-16,186,40,16,4,0
2882,4,2024-09-16,121,40,16,12,0
3016,4,2024-09-16,131,50,20,1,0
2394,4,2024-09-16,140,50,20,33,0
2095,4,2024-09-16,204,50,20,20,0
2937,4,2024-09-16,138,30,12,13,0
3493,4,2024-09-16,178,50,20,18,0
3295,4,2024-09-16,24,30,12,1,0
2213,4,2024-09-16,74,30,12,21,0
2750,4,2024-09-16,219,50,20,5,0
3817,4,2024-09-16,118,50,20,1,200
3121,4,2024-09-16,226,75,30,7,300
2653,4,2024-09-16,257,75,30,0,300
2166,4,2024-09-16,109,40,16,34,0
2773,4,2024-09-16,223,50,20,12,0
3245,4,2024-09-16,57,20,8,42,0
2667,4,2024-09-16,56,30,12,1,0
2297,4,2024-09-16,40,50,20,12,0
2407,4,2024-09-16,65,40,16,0,0
2111,4,2024-09-16,14,40,16,9,0
2437,4,2024-09-16,161,30,12,44,0
2856,4,2024-09-16,34,20,8,12,0
2811,4,2024-09-16,147,100,40,12,0
2389,4,2024-09-16,0,30,12,13,0
3108,4,2024-09-16,0,20,8,5,0
3803,4,2024-09-16,129,100,40,33,0
3356,4,2024-09-16,30,30,12,15,0
2563,4,2024-09-16,99,50,20,11,50
3596,4,2024-09-16,65,50,20,15,0
3622,4,2024-09-16,72,20,8,37,0
3430,4,2024-09-16,137,40,16,14,200
2638,4,2024-09-16,307,100,40,38,0
2521,4,2024-09-16,19,20,8,22,0
3261,4,2024-09-16,50,50,20,19,50
2329,4,2024-09-16,72,30,12,19,0
2633,4,2024-09-16,147,40,16,9,0
2069,4,2024-09-16,197,50,20,17,0
2283,4,2024-09-16,117,50,20,13,0
2924,4,2024-09-16,71,30,12,0,0
3458,4,2024-09-16,313,75,30,20,300
3624,4,2024-09-16,74,30,12,28,0
3788,4,2024-09-16,212,50,20,9,0
2615,4,2024-09-16,217,40,16,0,0
2562,4,2024-09-16,57,50,20,0,0
3787,4,2024-09-16,38,20,8,5,0
2907,4,2024-09-16,170,50,20,0,0
2049,4,2024-09-16,34,40,16,40,0
2422,4,2024-09-16,131,40,16,29,0
3565,4,2024-09-16,4,40,16,12,150
2954,4,2024-09-16,133,30,12,11,0
2217,4,2024-09-16,69,30,12,16,0
3328,4,2024-09-16,72,50,20,20,0
2581,4,2024-09-16,177,75,30,14,0
2506,4,2024-09-16,126,75,30,1,0
3022,4,2024-09-16,112,75,30,2,0
3609,4,2024-09-16,133,30,12,12,50
3782,4,2024-09-16,95,30,12,0,0
3106,4,2024-09-16,159,40,16,26,0
2536,4,2024-09-16,43,30,12,10,0
3537,4,2024-09-16,230,75,30,21,0
3693,4,2024-09-16,182,100,40,3,100
3490,4,2024-09-16,441,100,40,15,200
3007,4,2024-09-16,287,100,40,10,0
3063,4,2024-09-16,130,40,16,14,0
2975,4,2024-09-16,129,30,12,6,0
2531,4,2024-09-16,45,30,12,2,0
2406,4,2024-09-16,178,50,20,13,0
3276,4,2024-09-16,119,40,16,22,0
2399,4,2024-09-16,46,30,12,21,0
2229,4,2024-09-16,43,30,12,1,0
2948,4,2024-09-16,72,30,12,4,300
3309,4,2024-09-16,106,20,8,6,0
3053,4,2024-09-16,174,75,30,10,0
3481,4,2024-09-16,89,50,20,18,0
2281,4,2024-09-16,131,40,16,9,0
3720,4,2024-09-16,60,30,12,47,0
2896,4,2024-09-16,87,20,8,8,0
3043,4,2024-09-16,123,75,30,1,0
2905,4,2024-09-16,85,50,20,0,0
2073,4,2024-09-16,14,50,20,14,0
2816,4,2024-09-16,90,40,16,4,0
3680,4,2024-09-16,123,40,16,25,0
3296,4,2024-09-16,118,30,12,17,0
2378,4,2024-09-16,201,40,16,8,0
3574,4,2024-09-16,110,40,16,25,0
3427,4,2024-09-16,44,30,12,10,0
3754,4,2024-09-16,145,40,16,4,0
3265,4,2024-09-16,26,30,12,0,0
2420,4,2024-09-16,82,40,16,12,0
2945,4,2024-09-16,101,50,20,23,0
2915,4,2024-09-16,198,50,20,8,0
2442,4,2024-09-16,108,40,16,3,0
3648,4,2024-09-16,125,50,20,18,0
3626,4,2024-09-16,131,50,20,3,0
3241,4,2024-09-16,187,40,16,10,0
3799,4,2024-09-16,100,30,12,12,0
2287,4,2024-09-16,55,50,20,1,100
2455,4,2024-09-16,167,50,20,9,50
3562,4,2024-09-16,182,50,20,19,0
3712,4,2024-09-16,113,40,16,40,50
2642,4,2024-09-16,76,30,12,21,0
2985,4,2024-09-16,68,30,12,28,0
2081,4,2024-09-16,180,50,20,5,0
3169,4,2024-09-16,52,40,16,1,0
3418,4,2024-09-16,35,50,20,18,0
3543,4,2024-09-16,92,40,16,3,0
3804,4,2024-09-16,95,30,12,93,0
2178,4,2024-09-16,109,30,12,45,100
2313,4,2024-09-16,46,50,20,49,0
2161,4,2024-09-16,78,40,16,5,0
3474,4,2024-09-16,49,50,20,13,0
2149,4,2024-09-16,99,30,12,67,0
3133,4,2024-09-16,0,20,8,16,0
3381,4,2024-09-16,50,20,8,15,0
2013,4,2024-09-16,197,50,20,12,0
3611,4,2024-09-16,131,50,20,8,300
2201,4,2024-09-16,129,75,30,14,0
2610,4,2024-09-16,66,40,16,12,0
3553,4,2024-09-16,279,50,20,0,0
2221,4,2024-09-16,192,50,20,74,0
3564,4,2024-09-16,136,50,20,5,0
3041,4,2024-09-16,5,40,16,27,0
2146,4,2024-09-16,67,40,16,9,0
2888,4,2024-09-16,56,20,8,18,0
3311,4,2024-09-16,77,50,20,0,0
2583,4,2024-09-16,166,30,12,4,300
2128,4,2024-09-16,80,40,16,1,0
3719,4,2024-09-16,117,30,12,27,0
3039,4,2024-09-16,22,20,8,20,0
3159,4,2024-09-16,151,40,16,8,0
3793,4,2024-09-16,138,30,12,0,150
2573,4,2024-09-16,93,30,12,6,0
3173,4,2024-09-16,170,40,16,13,0
2879,4,2024-09-16,361,75,30,11,0
3226,4,2024-09-16,51,40,16,32,0
2605,4,2024-09-16,66,30,12,11,0
2092,4,2024-09-16,175,40,16,4,0
2066,4,2024-09-16,86,20,8,1,0
3745,4,2024-09-16,130,50,20,11,100
3509,4,2024-09-16,66,40,16,50,0
2800,4,2024-09-16,116,40,16,5,0
3815,4,2024-09-16,42,30,12,2,0
3692,4,2024-09-16,357,100,40,0,0
2709,4,2024-09-16,276,50,20,0,150
3170,4,2024-09-16,89,40,16,5,0
3561,4,2024-09-16,154,40,16,19,0
3439,4,2024-09-16,46,30,12,9,0
3590,4,2024-09-16,169,75,30,13,0
3743,4,2024-09-16,335,75,30,4,0
2686,4,2024-09-16,216,50,20,8,100
3411,4,2024-09-16,185,50,20,4,0
2793,4,2024-09-16,198,50,20,4,50
2353,4,2024-09-16,124,40,16,35,0
2648,4,2024-09-16,98,30,12,6,0
3602,4,2024-09-16,88,20,8,49,0
2660,4,2024-09-16,195,40,16,10,0
3599,4,2024-09-16,68,40,16,28,0
2949,4,2024-09-16,541,75,30,13,100
2109,4,2024-09-16,190,100,40,1,0
3545,4,2024-09-16,107,30,12,3,0
2630,4,2024-09-16,208,50,20,4,0
3673,4,2024-09-16,163,50,20,8,0
3845,4,2024-09-16,147,30,12,1,0
3074,4,2024-09-16,324,100,40,2,0
3519,4,2024-09-16,90,40,16,5,300
2714,4,2024-09-16,159,50,20,31,0
2537,4,2024-09-16,184,40,16,3,0
2762,4,2024-09-16,0,30,12,28,0
2883,4,2024-09-16,155,30,12,4,0
2639,4,2024-09-16,167,50,20,15,0
2122,4,2024-09-16,140,40,16,0,0
3534,4,2024-09-16,195,50,20,6,0
2917,4,2024-09-16,551,100,40,0,0
3364,4,2024-09-16,95,30,12,33,0
2980,4,2024-09-16,83,40,16,1,0
2019,4,2024-09-16,184,40,16,6,300
2404,4,2024-09-16,536,100,40,13,0
2997,4,2024-09-16,187,75,30,33,0
2401,4,2024-09-16,307,75,30,15,0
3746,4,2024-09-16,261,50,20,8,0
3262,4,2024-09-16,75,50,20,66,0
2125,4,2024-09-16,58,40,16,11,0
3333,4,2024-09-16,23,50,20,2,0
3784,4,2024-09-16,135,30,12,4,0
2463,4,2024-09-16,113,40,16,2,50
3057,4,2024-09-16,229,50,20,5,100
2715,4,2024-09-16,221,40,16,8,0
2411,4,2024-09-16,101,20,8,11,0
3288,4,2024-09-16,52,30,12,1,100
2857,4,2024-09-16,250,40,16,7,0
3571,4,2024-09-16,203,40,16,36,0
3603,4,2024-09-16,62,30,12,7,0
3433,4,2024-09-16,54,20,8,2,0
3012,4,2024-09-16,406,100,40,4,0
2392,4,2024-09-16,42,30,12,36,0
2647,4,2024-09-16,264,75,30,10,0
3389,4,2024-09-16,101,20,8,2,300
3646,4,2024-09-16,50,20,8,17,200
3588,4,2024-09-16,415,100,40,5,0
2371,4,2024-09-16,16,50,20,23,0
3733,4,2024-09-16,172,50,20,11,0
3637,4,2024-09-16,115,30,12,10,0
3373,4,2024-09-16,145,20,8,4,0
2747,4,2024-09-16,127,30,12,10,0
2804,4,2024-09-16,170,100,40,2,0
2216,4,2024-09-16,61,40,16,0,0
2265,4,2024-09-16,82,50,20,16,0
3230,4,2024-09-16,187,50,20,8,0
2635,4,2024-09-16,271,75,30,12,50
2517,4,2024-09-16,59,30,12,2,0
3440,4,2024-09-16,0,75,30,1,0
2487,4,2024-09-16,146,50,20,15,0
2333,4,2024-09-16,262,50,20,38,0
2887,4,2024-09-16,180,30,12,4,0
2106,4,2024-09-16,179,50,20,27,0
2388,4,2024-09-16,91,40,16,1,0
3191,4,2024-09-16,146,50,20,10,0
2854,4,2024-09-16,25,50,20,7,0
3629,4,2024-09-16,155,40,16,50,0
2590,4,2024-09-16,147,30,12,15,200
2566,4,2024-09-16,71,20,8,4,0
3254,4,2024-09-16,128,30,12,7,0
3044,4,2024-09-16,86,20,8,0,0
2271,4,2024-09-16,39,50,20,3,0
2622,4,2024-09-16,100,40,16,1,0
3520,4,2024-09-16,332,75,30,8,0
3079,4,2024-09-16,44,20,8,0,0
2623,4,2024-09-16,150,75,30,1,0
2704,4,2024-09-16,41,20,8,0,0
2799,4,2024-09-16,231,40,16,15,0
3709,4,2024-09-16,231,75,30,6,0
3547,4,2024-09-16,228,50,20,1,0
2675,4,2024-09-16,394,100,40,10,0
2909,4,2024-09-16,111,30,12,4,0
2871,4,2024-09-16,106,30,12,10,0
2300,4,2024-09-16,110,40,16,9,100
2748,4,2024-09-16,123,50,20,0,0
3183,4,2024-09-16,128,50,20,3,0
2304,4,2024-09-16,74,30,12,14,0
3697,4,2024-09-16,375,100,40,3,0
2819,4,2024-09-16,79,30,12,15,200
3073,4,2024-09-16,157,30,12,24,0
3844,4,2024-09-16,71,30,12,20,0
3468,4,2024-09-16,158,50,20,25,0
3531,4,2024-09-16,81,30,12,5,0
2969,4,2024-09-16,214,40,16,28,0
3293,4,2024-09-16,255,100,40,2,50
2776,4,2024-09-16,183,50,20,15,50
3246,4,2024-09-16,180,40,16,7,0
2086,4,2024-09-16,74,30,12,16,300
3152,4,2024-09-16,14,50,20,4,200
2807,4,2024-09-16,53,20,8,12,0
3084,4,2024-09-16,75,40,16,12,50
2708,4,2024-09-16,57,30,12,0,0
2513,4,2024-09-16,100,30,12,11,0
3801,4,2024-09-16,28,20,8,7,0
2953,4,2024-09-16,50,20,8,18,200
2048,4,2024-09-16,104,50,20,33,0
3030,4,2024-09-16,85,40,16,4,150
2679,4,2024-09-16,99,30,12,7,0
3606,4,2024-09-16,48,30,12,0,0
2977,4,2024-09-16,49,30,12,30,0
3524,4,2024-09-16,254,100,40,13,0
3795,4,2024-09-16,117,40,16,2,0
2746,4,2024-09-16,25,30,12,2,0
2670,4,2024-09-16,48,20,8,4,0
3581,4,2024-09-16,75,40,16,10,0
2906,4,2024-09-16,158,50,20,5,0
3617,4,2024-09-16,84,40,16,40,0
2636,4,2024-09-16,174,40,16,23,0
3570,4,2024-09-16,253,40,16,12,150
2656,4,2024-09-16,263,50,20,7,150
3408,4,2024-09-16,55,40,16,46,0
2692,4,2024-09-16,40,40,16,27,0
2752,4,2024-09-16,19,20,8,11,0
3360,4,2024-09-16,121,40,16,4,0
2036,4,2024-09-16,269,75,30,53,0
2579,4,2024-09-16,154,40,16,13,0
2379,4,2024-09-16,93,20,8,18,0
2770,4,2024-09-16,67,40,16,2,0
2182,4,2024-09-16,253,40,16,25,50
2270,4,2024-09-16,31,30,12,1,0
2174,4,2024-09-16,85,50,20,4,50
2473,4,2024-09-16,182,40,16,0,50
2380,4,2024-09-16,132,50,20,4,0
2299,4,2024-09-16,498,100,40,34,0
2469,4,2024-09-16,74,20,8,60,0
2461,4,2024-09-16,82,30,12,25,0
3005,4,2024-09-16,78,30,12,18,50
2458,4,2024-09-16,182,50,20,21,0
2390,4,2024-09-16,75,20,8,7,0
2452,4,2024-09-16,101,30,12,8,0
2339,4,2024-09-16,146,50,20,6,0
2039,4,2024-09-16,117,30,12,1,0
2483,4,2024-09-16,79,40,16,0,100
2790,4,2024-09-16,318,100,40,51,0
3663,4,2024-09-16,70,30,12,1,0
3694,4,2024-09-16,132,50,20,37,0
2247,4,2024-09-16,222,75,30,9,0
2756,4,2024-09-16,106,40,16,7,0
2851,4,2024-09-16,144,40,16,10,0
3457,4,2024-09-16,50,30,12,9,0
3184,4,2024-09-16,21,30,12,0,0
2677,4,2024-09-16,65,20,8,24,0
2220,4,2024-09-16,192,75,30,5,0
3162,4,2024-09-16,166,40,16,28,0
2294,4,2024-09-16,136,40,16,2,0
2134,4,2024-09-16,135,30,12,1,0
3031,4,2024-09-16,45,20,8,10,0
3237,4,2024-09-16,192,75,30,4,0
2634,4,2024-09-16,115,40,16,5,0
3348,4,2024-09-16,64,40,16,20,0
3282,4,2024-09-16,138,40,16,0,0
2886,4,2024-09-16,297,50,20,1,0
3837,4,2024-09-16,103,50,20,19,300
2644,4,2024-09-16,194,50,20,4,0
2303,4,2024-09-16,97,30,12,6,0
2310,4,2024-09-16,147,50,20,38,0
2038,4,2024-09-16,122,40,16,28,100
3685,4,2024-09-16,102,30,12,34,0
2669,4,2024-09-16,7,30,12,18,0
3464,4,2024-09-16,69,30,12,9,0
3260,4,2024-09-16,3,30,12,3,100
2031,4,2024-09-16,85,40,16,16,0
2188,4,2024-09-16,100,30,12,33,0
2574,4,2024-09-16,165,40,16,10,0
3350,4,2024-09-16,214,40,16,0,0
3665,4,2024-09-16,125,40,16,2,0
3576,4,2024-09-16,130,40,16,3,0
3335,4,2024-09-16,42,30,12,13,0
3285,4,2024-09-16,135,20,8,6,0
2910,4,2024-09-16,263,75,30,8,200
2118,4,2024-09-16,223,50,20,21,0
2289,4,2024-09-16,147,75,30,41,0
3071,4,2024-09-16,43,50,20,22,200
2061,4,2024-09-16,62,20,8,10,0
3811,4,2024-09-16,136,40,16,7,0
2120,4,2024-09-16,5,40,16,20,0
2060,4,2024-09-16,195,50,20,0,0
3557,4,2024-09-16,124,50,20,5,0
2094,4,2024-09-16,152,30,12,19,0
2903,4,2024-09-16,458,100,40,28,0
3270,4,2024-09-16,152,50,20,56,0
3632,4,2024-09-16,244,50,20,2,0
3019,4,2024-09-16,128,50,20,1,0
3225,4,2024-09-16,72,20,8,8,300
3279,4,2024-09-16,298,75,30,50,0
3816,4,2024-09-16,79,20,8,0,0
3284,4,2024-09-16,200,50,20,20,0
3386,4,2024-09-16,134,40,16,9,0
3409,4,2024-09-16,101,30,12,14,0
2825,4,2024-09-16,48,30,12,4,0
2606,4,2024-09-16,284,100,40,1,150
2874,4,2024-09-16,285,100,40,22,0
3655,4,2024-09-16,155,100,40,12,0
2990,4,2024-09-16,446,75,30,14,0
3544,4,2024-09-16,85,20,8,3,300
3738,4,2024-09-16,0,20,8,0,0
2200,4,2024-09-16,19,20,8,19,0
2661,4,2024-09-16,362,100,40,25,0
2236,4,2024-09-16,59,30,12,24,0
2298,4,2024-09-16,37,20,8,16,0
2931,4,2024-09-16,174,40,16,10,0
2016,4,2024-09-16,13,40,16,2,200
2855,4,2024-09-16,169,30,12,1,0
2384,4,2024-09-16,76,20,8,7,0
3610,4,2024-09-16,106,30,12,57,0
2240,4,2024-09-16,242,75,30,25,300
2209,4,2024-09-16,317,100,40,1,0
3744,4,2024-09-16,232,75,30,3,0
2460,4,2024-09-16,135,30,12,2,0
3268,4,2024-09-16,40,20,8,7,100
3341,4,2024-09-16,163,75,30,0,300
3707,4,2024-09-16,107,50,20,1,0
3362,4,2024-09-16,96,30,12,1,0
3625,4,2024-09-16,57,20,8,4,0
3706,4,2024-09-16,69,20,8,37,0
3608,4,2024-09-16,105,30,12,8,0
2753,4,2024-09-16,142,40,16,33,0
3077,4,2024-09-16,82,30,12,3,0
3096,4,2024-09-16,50,30,12,1,0
3304,4,2024-09-16,138,40,16,16,0
2475,4,2024-09-16,97,20,8,9,150
3134,4,2024-09-16,0,40,16,9,50
3281,4,2024-09-16,68,20,8,3,0
3370,4,2024-09-16,0,30,12,30,0
2454,4,2024-09-16,44,40,16,15,100
2586,4,2024-09-16,391,50,20,24,0
3598,4,2024-09-16,43,40,16,16,0
3258,4,2024-09-16,136,40,16,3,0
3404,4,2024-09-16,95,75,30,5,0
3150,4,2024-09-16,274,50,20,21,200
2796,4,2024-09-16,234,50,20,27,0
3144,4,2024-09-16,114,20,8,2,0
2033,4,2024-09-16,61,30,12,23,0
2462,4,2024-09-16,40,20,8,56,0
3812,4,2024-09-16,14,40,16,17,0
3554,4,2024-09-16,46,20,8,14,0
3479,4,2024-09-16,184,40,16,0,0
2526,4,2024-09-16,343,75,30,16,0
2843,4,2024-09-16,308,100,40,4,0
2494,4,2024-09-16,421,75,30,18,0
3038,4,2024-09-16,70,30,12,33,200
2523,4,2024-09-16,132,40,16,7,50
3504,4,2024-09-16,91,20,8,27,0
3250,4,2024-09-16,176,20,8,26,200
2305,4,2024-09-16,175,40,16,1,0
3102,4,2024-09-16,249,75,30,4,0
3242,4,2024-09-16,126,30,12,12,0
2078,4,2024-09-16,18,40,16,6,0
3802,4,2024-09-16,54,40,16,17,0
2273,4,2024-09-16,103,30,12,34,0
2070,4,2024-09-16,119,40,16,26,0
3631,4,2024-09-16,165,50,20,21,0
3573,4,2024-09-16,153,30,12,2,0
2588,4,2024-09-16,280,50,20,26,0
3773,4,2024-09-16,177,50,20,2,0
2403,4,2024-09-16,207,50,20,0,50
2840,4,2024-09-16,74,50,20,20,0
3747,4,2024-09-16,86,20,8,4,0
2376,4,2024-09-16,155,40,16,1,100
2652,4,2024-09-16,97,50,20,17,0
2275,4,2024-09-16,218,40,16,3,0
2847,4,2024-09-16,79,50,20,2,0
3233,4,2024-09-16,229,75,30,24,0
2627,4,2024-09-16,29,40,16,10,200
2037,4,2024-09-16,163,50,20,33,0
3006,4,2024-09-16,113,30,12,5,0
2252,4,2024-09-16,91,30,12,24,0
3221,4,2024-09-16,89,30,12,20,0
3165,4,2024-09-16,149,50,20,2,0
3161,4,2024-09-16,109,40,16,1,0
2986,4,2024-09-16,130,40,16,10,50
2358,4,2024-09-16,36,20,8,17,50
3078,4,2024-09-16,212,50,20,14,0
3081,4,2024-09-16,104,30,12,12,0
2385,4,2024-09-16,201,50,20,52,0
2598,4,2024-09-16,70,30,12,44,0
3004,4,2024-09-16,76,30,12,2,0
3385,4,2024-09-16,149,40,16,2,0
3809,4,2024-09-16,112,50,20,10,0
2964,4,2024-09-16,194,40,16,0,0
3212,4,2024-09-16,132,30,12,11,0
2813,4,2024-09-16,132,50,20,5,0
2693,4,2024-09-16,268,75,30,20,0
2830,4,2024-09-16,55,50,20,14,0
3750,4,2024-09-16,44,40,16,4,0
2138,4,2024-09-16,303,50,20,4,0
3248,4,2024-09-16,157,50,20,11,0
2582,4,2024-09-16,64,50,20,0,0
3365,4,2024-09-16,62,30,12,0,300
3176,4,2024-09-16,79,50,20,2,0
3780,4,2024-09-16,132,50,20,10,0
3300,4,2024-09-16,149,30,12,7,0
3021,4,2024-09-16,232,50,20,12,300
3456,4,2024-09-16,0,30,12,10,0
2792,4,2024-09-16,142,30,12,5,0
2625,4,2024-09-16,185,50,20,19,0
2560,4,2024-09-16,267,40,16,3,0
3461,4,2024-09-16,74,20,8,7,0
3135,4,2024-09-16,0,40,16,19,150
3538,4,2024-09-16,69,50,20,18,0
2296,4,2024-09-16,168,50,20,5,0
3315,4,2024-09-16,227,50,20,34,0
2330,4,2024-09-16,230,50,20,2,0
2534,4,2024-09-16,56,40,16,21,50
3635,4,2024-09-16,94,30,12,4,0
2206,4,2024-09-16,214,40,16,26,0
2809,4,2024-09-16,0,40,16,8,0
2090,4,2024-09-16,104,40,16,1,0
2829,4,2024-09-16,135,75,30,0,0
3105,4,2024-09-16,70,20,8,23,0
3357,4,2024-09-16,44,20,8,10,0
3751,4,2024-09-16,68,30,12,7,0
2317,4,2024-09-16,102,30,12,1,0
3388,4,2024-09-16,247,40,16,2,200
2658,4,2024-09-16,326,75,30,9,0
2663,4,2024-09-16,67,40,16,31,0
3251,4,2024-09-16,61,40,16,10,0
2396,4,2024-09-16,256,50,20,35,0
3414,4,2024-09-16,116,30,12,17,0
2641,4,2024-09-16,61,40,16,19,300
2026,4,2024-09-16,164,40,16,11,0
3732,4,2024-09-16,254,75,30,9,50
2774,4,2024-09-16,90,30,12,18,100
2372,4,2024-09-16,16,75,30,22,50
2349,4,2024-09-16,100,75,30,9,0
2968,4,2024-09-16,250,50,20,0,0
2845,4,2024-09-16,23,20,8,14,0
2351,4,2024-09-16,337,100,40,2,0
3097,4,2024-09-16,111,40,16,1,0
3579,4,2024-09-16,38,20,8,6,0
3107,4,2024-09-16,140,50,20,9,150
3369,4,2024-09-16,75,50,20,16,0
2996,4,2024-09-16,47,20,8,6,0
2436,4,2024-09-16,286,75,30,6,0
3376,4,2024-09-16,86,30,12,5,0
2998,4,2024-09-16,150,50,20,18,0
3607,4,2024-09-16,603,100,40,0,0
3833,4,2024-09-16,59,40,16,1,0
2744,4,2024-09-16,276,75,30,18,0
3749,4,2024-09-16,172,50,20,10,0
2211,4,2024-09-16,119,40,16,20,50
2056,4,2024-09-16,148,50,20,4,0
3762,4,2024-09-16,246,50,20,18,0
2833,4,2024-09-16,131,20,8,15,0
2007,4,2024-09-16,91,30,12,0,0
2533,4,2024-09-16,55,20,8,17,50
3469,4,2024-09-16,108,40,16,7,0
3500,4,2024-09-16,112,40,16,1,0
3824,4,2024-09-16,102,40,16,16,0
3769,4,2024-09-16,178,40,16,2,0
2042,4,2024-09-16,60,30,12,14,0
2908,4,2024-09-16,48,30,12,3,0
3460,4,2024-09-16,124,40,16,24,300
2981,4,2024-09-16,137,30,12,23,0
3826,4,2024-09-16,223,75,30,28,0
3527,4,2024-09-16,47,40,16,12,0
3277,4,2024-09-16,159,30,12,27,0
2453,4,2024-09-16,428,75,30,2,0
2680,4,2024-09-16,67,30,12,1,0
2445,4,2024-09-16,10,30,12,17,0
2672,4,2024-09-16,98,30,12,8,0
2963,4,2024-09-16,225,50,20,12,50
3353,4,2024-09-16,313,100,40,17,0
2062,4,2024-09-16,141,30,12,9,0
3398,4,2024-09-16,117,50,20,2,150
3790,4,2024-09-16,154,30,12,0,0
2895,4,2024-09-16,120,30,12,36,0
3003,4,2024-09-16,161,40,16,7,0
2321,4,2024-09-16,77,20,8,29,0
3147,4,2024-09-16,41,20,8,5,0
2223,4,2024-09-16,114,40,16,29,0
2314,4,2024-09-16,107,40,16,12,0
2535,4,2024-09-16,89,40,16,7,0
3450,4,2024-09-16,178,75,30,2,0
2041,4,2024-09-16,12,40,16,8,0
2427,4,2024-09-16,46,40,16,13,200
3825,4,2024-09-16,110,30,12,16,150
3522,4,2024-09-16,9,30,12,128,0
3273,4,2024-09-16,96,20,8,12,0
3471,4,2024-09-16,124,30,12,15,0
2547,4,2024-09-16,31,40,16,57,200
3761,4,2024-09-16,39,30,12,0,0
2172,4,2024-09-16,42,75,30,1,0
2973,4,2024-09-16,88,30,12,23,50
2160,4,2024-09-16,135,20,8,38,300
2664,4,2024-09-16,63,40,16,5,0
3623,4,2024-09-16,221,50,20,7,0
2170,4,2024-09-16,117,20,8,4,0
3836,4,2024-09-16,165,50,20,9,0
3154,4,2024-09-16,59,30,12,8,0
3755,4,2024-09-16,251,50,20,4,0
2316,4,2024-09-16,121,50,20,0,0
2264,4,2024-09-16,196,50,20,3,0
2608,4,2024-09-16,138,40,16,2,0
2778,4,2024-09-16,87,20,8,16,0
3429,4,2024-09-16,109,50,20,4,0
3061,4,2024-09-16,45,30,12,33,0
3792,4,2024-09-16,83,30,12,23,100
2754,4,2024-09-16,26,30,12,4,0
2123,4,2024-09-16,13,30,12,0,150
2538,4,2024-09-16,40,40,16,84,100
2600,4,2024-09-16,341,75,30,44,0
2224,4,2024-09-16,191,30,12,36,0
3368,4,2024-09-16,126,30,12,0,0
2569,4,2024-09-16,220,50,20,44,0
3008,4,2024-09-16,94,30,12,0,50
2096,4,2024-09-16,89,30,12,32,0
3271,4,2024-09-16,186,40,16,51,0
3374,4,2024-09-16,116,40,16,2,0
2989,4,2024-09-16,202,40,16,4,0
2875,4,2024-09-16,280,75,30,16,0
3552,4,2024-09-16,25,20,8,4,0
2723,4,2024-09-16,238,50,20,2,150
2397,4,2024-09-16,51,30,12,30,0
3725,4,2024-09-16,458,100,40,21,0
2034,4,2024-09-16,57,30,12,24,0
3312,4,2024-09-16,200,50,20,9,0
2136,4,2024-09-16,54,20,8,10,0
3684,4,2024-09-16,26,30,12,20,50
2327,4,2024-09-16,173,40,16,10,0
3834,4,2024-09-16,31,20,8,21,0
3577,4,2024-09-16,141,50,20,14,0
2474,4,2024-09-16,246,50,20,18,0
2025,4,2024-09-16,156,50,20,21,0
3112,4,2024-09-16,100,75,30,7,0
3800,4,2024-09-16,89,30,12,3,0
3032,4,2024-09-16,162,30,12,14,50
3410,4,2024-09-16,93,20,8,89,0
2841,4,2024-09-16,112,40,16,25,0
2438,4,2024-09-16,151,30,12,7,0
2143,4,2024-09-16,21,30,12,4,300
2797,4,2024-09-16,123,30,12,38,0
2546,4,2024-09-16,73,30,12,30,0
2184,4,2024-09-16,17,20,8,5,0
3846,4,2024-09-16,169,40,16,26,0
2244,4,2024-09-16,182,50,20,19,0
2501,4,2024-09-16,293,50,20,33,300
3325,4,2024-09-16,96,40,16,30,0
3517,4,2024-09-16,0,20,8,18,0
2177,4,2024-09-16,21,50,20,0,200
2257,4,2024-09-16,136,30,12,21,0
3366,4,2024-09-16,182,100,40,3,0
2059,4,2024-09-16,148,30,12,11,0
2846,4,2024-09-16,140,40,16,2,0
2901,4,2024-09-16,47,20,8,0,0
3319,4,2024-09-16,342,100,40,2,0
2822,4,2024-09-16,-15,40,16,0,0
3155,4,2024-09-16,148,30,12,3,0
3297,4,2024-09-16,53,20,8,13,0
3289,4,2024-09-16,458,75,30,44,0
2020,4,2024-09-16,133,30,12,7,300
3542,4,2024-09-16,111,40,16,0,0
2112,4,2024-09-16,155,50,20,29,50
2100,4,2024-09-16,145,75,30,24,0
3314,4,2024-09-16,118,100,40,33,150
2515,4,2024-09-16,164,50,20,1,0
3345,4,2024-09-16,22,20,8,13,0
2862,4,2024-09-16,97,40,16,1,0
3267,4,2024-09-16,369,100,40,9,0
2115,4,2024-09-16,111,40,16,58,0
2340,4,2024-09-16,177,50,20,0,0
2144,4,2024-09-16,70,30,12,24,0
2876,4,2024-09-16,141,40,16,9,300
2491,4,2024-09-16,129,40,16,2,0
2785,4,2024-09-16,109,20,8,5,0
3536,4,2024-09-16,140,50,20,2,0
3702,4,2024-09-16,63,30,12,2,0
3138,4,2024-09-16,54,20,8,3,0
3000,4,2024-09-16,292,75,30,12,0
3111,4,2024-09-16,108,30,12,27,0
3662,4,2024-09-16,187,75,30,2,0
3546,4,2024-09-16,173,40,16,10,0
3167,4,2024-09-16,478,75,30,13,0
2255,4,2024-09-16,11,40,16,31,0
3808,4,2024-09-16,48,30,12,1,0
3600,4,2024-09-16,161,40,16,8,300
3477,4,2024-09-16,136,30,12,10,0
2958,4,2024-09-16,176,40,16,2,0
2010,4,2024-09-16,73,50,20,25,0
2576,4,2024-09-16,155,50,20,7,0
2169,4,2024-09-16,199,30,12,25,0
2599,4,2024-09-16,82,40,16,28,0
3540,4,2024-09-16,150,50,20,0,0
2827,4,2024-09-16,241,40,16,21,0
3497,4,2024-09-16,117,50,20,14,0
3127,4,2024-09-16,92,40,16,23,150
2043,4,2024-09-16,131,40,16,26,0
3330,4,2024-09-16,183,40,16,2,0
2408,4,2024-09-16,35,50,20,20,0
2765,4,2024-09-16,0,50,20,29,200
2113,4,2024-09-16,124,30,12,4,0
2029,4,2024-09-16,178,50,20,37,0
3704,4,2024-09-16,114,40,16,8,0
3649,4,2024-09-16,362,75,30,21,0
2045,4,2024-09-16,178,40,16,25,150
2087,4,2024-09-16,78,40,16,51,0
2433,4,2024-09-16,99,40,16,10,0
2434,4,2024-09-16,130,40,16,10,0
2346,4,2024-09-16,165,75,30,7,0
2215,4,2024-09-16,72,40,16,43,0
3172,4,2024-09-16,117,30,12,0,0
3713,4,2024-09-16,155,50,20,9,0
2921,4,2024-09-16,80,20,8,9,0
2108,4,2024-09-16,308,75,30,10,0
3200,4,2024-09-16,52,30,12,3,100
2568,4,2024-09-16,156,50,20,24,0
2967,4,2024-09-16,124,30,12,35,0
3255,4,2024-09-16,60,30,12,17,100
2050,4,2024-09-16,93,30,12,16,0
2418,4,2024-09-16,73,40,16,2,0
2083,4,2024-09-16,131,50,20,35,300
2818,4,2024-09-16,48,50,20,31,0
3627,4,2024-09-16,358,100,40,15,0
2022,4,2024-09-16,113,30,12,18,0
3378,4,2024-09-16,360,100,40,0,0
3672,4,2024-09-16,153,50,20,6,0
3249,4,2024-09-16,159,75,30,13,50
2988,4,2024-09-16,43,30,12,3,50
3393,4,2024-09-16,176,40,16,14,0
3491,4,2024-09-16,0,20,8,75,0
2266,4,2024-09-16,162,50,20,12,0
3779,4,2024-09-16,3,20,8,10,0
2167,4,2024-09-16,144,50,20,0,0
3660,4,2024-09-16,76,30,12,26,0
2484,4,2024-09-16,215,40,16,84,300
2243,4,2024-09-16,294,50,20,4,0
3113,4,2024-09-16,63,30,12,32,0
3269,4,2024-09-16,94,40,16,4,0
2343,4,2024-09-16,54,20,8,17,0
3266,4,2024-09-16,126,40,16,0,0
3372,4,2024-09-16,27,40,16,11,0
2671,4,2024-09-16,219,50,20,2,0
2932,4,2024-09-16,12,40,16,23,0
3119,4,2024-09-16,102,30,12,44,0
2082,4,2024-09-16,91,30,12,0,0
2040,4,2024-09-16,94,30,12,8,0
3214,4,2024-09-16,164,40,16,10,0
2245,4,2024-09-16,93,20,8,32,0
2443,4,2024-09-16,196,50,20,50,100
3149,4,2024-09-16,90,75,30,10,0
2626,4,2024-09-16,140,40,16,18,100
3062,4,2024-09-16,70,30,12,21,0
2629,4,2024-09-16,183,50,20,7,0
2525,4,2024-09-16,41,50,20,8,0
2711,4,2024-09-16,188,40,16,21,0
2665,4,2024-09-16,39,20,8,0,0
2567,4,2024-09-16,70,30,12,43,0
3187,4,2024-09-16,339,100,40,2,0
3777,4,2024-09-16,82,20,8,12,0
2691,4,2024-09-16,126,50,20,12,0
2277,4,2024-09-16,35,20,8,25,150
2621,4,2024-09-16,207,50,20,16,0
2751,4,2024-09-16,98,30,12,3,0
2293,4,2024-09-16,76,40,16,5,0
2961,4,2024-09-16,103,30,12,8,0
2114,4,2024-09-16,215,40,16,4,0
3797,4,2024-09-16,73,40,16,6,0
2522,4,2024-09-16,0,20,8,35,0
2850,4,2024-09-16,127,75,30,5,0
2308,4,2024-09-16,145,30,12,11,0
3367,4,2024-09-16,98,40,16,3,100
2432,4,2024-09-16,124,50,20,1,0
2947,4,2024-09-16,119,30,12,8,300
3211,4,2024-09-16,105,50,20,1,0
3698,4,2024-09-16,294,100,40,4,50
2093,4,2024-09-16,136,40,16,4,100
3413,4,2024-09-16,39,40,16,9,0
2832,4,2024-09-16,165,40,16,19,0
2668,4,2024-09-16,113,30,12,19,0
3122,4,2024-09-16,153,30,12,6,0
3831,4,2024-09-16,167,50,20,7,150
3734,4,2024-09-16,357,100,40,4,50
2865,4,2024-09-16,65,20,8,9,0
2003,4,2024-09-16,459,100,40,6,0
3708,4,2024-09-16,26,30,12,10,0
2952,4,2024-09-16,121,40,16,10,0
2107,4,2024-09-16,35,20,8,2,0
3842,4,2024-09-16,99,30,12,3,0
2553,4,2024-09-16,0,75,30,1,0
2929,4,2024-09-16,301,40,16,8,0
3494,4,2024-09-16,117,30,12,37,0
2278,4,2024-09-16,293,100,40,5,0
2268,4,2024-09-16,125,40,16,0,0
2248,4,2024-09-16,82,20,8,10,0
3726,4,2024-09-16,108,50,20,3,0
2274,4,2024-09-16,68,30,12,16,0
3421,4,2024-09-16,143,50,20,23,0
3585,4,2024-09-16,60,30,12,12,0
3020,4,2024-09-16,48,30,12,7,100
2079,4,2024-09-16,206,40,16,21,0
3291,4,2024-09-16,84,40,16,2,200
2735,4,2024-09-16,90,30,12,23,0
2794,4,2024-09-16,118,30,12,21,0
3132,4,2024-09-16,128,75,30,12,0
2848,4,2024-09-16,29,20,8,8,0
2350,4,2024-09-16,140,30,12,17,0
2032,4,2024-09-16,202,30,12,19,0
3730,4,2024-09-16,85,30,12,5,200
3317,4,2024-09-16,82,20,8,21,0
3175,4,2024-09-16,293,75,30,37,0
3092,4,2024-09-16,80,40,16,36,0
2269,4,2024-09-16,148,40,16,7,0
2470,4,2024-09-16,325,75,30,2,0
2210,4,2024-09-16,342,75,30,2,0
2649,4,2024-09-16,113,50,20,0,200
2763,4,2024-09-16,156,40,16,16,0
2956,4,2024-09-16,102,50,20,1,0
3722,4,2024-09-16,55,20,8,21,0
3482,4,2024-09-16,78,20,8,12,0
2942,4,2024-09-16,195,50,20,19,0
3703,4,2024-09-16,122,40,16,9,0
2614,4,2024-09-16,422,100,40,3,0
3076,4,2024-09-16,116,40,16,12,0
2241,4,2024-09-16,111,30,12,37,0
3843,4,2024-09-16,47,30,12,38,0
3496,4,2024-09-16,282,75,30,21,0
2820,4,2024-09-16,53,20,8,33,200
2767,4,2024-09-16,116,50,20,26,0
3332,4,2024-09-16,62,30,12,16,0
3228,4,2024-09-16,94,20,8,7,0
2502,4,2024-09-16,94,50,20,3,0
3025,4,2024-09-16,52,30,12,26,0
2186,4,2024-09-16,221,50,20,13,0
3695,4,2024-09-16,0,50,20,11,0
2592,4,2024-09-16,110,40,16,24,150
2018,4,2024-09-16,91,30,12,33,0
3495,4,2024-09-16,15,50,20,28,0
2486,4,2024-09-16,97,30,12,13,0
3419,4,2024-09-16,285,75,30,1,0
3748,4,2024-09-16,139,50,20,3,0
3651,4,2024-09-16,153,30,12,4,100
2950,4,2024-09-16,192,75,30,11,0
2318,4,2024-09-16,111,40,16,2,0
3334,4,2024-09-16,145,75,30,3,200
3036,4,2024-09-16,104,30,12,27,0
3395,4,2024-09-16,121,40,16,12,0
2084,4,2024-09-16,152,30,12,2,200
2320,4,2024-09-16,109,30,12,6,200
2725,4,2024-09-16,57,20,8,8,0
3448,4,2024-09-16,161,40,16,17,0
3455,4,2024-09-16,94,30,12,14,0
2587,4,2024-09-16,164,40,16,0,0
3158,4,2024-09-16,0,20,8,2,0
3763,4,2024-09-16,0,40,16,12,0
2449,4,2024-09-16,14,30,12,21,0
2151,4,2024-09-16,166,30,12,7,0
3299,4,2024-09-16,77,40,16,10,200
2645,4,2024-09-16,107,40,16,5,0
3437,4,2024-09-16,39,40,16,0,300
2933,4,2024-09-16,36,30,12,11,0
2159,4,2024-09-16,67,30,12,19,200
3054,4,2024-09-16,100,30,12,27,0
2514,4,2024-09-16,351,75,30,3,0
3264,4,2024-09-16,208,50,20,14,300
3700,4,2024-09-16,427,100,40,10,0
3070,4,2024-09-16,230,100,40,15,0
2416,4,2024-09-16,101,20,8,10,150
2366,4,2024-09-16,67,50,20,11,0
3375,4,2024-09-16,73,20,8,20,0
3736,4,2024-09-16,78,30,12,35,0
2736,4,2024-09-16,79,20,8,6,0
3087,4,2024-09-16,140,50,20,7,0
2311,4,2024-09-16,102,30,12,34,0
3222,4,2024-09-16,31,20,8,0,0
2338,4,2024-09-16,122,75,30,37,0
2918,4,2024-09-16,39,40,16,13,0
3835,4,2024-09-16,66,30,12,37,0
3475,4,2024-09-16,0,100,40,13,150
3098,4,2024-09-16,186,30,12,81,0
2795,4,2024-09-16,149,50,20,6,0
2423,4,2024-09-16,65,30,12,3,0
3185,4,2024-09-16,70,20,8,3,0
2272,4,2024-09-16,103,40,16,19,200
2285,4,2024-09-16,85,50,20,31,0
2618,4,2024-09-16,92,40,16,8,0
2607,4,2024-09-16,340,75,30,0,0
3431,4,2024-09-16,332,75,30,11,0
3447,4,2024-09-16,70,30,12,6,100
3141,4,2024-09-16,171,100,40,72,0
2354,4,2024-09-16,133,75,30,6,0
3396,4,2024-09-16,264,100,40,18,100
3786,4,2024-09-16,408,75,30,18,0
2441,4,2024-09-16,145,40,16,24,300
2860,4,2024-09-16,144,40,16,7,0
3243,4,2024-09-16,86,20,8,28,0
2737,4,2024-09-16,81,30,12,2,0
3052,4,2024-09-16,117,50,20,1,0
2539,4,2024-09-16,153,50,20,0,0
3210,4,2024-09-16,197,75,30,8,300
3040,4,2024-09-16,175,40,16,9,0
3841,4,2024-09-16,16,30,12,9,0
2370,4,2024-09-16,311,50,20,0,0
2943,4,2024-09-16,140,40,16,8,50
2446,4,2024-09-16,141,50,20,14,0
2363,4,2024-09-16,52,30,12,32,0
3280,4,2024-09-16,33,40,16,18,0
3392,4,2024-09-16,49,30,12,6,0
2444,4,2024-09-16,111,75,30,12,0
3756,4,2024-09-16,97,50,20,13,0
2507,4,2024-09-16,35,30,12,2,0
3042,4,2024-09-16,56,40,16,31,0
2334,4,2024-09-16,5,30,12,6,0
2179,4,2024-09-16,33,30,12,0,0
3805,4,2024-09-16,50,20,8,4,150
3399,4,2024-09-16,44,30,12,1,50
3217,4,2024-09-16,85,40,16,0,150
2719,4,2024-09-16,240,40,16,3,0
2706,4,2024-09-16,108,30,12,5,0
2140,4,2024-09-16,40,20,8,3,0
2212,4,2024-09-16,52,40,16,10,0
2203,4,2024-09-16,121,40,16,4,0
3218,4,2024-09-16,122,30,12,15,100
3518,4,2024-09-16,47,40,16,1,0
2713,4,2024-09-16,92,30,12,3,0
2520,4,2024-09-16,137,30,12,2,0
2732,4,2024-09-16,176,30,12,0,0
3189,4,2024-09-16,101,30,12,13,0
3224,4,2024-09-16,31,40,16,2,0
3683,4,2024-09-16,197,40,16,32,0
2916,4,2024-09-16,138,40,16,21,0
3426,4,2024-09-16,47,20,8,61,0
3775,4,2024-09-16,252,50,20,4,0
2180,4,2024-09-16,241,75,30,26,0
2232,4,2024-09-16,74,30,12,0,0
3558,4,2024-09-16,109,50,20,0,0
2302,4,2024-09-16,59,30,12,40,0
2052,4,2024-09-16,256,50,20,2,0
3715,4,2024-09-16,158,30,12,33,0
2893,4,2024-09-16,423,100,40,35,0
3789,4,2024-09-16,190,100,40,5,0
3717,4,2024-09-16,105,40,16,12,0
3644,4,2024-09-16,140,30,12,32,0
3830,4,2024-09-16,169,75,30,4,0
3729,4,2024-09-16,80,30,12,11,0
3771,4,2024-09-16,81,30,12,0,0
2175,4,2024-09-16,85,30,12,8,0
3011,4,2024-09-16,135,50,20,6,0
3661,4,2024-09-16,164,40,16,8,0
2057,4,2024-09-16,347,100,40,14,0
2222,4,2024-09-16,137,30,12,6,0
2923,4,2024-09-16,0,75,30,17,0
3467,4,2024-09-16,162,40,16,21,300
3244,4,2024-09-16,241,50,20,33,0
3318,4,2024-09-16,213,50,20,34,0
3157,4,2024-09-16,77,50,20,1,0
3208,4,2024-09-16,78,50,20,38,0
2596,4,2024-09-16,153,40,16,34,0
2928,4,2024-09-16,148,40,16,8,0
2207,4,2024-09-16,29,40,16,25,0
3589,4,2024-09-16,531,100,40,2,0
2853,4,2024-09-16,46,20,8,5,0
3550,4,2024-09-16,124,30,12,15,0
2202,4,2024-09-16,111,20,8,12,300
3059,4,2024-09-16,131,75,30,0,0
3510,4,2024-09-16,66,30,12,31,0
2542,4,2024-09-16,177,50,20,16,0
2993,4,2024-09-16,0,20,8,31,200
2743,4,2024-09-16,84,30,12,15,0
2550,4,2024-09-16,47,20,8,36,0
2591,4,2024-09-16,118,30,12,19,100
2571,4,2024-09-16,226,50,20,0,150
3126,4,2024-09-16,462,100,40,10,0
2499,4,2024-09-16,68,50,20,23,0
3082,4,2024-09-16,108,30,12,3,300
3621,4,2024-09-16,71,20,8,16,0
2189,4,2024-09-16,61,20,8,27,100
2791,4,2024-09-16,130,50,20,14,0
3168,4,2024-09-16,207,40,16,40,0
3067,4,2024-09-16,0,40,16,38,300
3530,4,2024-09-16,212,100,40,15,150
3814,4,2024-09-16,36,20,8,10,0
3438,4,2024-09-16,496,100,40,15,0
2402,4,2024-09-16,131,30,12,7,0
2148,4,2024-09-16,97,20,8,1,0
2643,4,2024-09-16,190,40,16,10,100
2849,4,2024-09-16,120,30,12,8,100
3037,4,2024-09-16,116,40,16,20,0
2867,4,2024-09-16,52,30,12,31,100
2075,4,2024-09-16,249,50,20,0,0
2911,4,2024-09-16,66,20,8,8,0
2258,4,2024-09-16,77,30,12,24,0
2276,4,2024-09-16,51,20,8,19,0
2640,4,2024-09-16,109,30,12,6,0
3582,4,2024-09-16,71,50,20,2,0
2772,4,2024-09-16,53,20,8,11,0
3465,4,2024-09-16,220,75,30,2,0
3664,4,2024-09-16,48,20,8,6,0
2552,4,2024-09-16,171,50,20,9,0
2465,4,2024-09-16,76,50,20,12,0
2324,4,2024-09-16,133,100,40,4,0
2193,4,2024-09-16,93,30,12,9,0
2077,4,2024-09-16,67,30,12,0,0
3563,4,2024-09-16,142,40,16,18,0
2927,4,2024-09-16,168,75,30,2,0
3701,4,2024-09-16,163,75,30,3,300
3513,4,2024-09-16,260,50,20,3,0
2724,4,2024-09-16,503,75,30,17,0
2866,4,2024-09-16,141,50,20,8,0
2459,4,2024-09-16,44,20,8,16,0
3575,4,2024-09-16,21,50,20,18,0
2577,4,2024-09-16,64,30,12,44,50
3449,4,2024-09-16,77,30,12,0,0
3566,4,2024-09-16,64,50,20,3,0
3656,4,2024-09-16,15,20,8,0,0
2500,4,2024-09-16,294,50,20,2,0
2288,4,2024-09-16,140,50,20,2,0
3601,4,2024-09-16,71,30,12,28,300
3047,4,2024-09-16,118,50,20,12,0
3256,4,2024-09-16,64,20,8,18,0
3101,4,2024-09-16,111,75,30,20,0
2597,4,2024-09-16,93,20,8,9,0
2008,4,2024-09-16,157,50,20,0,0
3355,4,2024-09-16,130,30,12,47,0
3829,4,2024-09-16,109,30,12,0,0
2654,4,2024-09-16,57,20,8,7,0
2235,4,2024-09-16,249,100,40,3,0
2612,4,2024-09-16,99,30,12,4,0
3516,4,2024-09-16,28,40,16,14,200
3146,4,2024-09-16,49,40,16,8,0
2505,4,2024-09-16,1,30,12,11,0
2176,4,2024-09-16,141,40,16,6,0
3721,4,2024-09-16,55,20,8,19,0
3340,4,2024-09-16,21,40,16,4,0
2496,4,2024-09-16,184,50,20,11,0
3506,4,2024-09-16,427,100,40,5,0
2837,4,2024-09-16,278,100,40,5,0
3511,4,2024-09-16,145,50,20,7,0
3377,4,2024-09-16,152,50,20,19,0
2673,4,2024-09-16,65,30,12,30,0
3257,4,2024-09-16,104,30,12,15,0
3821,4,2024-09-16,61,30,12,31,0
2362,4,2024-09-16,49,20,8,40,0
2400,4,2024-09-16,164,75,30,25,0
3776,4,2024-09-16,30,30,12,11,0
2503,4,2024-09-16,54,100,40,5,0
2468,4,2024-09-16,221,75,30,7,150
2881,4,2024-09-16,62,40,16,4,0
3383,4,2024-09-16,76,20,8,3,0
2759,4,2024-09-16,96,100,40,0,150
2425,4,2024-09-16,24,50,20,10,0
3125,4,2024-09-16,150,30,12,3,0
3363,4,2024-09-16,163,40,16,27,100
2806,4,2024-09-16,51,50,20,19,0
2995,4,2024-09-16,149,40,16,47,100
2650,4,2024-09-16,187,75,30,6,0
3055,4,2024-09-16,72,20,8,5,300
3009,4,2024-09-16,127,50,20,2,200
3390,4,2024-09-16,83,50,20,3,0
2938,4,2024-09-16,91,40,16,3,0
2572,4,2024-09-16,152,30,12,44,0
3075,4,2024-09-16,90,30,12,14,0
2913,4,2024-09-16,117,40,16,9,0
3232,4,2024-09-16,114,40,16,1,0
3425,4,2024-09-16,233,50,20,20,150
2655,4,2024-09-16,13,20,8,15,0
2821,4,2024-09-16,108,75,30,1,0
3344,4,2024-09-16,141,75,30,51,0
3331,4,2024-09-16,75,50,20,16,100
2545,4,2024-09-16,106,30,12,29,0
2651,4,2024-09-16,262,50,20,85,0
2877,4,2024-09-16,165,30,12,6,0
3337,4,2024-09-16,89,30,12,0,0
3050,4,2024-09-16,156,30,12,2,0
3085,4,2024-09-16,108,30,12,10,0
3327,4,2024-09-16,144,40,16,3,0
2156,4,2024-09-16,125,30,12,35,0
3533,4,2024-09-16,59,20,8,13,0
3677,4,2024-09-16,175,40,16,15,0
3034,4,2024-09-16,132,30,12,2,0
2234,4,2024-09-16,99,40,16,36,0
3229,4,2024-09-16,0,40,16,0,0
2802,4,2024-09-16,36,20,8,0,0
3316,4,2024-09-16,0,30,12,29,0
2426,4,2024-09-16,231,75,30,4,0
3118,4,2024-09-16,136,30,12,0,0
2609,4,2024-09-16,209,50,20,9,0
2617,4,2024-09-16,54,20,8,15,100
2435,4,2024-09-16,52,30,12,16,0
3525,4,2024-09-16,18,30,12,21,100
2451,4,2024-09-16,121,40,16,0,0
2196,4,2024-09-16,114,50,20,6,0
3239,4,2024-09-16,149,50,20,0,100
3080,4,2024-09-16,211,75,30,1,0
2347,4,2024-09-16,37,20,8,15,0
2637,4,2024-09-16,173,50,20,11,50
3485,4,2024-09-16,241,75,30,10,0
2089,4,2024-09-16,350,100,40,7,0
2657,4,2024-09-16,93,30,12,4,100
3307,4,2024-09-16,153,40,16,7,0
3029,4,2024-09-16,34,30,12,4,150
2099,4,2024-09-16,58,20,8,4,0
2141,4,2024-09-16,30,20,8,20,0
3778,4,2024-09-16,87,50,20,42,0
2705,4,2024-09-16,327,75,30,3,0
3213,4,2024-09-16,132,50,20,39,0
2124,4,2024-09-16,112,30,12,37,0
3089,4,2024-09-16,55,20,8,19,0
3650,4,2024-09-16,125,30,12,13,300
3321,4,2024-09-16,32,20,8,12,0
2282,4,2024-09-16,143,40,16,5,0
3088,4,2024-09-16,31,30,12,11,0
2662,4,2024-09-16,110,30,12,36,300
2823,4,2024-09-16,80,75,30,36,0
2183,4,2024-09-16,202,100,40,1,0
3667,4,2024-09-16,156,40,16,4,0
2492,4,2024-09-16,98,30,12,1,0
3198,4,2024-09-16,54,20,8,12,0
2139,4,2024-09-16,126,30,12,0,0
2619,4,2024-09-16,55,30,12,8,0
2126,4,2024-09-16,13,40,16,27,0
3727,4,2024-09-16,112,40,16,43,100
2326,4,2024-09-16,374,75,30,15,0
2946,4,2024-09-16,183,40,16,24,0
3569,4,2024-09-16,96,30,12,29,0
2471,4,2024-09-16,145,50,20,1,0
2789,4,2024-09-16,138,40,16,12,0
2870,4,2024-09-16,67,20,8,4,0
2666,4,2024-09-16,61,20,8,19,0
3354,4,2024-09-16,77,20,8,15,0
3454,4,2024-09-16,97,40,16,29,0
3666,4,2024-09-16,21,30,12,7,0
2584,4,2024-09-16,132,30,12,41,0
3696,4,2024-09-16,253,75,30,22,0
3142,4,2024-09-16,42,20,8,12,0
2684,4,2024-09-16,126,30,12,5,0
3473,4,2024-09-16,8,20,8,22,0
2936,4,2024-09-16,154,40,16,0,0
2836,4,2024-09-16,0,40,16,29,0
2364,4,2024-09-16,99,30,12,20,0
2027,4,2024-09-16,42,20,8,31,100
3463,4,2024-09-16,120,30,12,40,0
3578,4,2024-09-16,74,40,16,0,0
3476,4,2024-09-16,90,50,20,4,0
2880,4,2024-09-16,138,40,16,9,200
3166,4,2024-09-16,120,40,16,0,0
3640,4,2024-09-16,105,30,12,0,0
2892,4,2024-09-16,63,20,8,8,0
3591,4,2024-09-16,349,75,30,6,0
3163,4,2024-09-16,34,20,8,4,150
3412,4,2024-09-16,396,75,30,70,0
2966,4,2024-09-16,48,50,20,0,0
3671,4,2024-09-16,126,50,20,19,0
3670,4,2024-09-16,141,40,16,1,0
2187,4,2024-09-16,12,30,12,25,0
3339,4,2024-09-16,38,30,12,3,0
3838,4,2024-09-16,88,30,12,17,200
2722,4,2024-09-16,249,50,20,3,0
2431,4,2024-09-16,78,50,20,33,0
2994,4,2024-09-16,45,20,8,0,0
3774,4,2024-09-16,155,40,16,29,0
3674,4,2024-09-16,85,20,8,35,0
3593,4,2024-09-16,315,75,30,56,300
2194,4,2024-09-16,224,75,30,6,0
2814,4,2024-09-16,74,20,8,0,0
3223,4,2024-09-16,100,50,20,19,200
2430,4,2024-09-16,181,75,30,9,50
2261,4,2024-09-16,142,50,20,7,0
3710,4,2024-09-16,111,30,12,4,0
2173,4,2024-09-16,39,40,16,30,0
3014,4,2024-09-16,90,40,16,57,0
2544,4,2024-09-16,80,20,8,14,0
3238,4,2024-09-16,207,50,20,1,150
3336,4,2024-09-16,77,40,16,6,0
2616,4,2024-09-16,136,40,16,12,0
2578,4,2024-09-16,83,20,8,8,50
3832,4,2024-09-16,243,100,40,7,0
2786,4,2024-09-16,151,50,20,8,0
3033,4,2024-09-16,222,75,30,14,0
2421,4,2024-09-16,231,50,20,2,0
3301,4,2024-09-16,70,50,20,36,0
3072,4,2024-09-16,105,30,12,7,0
2306,4,2024-09-16,132,40,16,27,0
3823,4,2024-09-16,71,20,8,11,200
2842,4,2024-09-16,102,30,12,0,50
2102,4,2024-09-16,22,50,20,54,0
2959,4,2024-09-16,99,30,12,8,0
2519,4,2024-09-16,98,50,20,16,0
2557,4,2024-09-16,60,20,8,2,0
2702,4,2024-09-16,283,100,40,11,0
3753,4,2024-09-16,184,40,16,17,0
2926,4,2024-09-16,119,30,12,31,0
2319,4,2024-09-16,0,40,16,1,0
3638,4,2024-09-16,99,30,12,33,300
2890,4,2024-09-16,112,40,16,5,0
3104,4,2024-09-16,89,30,12,0,0
3435,4,2024-09-16,64,20,8,24,100
2485,4,2024-09-16,118,30,12,13,0
3616,4,2024-09-16,371,75,30,3,0
3190,4,2024-09-16,89,30,12,6,0
3548,4,2024-09-16,130,30,12,38,0
2457,4,2024-09-16,352,50,20,8,0
2410,4,2024-09-16,55,40,16,0,150
3711,4,2024-09-16,71,30,12,0,0
2405,4,2024-09-16,131,40,16,2,0
2440,4,2024-09-16,51,20,8,39,50
2292,4,2024-09-16,55,40,16,11,0
3535,4,2024-09-16,154,75,30,19,0
3060,4,2024-09-16,106,30,12,4,0
2393,4,2024-09-16,189,30,12,34,0
2482,4,2024-09-16,74,75,30,8,0
2131,4,2024-09-16,16,20,8,59,0
3728,4,2024-09-16,231,40,16,4,50
2337,4,2024-09-16,175,50,20,3,300
3407,4,2024-09-16,76,40,16,37,0
3752,4,2024-09-16,61,40,16,21,0
3446,4,2024-09-16,203,50,20,5,0
2256,4,2024-09-16,75,30,12,0,0
3758,4,2024-09-16,69,30,12,2,0
2698,4,2024-09-16,166,30,12,18,0
2251,4,2024-09-16,186,50,20,14,0
3586,4,2024-09-16,42,50,20,0,0
2971,4,2024-09-16,158,30,12,5,0
3188,4,2024-09-16,187,40,16,14,0
2858,4,2024-09-16,88,50,20,1,0
2678,4,2024-09-16,66,50,20,0,0
3145,4,2024-09-16,175,40,16,9,0
3451,4,2024-09-16,54,30,12,1,0
2659,4,2024-09-16,167,40,16,5,0
3480,4,2024-09-16,15,30,12,0,0
3219,4,2024-09-16,88,100,40,6,0
3095,4,2024-09-16,28,20,8,25,0
3010,4,2024-09-16,221,50,20,4,0
3718,4,2024-09-16,129,30,12,0,0
2204,4,2024-09-16,109,40,16,0,200
3583,4,2024-09-16,392,75,30,7,0
2098,4,2024-09-16,110,20,8,1,0
2198,4,2024-09-16,167,50,20,2,0
3654,4,2024-09-16,30,50,20,1,0
2603,4,2024-09-16,177,40,16,0,100
2352,4,2024-09-16,30,30,12,25,0
3342,4,2024-09-16,86,40,16,29,0
2554,4,2024-09-16,417,100,40,18,0
3528,4,2024-09-16,134,50,20,4,0
2771,4,2024-09-16,86,20,8,8,0
3205,4,2024-09-16,152,50,20,6,0
2171,4,2024-09-16,25,30,12,10,0
3488,4,2024-09-16,46,50,20,49,100
2359,4,2024-09-16,64,30,12,7,0
2728,4,2024-09-16,122,50,20,9,200
2674,4,2024-09-16,79,30,12,1,0
2844,4,2024-09-16,323,75,30,12,0
2466,4,2024-09-16,91,40,16,36,300
3406,4,2024-09-16,142,30,12,1,0
2097,4,2024-09-16,141,30,12,30,0
2781,4,2024-09-16,101,40,16,3,0
2132,4,2024-09-16,209,75,30,32,50
3171,4,2024-09-16,65,20,8,24,0
2834,4,2024-09-16,46,30,12,10,100
2919,4,2024-09-16,103,30,12,1,0
2104,4,2024-09-16,156,50,20,4,0
2429,4,2024-09-16,89,20,8,115,0
3066,4,2024-09-16,310,100,40,17,100
2721,4,2024-09-16,209,40,16,1,0
3397,4,2024-09-16,333,75,30,7,0
2972,4,2024-09-16,95,20,8,43,0
2409,4,2024-09-16,171,40,16,0,0
3630,4,2024-09-16,32,30,12,6,0
3180,4,2024-09-16,90,30,12,10,0
2512,4,2024-09-16,187,75,30,1,0
3526,4,2024-09-16,83,30,12,3,0
3182,4,2024-09-16,124,40,16,0,0
2695,4,2024-09-16,157,50,20,2,0
3109,4,2024-09-16,64,30,12,21,0
2361,4,2024-09-16,143,40,16,42,0
2382,4,2024-09-16,54,50,20,3,0
3131,4,2024-09-16,104,30,12,18,150
2524,4,2024-09-16,148,40,16,5,0
3001,4,2024-09-16,188,75,30,0,0
2019,5,2024-09-15,256,50,20,13,0
3825,5,2024-09-15,31,30,12,2,0
3096,5,2024-09-15,46,50,20,5,0
3539,5,2024-09-15,266,75,30,2,0
3044,5,2024-09-15,184,40,16,25,0
2523,5,2024-09-15,35,20,8,36,100
2050,5,2024-09-15,73,40,16,20,0
2017,5,2024-09-15,246,75,30,23,0
3336,5,2024-09-15,78,40,16,5,0
2101,5,2024-09-15,371,75,30,19,0
3054,5,2024-09-15,86,30,12,6,0
2986,5,2024-09-15,138,40,16,14,0
2070,5,2024-09-15,152,50,20,51,0
2592,5,2024-09-15,64,20,8,1,0
2938,5,2024-09-15,86,40,16,7,0
2119,5,2024-09-15,63,20,8,2,50
2942,5,2024-09-15,97,40,16,9,0
2727,5,2024-09-15,66,20,8,51,300
2363,5,2024-09-15,62,30,12,5,150
2153,5,2024-09-15,187,40,16,23,0
3773,5,2024-09-15,235,75,30,30,0
3321,5,2024-09-15,66,20,8,0,0
3200,5,2024-09-15,133,50,20,18,0
2201,5,2024-09-15,105,20,8,32,0
3471,5,2024-09-15,238,50,20,64,0
3514,5,2024-09-15,69,20,8,22,0
2025,5,2024-09-15,117,30,12,33,0
3017,5,2024-09-15,101,30,12,0,0
3555,5,2024-09-15,62,40,16,7,0
3067,5,2024-09-15,492,75,30,5,0
2871,5,2024-09-15,40,40,16,10,0
3362,5,2024-09-15,43,40,16,8,0
2600,5,2024-09-15,94,20,8,9,0
3753,5,2024-09-15,0,30,12,48,0
2306,5,2024-09-15,202,40,16,1,0
2417,5,2024-09-15,563,100,40,29,0
2314,5,2024-09-15,40,20,8,7,0
2271,5,2024-09-15,154,30,12,35,150
3633,5,2024-09-15,151,40,16,7,0
2988,5,2024-09-15,299,75,30,22,0
3345,5,2024-09-15,271,100,40,6,0
2629,5,2024-09-15,15,20,8,0,0
3677,5,2024-09-15,240,40,16,15,0
2206,5,2024-09-15,64,20,8,12,0
3463,5,2024-09-15,49,20,8,63,0
2627,5,2024-09-15,197,50,20,14,0
3472,5,2024-09-15,150,30,12,8,0
2228,5,2024-09-15,331,100,40,2,0
2020,5,2024-09-15,131,30,12,14,0
3360,5,2024-09-15,235,50,20,6,0
3103,5,2024-09-15,90,20,8,5,0
2649,5,2024-09-15,78,20,8,22,0
2330,5,2024-09-15,188,50,20,20,0
2379,5,2024-09-15,147,20,8,4,0
3498,5,2024-09-15,128,50,20,5,0
2380,5,2024-09-15,35,30,12,24,0
3776,5,2024-09-15,244,50,20,14,0
3422,5,2024-09-15,77,40,16,20,0
2914,5,2024-09-15,97,40,16,1,0
3033,5,2024-09-15,125,40,16,25,0
2104,5,2024-09-15,499,75,30,5,0
3680,5,2024-09-15,202,50,20,2,0
3424,5,2024-09-15,80,30,12,10,0
2107,5,2024-09-15,139,40,16,10,150
2645,5,2024-09-15,78,20,8,26,0
3804,5,2024-09-15,88,30,12,4,0
3417,5,2024-09-15,8,20,8,26,0
2304,5,2024-09-15,91,50,20,62,0
2352,5,2024-09-15,98,30,12,23,0
2987,5,2024-09-15,81,50,20,21,0
2896,5,2024-09-15,24,20,8,13,300
2214,5,2024-09-15,59,30,12,1,0
2368,5,2024-09-15,132,50,20,22,0
3301,5,2024-09-15,172,40,16,16,0
2728,5,2024-09-15,341,50,20,3,0
2215,5,2024-09-15,50,20,8,2,50
3140,5,2024-09-15,122,30,12,1,0
3812,5,2024-09-15,71,40,16,15,0
2473,5,2024-09-15,57,50,20,5,0
3781,5,2024-09-15,194,30,12,6,50
2235,5,2024-09-15,130,40,16,38,0
2802,5,2024-09-15,363,100,40,3,0
3456,5,2024-09-15,61,20,8,5,0
2644,5,2024-09-15,93,30,12,7,0
2666,5,2024-09-15,237,50,20,33,0
3280,5,2024-09-15,0,50,20,8,0
3198,5,2024-09-15,190,40,16,10,0
3619,5,2024-09-15,145,40,16,31,0
3370,5,2024-09-15,125,40,16,36,0
2678,5,2024-09-15,265,100,40,22,0
2808,5,2024-09-15,60,20,8,13,0
3760,5,2024-09-15,-9,40,16,8,0
2321,5,2024-09-15,194,40,16,6,0
3469,5,2024-09-15,40,30,12,20,0
3796,5,2024-09-15,42,40,16,41,0
3174,5,2024-09-15,128,50,20,4,0
3624,5,2024-09-15,275,50,20,9,0
2902,5,2024-09-15,151,50,20,1,0
2855,5,2024-09-15,96,40,16,4,0
2211,5,2024-09-15,104,30,12,1,0
3068,5,2024-09-15,96,30,12,21,0
2683,5,2024-09-15,69,30,12,0,100
2244,5,2024-09-15,219,50,20,6,0
2972,5,2024-09-15,120,40,16,10,0
2927,5,2024-09-15,55,30,12,39,0
3293,5,2024-09-15,108,40,16,1,0
3711,5,2024-09-15,155,40,16,1,0
2614,5,2024-09-15,153,30,12,16,0
2944,5,2024-09-15,76,20,8,18,0
2887,5,2024-09-15,269,40,16,19,0
3645,5,2024-09-15,133,50,20,54,0
2171,5,2024-09-15,109,40,16,1,0
2038,5,2024-09-15,400,100,40,23,0
3023,5,2024-09-15,70,30,12,2,300
3176,5,2024-09-15,81,30,12,23,0
2631,5,2024-09-15,139,40,16,0,0
3519,5,2024-09-15,180,40,16,9,300
2750,5,2024-09-15,227,75,30,18,0
2266,5,2024-09-15,49,30,12,1,0
3529,5,2024-09-15,57,30,12,8,0
2004,5,2024-09-15,188,75,30,6,0
3401,5,2024-09-15,77,20,8,0,0
2149,5,2024-09-15,58,20,8,18,0
2243,5,2024-09-15,67,40,16,11,0
3416,5,2024-09-15,146,50,20,1,0
2001,5,2024-09-15,164,40,16,55,50
2227,5,2024-09-15,107,40,16,31,0
3687,5,2024-09-15,61,30,12,15,0
2866,5,2024-09-15,107,30,12,4,0
2692,5,2024-09-15,33,40,16,3,0
2852,5,2024-09-15,82,30,12,9,100
2136,5,2024-09-15,303,50,20,18,0
3231,5,2024-09-15,85,30,12,9,0
2968,5,2024-09-15,51,50,20,5,200
2010,5,2024-09-15,56,50,20,13,0
2492,5,2024-09-15,34,40,16,7,0
2540,5,2024-09-15,76,40,16,19,0
3175,5,2024-09-15,7,20,8,87,0
2268,5,2024-09-15,96,30,12,2,0
2630,5,2024-09-15,172,75,30,8,0
2690,5,2024-09-15,47,40,16,8,0
3607,5,2024-09-15,21,30,12,1,0
3579,5,2024-09-15,156,30,12,5,0
3350,5,2024-09-15,133,75,30,29,0
3111,5,2024-09-15,107,30,12,23,100
3040,5,2024-09-15,132,40,16,6,0
3272,5,2024-09-15,160,75,30,1,0
2738,5,2024-09-15,109,50,20,18,0
3819,5,2024-09-15,82,40,16,4,150
3075,5,2024-09-15,188,75,30,11,0
3168,5,2024-09-15,233,50,20,12,0
2732,5,2024-09-15,48,30,12,6,0
2440,5,2024-09-15,40,20,8,24,0
2164,5,2024-09-15,63,20,8,3,0
2702,5,2024-09-15,102,40,16,35,0
2885,5,2024-09-15,159,40,16,0,0
2337,5,2024-09-15,62,40,16,13,0
3389,5,2024-09-15,46,40,16,0,0
2085,5,2024-09-15,247,75,30,7,0
2444,5,2024-09-15,136,50,20,18,150
3638,5,2024-09-15,274,75,30,6,0
2278,5,2024-09-15,34,30,12,2,0
3100,5,2024-09-15,257,50,20,8,0
2108,5,2024-09-15,188,40,16,2,0
3807,5,2024-09-15,177,40,16,6,0
3332,5,2024-09-15,171,50,20,0,0
3749,5,2024-09-15,84,20,8,13,0
2181,5,2024-09-15,88,20,8,8,0
3144,5,2024-09-15,135,40,16,41,100
3479,5,2024-09-15,0,50,20,3,0
2420,5,2024-09-15,144,30,12,4,0
2453,5,2024-09-15,300,100,40,19,0
3843,5,2024-09-15,139,30,12,5,0
2545,5,2024-09-15,102,30,12,22,0
2757,5,2024-09-15,173,50,20,5,0
3352,5,2024-09-15,68,30,12,28,0
3805,5,2024-09-15,225,75,30,27,0
2299,5,2024-09-15,72,30,12,10,0
2160,5,2024-09-15,96,30,12,0,0
2812,5,2024-09-15,176,40,16,11,0
3698,5,2024-09-15,74,20,8,20,0
3831,5,2024-09-15,95,75,30,59,0
2023,5,2024-09-15,142,50,20,12,0
3727,5,2024-09-15,121,40,16,3,50
2191,5,2024-09-15,294,75,30,14,0
2395,5,2024-09-15,63,40,16,14,0
3135,5,2024-09-15,45,20,8,7,50
3618,5,2024-09-15,169,75,30,19,0
2350,5,2024-09-15,109,30,12,4,0
2653,5,2024-09-15,119,40,16,9,0
2529,5,2024-09-15,76,30,12,10,0
3646,5,2024-09-15,78,50,20,11,0
2682,5,2024-09-15,219,75,30,9,0
3768,5,2024-09-15,201,40,16,9,0
2593,5,2024-09-15,204,30,12,8,300
2795,5,2024-09-15,189,50,20,13,0
2128,5,2024-09-15,124,50,20,2,0
3225,5,2024-09-15,16,20,8,26,0
2552,5,2024-09-15,182,40,16,1,0
3167,5,2024-09-15,160,40,16,12,150
2303,5,2024-09-15,127,20,8,4,0
3786,5,2024-09-15,215,40,16,18,0
3683,5,2024-09-15,113,100,40,5,0
2005,5,2024-09-15,165,40,16,10,0
3650,5,2024-09-15,6,20,8,10,0
2803,5,2024-09-15,275,50,20,4,0
3478,5,2024-09-15,138,40,16,23,0
3227,5,2024-09-15,138,40,16,10,0
3357,5,2024-09-15,230,75,30,1,0
3745,5,2024-09-15,201,100,40,4,0
3676,5,2024-09-15,59,30,12,3,0
3816,5,2024-09-15,0,30,12,1,150
2155,5,2024-09-15,266,50,20,4,0
3028,5,2024-09-15,138,50,20,33,0
3428,5,2024-09-15,131,30,12,9,0
2487,5,2024-09-15,165,30,12,2,0
3432,5,2024-09-15,193,40,16,5,0
3528,5,2024-09-15,20,20,8,15,0
3756,5,2024-09-15,101,30,12,34,0
2372,5,2024-09-15,135,30,12,19,150
3764,5,2024-09-15,35,20,8,25,0
2392,5,2024-09-15,50,20,8,25,100
2024,5,2024-09-15,51,30,12,9,0
3719,5,2024-09-15,116,30,12,2,0
3016,5,2024-09-15,74,30,12,1,0
3327,5,2024-09-15,55,50,20,4,0
2247,5,2024-09-15,327,100,40,17,0
2471,5,2024-09-15,75,75,30,13,0
3485,5,2024-09-15,78,40,16,2,0
2882,5,2024-09-15,83,50,20,6,0
3513,5,2024-09-15,58,40,16,82,0
2969,5,2024-09-15,94,30,12,3,0
2413,5,2024-09-15,409,75,30,8,0
3758,5,2024-09-15,58,30,12,26,100
2431,5,2024-09-15,84,30,12,12,0
3355,5,2024-09-15,88,40,16,17,0
3228,5,2024-09-15,0,20,8,18,0
3482,5,2024-09-15,136,50,20,30,0
2589,5,2024-09-15,102,100,40,2,0
2059,5,2024-09-15,84,75,30,3,0
3080,5,2024-09-15,75,20,8,25,0
3206,5,2024-09-15,63,30,12,22,0
2625,5,2024-09-15,53,20,8,3,200
2422,5,2024-09-15,31,20,8,7,0
3377,5,2024-09-15,131,30,12,1,200
2805,5,2024-09-15,105,50,20,1,0
3048,5,2024-09-15,238,50,20,24,0
3798,5,2024-09-15,14,50,20,7,0
2646,5,2024-09-15,20,20,8,4,0
3778,5,2024-09-15,71,30,12,2,0
2084,5,2024-09-15,156,40,16,1,200
2836,5,2024-09-15,17,20,8,3,0
3782,5,2024-09-15,43,40,16,13,50
2743,5,2024-09-15,335,75,30,24,0
2517,5,2024-09-15,131,30,12,4,0
2958,5,2024-09-15,52,30,12,22,0
3445,5,2024-09-15,100,40,16,2,200
3414,5,2024-09-15,93,30,12,30,0
2083,5,2024-09-15,147,40,16,129,0
2003,5,2024-09-15,18,20,8,9,0
2897,5,2024-09-15,115,50,20,0,0
2317,5,2024-09-15,199,40,16,3,0
3509,5,2024-09-15,92,30,12,3,0
2312,5,2024-09-15,167,40,16,14,0
3138,5,2024-09-15,191,40,16,0,0
2438,5,2024-09-15,81,20,8,93,0
2522,5,2024-09-15,369,75,30,53,0
3568,5,2024-09-15,151,40,16,1,0
3385,5,2024-09-15,143,50,20,18,0
2676,5,2024-09-15,121,50,20,30,0
3063,5,2024-09-15,104,20,8,22,0
2225,5,2024-09-15,34,30,12,5,200
2607,5,2024-09-15,151,40,16,5,0
2873,5,2024-09-15,127,40,16,4,0
2783,5,2024-09-15,45,50,20,2,0
2039,5,2024-09-15,91,40,16,2,0
2349,5,2024-09-15,424,100,40,0,0
3788,5,2024-09-15,61,30,12,7,0
3439,5,2024-09-15,198,40,16,41,0
2997,5,2024-09-15,125,30,12,3,0
2402,5,2024-09-15,161,40,16,7,0
2130,5,2024-09-15,172,50,20,13,0
2418,5,2024-09-15,147,40,16,9,200
2077,5,2024-09-15,54,20,8,18,0
2746,5,2024-09-15,92,30,12,0,0
3823,5,2024-09-15,56,20,8,0,0
3630,5,2024-09-15,243,50,20,7,0
3458,5,2024-09-15,267,75,30,7,0
3097,5,2024-09-15,94,50,20,18,0
3053,5,2024-09-15,187,30,12,24,100
2117,5,2024-09-15,131,30,12,21,0
2839,5,2024-09-15,63,30,12,17,0
3785,5,2024-09-15,110,50,20,16,0
2051,5,2024-09-15,70,40,16,0,0
3459,5,2024-09-15,116,50,20,4,0
2346,5,2024-09-15,96,30,12,1,0
2408,5,2024-09-15,117,30,12,51,200
2754,5,2024-09-15,91,40,16,19,0
3339,5,2024-09-15,647,100,40,0,0
2962,5,2024-09-15,76,30,12,3,0
3220,5,2024-09-15,86,40,16,6,0
3452,5,2024-09-15,34,40,16,19,0
3239,5,2024-09-15,79,20,8,22,300
2468,5,2024-09-15,128,40,16,1,0
3814,5,2024-09-15,0,75,30,13,0
2566,5,2024-09-15,81,30,12,4,0
2726,5,2024-09-15,123,30,12,22,0
2553,5,2024-09-15,32,40,16,0,100
3030,5,2024-09-15,123,30,12,14,0
2212,5,2024-09-15,0,50,20,4,0
2953,5,2024-09-15,39,20,8,6,0
3560,5,2024-09-15,252,50,20,0,0
2294,5,2024-09-15,206,40,16,82,0
3692,5,2024-09-15,226,75,30,7,0
2680,5,2024-09-15,94,30,12,40,0
3508,5,2024-09-15,33,30,12,13,0
3232,5,2024-09-15,91,30,12,43,50
3580,5,2024-09-15,149,40,16,34,0
2965,5,2024-09-15,46,20,8,8,0
2668,5,2024-09-15,61,20,8,7,150
2087,5,2024-09-15,14,30,12,2,0
2909,5,2024-09-15,103,20,8,3,0
3838,5,2024-09-15,427,75,30,12,0
2385,5,2024-09-15,209,50,20,12,0
3219,5,2024-09-15,63,20,8,19,300
3616,5,2024-09-15,26,40,16,3,0
3461,5,2024-09-15,128,30,12,17,0
2907,5,2024-09-15,146,75,30,7,0
2134,5,2024-09-15,197,50,20,38,0
3300,5,2024-09-15,384,100,40,8,0
2439,5,2024-09-15,259,100,40,22,0
2416,5,2024-09-15,39,20,8,2,50
2520,5,2024-09-15,220,75,30,0,150
3594,5,2024-09-15,238,50,20,17,100
2441,5,2024-09-15,92,30,12,13,0
2606,5,2024-09-15,169,40,16,6,0
3243,5,2024-09-15,199,50,20,2,0
3056,5,2024-09-15,206,50,20,18,0
2387,5,2024-09-15,430,100,40,58,0
2854,5,2024-09-15,68,40,16,2,0
3507,5,2024-09-15,108,30,12,41,0
2393,5,2024-09-15,1,40,16,9,200
3592,5,2024-09-15,159,30,12,23,0
2339,5,2024-09-15,181,75,30,32,0
3344,5,2024-09-15,160,40,16,20,0
2205,5,2024-09-15,99,40,16,0,0
2204,5,2024-09-15,165,40,16,14,0
3237,5,2024-09-15,87,30,12,10,0
2868,5,2024-09-15,109,20,8,19,0
3331,5,2024-09-15,53,40,16,10,0
3610,5,2024-09-15,169,40,16,13,0
3295,5,2024-09-15,159,30,12,5,0
2841,5,2024-09-15,73,40,16,2,0
3453,5,2024-09-15,231,50,20,50,0
3159,5,2024-09-15,48,50,20,6,0
2751,5,2024-09-15,102,40,16,4,0
2998,5,2024-09-15,92,40,16,29,0
2608,5,2024-09-15,205,75,30,15,0
2843,5,2024-09-15,46,30,12,5,0
2348,5,2024-09-15,102,50,20,11,0
3072,5,2024-09-15,84,30,12,16,200
2949,5,2024-09-15,99,40,16,36,0
2056,5,2024-09-15,170,50,20,24,0
2857,5,2024-09-15,163,30,12,5,0
3203,5,2024-09-15,408,75,30,8,0
3476,5,2024-09-15,222,50,20,4,0
2361,5,2024-09-15,71,30,12,53,0
2103,5,2024-09-15,210,50,20,17,0
2705,5,2024-09-15,57,20,8,2,0
2026,5,2024-09-15,61,40,16,5,0
2269,5,2024-09-15,69,20,8,32,0
3184,5,2024-09-15,140,50,20,30,0
3497,5,2024-09-15,83,30,12,6,0
2100,5,2024-09-15,96,20,8,21,0
3127,5,2024-09-15,130,40,16,1,0
3320,5,2024-09-15,243,50,20,38,200
3545,5,2024-09-15,205,50,20,36,0
2111,5,2024-09-15,176,40,16,17,0
3160,5,2024-09-15,7,40,16,6,50
2765,5,2024-09-15,78,30,12,15,0
2035,5,2024-09-15,82,75,30,5,0
3651,5,2024-09-15,149,50,20,13,0
3743,5,2024-09-15,116,50,20,18,0
3000,5,2024-09-15,90,20,8,9,0
2670,5,2024-09-15,320,75,30,11,0
3211,5,2024-09-15,51,50,20,7,0
3726,5,2024-09-15,275,75,30,11,0
2638,5,2024-09-15,234,50,20,21,0
2601,5,2024-09-15,16,20,8,13,300
2689,5,2024-09-15,109,40,16,1,0
2850,5,2024-09-15,128,20,8,5,0
2954,5,2024-09-15,90,50,20,12,0
2527,5,2024-09-15,16,30,12,16,50
3454,5,2024-09-15,59,40,16,6,0
2546,5,2024-09-15,67,30,12,29,0
2034,5,2024-09-15,111,40,16,9,0
3372,5,2024-09-15,172,75,30,0,0
2780,5,2024-09-15,152,75,30,2,0
3845,5,2024-09-15,74,20,8,26,0
3392,5,2024-09-15,104,40,16,8,0
2799,5,2024-09-15,84,20,8,11,0
2041,5,2024-09-15,184,50,20,0,0
2466,5,2024-09-15,60,20,8,4,50
3641,5,2024-09-15,382,100,40,15,0
3752,5,2024-09-15,204,75,30,61,0
3378,5,2024-09-15,234,50,20,13,0
3173,5,2024-09-15,175,50,20,10,50
2952,5,2024-09-15,8,20,8,31,0
2747,5,2024-09-15,105,50,20,36,0
3247,5,2024-09-15,153,50,20,60,0
3718,5,2024-09-15,34,40,16,35,0
2273,5,2024-09-15,232,50,20,6,0
2709,5,2024-09-15,193,50,20,14,100
2940,5,2024-09-15,84,40,16,7,0
3602,5,2024-09-15,36,50,20,33,200
3286,5,2024-09-15,71,30,12,8,0
3191,5,2024-09-15,114,30,12,4,0
2870,5,2024-09-15,54,20,8,24,0
3567,5,2024-09-15,0,20,8,2,0
2941,5,2024-09-15,119,50,20,9,0
2963,5,2024-09-15,104,30,12,21,0
3343,5,2024-09-15,224,100,40,11,0
2764,5,2024-09-15,66,20,8,0,0
3808,5,2024-09-15,121,30,12,2,0
2196,5,2024-09-15,24,75,30,6,0
3631,5,2024-09-15,105,30,12,9,0
2406,5,2024-09-15,194,50,20,1,0
3398,5,2024-09-15,104,40,16,27,0
2908,5,2024-09-15,62,30,12,5,0
3480,5,2024-09-15,77,40,16,1,0
2090,5,2024-09-15,234,75,30,14,100
2172,5,2024-09-15,190,50,20,29,0
2288,5,2024-09-15,102,30,12,33,0
2537,5,2024-09-15,180,30,12,14,0
2832,5,2024-09-15,95,40,16,30,200
2669,5,2024-09-15,255,75,30,50,0
3530,5,2024-09-15,170,50,20,7,0
3783,5,2024-09-15,19,40,16,3,0
3180,5,2024-09-15,115,30,12,3,300
3340,5,2024-09-15,230,75,30,2,0
3431,5,2024-09-15,165,75,30,0,0
2353,5,2024-09-15,77,50,20,0,0
3041,5,2024-09-15,97,50,20,29,0
2582,5,2024-09-15,105,50,20,61,0
2616,5,2024-09-15,126,50,20,5,0
2498,5,2024-09-15,142,50,20,0,0
3434,5,2024-09-15,212,50,20,2,0
3113,5,2024-09-15,133,50,20,7,0
3615,5,2024-09-15,298,50,20,1,0
3590,5,2024-09-15,238,50,20,6,0
2503,5,2024-09-15,226,75,30,36,0
3426,5,2024-09-15,118,40,16,3,0
2036,5,2024-09-15,125,75,30,0,200
2769,5,2024-09-15,115,40,16,61,0
3201,5,2024-09-15,10,20,8,29,0
3172,5,2024-09-15,83,40,16,17,0
2109,5,2024-09-15,48,20,8,2,0
2514,5,2024-09-15,120,30,12,4,0
3830,5,2024-09-15,41,50,20,12,0
2210,5,2024-09-15,84,20,8,3,0
3204,5,2024-09-15,398,50,20,31,0
3772,5,2024-09-15,88,40,16,11,0
2086,5,2024-09-15,117,50,20,2,0
2939,5,2024-09-15,121,30,12,4,0
3094,5,2024-09-15,147,40,16,6,0
2704,5,2024-09-15,191,30,12,0,200
2913,5,2024-09-15,230,75,30,15,0
3511,5,2024-09-15,188,40,16,40,0
2122,5,2024-09-15,93,20,8,37,0
2588,5,2024-09-15,137,75,30,1,0
2518,5,2024-09-15,106,30,12,22,0
3403,5,2024-09-15,82,20,8,5,0
2213,5,2024-09-15,103,75,30,8,0
3375,5,2024-09-15,139,50,20,9,0
2685,5,2024-09-15,67,20,8,3,0
3153,5,2024-09-15,179,50,20,7,0
2044,5,2024-09-15,133,50,20,4,0
2500,5,2024-09-15,83,40,16,12,0
3841,5,2024-09-15,80,30,12,35,50
2789,5,2024-09-15,77,50,20,3,0
3396,5,2024-09-15,186,75,30,1,0
2759,5,2024-09-15,191,30,12,2,0
3395,5,2024-09-15,50,30,12,58,0
2202,5,2024-09-15,76,20,8,3,0
2045,5,2024-09-15,122,30,12,30,0
3614,5,2024-09-15,77,20,8,1,50
2774,5,2024-09-15,64,40,16,51,0
2377,5,2024-09-15,122,50,20,3,100
2657,5,2024-09-15,170,50,20,9,0
2351,5,2024-09-15,130,50,20,8,200
3303,5,2024-09-15,88,20,8,15,0
3587,5,2024-09-15,42,100,40,15,200
3006,5,2024-09-15,120,30,12,14,50
3465,5,2024-09-15,209,75,30,10,0
2384,5,2024-09-15,48,20,8,24,0
3716,5,2024-09-15,155,40,16,37,0
3682,5,2024-09-15,117,30,12,1,0
3553,5,2024-09-15,194,75,30,34,100
3603,5,2024-09-15,20,20,8,24,0
2745,5,2024-09-15,217,40,16,11,0
2581,5,2024-09-15,96,40,16,4,0
3685,5,2024-09-15,42,50,20,6,0
3747,5,2024-09-15,63,30,12,5,0
2568,5,2024-09-15,69,30,12,12,50
2619,5,2024-09-15,185,50,20,20,0
2782,5,2024-09-15,135,40,16,9,0
3576,5,2024-09-15,114,30,12,17,0
3229,5,2024-09-15,109,50,20,3,0
2071,5,2024-09-15,81,40,16,32,0
2429,5,2024-09-15,450,75,30,7,0
2426,5,2024-09-15,106,40,16,8,0
3089,5,2024-09-15,50,20,8,22,0
2675,5,2024-09-15,60,30,12,0,0
3325,5,2024-09-15,71,30,12,1,0
3304,5,2024-09-15,159,75,30,0,0
3660,5,2024-09-15,282,100,40,1,0
3121,5,2024-09-15,202,40,16,19,50
2934,5,2024-09-15,28,30,12,8,100
3383,5,2024-09-15,115,30,12,10,300
2383,5,2024-09-15,278,100,40,9,0
2354,5,2024-09-15,103,40,16,37,300
3212,5,2024-09-15,111,40,16,9,0
2482,5,2024-09-15,199,40,16,17,0
3451,5,2024-09-15,33,50,20,8,0
3681,5,2024-09-15,153,30,12,2,0
2725,5,2024-09-15,8,50,20,7,0
2917,5,2024-09-15,191,50,20,0,0
2261,5,2024-09-15,125,40,16,10,0
2849,5,2024-09-15,135,40,16,17,0
2302,5,2024-09-15,225,50,20,1,200
2433,5,2024-09-15,149,75,30,22,0
3548,5,2024-09-15,59,20,8,7,0
2342,5,2024-09-15,45,20,8,25,0
2651,5,2024-09-15,289,100,40,20,0
3777,5,2024-09-15,109,30,12,15,0
3800,5,2024-09-15,153,40,16,14,0
3136,5,2024-09-15,92,40,16,30,0
3844,5,2024-09-15,60,20,8,5,0
2679,5,2024-09-15,93,40,16,19,0
2807,5,2024-09-15,95,30,12,10,0
3003,5,2024-09-15,123,30,12,2,0
2192,5,2024-09-15,164,30,12,14,0
2980,5,2024-09-15,443,100,40,25,0
3123,5,2024-09-15,123,30,12,11,0
3009,5,2024-09-15,47,30,12,7,0
2310,5,2024-09-15,104,50,20,14,0
3014,5,2024-09-15,226,50,20,58,0
3837,5,2024-09-15,112,40,16,18,50
2989,5,2024-09-15,346,100,40,24,0
3712,5,2024-09-15,102,50,20,22,0
2534,5,2024-09-15,82,30,12,9,0
2248,5,2024-09-15,88,40,16,12,0
3013,5,2024-09-15,0,30,12,11,0
3847,5,2024-09-15,158,50,20,1,0
2647,5,2024-09-15,91,30,12,16,0
3326,5,2024-09-15,28,20,8,32,0
2301,5,2024-09-15,52,30,12,4,300
2911,5,2024-09-15,224,40,16,2,0
2712,5,2024-09-15,192,40,16,3,0
3074,5,2024-09-15,76,40,16,4,0
3666,5,2024-09-15,42,20,8,15,0
3563,5,2024-09-15,23,20,8,11,0
3356,5,2024-09-15,234,50,20,12,0
2549,5,2024-09-15,143,40,16,7,300
3002,5,2024-09-15,115,40,16,40,0
3381,5,2024-09-15,103,40,16,7,0
2699,5,2024-09-15,152,30,12,1,0
3205,5,2024-09-15,77,30,12,4,0
2984,5,2024-09-15,94,75,30,5,0
3643,5,2024-09-15,48,20,8,1,150
2063,5,2024-09-15,144,40,16,33,50
3473,5,2024-09-15,20,20,8,6,0
2490,5,2024-09-15,181,40,16,8,0
3324,5,2024-09-15,295,50,20,34,0
2604,5,2024-09-15,111,75,30,3,0
3302,5,2024-09-15,428,100,40,6,0
3314,5,2024-09-15,207,75,30,0,200
3025,5,2024-09-15,38,40,16,3,0
2603,5,2024-09-15,189,50,20,21,0
2451,5,2024-09-15,16,30,12,21,150
3441,5,2024-09-15,46,20,8,22,0
2771,5,2024-09-15,128,40,16,4,0
2238,5,2024-09-15,71,50,20,1,0
2282,5,2024-09-15,192,75,30,23,0
3240,5,2024-09-15,168,40,16,18,200
3537,5,2024-09-15,39,40,16,43,0
2437,5,2024-09-15,96,20,8,11,0
3253,5,2024-09-15,75,40,16,18,0
3046,5,2024-09-15,113,30,12,1,0
2583,5,2024-09-15,117,50,20,3,0
2376,5,2024-09-15,160,40,16,16,0
3444,5,2024-09-15,179,50,20,65,0
3346,5,2024-09-15,50,30,12,1,0
3264,5,2024-09-15,72,40,16,9,0
2733,5,2024-09-15,117,40,16,4,0
2151,5,2024-09-15,139,100,40,12,300
2469,5,2024-09-15,101,40,16,8,0
2580,5,2024-09-15,85,20,8,23,100
2281,5,2024-09-15,74,20,8,5,50
2659,5,2024-09-15,233,40,16,12,0
2446,5,2024-09-15,130,50,20,9,200
3627,5,2024-09-15,157,40,16,3,0
3703,5,2024-09-15,125,40,16,3,0
2946,5,2024-09-15,461,100,40,8,0
2358,5,2024-09-15,12,50,20,2,0
3179,5,2024-09-15,210,40,16,24,0
2519,5,2024-09-15,330,75,30,22,0
2501,5,2024-09-15,99,40,16,14,0
3182,5,2024-09-15,115,40,16,6,0
2862,5,2024-09-15,156,40,16,1,0
2737,5,2024-09-15,338,100,40,17,300
2481,5,2024-09-15,208,100,40,3,0
3137,5,2024-09-15,102,40,16,7,0
2650,5,2024-09-15,105,50,20,9,0
2110,5,2024-09-15,101,50,20,25,0
2069,5,2024-09-15,0,20,8,20,0
3311,5,2024-09-15,75,30,12,4,0
3275,5,2024-09-15,105,30,12,11,0
2539,5,2024-09-15,114,50,20,17,0
3316,5,2024-09-15,217,50,20,8,0
2079,5,2024-09-15,1,75,30,15,0
2637,5,2024-09-15,302,75,30,57,0
3043,5,2024-09-15,66,20,8,30,0
2386,5,2024-09-15,101,50,20,5,0
2634,5,2024-09-15,38,20,8,5,0
3149,5,2024-09-15,163,50,20,5,200
3156,5,2024-09-15,89,20,8,2,0
2319,5,2024-09-15,5,30,12,10,0
3572,5,2024-09-15,84,20,8,14,0
3542,5,2024-09-15,65,30,12,4,0
2018,5,2024-09-15,258,50,20,0,0
2884,5,2024-09-15,75,40,16,14,0
3055,5,2024-09-15,119,100,40,5,0
3549,5,2024-09-15,109,30,12,60,0
3290,5,2024-09-15,127,40,16,1,100
3664,5,2024-09-15,137,100,40,1,0
2591,5,2024-09-15,14,50,20,1,0
3334,5,2024-09-15,84,20,8,37,0
3656,5,2024-09-15,98,50,20,17,0
2060,5,2024-09-15,76,40,16,4,0
2777,5,2024-09-15,67,40,16,1,150
3770,5,2024-09-15,65,30,12,11,0
2826,5,2024-09-15,23,30,12,27,0
3309,5,2024-09-15,18,50,20,22,0
3751,5,2024-09-15,357,75,30,12,0
3540,5,2024-09-15,105,30,12,62,0
3408,5,2024-09-15,65,30,12,16,0
2097,5,2024-09-15,99,75,30,1,0
2118,5,2024-09-15,97,30,12,20,0
2508,5,2024-09-15,65,20,8,16,0
2717,5,2024-09-15,87,30,12,27,0
2367,5,2024-09-15,0,40,16,22,150
3605,5,2024-09-15,52,20,8,3,0
3797,5,2024-09-15,68,100,40,21,100
3419,5,2024-09-15,49,20,8,1,0
3791,5,2024-09-15,267,75,30,8,0
2516,5,2024-09-15,318,50,20,5,0
3562,5,2024-09-15,197,30,12,3,0
3606,5,2024-09-15,293,100,40,7,0
2768,5,2024-09-15,125,40,16,18,150
2254,5,2024-09-15,141,40,16,9,0
2329,5,2024-09-15,91,30,12,17,0
3802,5,2024-09-15,78,40,16,13,0
2825,5,2024-09-15,26,50,20,9,0
3126,5,2024-09-15,101,40,16,10,0
3722,5,2024-09-15,27,20,8,12,50
3589,5,2024-09-15,184,40,16,24,0
2218,5,2024-09-15,91,40,16,9,0
3709,5,2024-09-15,121,50,20,32,0
3222,5,2024-09-15,191,75,30,7,0
3134,5,2024-09-15,231,40,16,31,0
2030,5,2024-09-15,117,30,12,9,0
3695,5,2024-09-15,43,30,12,5,150
3106,5,2024-09-15,8,20,8,49,0
2543,5,2024-09-15,88,20,8,2,0
3317,5,2024-09-15,98,20,8,21,0
2356,5,2024-09-15,68,20,8,50,0
3523,5,2024-09-15,140,40,16,19,200
3128,5,2024-09-15,10,30,12,9,0
2806,5,2024-09-15,241,40,16,13,0
2452,5,2024-09-15,232,50,20,25,0
3834,5,2024-09-15,68,30,12,8,0
3380,5,2024-09-15,81,20,8,0,0
3679,5,2024-09-15,446,100,40,25,0
3671,5,2024-09-15,126,30,12,2,300
3564,5,2024-09-15,0,40,16,2,200
2121,5,2024-09-15,76,20,8,39,0
2414,5,2024-09-15,91,20,8,0,0
2937,5,2024-09-15,42,30,12,11,0
2014,5,2024-09-15,55,30,12,38,0
3575,5,2024-09-15,31,20,8,5,0
2881,5,2024-09-15,9,20,8,10,0
3223,5,2024-09-15,374,75,30,8,50
2173,5,2024-09-15,120,40,16,16,0
3315,5,2024-09-15,226,50,20,9,0
3411,5,2024-09-15,20,40,16,15,0
2547,5,2024-09-15,83,30,12,10,0
2120,5,2024-09-15,73,30,12,14,0
3354,5,2024-09-15,53,20,8,18,0
3170,5,2024-09-15,98,20,8,13,200
3197,5,2024-09-15,78,75,30,76,0
3794,5,2024-09-15,64,50,20,9,0
2590,5,2024-09-15,0,20,8,9,0
2970,5,2024-09-15,64,40,16,9,0
2819,5,2024-09-15,207,40,16,1,0
3734,5,2024-09-15,110,40,16,27,0
2640,5,2024-09-15,150,30,12,10,0
2382,5,2024-09-15,133,50,20,2,0
3402,5,2024-09-15,58,20,8,1,0
3623,5,2024-09-15,359,75,30,1,0
3652,5,2024-09-15,70,30,12,7,0
2761,5,2024-09-15,91,40,16,2,0
2567,5,2024-09-15,113,40,16,5,0
3061,5,2024-09-15,68,40,16,11,0
3637,5,2024-09-15,89,50,20,6,0
2040,5,2024-09-15,0,30,12,0,0
2046,5,2024-09-15,0,30,12,5,50
3526,5,2024-09-15,64,20,8,24,0
2936,5,2024-09-15,148,30,12,9,0
3828,5,2024-09-15,66,50,20,11,200
2542,5,2024-09-15,117,30,12,2,0
3493,5,2024-09-15,162,50,20,11,0
3267,5,2024-09-15,77,30,12,8,300
2013,5,2024-09-15,39,20,8,6,0
2781,5,2024-09-15,67,20,8,63,0
3051,5,2024-09-15,37,20,8,3,150
2161,5,2024-09-15,86,30,12,4,0
3483,5,2024-09-15,99,30,12,16,0
2088,5,2024-09-15,120,30,12,25,0
2123,5,2024-09-15,280,50,20,3,0
2287,5,2024-09-15,35,20,8,5,0
2994,5,2024-09-15,79,30,12,0,0
2856,5,2024-09-15,63,20,8,4,0
2496,5,2024-09-15,101,30,12,5,150
2555,5,2024-09-15,190,50,20,19,0
3305,5,2024-09-15,183,50,20,39,0
3818,5,2024-09-15,105,30,12,0,0
3394,5,2024-09-15,166,40,16,14,0
2458,5,2024-09-15,72,30,12,7,0
2977,5,2024-09-15,95,30,12,1,0
2973,5,2024-09-15,44,40,16,7,0
3035,5,2024-09-15,106,75,30,1,0
3484,5,2024-09-15,137,50,20,19,0
2818,5,2024-09-15,134,50,20,13,0
3224,5,2024-09-15,133,50,20,0,0
3277,5,2024-09-15,26,30,12,11,0
3704,5,2024-09-15,0,50,20,17,150
2126,5,2024-09-15,160,30,12,4,0
2064,5,2024-09-15,138,50,20,34,150
3125,5,2024-09-15,252,100,40,11,0
2055,5,2024-09-15,0,30,12,0,0
3430,5,2024-09-15,190,40,16,9,0
3817,5,2024-09-15,10,30,12,1,0
3644,5,2024-09-15,73,20,8,17,0
2180,5,2024-09-15,123,30,12,12,0
3521,5,2024-09-15,20,40,16,14,0
2708,5,2024-09-15,242,50,20,0,0
2505,5,2024-09-15,63,30,12,13,0
2842,5,2024-09-15,89,30,12,1,0
2373,5,2024-09-15,131,30,12,20,0
2242,5,2024-09-15,86,30,12,11,0
3070,5,2024-09-15,95,30,12,3,0
3789,5,2024-09-15,311,75,30,15,0
3649,5,2024-09-15,84,75,30,30,0
2923,5,2024-09-15,110,30,12,25,0
2990,5,2024-09-15,323,75,30,5,0
3803,5,2024-09-15,41,30,12,0,0
2241,5,2024-09-15,125,40,16,11,0
2684,5,2024-09-15,187,50,20,3,0
2905,5,2024-09-15,27,30,12,14,0
3052,5,2024-09-15,144,50,20,0,0
2362,5,2024-09-15,34,50,20,33,0
2824,5,2024-09-15,140,40,16,5,0
3759,5,2024-09-15,93,30,12,2,50
2586,5,2024-09-15,260,75,30,15,0
3163,5,2024-09-15,133,40,16,0,0
2787,5,2024-09-15,124,40,16,9,0
3556,5,2024-09-15,125,30,12,31,0
3059,5,2024-09-15,132,30,12,5,0
2724,5,2024-09-15,210,75,30,5,0
2033,5,2024-09-15,67,40,16,2,0
2237,5,2024-09-15,109,50,20,3,0
2978,5,2024-09-15,31,20,8,17,0
3801,5,2024-09-15,299,50,20,1,0
3266,5,2024-09-15,104,30,12,17,0
2467,5,2024-09-15,151,75,30,2,100
2924,5,2024-09-15,90,40,16,1,0
2188,5,2024-09-15,99,40,16,15,0
3550,5,2024-09-15,0,100,40,75,0
3780,5,2024-09-15,38,20,8,27,0
2419,5,2024-09-15,202,50,20,41,0
2092,5,2024-09-15,151,50,20,17,0
2415,5,2024-09-15,57,20,8,8,0
2443,5,2024-09-15,152,30,12,7,0
2915,5,2024-09-15,143,40,16,0,0
3697,5,2024-09-15,141,40,16,3,0
2355,5,2024-09-15,109,30,12,20,0
2892,5,2024-09-15,0,30,12,5,0
3565,5,2024-09-15,251,75,30,13,150
2456,5,2024-09-15,217,50,20,1,0
3155,5,2024-09-15,64,30,12,4,0
2105,5,2024-09-15,320,75,30,15,0
2295,5,2024-09-15,97,30,12,7,0
2788,5,2024-09-15,83,30,12,16,0
3840,5,2024-09-15,67,40,16,14,0
3369,5,2024-09-15,357,75,30,1,0
2943,5,2024-09-15,65,30,12,1,0
2216,5,2024-09-15,95,20,8,2,0
3829,5,2024-09-15,75,30,12,29,0
3291,5,2024-09-15,0,30,12,41,100
2052,5,2024-09-15,78,20,8,5,0
3104,5,2024-09-15,78,20,8,0,0
3397,5,2024-09-15,84,75,30,4,0
3083,5,2024-09-15,41,30,12,2,0
3050,5,2024-09-15,358,100,40,2,150
2150,5,2024-09-15,183,40,16,6,0
3595,5,2024-09-15,41,20,8,24,200
2707,5,2024-09-15,195,40,16,4,0
2912,5,2024-09-15,217,40,16,42,50
2495,5,2024-09-15,84,30,12,23,0
2251,5,2024-09-15,92,20,8,6,0
2182,5,2024-09-15,117,30,12,13,150
2575,5,2024-09-15,540,100,40,27,0
3754,5,2024-09-15,61,20,8,68,0
3525,5,2024-09-15,59,30,12,24,0
2475,5,2024-09-15,76,30,12,16,300
2486,5,2024-09-15,140,100,40,27,0
2116,5,2024-09-15,66,40,16,7,0
3584,5,2024-09-15,97,30,12,32,0
3457,5,2024-09-15,62,20,8,28,0
3675,5,2024-09-15,31,30,12,8,0
3569,5,2024-09-15,69,30,12,13,0
2713,5,2024-09-15,247,40,16,1,0
2966,5,2024-09-15,15,50,20,0,0
3365,5,2024-09-15,37,20,8,1,0
3761,5,2024-09-15,261,50,20,11,200
2378,5,2024-09-15,275,40,16,7,0
3278,5,2024-09-15,247,75,30,2,0
3238,5,2024-09-15,0,50,20,21,200
2336,5,2024-09-15,58,30,12,38,0
2693,5,2024-09-15,16,30,12,8,0
3809,5,2024-09-15,267,75,30,30,0
2922,5,2024-09-15,232,50,20,11,0
3027,5,2024-09-15,175,30,12,3,0
3495,5,2024-09-15,119,40,16,3,0
2572,5,2024-09-15,100,20,8,5,0
3118,5,2024-09-15,102,40,16,13,0
2246,5,2024-09-15,70,20,8,2,100
2710,5,2024-09-15,48,40,16,21,0
2008,5,2024-09-15,30,20,8,3,0
2313,5,2024-09-15,137,30,12,13,150
3599,5,2024-09-15,122,40,16,15,0
2484,5,2024-09-15,158,40,16,20,0
2359,5,2024-09-15,74,20,8,69,0
2369,5,2024-09-15,91,75,30,4,0
3832,5,2024-09-15,38,30,12,1,0
2208,5,2024-09-15,132,40,16,2,0
2793,5,2024-09-15,129,40,16,9,0
2564,5,2024-09-15,162,75,30,2,0
3720,5,2024-09-15,295,75,30,30,300
2525,5,2024-09-15,166,40,16,0,0
2797,5,2024-09-15,228,40,16,19,100
2872,5,2024-09-15,269,100,40,45,100
2195,5,2024-09-15,113,30,12,13,0
3826,5,2024-09-15,55,20,8,11,0
2113,5,2024-09-15,40,50,20,13,0
2798,5,2024-09-15,290,50,20,17,0
2992,5,2024-09-15,72,75,30,8,0
3007,5,2024-09-15,144,75,30,33,0
3079,5,2024-09-15,122,50,20,6,0
2662,5,2024-09-15,257,50,20,32,150
2179,5,2024-09-15,212,40,16,7,0
2947,5,2024-09-15,245,100,40,23,0
2258,5,2024-09-15,95,30,12,42,0
3384,5,2024-09-15,56,50,20,10,0
2863,5,2024-09-15,35,20,8,36,0
2189,5,2024-09-15,277,75,30,6,0
2785,5,2024-09-15,131,40,16,22,0
2548,5,2024-09-15,110,40,16,82,100
3058,5,2024-09-15,39,30,12,23,0
2459,5,2024-09-15,129,40,16,0,0
2563,5,2024-09-15,235,40,16,6,0
2763,5,2024-09-15,148,50,20,0,150
3169,5,2024-09-15,168,40,16,2,0
3157,5,2024-09-15,26,20,8,2,0
2403,5,2024-09-15,50,30,12,10,0
3617,5,2024-09-15,178,50,20,0,0
2047,5,2024-09-15,146,50,20,0,0
3544,5,2024-09-15,107,50,20,40,0
2926,5,2024-09-15,183,75,30,3,0
2893,5,2024-09-15,159,50,20,4,0
3654,5,2024-09-15,96,40,16,1,0
3399,5,2024-09-15,8,20,8,0,0
2623,5,2024-09-15,66,20,8,19,0
3699,5,2024-09-15,41,20,8,5,0
2236,5,2024-09-15,12,30,12,1,0
2551,5,2024-09-15,188,40,16,1,0
2975,5,2024-09-15,127,40,16,10,0
2375,5,2024-09-15,0,50,20,5,0
2851,5,2024-09-15,223,50,20,35,0
2300,5,2024-09-15,174,75,30,2,0
2578,5,2024-09-15,286,50,20,32,0
2624,5,2024-09-15,152,40,16,7,0
3490,5,2024-09-15,98,40,16,0,300
3766,5,2024-09-15,45,30,12,18,0
3672,5,2024-09-15,76,40,16,29,0
2701,5,2024-09-15,124,50,20,2,0
3622,5,2024-09-15,77,50,20,12,0
3034,5,2024-09-15,75,20,8,27,0
2124,5,2024-09-15,137,40,16,11,0
2612,5,2024-09-15,117,40,16,20,0
3415,5,2024-09-15,86,20,8,11,0
3261,5,2024-09-15,59,20,8,9,200
3299,5,2024-09-15,48,30,12,1,0
2706,5,2024-09-15,95,40,16,1,0
2899,5,2024-09-15,80,50,20,0,0
2493,5,2024-09-15,205,50,20,13,0
3613,5,2024-09-15,87,20,8,16,0
2144,5,2024-09-15,64,30,12,9,0
3093,5,2024-09-15,112,100,40,1,200
3500,5,2024-09-15,111,40,16,14,150
2830,5,2024-09-15,168,50,20,26,0
2114,5,2024-09-15,131,40,16,33,0
2672,5,2024-09-15,83,20,8,29,0
2401,5,2024-09-15,205,50,20,16,0
3185,5,2024-09-15,167,40,16,28,0
2328,5,2024-09-15,152,30,12,1,0
3600,5,2024-09-15,52,40,16,19,0
3045,5,2024-09-15,79,30,12,2,0
3421,5,2024-09-15,154,50,20,45,0
2955,5,2024-09-15,131,50,20,1,0
2267,5,2024-09-15,164,40,16,1,0
2729,5,2024-09-15,50,40,16,2,0
2073,5,2024-09-15,195,40,16,0,0
3207,5,2024-09-15,101,50,20,8,0
3342,5,2024-09-15,100,30,12,25,0
3329,5,2024-09-15,63,20,8,12,0
3625,5,2024-09-15,156,30,12,3,0
3161,5,2024-09-15,130,40,16,4,0
2665,5,2024-09-15,75,30,12,11,0
3288,5,2024-09-15,53,30,12,0,0
2664,5,2024-09-15,330,75,30,8,0
2502,5,2024-09-15,68,20,8,14,0
2874,5,2024-09-15,177,50,20,8,0
3274,5,2024-09-15,132,40,16,0,0
3688,5,2024-09-15,271,50,20,5,0
2598,5,2024-09-15,113,30,12,3,0
2394,5,2024-09-15,249,100,40,4,0
3364,5,2024-09-15,232,75,30,26,0
2801,5,2024-09-15,57,20,8,21,0
2190,5,2024-09-15,80,30,12,26,0
2639,5,2024-09-15,42,20,8,19,200
2259,5,2024-09-15,61,50,20,18,300
3122,5,2024-09-15,50,20,8,20,0
3193,5,2024-09-15,78,30,12,6,0
3581,5,2024-09-15,147,30,12,36,0
2099,5,2024-09-15,82,50,20,1,0
2748,5,2024-09-15,42,50,20,15,0
3827,5,2024-09-15,91,40,16,6,0
3108,5,2024-09-15,449,100,40,18,0
3258,5,2024-09-15,133,50,20,14,0
2814,5,2024-09-15,149,40,16,3,0
3779,5,2024-09-15,39,20,8,10,0
3105,5,2024-09-15,17,30,12,16,0
3655,5,2024-09-15,141,75,30,9,0
3241,5,2024-09-15,39,40,16,25,300
2221,5,2024-09-15,91,20,8,6,0
2357,5,2024-09-15,105,30,12,5,0
2223,5,2024-09-15,194,50,20,11,0
3632,5,2024-09-15,177,50,20,49,0
3596,5,2024-09-15,157,50,20,1,0
2148,5,2024-09-15,154,30,12,7,50
3296,5,2024-09-15,115,50,20,0,0
2032,5,2024-09-15,118,50,20,29,0
3559,5,2024-09-15,49,20,8,5,0
2058,5,2024-09-15,137,40,16,57,0
3437,5,2024-09-15,192,30,12,16,0
3166,5,2024-09-15,0,30,12,6,0
3005,5,2024-09-15,151,50,20,6,0
2388,5,2024-09-15,233,75,30,12,0
3496,5,2024-09-15,34,20,8,18,100
2320,5,2024-09-15,257,75,30,4,0
3271,5,2024-09-15,84,40,16,9,50
2621,5,2024-09-15,52,75,30,0,0
2786,5,2024-09-15,99,50,20,33,0
3552,5,2024-09-15,114,40,16,23,0
3763,5,2024-09-15,76,30,12,12,0
2569,5,2024-09-15,100,20,8,29,0
2199,5,2024-09-15,130,40,16,1,0
2554,5,2024-09-15,56,20,8,2,0
2197,5,2024-09-15,365,100,40,7,0
3588,5,2024-09-15,109,40,16,3,0
3475,5,2024-09-15,214,50,20,9,0
2577,5,2024-09-15,154,40,16,5,0
2226,5,2024-09-15,0,50,20,7,0
2579,5,2024-09-15,16,20,8,13,0
2389,5,2024-09-15,155,75,30,2,0
2982,5,2024-09-15,59,20,8,6,0
2677,5,2024-09-15,96,50,20,2,0
2028,5,2024-09-15,132,30,12,40,0
2648,5,2024-09-15,133,30,12,10,0
2231,5,2024-09-15,70,50,20,2,100
2890,5,2024-09-15,53,20,8,4,0
3762,5,2024-09-15,249,75,30,15,0
2889,5,2024-09-15,94,20,8,42,0
2194,5,2024-09-15,68,20,8,4,0
3036,5,2024-09-15,281,50,20,13,0
3032,5,2024-09-15,69,20,8,10,0
3707,5,2024-09-15,90,30,12,3,0
3333,5,2024-09-15,90,40,16,41,0
2829,5,2024-09-15,152,50,20,29,0
2811,5,2024-09-15,205,50,20,0,0
3738,5,2024-09-15,109,40,16,2,0
3150,5,2024-09-15,111,30,12,20,0
3273,5,2024-09-15,110,40,16,4,0
3468,5,2024-09-15,339,75,30,9,0
2262,5,2024-09-15,66,20,8,0,0
2410,5,2024-09-15,428,100,40,3,0
2138,5,2024-09-15,51,30,12,8,0
3433,5,2024-09-15,131,50,20,68,0
3270,5,2024-09-15,107,40,16,36,0
2674,5,2024-09-15,81,40,16,15,0
2081,5,2024-09-15,294,100,40,10,0
3390,5,2024-09-15,292,75,30,15,0
3492,5,2024-09-15,149,75,30,1,100
3151,5,2024-09-15,118,40,16,5,0
3678,5,2024-09-15,223,40,16,64,0
2347,5,2024-09-15,455,75,30,7,0
2687,5,2024-09-15,260,50,20,3,300
3566,5,2024-09-15,206,50,20,10,100
3477,5,2024-09-15,124,40,16,83,0
3064,5,2024-09-15,166,30,12,0,0
3047,5,2024-09-15,184,50,20,15,0
2585,5,2024-09-15,240,50,20,13,0
3371,5,2024-09-15,32,20,8,30,0
3085,5,2024-09-15,273,50,20,8,0
3626,5,2024-09-15,95,40,16,57,0
2642,5,2024-09-15,92,75,30,97,0
3570,5,2024-09-15,375,75,30,0,0
2932,5,2024-09-15,90,40,16,9,0
2506,5,2024-09-15,109,20,8,61,0
2012,5,2024-09-15,25,20,8,20,200
3670,5,2024-09-15,178,30,12,2,150
3250,5,2024-09-15,473,100,40,9,0
3733,5,2024-09-15,248,50,20,21,0
3585,5,2024-09-15,60,20,8,5,0
3289,5,2024-09-15,98,40,16,12,0
3029,5,2024-09-15,62,40,16,0,0
2636,5,2024-09-15,96,20,8,82,0
2632,5,2024-09-15,408,100,40,5,0
3183,5,2024-09-15,169,30,12,71,0
3535,5,2024-09-15,181,40,16,12,0
3464,5,2024-09-15,135,50,20,41,0
3086,5,2024-09-15,542,100,40,3,0
2256,5,2024-09-15,81,20,8,0,0
3481,5,2024-09-15,60,30,12,12,0
2286,5,2024-09-15,101,20,8,27,0
2480,5,2024-09-15,367,100,40,17,0
2877,5,2024-09-15,130,50,20,6,0
2883,5,2024-09-15,211,40,16,0,0
3190,5,2024-09-15,24,30,12,32,0
2628,5,2024-09-15,101,50,20,8,0
2605,5,2024-09-15,138,50,20,9,0
2169,5,2024-09-15,55,30,12,4,0
3686,5,2024-09-15,141,50,20,44,0
2688,5,2024-09-15,105,40,16,13,0
3667,5,2024-09-15,84,40,16,24,100
2308,5,2024-09-15,53,20,8,15,200
3257,5,2024-09-15,131,75,30,29,0
2916,5,2024-09-15,116,30,12,3,0
2800,5,2024-09-15,66,20,8,3,0
2652,5,2024-09-15,44,30,12,1,0
2928,5,2024-09-15,133,50,20,46,0
3120,5,2024-09-15,135,50,20,24,0
2513,5,2024-09-15,19,40,16,23,100
2504,5,2024-09-15,169,30,12,12,0
2011,5,2024-09-15,28,20,8,6,0
3691,5,2024-09-15,84,20,8,7,0
3189,5,2024-09-15,83,20,8,15,0
2290,5,2024-09-15,130,30,12,4,0
2065,5,2024-09-15,157,40,16,16,100
2792,5,2024-09-15,99,40,16,1,200
3820,5,2024-09-15,80,50,20,34,0
2478,5,2024-09-15,44,20,8,40,0
3307,5,2024-09-15,125,30,12,7,0
2224,5,2024-09-15,166,40,16,13,0
3663,5,2024-09-15,220,40,16,17,0
2730,5,2024-09-15,137,40,16,3,0
2859,5,2024-09-15,124,30,12,17,0
3268,5,2024-09-15,41,20,8,5,0
2404,5,2024-09-15,180,40,16,36,150
3026,5,2024-09-15,99,40,16,4,0
2714,5,2024-09-15,36,30,12,6,0
3735,5,2024-09-15,162,40,16,31,0
2528,5,2024-09-15,49,30,12,4,0
2465,5,2024-09-15,203,40,16,7,150
2037,5,2024-09-15,236,40,16,10,0
3755,5,2024-09-15,159,40,16,2,150
2131,5,2024-09-15,41,20,8,38,0
2596,5,2024-09-15,73,30,12,13,100
2794,5,2024-09-15,393,100,40,10,300
2476,5,2024-09-15,415,100,40,5,200
3285,5,2024-09-15,119,50,20,10,50
3746,5,2024-09-15,89,30,12,23,0
2609,5,2024-09-15,72,20,8,2,0
3015,5,2024-09-15,9,40,16,13,0
3387,5,2024-09-15,64,20,8,70,0
3112,5,2024-09-15,1,40,16,3,0
3620,5,2024-09-15,105,40,16,14,0
2331,5,2024-09-15,111,40,16,32,0
2573,5,2024-09-15,411,75,30,2,0
2574,5,2024-09-15,296,75,30,64,0
3601,5,2024-09-15,158,50,20,15,50
3323,5,2024-09-15,182,50,20,13,0
2425,5,2024-09-15,46,20,8,5,0
2157,5,2024-09-15,280,50,20,0,0
3440,5,2024-09-15,90,40,16,13,0
2177,5,2024-09-15,45,40,16,3,0
3583,5,2024-09-15,156,30,12,17,0
2925,5,2024-09-15,162,50,20,3,0
3609,5,2024-09-15,165,50,20,17,0
3019,5,2024-09-15,154,30,12,11,0
2334,5,2024-09-15,176,40,16,0,0
3361,5,2024-09-15,49,50,20,9,0
2981,5,2024-09-15,84,30,12,3,0
3145,5,2024-09-15,39,20,8,17,300
3298,5,2024-09-15,40,20,8,2,0
3348,5,2024-09-15,50,20,8,19,0
2557,5,2024-09-15,73,50,20,3,0
2283,5,2024-09-15,102,50,20,16,0
3636,5,2024-09-15,139,40,16,13,0
2817,5,2024-09-15,104,40,16,18,0
2074,5,2024-09-15,111,30,12,2,0
3087,5,2024-09-15,153,40,16,4,0
2735,5,2024-09-15,178,40,16,47,0
3460,5,2024-09-15,294,75,30,3,0
3629,5,2024-09-15,114,50,20,1,0
2615,5,2024-09-15,89,40,16,37,0
3148,5,2024-09-15,65,20,8,11,0
3694,5,2024-09-15,164,50,20,1,0
2790,5,2024-09-15,38,30,12,1,0
2029,5,2024-09-15,117,30,12,0,0
3177,5,2024-09-15,166,30,12,6,0
2096,5,2024-09-15,109,40,16,10,0
3739,5,2024-09-15,116,30,12,25,0
2163,5,2024-09-15,165,40,16,14,0
3793,5,2024-09-15,87,30,12,18,0
2424,5,2024-09-15,39,50,20,4,0
2635,5,2024-09-15,153,75,30,9,0
3216,5,2024-09-15,306,100,40,0,200
2293,5,2024-09-15,264,75,30,12,0
2095,5,2024-09-15,210,100,40,1,0
2263,5,2024-09-15,201,50,20,20,0
3573,5,2024-09-15,45,50,20,5,0
2166,5,2024-09-15,64,20,8,6,0
3284,5,2024-09-15,19,50,20,11,0
2485,5,2024-09-15,181,50,20,17,0
2860,5,2024-09-15,146,50,20,22,0
2140,5,2024-09-15,90,20,8,30,0
3547,5,2024-09-15,142,30,12,4,0
3486,5,2024-09-15,72,40,16,10,0
3702,5,2024-09-15,78,30,12,24,0
2341,5,2024-09-15,72,40,16,14,0
2951,5,2024-09-15,182,30,12,8,0
2931,5,2024-09-15,0,40,16,11,100
3099,5,2024-09-15,310,50,20,6,0
2716,5,2024-09-15,149,40,16,2,0
3353,5,2024-09-15,180,50,20,52,0
3558,5,2024-09-15,121,50,20,0,100
3039,5,2024-09-15,228,50,20,13,0
2129,5,2024-09-15,94,20,8,4,0
3488,5,2024-09-15,89,30,12,13,0
2723,5,2024-09-15,308,75,30,0,0
2560,5,2024-09-15,113,50,20,20,0
3404,5,2024-09-15,0,50,20,16,0
2277,5,2024-09-15,50,30,12,14,0
2673,5,2024-09-15,172,50,20,1,0
2398,5,2024-09-15,234,50,20,20,0
3833,5,2024-09-15,98,30,12,40,0
3141,5,2024-09-15,84,50,20,47,0
3533,5,2024-09-15,230,50,20,20,0
3391,5,2024-09-15,118,50,20,4,0
3741,5,2024-09-15,259,75,30,8,0
3571,5,2024-09-15,55,20,8,71,0
2049,5,2024-09-15,89,30,12,14,0
3269,5,2024-09-15,117,30,12,6,0
2861,5,2024-09-15,186,50,20,14,0
2291,5,2024-09-15,39,20,8,2,0
3021,5,2024-09-15,128,30,12,20,0
2068,5,2024-09-15,107,20,8,5,0
3715,5,2024-09-15,0,40,16,11,0
2813,5,2024-09-15,84,20,8,6,0
3143,5,2024-09-15,0,40,16,15,0
2531,5,2024-09-15,86,20,8,6,0
2654,5,2024-09-15,81,50,20,33,0
3213,5,2024-09-15,166,75,30,46,0
2009,5,2024-09-15,74,30,12,8,0
2611,5,2024-09-15,50,50,20,65,0
2323,5,2024-09-15,170,40,16,2,50
3076,5,2024-09-15,155,100,40,0,0
2178,5,2024-09-15,251,50,20,0,0
3578,5,2024-09-15,87,50,20,1,0
3744,5,2024-09-15,71,50,20,16,0
3436,5,2024-09-15,169,50,20,10,0
2784,5,2024-09-15,38,50,20,48,0
3721,5,2024-09-15,42,40,16,1,50
3536,5,2024-09-15,205,50,20,0,0
2661,5,2024-09-15,36,20,8,9,0
2510,5,2024-09-15,84,30,12,3,0
3708,5,2024-09-15,68,20,8,4,0
3218,5,2024-09-15,0,30,12,21,0
2399,5,2024-09-15,350,75,30,7,0
2823,5,2024-09-15,2,30,12,2,200
2570,5,2024-09-15,96,30,12,14,0
3018,5,2024-09-15,99,30,12,14,0
2848,5,2024-09-15,81,20,8,5,0
2463,5,2024-09-15,52,30,12,7,0
3376,5,2024-09-15,127,40,16,1,0
3187,5,2024-09-15,72,50,20,3,200
2865,5,2024-09-15,74,20,8,22,0
2187,5,2024-09-15,125,30,12,6,0
2325,5,2024-09-15,69,20,8,9,0
2296,5,2024-09-15,0,40,16,7,0
2094,5,2024-09-15,137,30,12,6,0
2695,5,2024-09-15,141,30,12,7,0
2772,5,2024-09-15,66,30,12,1,0
2561,5,2024-09-15,130,30,12,36,0
3713,5,2024-09-15,172,50,20,10,0
2622,5,2024-09-15,0,50,20,15,0
3690,5,2024-09-15,62,40,16,11,0
2602,5,2024-09-15,55,20,8,1,100
3409,5,2024-09-15,61,20,8,15,0
3162,5,2024-09-15,0,30,12,58,150
2838,5,2024-09-15,14,40,16,21,100
2454,5,2024-09-15,286,75,30,2,0
2587,5,2024-09-15,175,30,12,17,0
2960,5,2024-09-15,281,75,30,3,0
3405,5,2024-09-15,67,20,8,6,0
3031,5,2024-09-15,146,100,40,3,300
2125,5,2024-09-15,37,20,8,0,0
2272,5,2024-09-15,122,40,16,20,0
3420,5,2024-09-15,88,30,12,11,50
2176,5,2024-09-15,52,20,8,25,0
3366,5,2024-09-15,232,50,20,6,0
2280,5,2024-09-15,103,40,16,10,0
2576,5,2024-09-15,175,50,20,5,0
2562,5,2024-09-15,201,40,16,16,0
3821,5,2024-09-15,24,30,12,28,0
3310,5,2024-09-15,17,40,16,7,0
3008,5,2024-09-15,168,50,20,18,0
2479,5,2024-09-15,150,40,16,0,0
3192,5,2024-09-15,56,20,8,19,100
3119,5,2024-09-15,90,20,8,2,0
2956,5,2024-09-15,74,75,30,4,0
3608,5,2024-09-15,384,75,30,2,0
3450,5,2024-09-15,123,40,16,11,0
2082,5,2024-09-15,103,30,12,10,0
2396,5,2024-09-15,133,30,12,27,50
2815,5,2024-09-15,171,40,16,16,300
2541,5,2024-09-15,119,30,12,23,0
3338,5,2024-09-15,60,30,12,12,200
2156,5,2024-09-15,238,50,20,15,0
3217,5,2024-09-15,103,30,12,29,0
3077,5,2024-09-15,0,50,20,5,100
2766,5,2024-09-15,288,100,40,18,0
3057,5,2024-09-15,228,50,20,4,0
3196,5,2024-09-15,209,40,16,16,0
2279,5,2024-09-15,39,30,12,51,0
3210,5,2024-09-15,74,20,8,5,200
3737,5,2024-09-15,31,30,12,2,0
2920,5,2024-09-15,96,30,12,10,0
3611,5,2024-09-15,100,40,16,18,0
2643,5,2024-09-15,101,30,12,24,0
3750,5,2024-09-15,92,30,12,25,0
2427,5,2024-09-15,52,40,16,15,0
3506,5,2024-09-15,0,30,12,21,0
2879,5,2024-09-15,31,50,20,10,0
3347,5,2024-09-15,4,50,20,7,0
3368,5,2024-09-15,163,40,16,5,0
2307,5,2024-09-15,271,50,20,6,0
2821,5,2024-09-15,198,75,30,1,100
3276,5,2024-09-15,18,30,12,11,0
2840,5,2024-09-15,90,30,12,6,0
3696,5,2024-09-15,144,50,20,29,200
2711,5,2024-09-15,256,100,40,1,0
3109,5,2024-09-15,49,20,8,12,0
2515,5,2024-09-15,61,20,8,23,0
2876,5,2024-09-15,62,30,12,4,0
2276,5,2024-09-15,71,30,12,26,0
3412,5,2024-09-15,37,40,16,71,200
2731,5,2024-09-15,111,75,30,0,0
3474,5,2024-09-15,174,30,12,3,150
3787,5,2024-09-15,249,40,16,9,100
3442,5,2024-09-15,78,30,12,9,0
2996,5,2024-09-15,406,100,40,1,200
3534,5,2024-09-15,27,40,16,1,0
2168,5,2024-09-15,322,100,40,3,200
2929,5,2024-09-15,88,30,12,2,0
3635,5,2024-09-15,491,100,40,18,0
3234,5,2024-09-15,163,40,16,13,0
2822,5,2024-09-15,95,40,16,11,0
3131,5,2024-09-15,76,20,8,14,0
2391,5,2024-09-15,294,75,30,1,0
3653,5,2024-09-15,100,50,20,12,0
2343,5,2024-09-15,104,40,16,1,0
2660,5,2024-09-15,138,30,12,8,0
2400,5,2024-09-15,134,30,12,3,200
2694,5,2024-09-15,361,100,40,0,0
2158,5,2024-09-15,58,20,8,1,0
3107,5,2024-09-15,116,30,12,7,0
2200,5,2024-09-15,27,40,16,2,0
3723,5,2024-09-15,107,30,12,12,200
2477,5,2024-09-15,87,30,12,2,0
3784,5,2024-09-15,6,20,8,0,0
3693,5,2024-09-15,146,40,16,14,0
3388,5,2024-09-15,151,30,12,11,0
2610,5,2024-09-15,121,100,40,8,0
3427,5,2024-09-15,423,75,30,25,0
2967,5,2024-09-15,66,40,16,20,0
2964,5,2024-09-15,161,75,30,4,0
3792,5,2024-09-15,0,40,16,73,100
2015,5,2024-09-15,149,30,12,52,0
3281,5,2024-09-15,92,20,8,14,0
2837,5,2024-09-15,143,40,16,19,0
2142,5,2024-09-15,17,20,8,4,0
2193,5,2024-09-15,203,75,30,2,0
3574,5,2024-09-15,352,75,30,4,0
3658,5,2024-09-15,25,50,20,10,0
3208,5,2024-09-15,115,30,12,30,0
2718,5,2024-09-15,151,40,16,2,50
2971,5,2024-09-15,115,30,12,37,0
2749,5,2024-09-15,143,40,16,7,0
2945,5,2024-09-15,44,30,12,8,0
2658,5,2024-09-15,95,30,12,5,0
3165,5,2024-09-15,120,75,30,0,0
3287,5,2024-09-15,151,30,12,9,0
2483,5,2024-09-15,237,50,20,35,0
3171,5,2024-09-15,114,50,20,17,0
2770,5,2024-09-15,146,30,12,0,0
2145,5,2024-09-15,245,50,20,9,0
3846,5,2024-09-15,32,40,16,2,0
3706,5,2024-09-15,204,50,20,5,100
2132,5,2024-09-15,174,50,20,12,0
2234,5,2024-09-15,334,50,20,14,0
3297,5,2024-09-15,93,40,16,10,150
3795,5,2024-09-15,130,50,20,5,0
2869,5,2024-09-15,216,50,20,14,0
3233,5,2024-09-15,249,50,20,1,0
3400,5,2024-09-15,0,30,12,22,0
2656,5,2024-09-15,10,20,8,8,0
2053,5,2024-09-15,125,30,12,13,150
3202,5,2024-09-15,64,40,16,66,0
2910,5,2024-09-15,93,20,8,16,0
2533,5,2024-09-15,56,30,12,6,0
3367,5,2024-09-15,271,40,16,28,0
3115,5,2024-09-15,166,50,20,28,200
2252,5,2024-09-15,55,40,16,16,0
2365,5,2024-09-15,184,40,16,8,0
3757,5,2024-09-15,0,30,12,3,0
3060,5,2024-09-15,92,40,16,31,0
3226,5,2024-09-15,126,40,16,13,300
2697,5,2024-09-15,73,20,8,5,0
2461,5,2024-09-15,90,30,12,4,200
3520,5,2024-09-15,79,20,8,28,0
2253,5,2024-09-15,47,20,8,9,0
2900,5,2024-09-15,49,40,16,0,0
3116,5,2024-09-15,118,30,12,7,0
2961,5,2024-09-15,260,75,30,0,0
3130,5,2024-09-15,12,40,16,33,0
2338,5,2024-09-15,37,50,20,46,0
2455,5,2024-09-15,96,40,16,65,0
3775,5,2024-09-15,182,50,20,6,0
2220,5,2024-09-15,163,40,16,14,0
2957,5,2024-09-15,154,100,40,30,0
2043,5,2024-09-15,80,30,12,8,0
3684,5,2024-09-15,161,50,20,31,0
2719,5,2024-09-15,93,20,8,10,0
2511,5,2024-09-15,74,40,16,5,0
3283,5,2024-09-15,124,20,8,8,50
2332,5,2024-09-15,302,75,30,0,0
3363,5,2024-09-15,138,40,16,26,200
3147,5,2024-09-15,80,30,12,14,0
2667,5,2024-09-15,111,50,20,23,0
2894,5,2024-09-15,308,50,20,3,100
2048,5,2024-09-15,127,40,16,2,0
2985,5,2024-09-15,72,20,8,27,100
3577,5,2024-09-15,1,50,20,4,0
3586,5,2024-09-15,124,50,20,3,0
3546,5,2024-09-15,215,40,16,13,0
3382,5,2024-09-15,60,50,20,1,0
2820,5,2024-09-15,115,40,16,17,0
2174,5,2024-09-15,69,50,20,2,0
3004,5,2024-09-15,159,50,20,37,0
2993,5,2024-09-15,214,50,20,18,0
2154,5,2024-09-15,23,20,8,5,200
3665,5,2024-09-15,107,30,12,10,0
2933,5,2024-09-15,93,20,8,15,0
3214,5,2024-09-15,101,30,12,0,0
3152,5,2024-09-15,175,30,12,0,0
2663,5,2024-09-15,0,50,20,2,0
2185,5,2024-09-15,149,30,12,0,0
2948,5,2024-09-15,60,40,16,6,0
2903,5,2024-09-15,223,50,20,4,0
3503,5,2024-09-15,87,30,12,23,0
2618,5,2024-09-15,0,20,8,21,0
2827,5,2024-09-15,113,50,20,2,0
2834,5,2024-09-15,137,30,12,7,0
2565,5,2024-09-15,95,20,8,1,0
3551,5,2024-09-15,433,100,40,11,0
2093,5,2024-09-15,8,20,8,12,0
2219,5,2024-09-15,203,40,16,13,0
3282,5,2024-09-15,26,30,12,1,0
2315,5,2024-09-15,143,40,16,11,0
2421,5,2024-09-15,81,40,16,16,0
3164,5,2024-09-15,141,50,20,7,0
2366,5,2024-09-15,39,30,12,3,0
2381,5,2024-09-15,137,30,12,5,0
3215,5,2024-09-15,68,40,16,4,0
2274,5,2024-09-15,298,50,20,0,0
2098,5,2024-09-15,205,40,16,0,0
3640,5,2024-09-15,30,30,12,3,0
3330,5,2024-09-15,0,50,20,41,0
2633,5,2024-09-15,78,40,16,10,0
3132,5,2024-09-15,126,40,16,1,0
2858,5,2024-09-15,144,50,20,2,0
2779,5,2024-09-15,62,20,8,11,0
2773,5,2024-09-15,0,40,16,2,0
2345,5,2024-09-15,164,50,20,10,0
2845,5,2024-09-15,0,40,16,64,0
2305,5,2024-09-15,227,75,30,0,0
3532,5,2024-09-15,103,75,30,23,0
3410,5,2024-09-15,37,20,8,15,0
3612,5,2024-09-15,97,50,20,86,0
2436,5,2024-09-15,107,30,12,16,0
3199,5,2024-09-15,85,40,16,23,0
3129,5,2024-09-15,182,40,16,5,0
3502,5,2024-09-15,212,75,30,25,0
3662,5,2024-09-15,73,50,20,9,200
2991,5,2024-09-15,237,50,20,0,0
2758,5,2024-09-15,270,50,20,26,0
3418,5,2024-09-15,92,30,12,4,0
3516,5,2024-09-15,113,40,16,13,0
3037,5,2024-09-15,133,75,30,9,0
3236,5,2024-09-15,21,30,12,2,0
3139,5,2024-09-15,130,20,8,18,0
3668,5,2024-09-15,142,40,16,5,300
2691,5,2024-09-15,96,20,8,15,300
3531,5,2024-09-15,233,75,30,18,0
2626,5,2024-09-15,85,30,12,1,0
3813,5,2024-09-15,152,30,12,6,0
2170,5,2024-09-15,194,40,16,10,0
3470,5,2024-09-15,163,40,16,55,0
2507,5,2024-09-15,275,75,30,30,0
2198,5,2024-09-15,30,20,8,20,0
2921,5,2024-09-15,108,30,12,13,0
2755,5,2024-09-15,122,30,12,18,0
3466,5,2024-09-15,84,50,20,26,0
2434,5,2024-09-15,44,50,20,28,0
3557,5,2024-09-15,61,30,12,5,0
2412,5,2024-09-15,36,30,12,22,0
3248,5,2024-09-15,163,75,30,21,0
3724,5,2024-09-15,87,30,12,26,0
3839,5,2024-09-15,82,30,12,32,0
2752,5,2024-09-15,69,50,20,2,0
3561,5,2024-09-15,4,20,8,17,0
2655,5,2024-09-15,55,30,12,10,0
2127,5,2024-09-15,10,20,8,2,0
2370,5,2024-09-15,181,50,20,3,50
2080,5,2024-09-15,188,40,16,5,0
3642,5,2024-09-15,0,100,40,7,0
3701,5,2024-09-15,191,40,16,12,50
3491,5,2024-09-15,104,40,16,18,0
2741,5,2024-09-15,41,40,16,7,50
2935,5,2024-09-15,114,50,20,9,150
2853,5,2024-09-15,62,30,12,0,0
3710,5,2024-09-15,117,40,16,12,0
2472,5,2024-09-15,262,100,40,6,200
2449,5,2024-09-15,309,75,30,9,150
2141,5,2024-09-15,39,30,12,15,300
2740,5,2024-09-15,83,30,12,1,0
2571,5,2024-09-15,36,30,12,3,0
3154,5,2024-09-15,168,40,16,32,300
2447,5,2024-09-15,192,50,20,4,0
2186,5,2024-09-15,314,75,30,7,0
3591,5,2024-09-15,265,75,30,2,0
2257,5,2024-09-15,97,20,8,26,0
2002,5,2024-09-15,492,100,40,2,0
3158,5,2024-09-15,52,50,20,6,0
3673,5,2024-09-15,16,30,12,0,0
2078,5,2024-09-15,136,40,16,44,0
2762,5,2024-09-15,57,30,12,0,50
2474,5,2024-09-15,295,50,20,5,0
3065,5,2024-09-15,87,30,12,33,0
2411,5,2024-09-15,104,30,12,8,0
3256,5,2024-09-15,177,50,20,15,0
3084,5,2024-09-15,33,40,16,18,0
3313,5,2024-09-15,84,40,16,43,50
2249,5,2024-09-15,30,20,8,13,0
3799,5,2024-09-15,162,40,16,15,50
3423,5,2024-09-15,75,30,12,11,0
2327,5,2024-09-15,-6,30,12,7,0
3774,5,2024-09-15,71,30,12,5,0
2536,5,2024-09-15,283,75,30,19,50
2146,5,2024-09-15,34,20,8,4,0
2919,5,2024-09-15,449,100,40,2,0
2209,5,2024-09-15,0,50,20,60,0
3448,5,2024-09-15,94,40,16,13,0
2886,5,2024-09-15,117,75,30,42,0
3725,5,2024-09-15,569,100,40,0,0
3188,5,2024-09-15,386,100,40,1,0
2584,5,2024-09-15,118,20,8,27,0
2864,5,2024-09-15,96,75,30,11,0
2556,5,2024-09-15,141,75,30,3,200
2976,5,2024-09-15,137,40,16,2,0
2898,5,2024-09-15,2,50,20,1,0
2027,5,2024-09-15,249,50,20,1,0
2233,5,2024-09-15,135,50,20,11,0
2721,5,2024-09-15,87,40,16,62,0
2904,5,2024-09-15,43,40,16,14,0
2753,5,2024-09-15,42,30,12,15,0
2742,5,2024-09-15,15,20,8,11,0
3292,5,2024-09-15,35,20,8,72,0
3447,5,2024-09-15,205,75,30,11,0
3260,5,2024-09-15,60,20,8,15,300
2878,5,2024-09-15,118,50,20,21,300
2509,5,2024-09-15,107,50,20,70,0
2521,5,2024-09-15,192,50,20,1,0
2409,5,2024-09-15,25,20,8,12,0
3146,5,2024-09-15,121,50,20,6,0
2867,5,2024-09-15,61,40,16,41,0
2147,5,2024-09-15,56,30,12,8,0
2450,5,2024-09-15,122,50,20,3,0
2888,5,2024-09-15,66,20,8,22,0
2245,5,2024-09-15,127,30,12,19,0
2810,5,2024-09-15,165,50,20,2,0
3091,5,2024-09-15,124,30,12,7,0
3263,5,2024-09-15,110,30,12,2,0
3822,5,2024-09-15,226,75,30,13,0
2316,5,2024-09-15,189,75,30,19,0
2340,5,2024-09-15,413,100,40,22,50
3246,5,2024-09-15,109,30,12,16,0
2061,5,2024-09-15,87,50,20,2,0
2620,5,2024-09-15,97,20,8,15,0
2289,5,2024-09-15,62,20,8,11,0
2162,5,2024-09-15,31,40,16,2,0
3765,5,2024-09-15,68,30,12,23,0
2390,5,2024-09-15,120,30,12,9,0
2734,5,2024-09-15,220,50,20,35,0
2270,5,2024-09-15,16,40,16,3,0
2102,5,2024-09-15,67,20,8,9,0
2847,5,2024-09-15,148,40,16,36,0
3748,5,2024-09-15,89,30,12,45,0
2512,5,2024-09-15,101,75,30,66,0
3639,5,2024-09-15,117,40,16,7,0
3318,5,2024-09-15,23,20,8,4,0
3501,5,2024-09-15,157,40,16,17,0
2054,5,2024-09-15,248,75,30,16,0
3407,5,2024-09-15,34,30,12,2,0
3425,5,2024-09-15,167,30,12,13,300
3062,5,2024-09-15,0,30,12,3,0
3081,5,2024-09-15,91,30,12,31,0
3252,5,2024-09-15,98,30,12,1,0
3806,5,2024-09-15,85,30,12,1,0
2112,5,2024-09-15,215,100,40,20,0
3262,5,2024-09-15,40,20,8,18,0
3386,5,2024-09-15,63,20,8,39,300
2703,5,2024-09-15,27,20,8,3,0
3279,5,2024-09-15,157,40,16,31,0
2374,5,2024-09-15,111,30,12,2,0
3771,5,2024-09-15,324,100,40,8,0
2715,5,2024-09-15,163,40,16,17,0
2057,5,2024-09-15,118,20,8,15,50
2804,5,2024-09-15,63,30,12,2,0
3049,5,2024-09-15,110,30,12,13,0
2184,5,2024-09-15,19,20,8,7,0
3255,5,2024-09-15,35,20,8,39,200
3244,5,2024-09-15,12,20,8,13,0
2550,5,2024-09-15,124,40,16,0,0
2298,5,2024-09-15,152,40,16,8,0
3438,5,2024-09-15,129,40,16,54,0
2284,5,2024-09-15,93,20,8,10,0
3504,5,2024-09-15,187,40,16,22,0
2067,5,2024-09-15,165,40,16,8,0
2324,5,2024-09-15,175,50,20,21,0
3429,5,2024-09-15,155,75,30,4,0
3178,5,2024-09-15,88,30,12,10,0
2135,5,2024-09-15,54,40,16,8,200
3102,5,2024-09-15,20,30,12,1,100
2457,5,2024-09-15,300,75,30,73,100
3011,5,2024-09-15,225,75,30,14,0
2460,5,2024-09-15,53,75,30,2,50
3729,5,2024-09-15,94,50,20,3,0
3066,5,2024-09-15,36,50,20,38,100
3024,5,2024-09-15,132,40,16,11,0
2072,5,2024-09-15,230,75,30,2,0
3010,5,2024-09-15,471,100,40,31,0
3621,5,2024-09-15,39,20,8,16,0
2524,5,2024-09-15,170,50,20,16,0
3661,5,2024-09-15,221,50,20,16,0
2613,5,2024-09-15,229,40,16,17,100
2995,5,2024-09-15,38,20,8,1,0
3322,5,2024-09-15,104,40,16,8,0
2031,5,2024-09-15,66,30,12,1,0
3835,5,2024-09-15,115,40,16,4,0
2559,5,2024-09-15,143,50,20,0,0
3435,5,2024-09-15,97,20,8,16,0
2021,5,2024-09-15,340,75,30,11,0
2442,5,2024-09-15,171,40,16,13,0
2778,5,2024-09-15,36,20,8,15,0
2133,5,2024-09-15,67,30,12,10,0
2183,5,2024-09-15,121,30,12,3,0
2983,5,2024-09-15,46,20,8,15,0
2318,5,2024-09-15,110,50,20,16,0
2255,5,2024-09-15,57,40,16,7,0
2137,5,2024-09-15,191,75,30,29,0
2671,5,2024-09-15,246,50,20,6,0
3012,5,2024-09-15,132,40,16,32,0
2106,5,2024-09-15,105,30,12,16,0
2831,5,2024-09-15,275,40,16,6,0
2974,5,2024-09-15,303,50,20,23,50
3705,5,2024-09-15,0,30,12,26,200
3088,5,2024-09-15,142,30,12,0,200
3124,5,2024-09-15,57,50,20,2,0
3254,5,2024-09-15,113,30,12,4,0
3001,5,2024-09-15,134,40,16,21,0
2736,5,2024-09-15,195,50,20,17,0
3811,5,2024-09-15,81,40,16,10,0
2906,5,2024-09-15,125,40,16,20,0
3265,5,2024-09-15,208,30,12,7,0
2544,5,2024-09-15,110,40,16,20,0
3628,5,2024-09-15,90,20,8,23,100
3517,5,2024-09-15,97,75,30,2,0
3518,5,2024-09-15,90,50,20,6,0
3522,5,2024-09-15,202,40,16,8,0
2230,5,2024-09-15,146,40,16,3,0
2405,5,2024-09-15,137,30,12,27,0
3824,5,2024-09-15,45,30,12,27,0
3717,5,2024-09-15,97,20,8,16,0
2344,5,2024-09-15,334,50,20,2,0
3038,5,2024-09-15,0,30,12,4,0
3194,5,2024-09-15,251,75,30,9,0
3714,5,2024-09-15,18,20,8,12,0
2397,5,2024-09-15,105,30,12,8,0
2497,5,2024-09-15,290,75,30,11,0
3462,5,2024-09-15,68,30,12,1,0
2756,5,2024-09-15,232,75,30,6,0
3634,5,2024-09-15,69,30,12,15,0
3505,5,2024-09-15,122,30,12,1,0
2159,5,2024-09-15,39,20,8,3,0
2499,5,2024-09-15,75,20,8,50,300
3319,5,2024-09-15,101,30,12,12,0
3674,5,2024-09-15,57,40,16,5,0
2526,5,2024-09-15,129,40,16,6,0
2207,5,2024-09-15,59,50,20,10,0
3022,5,2024-09-15,261,75,30,37,200
2895,5,2024-09-15,122,50,20,0,150
3647,5,2024-09-15,141,40,16,10,100
3455,5,2024-09-15,452,100,40,7,0
2091,5,2024-09-15,267,50,20,11,0
3742,5,2024-09-15,150,50,20,22,0
3351,5,2024-09-15,198,40,16,7,0
3815,5,2024-09-15,277,50,20,7,0
2076,5,2024-09-15,139,50,20,6,0
3659,5,2024-09-15,10,20,8,7,0
2828,5,2024-09-15,355,75,30,5,0
3195,5,2024-09-15,37,20,8,31,0
3349,5,2024-09-15,142,75,30,15,0
2432,5,2024-09-15,144,30,12,15,0
2470,5,2024-09-15,278,100,40,13,0
3308,5,2024-09-15,197,50,20,10,0
3700,5,2024-09-15,0,40,16,2,0
3235,5,2024-09-15,482,100,40,3,0
3736,5,2024-09-15,243,50,20,5,0
3598,5,2024-09-15,99,30,12,0,0
3142,5,2024-09-15,87,30,12,35,0
2309,5,2024-09-15,107,30,12,8,0
2846,5,2024-09-15,167,75,30,23,0
2203,5,2024-09-15,131,40,16,0,100
2722,5,2024-09-15,102,50,20,0,0
2435,5,2024-09-15,69,40,16,9,0
2775,5,2024-09-15,179,75,30,2,0
3446,5,2024-09-15,10,30,12,53,0
2491,5,2024-09-15,98,40,16,5,0
3541,5,2024-09-15,145,40,16,7,0
2335,5,2024-09-15,181,50,20,13,0
2260,5,2024-09-15,101,40,16,5,0
2333,5,2024-09-15,210,40,16,28,0
2445,5,2024-09-15,32,30,12,4,0
3731,5,2024-09-15,193,75,30,23,0
2950,5,2024-09-15,77,20,8,7,0
2875,5,2024-09-15,68,40,16,24,0
3374,5,2024-09-15,237,40,16,1,0
3359,5,2024-09-15,0,40,16,3,0
2809,5,2024-09-15,258,50,20,3,0
3249,5,2024-09-15,92,30,12,5,0
2075,5,2024-09-15,126,40,16,49,300
2696,5,2024-09-15,110,40,16,8,0
2311,5,2024-09-15,335,50,20,6,100
3648,5,2024-09-15,223,75,30,4,150
2364,5,2024-09-15,219,30,12,5,0
3294,5,2024-09-15,135,30,12,13,0
2739,5,2024-09-15,115,75,30,17,0
3337,5,2024-09-15,84,20,8,4,0
2066,5,2024-09-15,30,50,20,2,300
2796,5,2024-09-15,53,30,12,3,50
2641,5,2024-09-15,79,40,16,2,0
2143,5,2024-09-15,143,50,20,9,0
2532,5,2024-09-15,242,75,30,28,0
2089,5,2024-09-15,32,30,12,51,0
2175,5,2024-09-15,130,50,20,12,0
3230,5,2024-09-15,93,40,16,33,0
3657,5,2024-09-15,25,30,12,2,100
2322,5,2024-09-15,75,20,8,11,100
3689,5,2024-09-15,170,40,16,11,0
3358,5,2024-09-15,185,30,12,18,0
2901,5,2024-09-15,98,40,16,18,0
2930,5,2024-09-15,46,20,8,17,0
3489,5,2024-09-15,55,30,12,9,0
3413,5,2024-09-15,119,30,12,2,0
3597,5,2024-09-15,15,30,12,15,0
2767,5,2024-09-15,42,20,8,24,0
2423,5,2024-09-15,82,40,16,0,300
2016,5,2024-09-15,116,30,12,13,0
3114,5,2024-09-15,0,50,20,10,0
3328,5,2024-09-15,157,40,16,5,0
2042,5,2024-09-15,241,40,16,28,0
2250,5,2024-09-15,146,75,30,6,0
3186,5,2024-09-15,105,40,16,0,0
2165,5,2024-09-15,78,30,12,15,0
2489,5,2024-09-15,59,40,16,24,0
3341,5,2024-09-15,188,40,16,41,0
2999,5,2024-09-15,68,20,8,13,0
3732,5,2024-09-15,178,75,30,2,0
3740,5,2024-09-15,208,40,16,8,0
2681,5,2024-09-15,169,40,16,9,0
3069,5,2024-09-15,114,30,12,6,0
3524,5,2024-09-15,90,75,30,0,0
2700,5,2024-09-15,77,30,12,10,0
2240,5,2024-09-15,240,75,30,7,0
2488,5,2024-09-15,90,40,16,8,0
3515,5,2024-09-15,88,20,8,1,0
2265,5,2024-09-15,33,50,20,4,0
2022,5,2024-09-15,94,30,12,26,0
3467,5,2024-09-15,174,75,30,13,0
2594,5,2024-09-15,45,20,8,27,0
2229,5,2024-09-15,115,30,12,10,0
3393,5,2024-09-15,69,30,12,22,0
3209,5,2024-09-15,81,20,8,4,0
3512,5,2024-09-15,145,50,20,82,0
3095,5,2024-09-15,83,20,8,6,0
2979,5,2024-09-15,127,50,20,5,0
3221,5,2024-09-15,176,40,16,0,0
3110,5,2024-09-15,10,20,8,0,0
2217,5,2024-09-15,98,30,12,25,0
2880,5,2024-09-15,81,20,8,13,200
3443,5,2024-09-15,124,50,20,43,0
3499,5,2024-09-15,158,40,16,1,0
2844,5,2024-09-15,103,30,12,7,0
2285,5,2024-09-15,13,20,8,2,0
2264,5,2024-09-15,114,40,16,3,0
3728,5,2024-09-15,188,50,20,3,0
2918,5,2024-09-15,177,40,16,7,0
2760,5,2024-09-15,299,75,30,8,0
3082,5,2024-09-15,13,50,20,12,0
3078,5,2024-09-15,39,20,8,4,150
2744,5,2024-09-15,31,30,12,10,0
3379,5,2024-09-15,209,40,16,16,0
3538,5,2024-09-15,88,50,20,1,100
2791,5,2024-09-15,69,40,16,22,0
2595,5,2024-09-15,28,30,12,8,0
3494,5,2024-09-15,0,40,16,53,0
2239,5,2024-09-15,80,30,12,0,0
3245,5,2024-09-15,223,75,30,30,0
2686,5,2024-09-15,89,30,12,1,0
2222,5,2024-09-15,314,75,30,15,100
2597,5,2024-09-15,42,20,8,3,150
3767,5,2024-09-15,95,30,12,14,100
2428,5,2024-09-15,273,75,30,8,0
2360,5,2024-09-15,59,30,12,24,0
3306,5,2024-09-15,93,100,40,10,0
2535,5,2024-09-15,80,20,8,1,0
2816,5,2024-09-15,184,40,16,40,0
3730,5,2024-09-15,106,40,16,54,300
3582,5,2024-09-15,0,100,40,10,0
3335,5,2024-09-15,40,40,16,1,0
3406,5,2024-09-15,66,20,8,15,0
2007,5,2024-09-15,25,30,12,17,0
3090,5,2024-09-15,146,40,16,1,0
3117,5,2024-09-15,90,50,20,6,0
2835,5,2024-09-15,65,50,20,13,0
3312,5,2024-09-15,76,30,12,15,0
2538,5,2024-09-15,4,30,12,3,0
3259,5,2024-09-15,0,50,20,20,0
3251,5,2024-09-15,50,100,40,3,0
3242,5,2024-09-15,30,20,8,12,50
2833,5,2024-09-15,446,75,30,13,0
2115,5,2024-09-15,178,40,16,4,0
2371,5,2024-09-15,261,50,20,33,200
2006,5,2024-09-15,210,75,30,13,0
2720,5,2024-09-15,166,40,16,18,0
2698,5,2024-09-15,111,50,20,4,0
2139,5,2024-09-15,40,75,30,1,0
2558,5,2024-09-15,171,40,16,1,0
3527,5,2024-09-15,106,30,12,17,150
2959,5,2024-09-15,6,40,16,12,0
2167,5,2024-09-15,128,40,16,6,0
3790,5,2024-09-15,174,30,12,9,0
2776,5,2024-09-15,201,75,30,7,0
2430,5,2024-09-15,60,20,8,23,0
2617,5,2024-09-15,165,30,12,48,0
3449,5,2024-09-15,227,100,40,4,100
2494,5,2024-09-15,275,100,40,12,0
3669,5,2024-09-15,112,40,16,15,0
3071,5,2024-09-15,169,75,30,24,0
3487,5,2024-09-15,78,20,8,2,0
3101,5,2024-09-15,8,30,12,18,0
3073,5,2024-09-15,153,30,12,30,0
3836,5,2024-09-15,0,50,20,8,0
2232,5,2024-09-15,49,40,16,6,0
2464,5,2024-09-15,103,30,12,0,200
2292,5,2024-09-15,207,75,30,4,0
3098,5,2024-09-15,317,100,40,34,0
3769,5,2024-09-15,69,20,8,11,0
2599,5,2024-09-15,385,100,40,5,0
3543,5,2024-09-15,238,40,16,10,0
2152,5,2024-09-15,50,75,30,6,0
3042,5,2024-09-15,157,50,20,31,0
2530,5,2024-09-15,165,40,16,7,0
3373,5,2024-09-15,276,50,20,33,0
3092,5,2024-09-15,98,40,16,7,0
2891,5,2024-09-15,59,40,16,5,50
2326,5,2024-09-15,80,30,12,23,0
2019,5,2024-09-16,578,100,40,2,0
3825,5,2024-09-16,276,50,20,7,0
3096,5,2024-09-16,217,75,30,21,0
3539,5,2024-09-16,268,50,20,30,0
3044,5,2024-09-16,0,40,16,19,0
2523,5,2024-09-16,139,75,30,12,0
2050,5,2024-09-16,65,20,8,14,0
2017,5,2024-09-16,151,50,20,19,0
3336,5,2024-09-16,39,20,8,8,0
2101,5,2024-09-16,115,30,12,0,0
3054,5,2024-09-16,110,30,12,13,0
2986,5,2024-09-16,111,50,20,2,0
2070,5,2024-09-16,82,40,16,44,100
2592,5,2024-09-16,89,30,12,18,0
2938,5,2024-09-16,151,50,20,30,0
2119,5,2024-09-16,154,40,16,11,300
2942,5,2024-09-16,100,40,16,6,0
2727,5,2024-09-16,102,30,12,2,0
2363,5,2024-09-16,362,100,40,56,0
2153,5,2024-09-16,0,30,12,6,0
3773,5,2024-09-16,0,30,12,0,0
3321,5,2024-09-16,183,50,20,1,0
3200,5,2024-09-16,196,40,16,42,0
2201,5,2024-09-16,146,30,12,7,0
3471,5,2024-09-16,133,50,20,1,150
3514,5,2024-09-16,38,30,12,23,0
2025,5,2024-09-16,54,30,12,18,0
3017,5,2024-09-16,13,50,20,3,0
3555,5,2024-09-16,101,75,30,9,200
3067,5,2024-09-16,70,50,20,28,0
2871,5,2024-09-16,69,100,40,1,0
3362,5,2024-09-16,116,40,16,23,100
2600,5,2024-09-16,85,20,8,6,0
3753,5,2024-09-16,50,20,8,13,0
2306,5,2024-09-16,53,20,8,1,0
2417,5,2024-09-16,158,40,16,4,0
2314,5,2024-09-16,138,30,12,31,0
2271,5,2024-09-16,186,50,20,8,0
3633,5,2024-09-16,392,75,30,21,0
2988,5,2024-09-16,101,50,20,20,0
3345,5,2024-09-16,124,50,20,25,0
2629,5,2024-09-16,88,30,12,42,50
3677,5,2024-09-16,200,75,30,7,0
2206,5,2024-09-16,160,50,20,15,0
3463,5,2024-09-16,263,75,30,19,0
2627,5,2024-09-16,197,50,20,20,0
3472,5,2024-09-16,86,30,12,5,0
2228,5,2024-09-16,61,20,8,7,0
2020,5,2024-09-16,88,20,8,4,0
3360,5,2024-09-16,127,40,16,8,0
3103,5,2024-09-16,95,40,16,22,100
2649,5,2024-09-16,93,30,12,4,0
2330,5,2024-09-16,165,30,12,9,300
2379,5,2024-09-16,109,30,12,2,0
3498,5,2024-09-16,146,40,16,53,0
2380,5,2024-09-16,150,75,30,11,0
3776,5,2024-09-16,144,40,16,8,0
3422,5,2024-09-16,134,30,12,5,0
2914,5,2024-09-16,32,20,8,5,0
3033,5,2024-09-16,10,20,8,31,0
2104,5,2024-09-16,16,40,16,8,0
3680,5,2024-09-16,207,40,16,0,0
3424,5,2024-09-16,186,40,16,1,0
2107,5,2024-09-16,39,40,16,0,0
2645,5,2024-09-16,107,40,16,17,0
3804,5,2024-09-16,136,40,16,0,0
3417,5,2024-09-16,73,20,8,29,0
2304,5,2024-09-16,116,30,12,5,0
2352,5,2024-09-16,93,40,16,10,0
2987,5,2024-09-16,81,20,8,7,0
2896,5,2024-09-16,180,50,20,0,0
2214,5,2024-09-16,409,100,40,1,0
2368,5,2024-09-16,51,30,12,16,0
3301,5,2024-09-16,167,40,16,30,0
2728,5,2024-09-16,272,40,16,49,0
2215,5,2024-09-16,76,30,12,15,0
3140,5,2024-09-16,81,30,12,44,0
3812,5,2024-09-16,19,20,8,0,50
2473,5,2024-09-16,22,20,8,17,0
3781,5,2024-09-16,278,50,20,44,0
2235,5,2024-09-16,62,20,8,12,150
2802,5,2024-09-16,163,40,16,44,0
3456,5,2024-09-16,170,50,20,30,0
2644,5,2024-09-16,137,30,12,19,0
2666,5,2024-09-16,130,40,16,4,0
3280,5,2024-09-16,-14,40,16,33,0
3198,5,2024-09-16,53,40,16,10,0
3619,5,2024-09-16,172,30,12,27,0
3370,5,2024-09-16,174,40,16,0,0
2678,5,2024-09-16,549,100,40,4,50
2808,5,2024-09-16,192,50,20,11,0
3760,5,2024-09-16,71,20,8,22,0
2321,5,2024-09-16,178,40,16,7,0
3469,5,2024-09-16,78,30,12,5,0
3796,5,2024-09-16,110,30,12,24,0
3174,5,2024-09-16,101,40,16,30,0
3624,5,2024-09-16,91,50,20,28,0
2902,5,2024-09-16,63,40,16,34,0
2855,5,2024-09-16,248,40,16,15,0
2211,5,2024-09-16,81,30,12,4,0
3068,5,2024-09-16,94,50,20,6,0
2683,5,2024-09-16,275,40,16,61,0
2244,5,2024-09-16,141,40,16,11,0
2972,5,2024-09-16,60,30,12,7,0
2927,5,2024-09-16,31,30,12,9,0
3293,5,2024-09-16,139,50,20,18,0
3711,5,2024-09-16,318,75,30,19,0
2614,5,2024-09-16,79,40,16,37,0
2944,5,2024-09-16,118,30,12,15,0
2887,5,2024-09-16,72,30,12,75,0
3645,5,2024-09-16,72,20,8,26,0
2171,5,2024-09-16,0,30,12,31,300
2038,5,2024-09-16,0,40,16,17,0
3023,5,2024-09-16,96,30,12,9,0
3176,5,2024-09-16,122,50,20,7,0
2631,5,2024-09-16,58,30,12,34,0
3519,5,2024-09-16,34,20,8,2,0
2750,5,2024-09-16,104,30,12,17,0
2266,5,2024-09-16,153,30,12,29,0
3529,5,2024-09-16,182,40,16,1,0
2004,5,2024-09-16,191,50,20,1,0
3401,5,2024-09-16,69,30,12,41,0
2149,5,2024-09-16,125,40,16,7,150
2243,5,2024-09-16,107,50,20,2,0
3416,5,2024-09-16,328,50,20,15,100
2001,5,2024-09-16,258,50,20,0,0
2227,5,2024-09-16,53,40,16,3,0
3687,5,2024-09-16,52,20,8,24,200
2866,5,2024-09-16,84,50,20,8,300
2692,5,2024-09-16,85,20,8,5,0
2852,5,2024-09-16,265,100,40,2,0
2136,5,2024-09-16,129,30,12,21,0
3231,5,2024-09-16,71,30,12,0,100
2968,5,2024-09-16,219,50,20,15,0
2010,5,2024-09-16,239,75,30,28,200
2492,5,2024-09-16,83,20,8,8,0
2540,5,2024-09-16,248,50,20,49,0
3175,5,2024-09-16,58,30,12,9,0
2268,5,2024-09-16,166,40,16,23,0
2630,5,2024-09-16,162,30,12,11,0
2690,5,2024-09-16,39,20,8,1,0
3607,5,2024-09-16,40,30,12,2,0
3579,5,2024-09-16,42,30,12,1,0
3350,5,2024-09-16,199,50,20,4,0
3111,5,2024-09-16,126,50,20,34,0
3040,5,2024-09-16,83,20,8,27,0
3272,5,2024-09-16,0,30,12,6,0
2738,5,2024-09-16,278,40,16,6,0
3819,5,2024-09-16,45,20,8,7,0
3075,5,2024-09-16,118,40,16,16,0
3168,5,2024-09-16,96,50,20,17,0
2732,5,2024-09-16,9,20,8,33,0
2440,5,2024-09-16,29,30,12,1,0
2164,5,2024-09-16,92,50,20,7,0
2702,5,2024-09-16,0,50,20,7,0
2885,5,2024-09-16,84,30,12,19,0
2337,5,2024-09-16,60,40,16,6,0
3389,5,2024-09-16,225,100,40,24,0
2085,5,2024-09-16,109,30,12,13,300
2444,5,2024-09-16,141,30,12,0,0
3638,5,2024-09-16,271,75,30,20,0
2278,5,2024-09-16,117,75,30,13,0
3100,5,2024-09-16,0,40,16,5,100
2108,5,2024-09-16,167,40,16,14,50
3807,5,2024-09-16,60,30,12,1,0
3332,5,2024-09-16,170,40,16,0,0
3749,5,2024-09-16,105,20,8,37,0
2181,5,2024-09-16,174,50,20,9,50
3144,5,2024-09-16,143,30,12,7,0
3479,5,2024-09-16,4,75,30,79,0
2420,5,2024-09-16,72,30,12,27,0
2453,5,2024-09-16,101,30,12,5,150
3843,5,2024-09-16,156,40,16,17,0
2545,5,2024-09-16,178,40,16,3,100
2757,5,2024-09-16,282,50,20,13,0
3352,5,2024-09-16,188,50,20,12,0
3805,5,2024-09-16,103,75,30,18,0
2299,5,2024-09-16,173,40,16,11,0
2160,5,2024-09-16,163,50,20,18,0
2812,5,2024-09-16,84,30,12,0,0
3698,5,2024-09-16,126,50,20,6,100
3831,5,2024-09-16,61,20,8,4,0
2023,5,2024-09-16,169,40,16,9,50
3727,5,2024-09-16,68,30,12,0,0
2191,5,2024-09-16,69,50,20,16,0
2395,5,2024-09-16,5,30,12,6,0
3135,5,2024-09-16,163,30,12,15,0
3618,5,2024-09-16,168,30,12,3,0
2350,5,2024-09-16,74,20,8,32,0
2653,5,2024-09-16,47,30,12,12,0
2529,5,2024-09-16,245,100,40,3,0
3646,5,2024-09-16,69,30,12,20,0
2682,5,2024-09-16,37,20,8,4,0
3768,5,2024-09-16,35,50,20,2,0
2593,5,2024-09-16,125,30,12,27,0
2795,5,2024-09-16,83,30,12,0,0
2128,5,2024-09-16,106,50,20,6,0
3225,5,2024-09-16,133,40,16,1,50
2552,5,2024-09-16,43,20,8,2,0
3167,5,2024-09-16,3,20,8,7,0
2303,5,2024-09-16,163,75,30,5,0
3786,5,2024-09-16,211,50,20,25,0
3683,5,2024-09-16,106,40,16,16,0
2005,5,2024-09-16,123,40,16,8,0
3650,5,2024-09-16,220,75,30,10,0
2803,5,2024-09-16,73,20,8,14,100
3478,5,2024-09-16,71,50,20,16,0
3227,5,2024-09-16,158,40,16,3,0
3357,5,2024-09-16,277,75,30,38,0
3745,5,2024-09-16,202,40,16,14,0
3676,5,2024-09-16,43,20,8,13,0
3816,5,2024-09-16,233,40,16,15,300
2155,5,2024-09-16,277,75,30,25,0
3028,5,2024-09-16,36,30,12,6,0
3428,5,2024-09-16,115,30,12,8,0
2487,5,2024-09-16,32,20,8,20,0
3432,5,2024-09-16,109,50,20,2,150
3528,5,2024-09-16,203,40,16,0,0
3756,5,2024-09-16,274,50,20,4,0
2372,5,2024-09-16,58,40,16,8,0
3764,5,2024-09-16,248,50,20,8,0
2392,5,2024-09-16,149,100,40,3,100
2024,5,2024-09-16,54,40,16,16,0
3719,5,2024-09-16,90,30,12,11,0
3016,5,2024-09-16,0,75,30,0,0
3327,5,2024-09-16,242,75,30,7,0
2247,5,2024-09-16,431,75,30,30,0
2471,5,2024-09-16,18,40,16,50,0
3485,5,2024-09-16,64,20,8,25,0
2882,5,2024-09-16,108,30,12,5,0
3513,5,2024-09-16,26,20,8,6,0
2969,5,2024-09-16,84,30,12,14,0
2413,5,2024-09-16,141,30,12,32,0
3758,5,2024-09-16,85,30,12,11,200
2431,5,2024-09-16,244,50,20,13,0
3355,5,2024-09-16,216,40,16,40,0
3228,5,2024-09-16,84,50,20,0,0
3482,5,2024-09-16,97,40,16,26,0
2589,5,2024-09-16,94,30,12,22,0
2059,5,2024-09-16,0,30,12,0,0
3080,5,2024-09-16,349,100,40,3,0
3206,5,2024-09-16,197,50,20,2,0
2625,5,2024-09-16,362,75,30,3,0
2422,5,2024-09-16,23,30,12,16,0
3377,5,2024-09-16,75,30,12,3,0
2805,5,2024-09-16,47,30,12,6,0
3048,5,2024-09-16,245,75,30,1,0
3798,5,2024-09-16,191,40,16,4,0
2646,5,2024-09-16,74,30,12,9,100
3778,5,2024-09-16,112,40,16,27,0
2084,5,2024-09-16,237,75,30,14,0
2836,5,2024-09-16,92,20,8,14,100
3782,5,2024-09-16,53,30,12,23,0
2743,5,2024-09-16,101,20,8,10,100
2517,5,2024-09-16,95,40,16,17,0
2958,5,2024-09-16,77,40,16,10,0
3445,5,2024-09-16,121,40,16,9,0
3414,5,2024-09-16,145,30,12,17,0
2083,5,2024-09-16,175,50,20,3,0
2003,5,2024-09-16,47,20,8,5,0
2897,5,2024-09-16,458,100,40,0,0
2317,5,2024-09-16,0,30,12,0,0
3509,5,2024-09-16,51,20,8,6,0
2312,5,2024-09-16,360,75,30,0,0
3138,5,2024-09-16,34,30,12,15,0
2438,5,2024-09-16,129,30,12,8,0
2522,5,2024-09-16,218,50,20,14,0
3568,5,2024-09-16,54,20,8,0,0
3385,5,2024-09-16,98,30,12,1,0
2676,5,2024-09-16,159,40,16,1,0
3063,5,2024-09-16,142,40,16,7,0
2225,5,2024-09-16,84,20,8,0,0
2607,5,2024-09-16,95,50,20,20,0
2873,5,2024-09-16,84,30,12,21,0
2783,5,2024-09-16,140,40,16,79,300
2039,5,2024-09-16,164,40,16,16,0
2349,5,2024-09-16,253,75,30,32,0
3788,5,2024-09-16,90,40,16,21,0
3439,5,2024-09-16,99,30,12,5,0
2997,5,2024-09-16,16,40,16,1,0
2402,5,2024-09-16,155,50,20,36,0
2130,5,2024-09-16,181,50,20,37,0
2418,5,2024-09-16,85,40,16,2,0
2077,5,2024-09-16,0,75,30,1,300
2746,5,2024-09-16,154,40,16,11,0
3823,5,2024-09-16,73,20,8,12,0
3630,5,2024-09-16,108,30,12,4,0
3458,5,2024-09-16,47,20,8,7,0
3097,5,2024-09-16,122,50,20,1,100
3053,5,2024-09-16,76,30,12,58,200
2117,5,2024-09-16,41,30,12,21,0
2839,5,2024-09-16,55,20,8,24,100
3785,5,2024-09-16,85,40,16,5,0
2051,5,2024-09-16,192,40,16,4,0
3459,5,2024-09-16,117,30,12,1,0
2346,5,2024-09-16,265,50,20,25,0
2408,5,2024-09-16,182,50,20,1,0
2754,5,2024-09-16,179,40,16,12,0
3339,5,2024-09-16,101,30,12,25,0
2962,5,2024-09-16,34,50,20,9,0
3220,5,2024-09-16,89,30,12,42,50
3452,5,2024-09-16,125,40,16,33,0
3239,5,2024-09-16,64,20,8,0,0
2468,5,2024-09-16,151,40,16,1,0
3814,5,2024-09-16,460,75,30,48,0
2566,5,2024-09-16,155,30,12,1,150
2726,5,2024-09-16,119,40,16,13,50
2553,5,2024-09-16,80,30,12,2,50
3030,5,2024-09-16,153,30,12,3,0
2212,5,2024-09-16,79,40,16,20,0
2953,5,2024-09-16,77,20,8,99,0
3560,5,2024-09-16,179,40,16,3,0
2294,5,2024-09-16,127,40,16,45,0
3692,5,2024-09-16,104,40,16,13,0
2680,5,2024-09-16,201,40,16,2,0
3508,5,2024-09-16,47,20,8,24,0
3232,5,2024-09-16,242,100,40,13,0
3580,5,2024-09-16,129,20,8,24,0
2965,5,2024-09-16,107,50,20,15,0
2668,5,2024-09-16,270,75,30,12,0
2087,5,2024-09-16,159,30,12,20,0
2909,5,2024-09-16,86,30,12,1,0
3838,5,2024-09-16,154,40,16,7,50
2385,5,2024-09-16,104,40,16,7,0
3219,5,2024-09-16,77,20,8,19,0
3616,5,2024-09-16,125,20,8,21,0
3461,5,2024-09-16,82,20,8,33,0
2907,5,2024-09-16,124,50,20,0,0
2134,5,2024-09-16,163,40,16,4,0
3300,5,2024-09-16,53,20,8,10,0
2439,5,2024-09-16,99,50,20,14,0
2416,5,2024-09-16,148,40,16,3,0
2520,5,2024-09-16,32,20,8,13,200
3594,5,2024-09-16,180,40,16,3,0
2441,5,2024-09-16,15,40,16,1,0
2606,5,2024-09-16,13,50,20,18,0
3243,5,2024-09-16,91,40,16,1,0
3056,5,2024-09-16,183,50,20,15,0
2387,5,2024-09-16,108,40,16,3,150
2854,5,2024-09-16,385,100,40,24,0
3507,5,2024-09-16,230,50,20,11,0
2393,5,2024-09-16,188,75,30,5,200
3592,5,2024-09-16,56,40,16,29,0
2339,5,2024-09-16,4,20,8,26,0
3344,5,2024-09-16,215,50,20,21,0
2205,5,2024-09-16,58,40,16,6,0
2204,5,2024-09-16,119,30,12,5,0
3237,5,2024-09-16,386,100,40,34,0
2868,5,2024-09-16,62,75,30,12,0
3331,5,2024-09-16,42,100,40,22,0
3610,5,2024-09-16,89,40,16,58,0
3295,5,2024-09-16,62,40,16,6,0
2841,5,2024-09-16,142,40,16,17,0
3453,5,2024-09-16,54,20,8,11,0
3159,5,2024-09-16,202,100,40,4,0
2751,5,2024-09-16,368,50,20,3,100
2998,5,2024-09-16,147,50,20,11,0
2608,5,2024-09-16,150,50,20,16,0
2843,5,2024-09-16,175,50,20,3,0
2348,5,2024-09-16,33,40,16,28,0
3072,5,2024-09-16,96,30,12,27,0
2949,5,2024-09-16,202,50,20,30,50
2056,5,2024-09-16,6,30,12,9,0
2857,5,2024-09-16,59,20,8,22,0
3203,5,2024-09-16,322,100,40,18,0
3476,5,2024-09-16,75,50,20,12,0
2361,5,2024-09-16,86,75,30,2,0
2103,5,2024-09-16,86,50,20,42,0
2705,5,2024-09-16,146,30,12,3,0
2026,5,2024-09-16,292,50,20,2,0
2269,5,2024-09-16,115,30,12,0,0
3184,5,2024-09-16,78,20,8,33,0
3497,5,2024-09-16,209,50,20,4,0
2100,5,2024-09-16,64,30,12,4,0
3127,5,2024-09-16,77,30,12,5,0
3320,5,2024-09-16,60,50,20,18,0
3545,5,2024-09-16,217,30,12,3,0
2111,5,2024-09-16,267,75,30,8,0
3160,5,2024-09-16,37,20,8,0,150
2765,5,2024-09-16,22,20,8,19,0
2035,5,2024-09-16,109,30,12,12,0
3651,5,2024-09-16,31,20,8,12,0
3743,5,2024-09-16,52,20,8,29,0
3000,5,2024-09-16,117,40,16,57,0
2670,5,2024-09-16,122,50,20,39,0
3211,5,2024-09-16,628,100,40,65,0
3726,5,2024-09-16,99,30,12,9,0
2638,5,2024-09-16,191,30,12,2,150
2601,5,2024-09-16,62,20,8,4,200
2689,5,2024-09-16,139,40,16,3,0
2850,5,2024-09-16,94,20,8,1,0
2954,5,2024-09-16,108,30,12,31,0
2527,5,2024-09-16,86,40,16,0,0
3454,5,2024-09-16,312,50,20,7,0
2546,5,2024-09-16,178,50,20,9,0
2034,5,2024-09-16,67,30,12,7,0
3372,5,2024-09-16,144,50,20,6,0
2780,5,2024-09-16,226,75,30,15,0
3845,5,2024-09-16,125,100,40,11,150
3392,5,2024-09-16,15,20,8,39,0
2799,5,2024-09-16,115,40,16,25,0
2041,5,2024-09-16,171,30,12,1,0
2466,5,2024-09-16,91,20,8,5,0
3641,5,2024-09-16,194,40,16,3,0
3752,5,2024-09-16,132,30,12,9,0
3378,5,2024-09-16,204,40,16,7,0
3173,5,2024-09-16,202,75,30,7,0
2952,5,2024-09-16,123,20,8,46,100
2747,5,2024-09-16,423,75,30,2,0
3247,5,2024-09-16,91,40,16,1,0
3718,5,2024-09-16,204,40,16,3,0
2273,5,2024-09-16,143,30,12,1,100
2709,5,2024-09-16,266,40,16,26,0
2940,5,2024-09-16,150,40,16,1,0
3602,5,2024-09-16,168,40,16,24,0
3286,5,2024-09-16,182,75,30,13,0
3191,5,2024-09-16,136,40,16,1,0
2870,5,2024-09-16,65,20,8,3,0
3567,5,2024-09-16,93,30,12,36,0
2941,5,2024-09-16,84,20,8,35,0
2963,5,2024-09-16,215,50,20,4,0
3343,5,2024-09-16,56,20,8,14,0
2764,5,2024-09-16,44,30,12,11,0
3808,5,2024-09-16,136,40,16,24,0
2196,5,2024-09-16,66,20,8,37,0
3631,5,2024-09-16,173,50,20,10,0
2406,5,2024-09-16,81,40,16,19,0
3398,5,2024-09-16,395,75,30,33,0
2908,5,2024-09-16,225,50,20,3,300
3480,5,2024-09-16,50,30,12,4,0
2090,5,2024-09-16,130,40,16,26,0
2172,5,2024-09-16,78,40,16,12,0
2288,5,2024-09-16,76,30,12,14,0
2537,5,2024-09-16,311,50,20,17,0
2832,5,2024-09-16,55,40,16,17,0
2669,5,2024-09-16,81,20,8,13,0
3530,5,2024-09-16,26,20,8,27,0
3783,5,2024-09-16,176,40,16,19,0
3180,5,2024-09-16,313,50,20,15,0
3340,5,2024-09-16,0,40,16,1,0
3431,5,2024-09-16,110,20,8,27,0
2353,5,2024-09-16,61,75,30,22,0
3041,5,2024-09-16,85,40,16,32,0
2582,5,2024-09-16,58,20,8,5,0
2616,5,2024-09-16,190,75,30,12,0
2498,5,2024-09-16,88,30,12,30,0
3434,5,2024-09-16,66,30,12,0,200
3113,5,2024-09-16,37,40,16,1,0
3615,5,2024-09-16,0,30,12,10,0
3590,5,2024-09-16,407,100,40,3,0
2503,5,2024-09-16,30,50,20,11,0
3426,5,2024-09-16,29,30,12,19,0
2036,5,2024-09-16,136,40,16,5,0
2769,5,2024-09-16,52,40,16,7,0
3201,5,2024-09-16,141,50,20,5,0
3172,5,2024-09-16,89,30,12,3,0
2109,5,2024-09-16,46,20,8,1,0
2514,5,2024-09-16,104,30,12,15,0
3830,5,2024-09-16,91,75,30,8,0
2210,5,2024-09-16,79,30,12,14,0
3204,5,2024-09-16,81,20,8,10,0
3772,5,2024-09-16,24,50,20,8,0
2086,5,2024-09-16,54,30,12,40,0
2939,5,2024-09-16,433,100,40,1,0
3094,5,2024-09-16,112,30,12,0,50
2704,5,2024-09-16,87,40,16,60,0
2913,5,2024-09-16,75,20,8,2,0
3511,5,2024-09-16,180,40,16,1,0
2122,5,2024-09-16,162,40,16,6,50
2588,5,2024-09-16,219,50,20,8,0
2518,5,2024-09-16,100,30,12,14,0
3403,5,2024-09-16,356,100,40,3,0
2213,5,2024-09-16,99,30,12,23,0
3375,5,2024-09-16,41,20,8,6,0
2685,5,2024-09-16,132,40,16,1,100
3153,5,2024-09-16,216,40,16,24,0
2044,5,2024-09-16,63,30,12,4,300
2500,5,2024-09-16,357,75,30,3,0
3841,5,2024-09-16,36,40,16,15,0
2789,5,2024-09-16,16,50,20,9,0
3396,5,2024-09-16,57,30,12,49,200
2759,5,2024-09-16,92,50,20,27,200
3395,5,2024-09-16,240,40,16,11,0
2202,5,2024-09-16,66,40,16,16,200
2045,5,2024-09-16,25,20,8,5,0
3614,5,2024-09-16,100,30,12,10,0
2774,5,2024-09-16,283,50,20,7,0
2377,5,2024-09-16,148,50,20,23,0
2657,5,2024-09-16,0,30,12,6,0
2351,5,2024-09-16,136,30,12,2,0
3303,5,2024-09-16,291,100,40,16,0
3587,5,2024-09-16,139,75,30,17,0
3006,5,2024-09-16,110,30,12,26,0
3465,5,2024-09-16,120,30,12,0,0
2384,5,2024-09-16,37,20,8,9,0
3716,5,2024-09-16,72,30,12,7,0
3682,5,2024-09-16,64,40,16,5,0
3553,5,2024-09-16,71,30,12,13,0
3603,5,2024-09-16,131,40,16,7,0
2745,5,2024-09-16,53,50,20,0,0
2581,5,2024-09-16,101,30,12,27,0
3685,5,2024-09-16,198,75,30,35,0
3747,5,2024-09-16,180,75,30,45,0
2568,5,2024-09-16,0,40,16,17,0
2619,5,2024-09-16,112,20,8,5,50
2782,5,2024-09-16,96,40,16,26,0
3576,5,2024-09-16,74,20,8,8,0
3229,5,2024-09-16,169,75,30,18,300
2071,5,2024-09-16,544,100,40,11,0
2429,5,2024-09-16,80,20,8,27,0
2426,5,2024-09-16,365,75,30,11,0
3089,5,2024-09-16,132,30,12,13,0
2675,5,2024-09-16,139,30,12,21,0
3325,5,2024-09-16,120,30,12,1,0
3304,5,2024-09-16,216,50,20,17,0
3660,5,2024-09-16,126,40,16,10,50
3121,5,2024-09-16,62,40,16,1,200
2934,5,2024-09-16,107,30,12,3,0
3383,5,2024-09-16,229,75,30,44,0
2383,5,2024-09-16,113,40,16,5,0
2354,5,2024-09-16,167,40,16,5,0
3212,5,2024-09-16,141,30,12,5,0
2482,5,2024-09-16,12,40,16,2,0
3451,5,2024-09-16,80,50,20,7,0
3681,5,2024-09-16,49,30,12,8,0
2725,5,2024-09-16,70,30,12,4,0
2917,5,2024-09-16,79,30,12,0,0
2261,5,2024-09-16,182,40,16,19,0
2849,5,2024-09-16,104,40,16,23,0
2302,5,2024-09-16,0,50,20,46,0
2433,5,2024-09-16,29,20,8,27,0
3548,5,2024-09-16,154,30,12,32,300
2342,5,2024-09-16,199,40,16,5,50
2651,5,2024-09-16,97,50,20,44,0
3777,5,2024-09-16,98,30,12,10,0
3800,5,2024-09-16,127,20,8,25,0
3136,5,2024-09-16,9,50,20,5,0
3844,5,2024-09-16,29,30,12,1,300
2679,5,2024-09-16,158,40,16,0,0
2807,5,2024-09-16,203,40,16,9,200
3003,5,2024-09-16,82,40,16,15,0
2192,5,2024-09-16,65,40,16,7,0
2980,5,2024-09-16,187,50,20,2,0
3123,5,2024-09-16,118,40,16,5,0
3009,5,2024-09-16,108,30,12,16,0
2310,5,2024-09-16,88,50,20,8,0
3014,5,2024-09-16,79,50,20,12,0
3837,5,2024-09-16,21,30,12,7,200
2989,5,2024-09-16,178,75,30,4,0
3712,5,2024-09-16,64,20,8,14,200
2534,5,2024-09-16,71,50,20,19,0
2248,5,2024-09-16,67,75,30,47,0
3013,5,2024-09-16,107,30,12,21,0
3847,5,2024-09-16,145,30,12,8,100
2647,5,2024-09-16,362,75,30,4,300
3326,5,2024-09-16,150,40,16,1,0
2301,5,2024-09-16,185,40,16,23,0
2911,5,2024-09-16,42,20,8,0,0
2712,5,2024-09-16,29,30,12,9,0
3074,5,2024-09-16,192,30,12,2,0
3666,5,2024-09-16,172,40,16,7,0
3563,5,2024-09-16,196,40,16,37,0
3356,5,2024-09-16,99,30,12,3,0
2549,5,2024-09-16,129,40,16,33,0
3002,5,2024-09-16,0,75,30,13,0
3381,5,2024-09-16,167,40,16,3,0
2699,5,2024-09-16,116,30,12,0,0
3205,5,2024-09-16,128,40,16,8,0
2984,5,2024-09-16,150,40,16,7,300
3643,5,2024-09-16,51,20,8,4,0
2063,5,2024-09-16,56,40,16,5,0
3473,5,2024-09-16,123,20,8,14,0
2490,5,2024-09-16,99,30,12,11,0
3324,5,2024-09-16,122,40,16,1,0
2604,5,2024-09-16,51,20,8,1,0
3302,5,2024-09-16,72,50,20,27,0
3314,5,2024-09-16,154,75,30,40,100
3025,5,2024-09-16,335,50,20,4,0
2603,5,2024-09-16,172,40,16,20,0
2451,5,2024-09-16,126,30,12,1,300
3441,5,2024-09-16,213,75,30,13,0
2771,5,2024-09-16,204,50,20,1,0
2238,5,2024-09-16,52,20,8,6,150
2282,5,2024-09-16,92,40,16,15,0
3240,5,2024-09-16,204,50,20,12,0
3537,5,2024-09-16,104,30,12,5,0
2437,5,2024-09-16,0,20,8,4,0
3253,5,2024-09-16,211,50,20,21,0
3046,5,2024-09-16,126,30,12,5,0
2583,5,2024-09-16,187,50,20,23,0
2376,5,2024-09-16,180,50,20,30,0
3444,5,2024-09-16,460,100,40,20,0
3346,5,2024-09-16,189,40,16,27,0
3264,5,2024-09-16,126,30,12,9,0
2733,5,2024-09-16,234,75,30,4,150
2151,5,2024-09-16,160,50,20,23,0
2469,5,2024-09-16,54,50,20,38,0
2580,5,2024-09-16,29,50,20,28,100
2281,5,2024-09-16,145,50,20,21,0
2659,5,2024-09-16,87,75,30,12,0
2446,5,2024-09-16,20,20,8,14,0
3627,5,2024-09-16,176,50,20,0,0
3703,5,2024-09-16,62,30,12,20,0
2946,5,2024-09-16,65,30,12,9,0
2358,5,2024-09-16,126,50,20,7,0
3179,5,2024-09-16,61,40,16,13,200
2519,5,2024-09-16,56,30,12,22,50
2501,5,2024-09-16,261,40,16,7,50
3182,5,2024-09-16,95,40,16,45,0
2862,5,2024-09-16,132,50,20,3,0
2737,5,2024-09-16,264,75,30,1,0
2481,5,2024-09-16,290,100,40,13,0
3137,5,2024-09-16,9,30,12,2,0
2650,5,2024-09-16,230,50,20,8,0
2110,5,2024-09-16,141,75,30,2,0
2069,5,2024-09-16,93,30,12,2,0
3311,5,2024-09-16,50,20,8,5,0
3275,5,2024-09-16,20,75,30,19,200
2539,5,2024-09-16,222,50,20,66,150
3316,5,2024-09-16,162,40,16,19,0
2079,5,2024-09-16,106,20,8,22,200
2637,5,2024-09-16,55,20,8,8,0
3043,5,2024-09-16,41,20,8,53,0
2386,5,2024-09-16,283,50,20,13,150
2634,5,2024-09-16,198,40,16,9,0
3149,5,2024-09-16,134,40,16,3,0
3156,5,2024-09-16,61,20,8,2,0
2319,5,2024-09-16,58,50,20,27,0
3572,5,2024-09-16,136,75,30,7,0
3542,5,2024-09-16,314,75,30,1,0
2018,5,2024-09-16,451,100,40,10,0
2884,5,2024-09-16,132,40,16,30,0
3055,5,2024-09-16,77,40,16,2,0
3549,5,2024-09-16,98,75,30,23,0
3290,5,2024-09-16,163,40,16,3,0
3664,5,2024-09-16,185,50,20,38,0
2591,5,2024-09-16,0,40,16,8,0
3334,5,2024-09-16,185,40,16,1,0
3656,5,2024-09-16,66,30,12,2,50
2060,5,2024-09-16,88,50,20,10,0
2777,5,2024-09-16,193,40,16,31,0
3770,5,2024-09-16,368,100,40,10,0
2826,5,2024-09-16,62,75,30,10,150
3309,5,2024-09-16,71,40,16,18,0
3751,5,2024-09-16,146,40,16,4,200
3540,5,2024-09-16,133,40,16,41,150
3408,5,2024-09-16,137,40,16,11,300
2097,5,2024-09-16,121,30,12,28,0
2118,5,2024-09-16,366,75,30,111,0
2508,5,2024-09-16,154,75,30,4,150
2717,5,2024-09-16,2,50,20,1,0
2367,5,2024-09-16,160,50,20,6,0
3605,5,2024-09-16,0,40,16,31,0
3797,5,2024-09-16,84,30,12,6,0
3419,5,2024-09-16,23,40,16,24,0
3791,5,2024-09-16,8,20,8,1,0
2516,5,2024-09-16,123,30,12,12,0
3562,5,2024-09-16,12,30,12,16,0
3606,5,2024-09-16,107,30,12,9,0
2768,5,2024-09-16,214,30,12,23,0
2254,5,2024-09-16,16,40,16,28,0
2329,5,2024-09-16,53,40,16,5,200
3802,5,2024-09-16,90,30,12,7,0
2825,5,2024-09-16,138,50,20,0,0
3126,5,2024-09-16,100,30,12,3,0
3722,5,2024-09-16,114,30,12,0,0
3589,5,2024-09-16,45,30,12,31,0
2218,5,2024-09-16,100,40,16,11,0
3709,5,2024-09-16,176,75,30,24,0
3222,5,2024-09-16,323,100,40,6,300
3134,5,2024-09-16,75,20,8,24,0
2030,5,2024-09-16,245,50,20,24,0
3695,5,2024-09-16,131,50,20,8,0
3106,5,2024-09-16,156,50,20,0,0
2543,5,2024-09-16,287,75,30,2,0
3317,5,2024-09-16,89,20,8,19,0
2356,5,2024-09-16,97,40,16,2,200
3523,5,2024-09-16,44,20,8,11,0
3128,5,2024-09-16,38,20,8,0,0
2806,5,2024-09-16,0,50,20,12,100
2452,5,2024-09-16,153,40,16,5,0
3834,5,2024-09-16,99,30,12,3,0
3380,5,2024-09-16,217,40,16,2,0
3679,5,2024-09-16,72,40,16,3,0
3671,5,2024-09-16,84,30,12,14,0
3564,5,2024-09-16,48,20,8,5,0
2121,5,2024-09-16,133,40,16,4,0
2414,5,2024-09-16,159,40,16,8,50
2937,5,2024-09-16,210,50,20,9,0
2014,5,2024-09-16,87,20,8,4,0
3575,5,2024-09-16,97,20,8,4,0
2881,5,2024-09-16,146,50,20,8,0
3223,5,2024-09-16,104,40,16,18,200
2173,5,2024-09-16,111,30,12,16,0
3315,5,2024-09-16,158,40,16,7,0
3411,5,2024-09-16,44,20,8,29,100
2547,5,2024-09-16,114,20,8,7,0
2120,5,2024-09-16,52,20,8,0,0
3354,5,2024-09-16,175,40,16,22,300
3170,5,2024-09-16,70,20,8,4,0
3197,5,2024-09-16,58,30,12,6,0
3794,5,2024-09-16,47,30,12,20,300
2590,5,2024-09-16,164,50,20,14,0
2970,5,2024-09-16,125,50,20,15,100
2819,5,2024-09-16,258,50,20,59,0
3734,5,2024-09-16,125,30,12,0,0
2640,5,2024-09-16,153,40,16,7,0
2382,5,2024-09-16,191,50,20,4,0
3402,5,2024-09-16,133,50,20,2,0
3623,5,2024-09-16,179,50,20,11,0
3652,5,2024-09-16,95,20,8,9,0
2761,5,2024-09-16,55,20,8,10,0
2567,5,2024-09-16,81,20,8,4,0
3061,5,2024-09-16,95,20,8,8,0
3637,5,2024-09-16,47,40,16,82,0
2040,5,2024-09-16,135,50,20,13,300
2046,5,2024-09-16,115,40,16,33,0
3526,5,2024-09-16,28,50,20,4,0
2936,5,2024-09-16,70,30,12,8,0
3828,5,2024-09-16,115,50,20,3,0
2542,5,2024-09-16,12,20,8,5,0
3493,5,2024-09-16,167,40,16,15,0
3267,5,2024-09-16,111,30,12,15,100
2013,5,2024-09-16,87,30,12,39,0
2781,5,2024-09-16,110,40,16,14,0
3051,5,2024-09-16,161,50,20,12,0
2161,5,2024-09-16,146,30,12,37,0
3483,5,2024-09-16,87,40,16,27,100
2088,5,2024-09-16,18,30,12,31,0
2123,5,2024-09-16,134,100,40,0,0
2287,5,2024-09-16,200,50,20,13,0
2994,5,2024-09-16,155,40,16,3,0
2856,5,2024-09-16,45,30,12,3,0
2496,5,2024-09-16,135,75,30,0,0
2555,5,2024-09-16,177,40,16,4,0
3305,5,2024-09-16,156,50,20,16,0
3818,5,2024-09-16,152,40,16,8,0
3394,5,2024-09-16,131,30,12,10,0
2458,5,2024-09-16,121,50,20,7,50
2977,5,2024-09-16,21,30,12,5,0
2973,5,2024-09-16,22,30,12,10,0
3035,5,2024-09-16,403,75,30,4,0
3484,5,2024-09-16,264,50,20,4,200
2818,5,2024-09-16,20,20,8,73,0
3224,5,2024-09-16,35,20,8,21,0
3277,5,2024-09-16,87,40,16,4,300
3704,5,2024-09-16,164,30,12,16,150
2126,5,2024-09-16,83,30,12,17,0
2064,5,2024-09-16,201,40,16,2,0
3125,5,2024-09-16,157,30,12,9,100
2055,5,2024-09-16,87,30,12,7,0
3430,5,2024-09-16,99,30,12,14,0
3817,5,2024-09-16,347,75,30,37,0
3644,5,2024-09-16,108,50,20,15,0
2180,5,2024-09-16,73,30,12,1,0
3521,5,2024-09-16,232,75,30,4,0
2708,5,2024-09-16,177,50,20,9,0
2505,5,2024-09-16,155,50,20,3,0
2842,5,2024-09-16,170,50,20,22,0
2373,5,2024-09-16,117,30,12,1,0
2242,5,2024-09-16,158,50,20,0,0
3070,5,2024-09-16,93,30,12,8,0
3789,5,2024-09-16,98,50,20,28,100
3649,5,2024-09-16,-4,20,8,5,0
2923,5,2024-09-16,131,30,12,13,0
2990,5,2024-09-16,162,40,16,3,0
3803,5,2024-09-16,158,40,16,9,0
2241,5,2024-09-16,6,20,8,31,0
2684,5,2024-09-16,196,75,30,9,0
2905,5,2024-09-16,184,40,16,11,0
3052,5,2024-09-16,13,20,8,0,0
2362,5,2024-09-16,55,50,20,0,0
2824,5,2024-09-16,19,30,12,2,300
3759,5,2024-09-16,85,20,8,1,0
2586,5,2024-09-16,26,20,8,3,0
3163,5,2024-09-16,22,20,8,0,0
2787,5,2024-09-16,118,30,12,5,0
3556,5,2024-09-16,0,30,12,38,0
3059,5,2024-09-16,127,30,12,9,0
2724,5,2024-09-16,117,50,20,11,0
2033,5,2024-09-16,40,30,12,41,150
2237,5,2024-09-16,223,50,20,12,0
2978,5,2024-09-16,133,100,40,2,0
3801,5,2024-09-16,103,20,8,3,0
3266,5,2024-09-16,100,40,16,31,0
2467,5,2024-09-16,168,40,16,16,0
2924,5,2024-09-16,48,50,20,12,150
2188,5,2024-09-16,116,40,16,47,150
3550,5,2024-09-16,128,30,12,0,0
3780,5,2024-09-16,41,20,8,7,0
2419,5,2024-09-16,152,75,30,29,0
2092,5,2024-09-16,123,30,12,25,0
2415,5,2024-09-16,73,20,8,19,0
2443,5,2024-09-16,226,50,20,11,0
2915,5,2024-09-16,406,100,40,4,0
3697,5,2024-09-16,66,20,8,20,0
2355,5,2024-09-16,160,100,40,26,0
2892,5,2024-09-16,110,50,20,8,0
3565,5,2024-09-16,212,50,20,5,0
2456,5,2024-09-16,7,75,30,2,0
3155,5,2024-09-16,223,50,20,4,0
2105,5,2024-09-16,116,30,12,57,0
2295,5,2024-09-16,87,50,20,31,0
2788,5,2024-09-16,125,75,30,54,0
3840,5,2024-09-16,139,50,20,13,150
3369,5,2024-09-16,106,30,12,29,0
2943,5,2024-09-16,376,75,30,6,0
2216,5,2024-09-16,333,100,40,11,0
3829,5,2024-09-16,125,75,30,4,0
3291,5,2024-09-16,450,75,30,58,0
2052,5,2024-09-16,113,50,20,19,0
3104,5,2024-09-16,158,50,20,0,0
3397,5,2024-09-16,133,75,30,12,200
3083,5,2024-09-16,89,40,16,7,0
3050,5,2024-09-16,155,30,12,10,0
2150,5,2024-09-16,305,75,30,18,300
3595,5,2024-09-16,16,40,16,47,0
2707,5,2024-09-16,52,75,30,26,0
2912,5,2024-09-16,52,30,12,26,0
2495,5,2024-09-16,23,20,8,5,0
2251,5,2024-09-16,50,40,16,47,0
2182,5,2024-09-16,74,50,20,9,0
2575,5,2024-09-16,73,40,16,5,0
3754,5,2024-09-16,185,30,12,24,0
3525,5,2024-09-16,165,50,20,0,0
2475,5,2024-09-16,55,50,20,10,0
2486,5,2024-09-16,381,50,20,41,0
2116,5,2024-09-16,87,40,16,7,100
3584,5,2024-09-16,81,20,8,0,0
3457,5,2024-09-16,201,75,30,5,100
3675,5,2024-09-16,289,75,30,0,0
3569,5,2024-09-16,74,20,8,36,150
2713,5,2024-09-16,216,50,20,1,50
2966,5,2024-09-16,89,40,16,52,0
3365,5,2024-09-16,51,50,20,25,0
3761,5,2024-09-16,90,40,16,1,0
2378,5,2024-09-16,135,50,20,5,0
3278,5,2024-09-16,181,30,12,23,150
3238,5,2024-09-16,144,50,20,59,0
2336,5,2024-09-16,59,40,16,28,0
2693,5,2024-09-16,34,20,8,3,0
3809,5,2024-09-16,84,30,12,18,0
2922,5,2024-09-16,21,50,20,15,0
3027,5,2024-09-16,35,40,16,27,0
3495,5,2024-09-16,57,50,20,30,0
2572,5,2024-09-16,46,20,8,43,0
3118,5,2024-09-16,150,50,20,27,100
2246,5,2024-09-16,253,75,30,22,100
2710,5,2024-09-16,180,50,20,13,0
2008,5,2024-09-16,106,30,12,3,0
2313,5,2024-09-16,63,20,8,10,0
3599,5,2024-09-16,403,75,30,0,0
2484,5,2024-09-16,36,40,16,6,0
2359,5,2024-09-16,208,50,20,21,0
2369,5,2024-09-16,91,40,16,2,50
3832,5,2024-09-16,478,100,40,14,0
2208,5,2024-09-16,173,40,16,3,0
2793,5,2024-09-16,239,50,20,0,0
2564,5,2024-09-16,141,40,16,3,0
3720,5,2024-09-16,173,40,16,12,0
2525,5,2024-09-16,123,40,16,2,0
2797,5,2024-09-16,206,50,20,5,0
2872,5,2024-09-16,105,30,12,6,0
2195,5,2024-09-16,98,20,8,0,0
3826,5,2024-09-16,233,75,30,21,0
2113,5,2024-09-16,62,50,20,5,0
2798,5,2024-09-16,52,30,12,7,0
2992,5,2024-09-16,42,30,12,2,0
3007,5,2024-09-16,568,75,30,2,300
3079,5,2024-09-16,65,30,12,44,0
2662,5,2024-09-16,87,40,16,4,0
2179,5,2024-09-16,218,100,40,7,0
2947,5,2024-09-16,134,50,20,31,0
2258,5,2024-09-16,107,50,20,15,0
3384,5,2024-09-16,51,30,12,10,0
2863,5,2024-09-16,142,30,12,7,150
2189,5,2024-09-16,261,50,20,15,0
2785,5,2024-09-16,143,30,12,0,0
2548,5,2024-09-16,143,50,20,29,0
3058,5,2024-09-16,53,20,8,5,0
2459,5,2024-09-16,129,30,12,3,0
2563,5,2024-09-16,95,40,16,41,0
2763,5,2024-09-16,275,100,40,30,0
3169,5,2024-09-16,143,40,16,2,150
3157,5,2024-09-16,141,50,20,18,0
2403,5,2024-09-16,74,30,12,3,0
3617,5,2024-09-16,275,100,40,0,0
2047,5,2024-09-16,119,30,12,14,200
3544,5,2024-09-16,157,40,16,13,0
2926,5,2024-09-16,91,30,12,4,0
2893,5,2024-09-16,146,30,12,6,0
3654,5,2024-09-16,223,75,30,18,0
3399,5,2024-09-16,491,100,40,26,0
2623,5,2024-09-16,144,50,20,25,0
3699,5,2024-09-16,243,75,30,7,0
2236,5,2024-09-16,256,40,16,59,0
2551,5,2024-09-16,145,30,12,4,0
2975,5,2024-09-16,115,30,12,15,0
2375,5,2024-09-16,283,75,30,32,0
2851,5,2024-09-16,179,50,20,1,0
2300,5,2024-09-16,385,75,30,36,0
2578,5,2024-09-16,127,30,12,13,0
2624,5,2024-09-16,151,30,12,6,0
3490,5,2024-09-16,231,40,16,32,0
3766,5,2024-09-16,71,40,16,31,0
3672,5,2024-09-16,19,20,8,8,0
2701,5,2024-09-16,57,40,16,8,0
3622,5,2024-09-16,72,30,12,9,0
3034,5,2024-09-16,72,50,20,19,0
2124,5,2024-09-16,283,75,30,11,0
2612,5,2024-09-16,224,100,40,11,0
3415,5,2024-09-16,218,50,20,17,0
3261,5,2024-09-16,108,50,20,13,0
3299,5,2024-09-16,276,50,20,20,0
2706,5,2024-09-16,56,30,12,36,0
2899,5,2024-09-16,82,20,8,24,200
2493,5,2024-09-16,58,20,8,12,0
3613,5,2024-09-16,95,30,12,9,0
2144,5,2024-09-16,153,40,16,5,0
3093,5,2024-09-16,146,30,12,19,0
3500,5,2024-09-16,70,30,12,1,0
2830,5,2024-09-16,52,20,8,28,50
2114,5,2024-09-16,130,40,16,10,50
2672,5,2024-09-16,157,50,20,26,200
2401,5,2024-09-16,46,20,8,7,0
3185,5,2024-09-16,160,40,16,1,0
2328,5,2024-09-16,65,50,20,48,0
3600,5,2024-09-16,34,20,8,14,0
3045,5,2024-09-16,56,30,12,6,0
3421,5,2024-09-16,308,100,40,21,0
2955,5,2024-09-16,49,20,8,23,200
2267,5,2024-09-16,202,50,20,3,0
2729,5,2024-09-16,74,30,12,6,0
2073,5,2024-09-16,152,50,20,10,0
3207,5,2024-09-16,143,30,12,4,0
3342,5,2024-09-16,408,75,30,57,0
3329,5,2024-09-16,141,40,16,51,0
3625,5,2024-09-16,149,50,20,13,0
3161,5,2024-09-16,109,40,16,3,100
2665,5,2024-09-16,143,30,12,7,0
3288,5,2024-09-16,114,50,20,0,0
2664,5,2024-09-16,1,30,12,17,0
2502,5,2024-09-16,147,75,30,94,0
2874,5,2024-09-16,52,100,40,21,0
3274,5,2024-09-16,41,30,12,2,0
3688,5,2024-09-16,205,100,40,15,0
2598,5,2024-09-16,163,40,16,50,0
2394,5,2024-09-16,80,30,12,44,0
3364,5,2024-09-16,109,30,12,6,300
2801,5,2024-09-16,56,30,12,18,0
2190,5,2024-09-16,80,20,8,43,0
2639,5,2024-09-16,79,20,8,21,0
2259,5,2024-09-16,40,40,16,20,0
3122,5,2024-09-16,100,40,16,2,0
3193,5,2024-09-16,320,75,30,18,0
3581,5,2024-09-16,153,40,16,14,0
2099,5,2024-09-16,140,30,12,3,0
2748,5,2024-09-16,56,40,16,32,0
3827,5,2024-09-16,72,20,8,20,0
3108,5,2024-09-16,235,75,30,0,0
3258,5,2024-09-16,56,20,8,27,0
2814,5,2024-09-16,142,50,20,8,0
3779,5,2024-09-16,130,40,16,68,100
3105,5,2024-09-16,113,30,12,7,0
3655,5,2024-09-16,127,30,12,24,300
3241,5,2024-09-16,168,50,20,28,0
2221,5,2024-09-16,77,40,16,2,0
2357,5,2024-09-16,218,75,30,2,0
2223,5,2024-09-16,208,50,20,4,0
3632,5,2024-09-16,148,40,16,2,0
3596,5,2024-09-16,132,40,16,16,0
2148,5,2024-09-16,25,20,8,13,0
3296,5,2024-09-16,0,50,20,19,0
2032,5,2024-09-16,111,30,12,23,0
3559,5,2024-09-16,1,20,8,6,50
2058,5,2024-09-16,80,100,40,27,0
3437,5,2024-09-16,67,20,8,16,50
3166,5,2024-09-16,196,50,20,71,0
3005,5,2024-09-16,101,40,16,4,0
2388,5,2024-09-16,56,20,8,1,0
3496,5,2024-09-16,216,50,20,11,0
2320,5,2024-09-16,154,30,12,13,0
3271,5,2024-09-16,113,40,16,7,0
2621,5,2024-09-16,116,30,12,11,0
2786,5,2024-09-16,174,40,16,5,0
3552,5,2024-09-16,121,40,16,7,0
3763,5,2024-09-16,139,50,20,4,0
2569,5,2024-09-16,40,20,8,11,0
2199,5,2024-09-16,0,30,12,1,0
2554,5,2024-09-16,70,30,12,5,200
2197,5,2024-09-16,188,40,16,15,0
3588,5,2024-09-16,205,50,20,1,200
3475,5,2024-09-16,56,20,8,22,0
2577,5,2024-09-16,167,50,20,27,0
2226,5,2024-09-16,75,40,16,8,0
2579,5,2024-09-16,69,40,16,1,0
2389,5,2024-09-16,66,30,12,0,0
2982,5,2024-09-16,54,20,8,6,0
2677,5,2024-09-16,59,30,12,0,0
2028,5,2024-09-16,0,20,8,18,0
2648,5,2024-09-16,157,50,20,19,0
2231,5,2024-09-16,93,30,12,6,0
2890,5,2024-09-16,73,30,12,2,0
3762,5,2024-09-16,158,75,30,3,150
2889,5,2024-09-16,64,40,16,24,0
2194,5,2024-09-16,209,50,20,43,0
3036,5,2024-09-16,39,20,8,1,0
3032,5,2024-09-16,40,75,30,41,0
3707,5,2024-09-16,56,50,20,0,200
3333,5,2024-09-16,65,40,16,3,0
2829,5,2024-09-16,167,40,16,9,0
2811,5,2024-09-16,144,50,20,3,0
3738,5,2024-09-16,62,30,12,19,0
3150,5,2024-09-16,126,20,8,3,0
3273,5,2024-09-16,86,30,12,25,0
3468,5,2024-09-16,64,75,30,14,300
2262,5,2024-09-16,292,50,20,66,0
2410,5,2024-09-16,93,20,8,2,0
2138,5,2024-09-16,269,40,16,14,0
3433,5,2024-09-16,83,20,8,22,0
3270,5,2024-09-16,231,75,30,42,0
2674,5,2024-09-16,166,40,16,19,0
2081,5,2024-09-16,94,30,12,15,0
3390,5,2024-09-16,48,30,12,16,300
3492,5,2024-09-16,390,75,30,64,50
3151,5,2024-09-16,89,40,16,33,0
3678,5,2024-09-16,50,50,20,3,300
2347,5,2024-09-16,78,20,8,13,0
2687,5,2024-09-16,8,20,8,9,0
3566,5,2024-09-16,223,50,20,16,200
3477,5,2024-09-16,84,30,12,5,0
3064,5,2024-09-16,66,40,16,16,100
3047,5,2024-09-16,51,40,16,5,50
2585,5,2024-09-16,338,75,30,27,0
3371,5,2024-09-16,22,40,16,4,0
3085,5,2024-09-16,112,40,16,4,0
3626,5,2024-09-16,148,40,16,3,0
2642,5,2024-09-16,309,75,30,18,300
3570,5,2024-09-16,113,30,12,42,0
2932,5,2024-09-16,42,30,12,8,0
2506,5,2024-09-16,70,20,8,19,50
2012,5,2024-09-16,232,100,40,13,0
3670,5,2024-09-16,142,30,12,23,150
3250,5,2024-09-16,103,30,12,26,0
3733,5,2024-09-16,195,75,30,43,0
3585,5,2024-09-16,88,30,12,2,0
3289,5,2024-09-16,241,50,20,4,150
3029,5,2024-09-16,303,100,40,4,0
2636,5,2024-09-16,89,30,12,2,0
2632,5,2024-09-16,96,50,20,0,0
3183,5,2024-09-16,17,20,8,0,0
3535,5,2024-09-16,230,75,30,6,0
3464,5,2024-09-16,0,40,16,2,0
3086,5,2024-09-16,113,30,12,32,50
2256,5,2024-09-16,59,30,12,8,300
3481,5,2024-09-16,231,75,30,16,0
2286,5,2024-09-16,93,50,20,60,0
2480,5,2024-09-16,317,50,20,1,0
2877,5,2024-09-16,527,100,40,13,0
2883,5,2024-09-16,147,40,16,11,0
3190,5,2024-09-16,163,50,20,51,100
2628,5,2024-09-16,83,30,12,34,0
2605,5,2024-09-16,113,30,12,4,0
2169,5,2024-09-16,69,40,16,5,0
3686,5,2024-09-16,25,20,8,12,0
2688,5,2024-09-16,78,30,12,20,0
3667,5,2024-09-16,110,50,20,52,200
2308,5,2024-09-16,81,50,20,8,0
3257,5,2024-09-16,88,50,20,9,100
2916,5,2024-09-16,168,40,16,1,0
2800,5,2024-09-16,139,50,20,1,0
2652,5,2024-09-16,371,100,40,0,0
2928,5,2024-09-16,299,100,40,3,0
3120,5,2024-09-16,57,50,20,5,0
2513,5,2024-09-16,54,40,16,16,0
2504,5,2024-09-16,35,30,12,2,0
2011,5,2024-09-16,103,20,8,1,0
3691,5,2024-09-16,320,75,30,8,0
3189,5,2024-09-16,176,50,20,0,0
2290,5,2024-09-16,185,50,20,32,0
2065,5,2024-09-16,0,40,16,3,0
2792,5,2024-09-16,333,75,30,11,0
3820,5,2024-09-16,267,50,20,9,50
2478,5,2024-09-16,72,20,8,14,0
3307,5,2024-09-16,68,50,20,6,50
2224,5,2024-09-16,74,20,8,6,0
3663,5,2024-09-16,114,40,16,37,0
2730,5,2024-09-16,75,40,16,33,0
2859,5,2024-09-16,36,20,8,15,0
3268,5,2024-09-16,182,50,20,54,0
2404,5,2024-09-16,317,75,30,76,200
3026,5,2024-09-16,246,75,30,21,0
2714,5,2024-09-16,163,40,16,10,0
3735,5,2024-09-16,6,20,8,8,0
2528,5,2024-09-16,28,30,12,19,0
2465,5,2024-09-16,36,30,12,6,0
2037,5,2024-09-16,116,30,12,7,200
3755,5,2024-09-16,15,30,12,2,0
2131,5,2024-09-16,94,40,16,27,0
2596,5,2024-09-16,129,50,20,6,0
2794,5,2024-09-16,94,40,16,22,0
2476,5,2024-09-16,161,40,16,6,0
3285,5,2024-09-16,42,75,30,1,0
3746,5,2024-09-16,140,50,20,6,0
2609,5,2024-09-16,41,20,8,10,0
3015,5,2024-09-16,152,40,16,3,0
3387,5,2024-09-16,83,20,8,0,0
3112,5,2024-09-16,170,40,16,1,0
3620,5,2024-09-16,62,30,12,17,150
2331,5,2024-09-16,107,30,12,33,0
2573,5,2024-09-16,320,50,20,5,0
2574,5,2024-09-16,89,30,12,6,0
3601,5,2024-09-16,81,30,12,37,0
3323,5,2024-09-16,272,75,30,10,0
2425,5,2024-09-16,71,50,20,2,0
2157,5,2024-09-16,96,30,12,10,0
3440,5,2024-09-16,61,30,12,11,0
2177,5,2024-09-16,75,40,16,50,0
3583,5,2024-09-16,125,40,16,21,200
2925,5,2024-09-16,186,40,16,25,0
3609,5,2024-09-16,115,20,8,2,0
3019,5,2024-09-16,176,50,20,1,0
2334,5,2024-09-16,100,20,8,7,0
3361,5,2024-09-16,163,100,40,7,0
2981,5,2024-09-16,102,30,12,5,0
3145,5,2024-09-16,13,75,30,20,0
3298,5,2024-09-16,115,50,20,24,0
3348,5,2024-09-16,196,75,30,1,0
2557,5,2024-09-16,24,20,8,2,200
2283,5,2024-09-16,254,50,20,29,0
3636,5,2024-09-16,127,50,20,22,0
2817,5,2024-09-16,109,50,20,5,300
2074,5,2024-09-16,29,50,20,8,0
3087,5,2024-09-16,99,30,12,6,0
2735,5,2024-09-16,126,30,12,2,0
3460,5,2024-09-16,128,30,12,14,0
3629,5,2024-09-16,44,20,8,1,0
2615,5,2024-09-16,2,40,16,2,0
3148,5,2024-09-16,166,40,16,8,0
3694,5,2024-09-16,276,75,30,26,0
2790,5,2024-09-16,48,30,12,4,0
2029,5,2024-09-16,86,30,12,6,100
3177,5,2024-09-16,240,75,30,3,150
2096,5,2024-09-16,72,30,12,2,0
3739,5,2024-09-16,154,40,16,7,0
2163,5,2024-09-16,120,40,16,13,0
3793,5,2024-09-16,51,30,12,27,0
2424,5,2024-09-16,164,40,16,11,300
2635,5,2024-09-16,65,20,8,13,0
3216,5,2024-09-16,45,20,8,17,50
2293,5,2024-09-16,165,75,30,8,0
2095,5,2024-09-16,71,30,12,26,0
2263,5,2024-09-16,115,30,12,4,0
3573,5,2024-09-16,134,40,16,10,0
2166,5,2024-09-16,78,30,12,14,100
3284,5,2024-09-16,288,50,20,16,0
2485,5,2024-09-16,14,50,20,7,100
2860,5,2024-09-16,36,20,8,1,0
2140,5,2024-09-16,133,40,16,12,0
3547,5,2024-09-16,64,20,8,5,0
3486,5,2024-09-16,170,50,20,14,0
3702,5,2024-09-16,135,30,12,19,200
2341,5,2024-09-16,108,50,20,16,0
2951,5,2024-09-16,83,20,8,35,200
2931,5,2024-09-16,215,50,20,4,0
3099,5,2024-09-16,84,40,16,2,0
2716,5,2024-09-16,393,75,30,11,300
3353,5,2024-09-16,216,50,20,40,0
3558,5,2024-09-16,96,40,16,33,300
3039,5,2024-09-16,2,20,8,36,0
2129,5,2024-09-16,164,50,20,12,0
3488,5,2024-09-16,185,40,16,7,0
2723,5,2024-09-16,114,40,16,5,0
2560,5,2024-09-16,67,30,12,6,0
3404,5,2024-09-16,94,40,16,4,0
2277,5,2024-09-16,84,30,12,6,0
2673,5,2024-09-16,74,50,20,3,200
2398,5,2024-09-16,69,20,8,0,0
3833,5,2024-09-16,149,40,16,10,0
3141,5,2024-09-16,73,30,12,10,0
3533,5,2024-09-16,61,30,12,15,0
3391,5,2024-09-16,27,30,12,11,0
3741,5,2024-09-16,86,100,40,9,0
3571,5,2024-09-16,177,40,16,13,0
2049,5,2024-09-16,47,30,12,54,0
3269,5,2024-09-16,0,100,40,7,0
2861,5,2024-09-16,86,30,12,17,0
2291,5,2024-09-16,58,40,16,23,0
3021,5,2024-09-16,63,40,16,21,100
2068,5,2024-09-16,72,30,12,19,0
3715,5,2024-09-16,215,75,30,8,0
2813,5,2024-09-16,96,50,20,8,0
3143,5,2024-09-16,283,75,30,12,200
2531,5,2024-09-16,115,50,20,5,0
2654,5,2024-09-16,106,40,16,0,0
3213,5,2024-09-16,362,75,30,2,0
2009,5,2024-09-16,94,75,30,8,0
2611,5,2024-09-16,268,50,20,24,0
2323,5,2024-09-16,142,50,20,2,0
3076,5,2024-09-16,129,40,16,11,300
2178,5,2024-09-16,82,30,12,5,150
3578,5,2024-09-16,16,40,16,6,0
3744,5,2024-09-16,133,40,16,3,100
3436,5,2024-09-16,115,30,12,15,300
2784,5,2024-09-16,263,50,20,23,0
3721,5,2024-09-16,142,40,16,0,0
3536,5,2024-09-16,121,50,20,15,0
2661,5,2024-09-16,13,30,12,29,0
2510,5,2024-09-16,107,50,20,5,300
3708,5,2024-09-16,28,20,8,1,0
3218,5,2024-09-16,92,20,8,12,200
2399,5,2024-09-16,60,20,8,15,200
2823,5,2024-09-16,57,20,8,33,0
2570,5,2024-09-16,217,100,40,2,0
3018,5,2024-09-16,195,40,16,15,0
2848,5,2024-09-16,52,20,8,4,150
2463,5,2024-09-16,90,20,8,0,0
3376,5,2024-09-16,151,30,12,12,0
3187,5,2024-09-16,0,50,20,20,0
2865,5,2024-09-16,75,40,16,5,0
2187,5,2024-09-16,86,50,20,19,0
2325,5,2024-09-16,364,75,30,46,0
2296,5,2024-09-16,307,100,40,36,0
2094,5,2024-09-16,164,40,16,11,100
2695,5,2024-09-16,53,20,8,22,0
2772,5,2024-09-16,195,50,20,42,0
2561,5,2024-09-16,132,40,16,12,150
3713,5,2024-09-16,64,30,12,5,0
2622,5,2024-09-16,184,75,30,12,0
3690,5,2024-09-16,36,30,12,15,0
2602,5,2024-09-16,159,30,12,6,0
3409,5,2024-09-16,219,100,40,0,0
3162,5,2024-09-16,153,50,20,49,0
2838,5,2024-09-16,181,75,30,23,200
2454,5,2024-09-16,203,50,20,6,0
2587,5,2024-09-16,103,20,8,24,0
2960,5,2024-09-16,209,40,16,8,0
3405,5,2024-09-16,136,50,20,4,0
3031,5,2024-09-16,128,40,16,8,0
2125,5,2024-09-16,52,40,16,23,150
2272,5,2024-09-16,118,40,16,6,0
3420,5,2024-09-16,152,30,12,8,0
2176,5,2024-09-16,153,40,16,4,0
3366,5,2024-09-16,95,20,8,11,0
2280,5,2024-09-16,40,30,12,13,0
2576,5,2024-09-16,36,20,8,36,0
2562,5,2024-09-16,52,30,12,23,0
3821,5,2024-09-16,260,100,40,1,0
3310,5,2024-09-16,318,100,40,54,0
3008,5,2024-09-16,56,20,8,12,0
2479,5,2024-09-16,139,30,12,13,0
3192,5,2024-09-16,134,30,12,7,0
3119,5,2024-09-16,128,40,16,21,0
2956,5,2024-09-16,11,30,12,3,0
3608,5,2024-09-16,134,50,20,17,0
3450,5,2024-09-16,166,50,20,11,300
2082,5,2024-09-16,287,100,40,47,0
2396,5,2024-09-16,100,30,12,5,0
2815,5,2024-09-16,48,30,12,3,150
2541,5,2024-09-16,57,20,8,70,0
3338,5,2024-09-16,200,50,20,6,0
2156,5,2024-09-16,106,40,16,46,100
3217,5,2024-09-16,102,50,20,15,0
3077,5,2024-09-16,134,40,16,6,0
2766,5,2024-09-16,108,50,20,32,0
3057,5,2024-09-16,194,40,16,6,150
3196,5,2024-09-16,182,75,30,11,0
2279,5,2024-09-16,25,20,8,0,0
3210,5,2024-09-16,97,30,12,0,0
3737,5,2024-09-16,225,100,40,19,0
2920,5,2024-09-16,196,50,20,1,0
3611,5,2024-09-16,138,50,20,28,0
2643,5,2024-09-16,60,30,12,7,0
3750,5,2024-09-16,75,20,8,11,0
2427,5,2024-09-16,104,30,12,33,300
3506,5,2024-09-16,99,40,16,9,0
2879,5,2024-09-16,124,30,12,27,50
3347,5,2024-09-16,106,75,30,15,0
3368,5,2024-09-16,61,30,12,9,150
2307,5,2024-09-16,52,20,8,17,0
2821,5,2024-09-16,91,30,12,7,0
3276,5,2024-09-16,82,100,40,12,0
2840,5,2024-09-16,98,20,8,2,300
3696,5,2024-09-16,65,75,30,10,0
2711,5,2024-09-16,391,75,30,12,0
3109,5,2024-09-16,132,40,16,22,0
2515,5,2024-09-16,139,50,20,42,0
2876,5,2024-09-16,220,50,20,12,0
2276,5,2024-09-16,169,75,30,6,0
3412,5,2024-09-16,103,20,8,16,150
2731,5,2024-09-16,128,30,12,50,0
3474,5,2024-09-16,108,40,16,13,200
3787,5,2024-09-16,319,75,30,76,0
3442,5,2024-09-16,95,40,16,12,0
2996,5,2024-09-16,82,20,8,30,0
3534,5,2024-09-16,123,30,12,17,0
2168,5,2024-09-16,110,40,16,9,0
2929,5,2024-09-16,89,30,12,35,0
3635,5,2024-09-16,55,30,12,8,0
3234,5,2024-09-16,101,30,12,19,0
2822,5,2024-09-16,145,40,16,26,0
3131,5,2024-09-16,125,30,12,16,0
2391,5,2024-09-16,135,50,20,1,0
3653,5,2024-09-16,224,50,20,0,0
2343,5,2024-09-16,107,30,12,0,0
2660,5,2024-09-16,120,30,12,23,0
2400,5,2024-09-16,168,40,16,6,0
2694,5,2024-09-16,89,50,20,6,0
2158,5,2024-09-16,209,50,20,2,0
3107,5,2024-09-16,207,40,16,17,0
2200,5,2024-09-16,124,40,16,11,0
3723,5,2024-09-16,106,30,12,10,0
2477,5,2024-09-16,63,30,12,0,0
3784,5,2024-09-16,149,50,20,43,0
3693,5,2024-09-16,199,75,30,6,0
3388,5,2024-09-16,220,50,20,7,0
2610,5,2024-09-16,51,20,8,2,0
3427,5,2024-09-16,85,30,12,55,300
2967,5,2024-09-16,235,75,30,46,0
2964,5,2024-09-16,57,30,12,7,0
3792,5,2024-09-16,524,75,30,23,0
2015,5,2024-09-16,55,20,8,10,0
3281,5,2024-09-16,60,20,8,33,0
2837,5,2024-09-16,261,40,16,33,0
2142,5,2024-09-16,298,75,30,3,150
2193,5,2024-09-16,18,20,8,61,0
3574,5,2024-09-16,89,20,8,47,200
3658,5,2024-09-16,152,50,20,12,0
3208,5,2024-09-16,145,30,12,9,0
2718,5,2024-09-16,60,20,8,24,0
2971,5,2024-09-16,299,75,30,1,50
2749,5,2024-09-16,136,50,20,5,0
2945,5,2024-09-16,87,20,8,13,300
2658,5,2024-09-16,48,100,40,14,0
3165,5,2024-09-16,243,30,12,18,200
3287,5,2024-09-16,109,50,20,2,0
2483,5,2024-09-16,148,50,20,35,0
3171,5,2024-09-16,72,20,8,9,0
2770,5,2024-09-16,183,40,16,2,0
2145,5,2024-09-16,27,20,8,16,0
3846,5,2024-09-16,295,50,20,15,0
3706,5,2024-09-16,103,20,8,10,0
2132,5,2024-09-16,78,50,20,14,0
2234,5,2024-09-16,134,40,16,11,0
3297,5,2024-09-16,242,50,20,4,0
3795,5,2024-09-16,12,30,12,27,0
2869,5,2024-09-16,136,30,12,31,0
3233,5,2024-09-16,49,20,8,52,0
3400,5,2024-09-16,108,30,12,3,0
2656,5,2024-09-16,599,100,40,45,0
2053,5,2024-09-16,128,30,12,55,0
3202,5,2024-09-16,30,50,20,15,0
2910,5,2024-09-16,155,50,20,2,0
2533,5,2024-09-16,78,20,8,13,0
3367,5,2024-09-16,102,40,16,31,0
3115,5,2024-09-16,120,30,12,5,200
2252,5,2024-09-16,94,30,12,28,50
2365,5,2024-09-16,31,20,8,13,0
3757,5,2024-09-16,0,40,16,17,0
3060,5,2024-09-16,52,50,20,2,150
3226,5,2024-09-16,203,100,40,6,0
2697,5,2024-09-16,49,20,8,17,0
2461,5,2024-09-16,155,75,30,6,0
3520,5,2024-09-16,31,20,8,0,0
2253,5,2024-09-16,98,30,12,15,0
2900,5,2024-09-16,108,20,8,55,0
3116,5,2024-09-16,312,50,20,16,0
2961,5,2024-09-16,16,30,12,14,0
3130,5,2024-09-16,82,20,8,65,0
2338,5,2024-09-16,69,20,8,4,0
2455,5,2024-09-16,148,50,20,32,0
3775,5,2024-09-16,71,30,12,30,0
2220,5,2024-09-16,57,30,12,0,0
2957,5,2024-09-16,280,75,30,15,0
2043,5,2024-09-16,102,100,40,23,0
3684,5,2024-09-16,71,40,16,4,0
2719,5,2024-09-16,83,40,16,15,0
2511,5,2024-09-16,212,50,20,6,0
3283,5,2024-09-16,229,50,20,0,0
2332,5,2024-09-16,140,50,20,32,0
3363,5,2024-09-16,76,30,12,11,0
3147,5,2024-09-16,206,50,20,3,0
2667,5,2024-09-16,99,50,20,35,0
2894,5,2024-09-16,73,40,16,3,0
2048,5,2024-09-16,92,40,16,11,0
2985,5,2024-09-16,379,75,30,35,0
3577,5,2024-09-16,106,40,16,0,0
3586,5,2024-09-16,221,50,20,28,0
3546,5,2024-09-16,119,30,12,13,0
3382,5,2024-09-16,91,30,12,2,0
2820,5,2024-09-16,166,30,12,5,0
2174,5,2024-09-16,246,75,30,32,0
3004,5,2024-09-16,245,50,20,2,0
2993,5,2024-09-16,217,50,20,3,0
2154,5,2024-09-16,16,30,12,24,0
3665,5,2024-09-16,0,100,40,12,0
2933,5,2024-09-16,37,30,12,1,0
3214,5,2024-09-16,186,50,20,28,0
3152,5,2024-09-16,247,50,20,7,0
2663,5,2024-09-16,83,30,12,13,0
2185,5,2024-09-16,58,20,8,5,0
2948,5,2024-09-16,98,30,12,24,0
2903,5,2024-09-16,45,20,8,13,0
3503,5,2024-09-16,155,30,12,8,0
2618,5,2024-09-16,-6,20,8,10,200
2827,5,2024-09-16,222,75,30,2,0
2834,5,2024-09-16,129,40,16,6,0
2565,5,2024-09-16,16,20,8,20,0
3551,5,2024-09-16,37,20,8,39,0
2093,5,2024-09-16,117,40,16,10,0
2219,5,2024-09-16,225,50,20,0,0
3282,5,2024-09-16,99,30,12,33,0
2315,5,2024-09-16,97,30,12,5,0
2421,5,2024-09-16,24,40,16,18,0
3164,5,2024-09-16,97,30,12,1,0
2366,5,2024-09-16,140,40,16,6,0
2381,5,2024-09-16,0,40,16,2,0
3215,5,2024-09-16,118,20,8,10,0
2274,5,2024-09-16,36,20,8,5,0
2098,5,2024-09-16,34,20,8,2,0
3640,5,2024-09-16,142,30,12,24,0
3330,5,2024-09-16,26,20,8,16,0
2633,5,2024-09-16,136,40,16,0,150
3132,5,2024-09-16,121,20,8,56,0
2858,5,2024-09-16,59,30,12,11,0
2779,5,2024-09-16,34,30,12,30,0
2773,5,2024-09-16,138,30,12,5,0
2345,5,2024-09-16,32,40,16,17,0
2845,5,2024-09-16,157,50,20,7,0
2305,5,2024-09-16,285,50,20,20,150
3532,5,2024-09-16,61,20,8,4,0
3410,5,2024-09-16,213,40,16,7,0
3612,5,2024-09-16,65,40,16,7,0
2436,5,2024-09-16,70,30,12,4,0
3199,5,2024-09-16,142,50,20,0,150
3129,5,2024-09-16,146,40,16,6,0
3502,5,2024-09-16,61,30,12,6,0
3662,5,2024-09-16,147,40,16,22,0
2991,5,2024-09-16,0,40,16,15,0
2758,5,2024-09-16,56,20,8,7,0
3418,5,2024-09-16,264,75,30,4,0
3516,5,2024-09-16,137,40,16,3,0
3037,5,2024-09-16,73,40,16,4,0
3236,5,2024-09-16,137,50,20,11,0
3139,5,2024-09-16,49,50,20,9,0
3668,5,2024-09-16,91,100,40,80,0
2691,5,2024-09-16,114,40,16,17,0
3531,5,2024-09-16,113,50,20,0,0
2626,5,2024-09-16,224,50,20,8,100
3813,5,2024-09-16,268,75,30,57,200
2170,5,2024-09-16,72,50,20,5,300
3470,5,2024-09-16,200,50,20,5,0
2507,5,2024-09-16,18,20,8,0,0
2198,5,2024-09-16,64,75,30,18,0
2921,5,2024-09-16,123,20,8,1,200
2755,5,2024-09-16,226,50,20,3,0
3466,5,2024-09-16,258,75,30,37,0
2434,5,2024-09-16,32,30,12,9,0
3557,5,2024-09-16,75,40,16,0,0
2412,5,2024-09-16,86,20,8,4,0
3248,5,2024-09-16,60,20,8,11,0
3724,5,2024-09-16,231,50,20,3,0
3839,5,2024-09-16,202,40,16,13,0
2752,5,2024-09-16,187,50,20,17,0
3561,5,2024-09-16,63,30,12,9,100
2655,5,2024-09-16,2,20,8,32,0
2127,5,2024-09-16,58,40,16,22,0
2370,5,2024-09-16,317,100,40,2,0
2080,5,2024-09-16,75,20,8,3,0
3642,5,2024-09-16,87,30,12,16,0
3701,5,2024-09-16,119,40,16,17,0
3491,5,2024-09-16,32,20,8,23,0
2741,5,2024-09-16,266,100,40,1,150
2935,5,2024-09-16,130,40,16,7,0
2853,5,2024-09-16,51,30,12,14,0
3710,5,2024-09-16,98,50,20,4,0
2472,5,2024-09-16,157,40,16,1,0
2449,5,2024-09-16,19,20,8,4,0
2141,5,2024-09-16,219,75,30,38,0
2740,5,2024-09-16,52,40,16,22,0
2571,5,2024-09-16,6,20,8,13,0
3154,5,2024-09-16,35,40,16,1,0
2447,5,2024-09-16,54,30,12,1,0
2186,5,2024-09-16,74,30,12,14,0
3591,5,2024-09-16,48,20,8,13,150
2257,5,2024-09-16,101,40,16,81,0
2002,5,2024-09-16,62,30,12,26,0
3158,5,2024-09-16,100,40,16,31,0
3673,5,2024-09-16,94,30,12,44,0
2078,5,2024-09-16,138,40,16,7,0
2762,5,2024-09-16,114,30,12,9,0
2474,5,2024-09-16,171,50,20,29,0
3065,5,2024-09-16,206,50,20,1,0
2411,5,2024-09-16,43,40,16,0,0
3256,5,2024-09-16,154,50,20,20,0
3084,5,2024-09-16,122,20,8,11,0
3313,5,2024-09-16,123,30,12,11,0
2249,5,2024-09-16,327,50,20,6,0
3799,5,2024-09-16,293,75,30,32,0
3423,5,2024-09-16,80,20,8,1,0
2327,5,2024-09-16,70,20,8,2,0
3774,5,2024-09-16,106,20,8,14,0
2536,5,2024-09-16,136,50,20,0,0
2146,5,2024-09-16,39,40,16,7,0
2919,5,2024-09-16,125,30,12,2,0
2209,5,2024-09-16,145,50,20,9,0
3448,5,2024-09-16,0,40,16,20,0
2886,5,2024-09-16,145,50,20,22,0
3725,5,2024-09-16,352,75,30,22,300
3188,5,2024-09-16,18,75,30,5,0
2584,5,2024-09-16,125,30,12,6,0
2864,5,2024-09-16,160,50,20,12,100
2556,5,2024-09-16,177,30,12,31,0
2976,5,2024-09-16,202,75,30,9,0
2898,5,2024-09-16,264,40,16,21,0
2027,5,2024-09-16,82,50,20,13,0
2233,5,2024-09-16,151,30,12,8,200
2721,5,2024-09-16,54,40,16,15,0
2904,5,2024-09-16,85,40,16,0,0
2753,5,2024-09-16,5,40,16,17,0
2742,5,2024-09-16,90,40,16,17,0
3292,5,2024-09-16,111,40,16,0,50
3447,5,2024-09-16,87,40,16,25,0
3260,5,2024-09-16,223,50,20,8,0
2878,5,2024-09-16,242,100,40,51,0
2509,5,2024-09-16,0,30,12,0,0
2521,5,2024-09-16,99,75,30,40,0
2409,5,2024-09-16,223,75,30,12,100
3146,5,2024-09-16,67,30,12,23,0
2867,5,2024-09-16,197,40,16,2,0
2147,5,2024-09-16,155,40,16,75,0
2450,5,2024-09-16,136,30,12,25,0
2888,5,2024-09-16,133,40,16,26,0
2245,5,2024-09-16,22,50,20,31,0
2810,5,2024-09-16,96,30,12,42,0
3091,5,2024-09-16,22,30,12,16,0
3263,5,2024-09-16,145,40,16,4,0
3822,5,2024-09-16,216,40,16,4,300
2316,5,2024-09-16,414,100,40,9,0
2340,5,2024-09-16,79,20,8,4,0
3246,5,2024-09-16,72,20,8,1,100
2061,5,2024-09-16,216,50,20,10,0
2620,5,2024-09-16,237,40,16,35,0
2289,5,2024-09-16,262,40,16,19,0
2162,5,2024-09-16,160,30,12,22,0
3765,5,2024-09-16,83,20,8,15,0
2390,5,2024-09-16,44,40,16,49,200
2734,5,2024-09-16,105,30,12,15,300
2270,5,2024-09-16,168,75,30,2,0
2102,5,2024-09-16,123,40,16,4,0
2847,5,2024-09-16,117,30,12,13,0
3748,5,2024-09-16,279,50,20,1,0
2512,5,2024-09-16,54,20,8,37,50
3639,5,2024-09-16,29,20,8,8,50
3318,5,2024-09-16,148,30,12,19,0
3501,5,2024-09-16,112,20,8,19,0
2054,5,2024-09-16,131,40,16,8,0
3407,5,2024-09-16,252,100,40,1,0
3425,5,2024-09-16,168,50,20,4,0
3062,5,2024-09-16,435,75,30,3,0
3081,5,2024-09-16,42,20,8,14,0
3252,5,2024-09-16,432,100,40,1,0
3806,5,2024-09-16,292,75,30,14,0
2112,5,2024-09-16,209,50,20,14,0
3262,5,2024-09-16,223,100,40,2,0
3386,5,2024-09-16,82,20,8,4,0
2703,5,2024-09-16,12,40,16,2,200
3279,5,2024-09-16,31,30,12,1,0
2374,5,2024-09-16,79,20,8,11,0
3771,5,2024-09-16,201,50,20,8,50
2715,5,2024-09-16,51,30,12,7,0
2057,5,2024-09-16,8,30,12,2,0
2804,5,2024-09-16,149,50,20,14,200
3049,5,2024-09-16,16,40,16,8,0
2184,5,2024-09-16,218,75,30,10,150
3255,5,2024-09-16,5,30,12,4,100
3244,5,2024-09-16,131,40,16,4,0
2550,5,2024-09-16,294,100,40,3,100
2298,5,2024-09-16,9,30,12,8,0
3438,5,2024-09-16,72,20,8,22,0
2284,5,2024-09-16,125,50,20,7,0
3504,5,2024-09-16,427,75,30,26,0
2067,5,2024-09-16,168,30,12,5,0
2324,5,2024-09-16,69,20,8,11,0
3429,5,2024-09-16,194,50,20,18,100
3178,5,2024-09-16,244,75,30,1,0
2135,5,2024-09-16,0,50,20,26,0
3102,5,2024-09-16,142,20,8,45,0
2457,5,2024-09-16,161,50,20,18,0
3011,5,2024-09-16,7,30,12,0,0
2460,5,2024-09-16,59,50,20,69,0
3729,5,2024-09-16,101,40,16,15,0
3066,5,2024-09-16,76,40,16,9,0
3024,5,2024-09-16,44,40,16,8,0
2072,5,2024-09-16,501,100,40,7,0
3010,5,2024-09-16,263,50,20,6,0
3621,5,2024-09-16,46,20,8,0,0
2524,5,2024-09-16,163,50,20,10,0
3661,5,2024-09-16,84,30,12,2,0
2613,5,2024-09-16,220,40,16,53,0
2995,5,2024-09-16,44,40,16,14,0
3322,5,2024-09-16,63,30,12,59,200
2031,5,2024-09-16,198,75,30,9,0
3835,5,2024-09-16,166,50,20,1,0
2559,5,2024-09-16,104,50,20,10,0
3435,5,2024-09-16,51,40,16,24,0
2021,5,2024-09-16,196,40,16,8,0
2442,5,2024-09-16,101,50,20,9,0
2778,5,2024-09-16,318,75,30,15,200
2133,5,2024-09-16,88,50,20,14,0
2183,5,2024-09-16,284,100,40,24,0
2983,5,2024-09-16,145,30,12,8,0
2318,5,2024-09-16,232,50,20,23,0
2255,5,2024-09-16,115,40,16,4,0
2137,5,2024-09-16,212,50,20,26,0
2671,5,2024-09-16,561,100,40,46,0
3012,5,2024-09-16,351,100,40,52,0
2106,5,2024-09-16,123,30,12,19,100
2831,5,2024-09-16,115,50,20,2,50
2974,5,2024-09-16,0,20,8,5,0
3705,5,2024-09-16,139,75,30,10,0
3088,5,2024-09-16,61,20,8,2,200
3124,5,2024-09-16,178,50,20,13,0
3254,5,2024-09-16,10,30,12,68,0
3001,5,2024-09-16,38,20,8,3,0
2736,5,2024-09-16,331,75,30,15,0
3811,5,2024-09-16,178,75,30,1,300
2906,5,2024-09-16,72,40,16,43,300
3265,5,2024-09-16,350,100,40,11,0
2544,5,2024-09-16,74,20,8,21,0
3628,5,2024-09-16,346,100,40,15,0
3517,5,2024-09-16,97,40,16,5,100
3518,5,2024-09-16,36,20,8,12,0
3522,5,2024-09-16,183,30,12,14,300
2230,5,2024-09-16,21,20,8,26,100
2405,5,2024-09-16,67,40,16,21,0
3824,5,2024-09-16,338,75,30,10,0
3717,5,2024-09-16,147,40,16,4,0
2344,5,2024-09-16,41,20,8,21,0
3038,5,2024-09-16,209,40,16,34,0
3194,5,2024-09-16,116,40,16,7,0
3714,5,2024-09-16,10,30,12,20,0
2397,5,2024-09-16,114,30,12,0,0
2497,5,2024-09-16,54,20,8,6,0
3462,5,2024-09-16,86,40,16,7,0
2756,5,2024-09-16,347,75,30,7,0
3634,5,2024-09-16,102,30,12,2,50
3505,5,2024-09-16,93,20,8,11,300
2159,5,2024-09-16,180,50,20,21,0
2499,5,2024-09-16,89,30,12,8,0
3319,5,2024-09-16,43,20,8,15,0
3674,5,2024-09-16,76,20,8,41,0
2526,5,2024-09-16,90,50,20,9,0
2207,5,2024-09-16,0,40,16,8,0
3022,5,2024-09-16,128,30,12,16,0
2895,5,2024-09-16,29,50,20,27,0
3647,5,2024-09-16,152,40,16,2,0
3455,5,2024-09-16,93,50,20,9,0
2091,5,2024-09-16,113,40,16,9,0
3742,5,2024-09-16,135,40,16,4,0
3351,5,2024-09-16,86,30,12,15,0
3815,5,2024-09-16,135,40,16,4,50
2076,5,2024-09-16,67,50,20,31,0
3659,5,2024-09-16,110,30,12,16,0
2828,5,2024-09-16,55,50,20,61,100
3195,5,2024-09-16,81,30,12,5,0
3349,5,2024-09-16,111,50,20,39,0
2432,5,2024-09-16,96,50,20,21,0
2470,5,2024-09-16,124,50,20,3,0
3308,5,2024-09-16,69,20,8,23,0
3700,5,2024-09-16,19,30,12,3,0
3235,5,2024-09-16,3,20,8,31,0
3736,5,2024-09-16,32,30,12,47,0
3598,5,2024-09-16,100,40,16,17,0
3142,5,2024-09-16,210,40,16,24,0
2309,5,2024-09-16,113,20,8,14,0
2846,5,2024-09-16,0,20,8,42,0
2203,5,2024-09-16,189,40,16,23,0
2722,5,2024-09-16,149,30,12,0,100
2435,5,2024-09-16,138,50,20,14,0
2775,5,2024-09-16,39,75,30,32,200
3446,5,2024-09-16,0,40,16,7,0
2491,5,2024-09-16,550,100,40,4,0
3541,5,2024-09-16,104,40,16,14,0
2335,5,2024-09-16,120,75,30,1,0
2260,5,2024-09-16,661,100,40,0,0
2333,5,2024-09-16,52,30,12,7,0
2445,5,2024-09-16,336,100,40,14,0
3731,5,2024-09-16,144,30,12,2,50
2950,5,2024-09-16,173,40,16,3,0
2875,5,2024-09-16,41,75,30,50,200
3374,5,2024-09-16,300,100,40,7,0
3359,5,2024-09-16,155,40,16,12,0
2809,5,2024-09-16,71,20,8,5,0
3249,5,2024-09-16,177,75,30,11,0
2075,5,2024-09-16,158,50,20,1,50
2696,5,2024-09-16,56,30,12,31,0
2311,5,2024-09-16,266,50,20,4,0
3648,5,2024-09-16,84,50,20,21,0
2364,5,2024-09-16,35,30,12,56,0
3294,5,2024-09-16,120,30,12,3,0
2739,5,2024-09-16,48,20,8,14,0
3337,5,2024-09-16,44,50,20,0,50
2066,5,2024-09-16,151,30,12,20,0
2796,5,2024-09-16,119,40,16,5,0
2641,5,2024-09-16,80,40,16,2,0
2143,5,2024-09-16,103,30,12,0,50
2532,5,2024-09-16,123,30,12,4,0
2089,5,2024-09-16,129,30,12,14,0
2175,5,2024-09-16,133,40,16,13,0
3230,5,2024-09-16,159,75,30,2,0
3657,5,2024-09-16,164,50,20,11,0
2322,5,2024-09-16,48,20,8,15,0
3689,5,2024-09-16,140,20,8,36,0
3358,5,2024-09-16,231,75,30,2,0
2901,5,2024-09-16,115,30,12,0,200
2930,5,2024-09-16,8,20,8,13,0
3489,5,2024-09-16,210,40,16,53,0
3413,5,2024-09-16,0,20,8,6,0
3597,5,2024-09-16,90,40,16,8,0
2767,5,2024-09-16,96,30,12,1,0
2423,5,2024-09-16,9,20,8,23,0
2016,5,2024-09-16,212,50,20,0,0
3114,5,2024-09-16,129,50,20,23,0
3328,5,2024-09-16,136,75,30,47,0
2042,5,2024-09-16,278,75,30,14,0
2250,5,2024-09-16,82,100,40,4,0
3186,5,2024-09-16,101,50,20,20,0
2165,5,2024-09-16,155,40,16,33,0
2489,5,2024-09-16,142,50,20,44,0
3341,5,2024-09-16,82,20,8,13,0
2999,5,2024-09-16,75,20,8,47,0
3732,5,2024-09-16,131,30,12,5,0
3740,5,2024-09-16,135,40,16,13,0
2681,5,2024-09-16,114,30,12,8,0
3069,5,2024-09-16,111,30,12,3,50
3524,5,2024-09-16,143,30,12,10,0
2700,5,2024-09-16,111,50,20,2,100
2240,5,2024-09-16,250,50,20,1,0
2488,5,2024-09-16,158,50,20,54,0
3515,5,2024-09-16,103,30,12,25,150
2265,5,2024-09-16,139,50,20,15,0
2022,5,2024-09-16,115,30,12,17,0
3467,5,2024-09-16,0,50,20,3,0
2594,5,2024-09-16,116,50,20,6,0
2229,5,2024-09-16,80,30,12,2,0
3393,5,2024-09-16,194,50,20,4,0
3209,5,2024-09-16,267,50,20,37,0
3512,5,2024-09-16,36,40,16,1,0
3095,5,2024-09-16,195,50,20,3,0
2979,5,2024-09-16,156,50,20,8,0
3221,5,2024-09-16,238,50,20,7,0
3110,5,2024-09-16,110,50,20,12,0
2217,5,2024-09-16,37,50,20,10,0
2880,5,2024-09-16,79,20,8,50,0
3443,5,2024-09-16,17,20,8,32,0
3499,5,2024-09-16,240,75,30,1,0
2844,5,2024-09-16,391,75,30,23,0
2285,5,2024-09-16,328,100,40,76,0
2264,5,2024-09-16,62,40,16,1,0
3728,5,2024-09-16,94,30,12,10,0
2918,5,2024-09-16,194,100,40,12,0
2760,5,2024-09-16,177,100,40,14,0
3082,5,2024-09-16,172,40,16,8,150
3078,5,2024-09-16,140,30,12,26,0
2744,5,2024-09-16,170,100,40,5,200
3379,5,2024-09-16,322,75,30,3,0
3538,5,2024-09-16,48,30,12,15,0
2791,5,2024-09-16,66,20,8,2,150
2595,5,2024-09-16,110,30,12,7,0
3494,5,2024-09-16,332,50,20,8,0
2239,5,2024-09-16,39,30,12,3,0
3245,5,2024-09-16,158,50,20,47,0
2686,5,2024-09-16,95,40,16,37,0
2222,5,2024-09-16,339,75,30,2,0
2597,5,2024-09-16,153,50,20,11,0
3767,5,2024-09-16,145,50,20,8,0
2428,5,2024-09-16,132,40,16,8,0
2360,5,2024-09-16,62,40,16,0,0
3306,5,2024-09-16,66,75,30,21,0
2535,5,2024-09-16,245,50,20,15,0
2816,5,2024-09-16,215,75,30,29,0
3730,5,2024-09-16,149,40,16,10,0
3582,5,2024-09-16,25,30,12,33,0
3335,5,2024-09-16,0,75,30,15,0
3406,5,2024-09-16,513,100,40,2,0
2007,5,2024-09-16,83,20,8,33,200
3090,5,2024-09-16,55,20,8,8,0
3117,5,2024-09-16,97,50,20,12,0
2835,5,2024-09-16,149,50,20,3,0
3312,5,2024-09-16,47,20,8,18,0
2538,5,2024-09-16,44,20,8,1,0
3259,5,2024-09-16,210,50,20,14,0
3251,5,2024-09-16,84,20,8,3,100
3242,5,2024-09-16,43,20,8,7,0
2833,5,2024-09-16,83,30,12,6,0
2115,5,2024-09-16,103,75,30,14,150
2371,5,2024-09-16,101,75,30,4,50
2006,5,2024-09-16,151,40,16,57,0
2720,5,2024-09-16,31,40,16,20,50
2698,5,2024-09-16,86,20,8,0,0
2139,5,2024-09-16,216,100,40,8,0
2558,5,2024-09-16,65,30,12,19,0
3527,5,2024-09-16,20,75,30,9,0
2959,5,2024-09-16,59,40,16,2,0
2167,5,2024-09-16,32,30,12,0,0
3790,5,2024-09-16,233,75,30,2,0
2776,5,2024-09-16,154,40,16,12,0
2430,5,2024-09-16,116,40,16,0,0
2617,5,2024-09-16,129,30,12,3,0
3449,5,2024-09-16,136,40,16,12,0
2494,5,2024-09-16,169,50,20,3,0
3669,5,2024-09-16,161,50,20,4,200
3071,5,2024-09-16,61,20,8,7,0
3487,5,2024-09-16,-8,75,30,14,0
3101,5,2024-09-16,93,30,12,17,0
3073,5,2024-09-16,75,20,8,2,0
3836,5,2024-09-16,153,50,20,3,0
2232,5,2024-09-16,169,50,20,3,0
2464,5,2024-09-16,79,50,20,6,0
2292,5,2024-09-16,110,50,20,0,0
3098,5,2024-09-16,54,20,8,3,0
3769,5,2024-09-16,18,20,8,38,0
2599,5,2024-09-16,102,40,16,10,100
3543,5,2024-09-16,137,50,20,15,0
2152,5,2024-09-16,68,50,20,46,0
3042,5,2024-09-16,201,40,16,8,0
2530,5,2024-09-16,94,40,16,18,0
3373,5,2024-09-16,326,75,30,18,0
3092,5,2024-09-16,203,50,20,34,0
2891,5,2024-09-16,64,30,12,27,0
2326,5,2024-09-16,97,40,16,7,0
3637,5,2024-09-16,47,40,16,82,0
3300,2,2024-09-15,135,40,16,11,0
2285,1,2024-09-16,174,40,16,13,0
3615,1,2024-09-15,304,75,30,27,0
3772,2,2024-09-16,90,40,16,11,200
3710,2,2024-09-16,86,20,8,6,0
3104,4,2024-09-15,124,50,20,3,0
2047,4,2024-09-16,133,50,20,7,0
2154,1,2024-09-16,57,40,16,29,0
3516,2,2024-09-15,23,100,40,25,0
2402,3,2024-09-16,54,30,12,3,100
2232,4,2024-09-16,74,30,12,0,0
3286,1,2024-09-16,0,40,16,3,0
3038,2,2024-09-16,236,40,16,2,0
2436,3,2024-09-16,135,30,12,28,0
2522,3,2024-09-15,40,75,30,25,0
3281,2,2024-09-16,169,30,12,2,0
2398,5,2024-09-16,69,20,8,0,0
3098,2,2024-09-16,124,50,20,1,0
3036,5,2024-09-15,281,50,20,13,0
2908,5,2024-09-15,62,30,12,5,0
2971,5,2024-09-16,299,75,30,1,50
3735,5,2024-09-15,162,40,16,31,0
2070,4,2024-09-16,119,40,16,26,0
2057,4,2024-09-16,347,100,40,14,0
2535,5,2024-09-15,80,20,8,1,0
2087,4,2024-09-15,49,20,8,14,0
2413,2,2024-09-15,223,75,30,7,0
3068,1,2024-09-16,57,30,12,8,0
2430,4,2024-09-15,117,50,20,8,300
3743,2,2024-09-16,307,50,20,12,0
2107,2,2024-09-15,89,20,8,9,0
3459,5,2024-09-15,116,50,20,4,0
3754,5,2024-09-15,61,20,8,2,0
3115,4,2024-09-16,95,30,12,0,0
3101,5,2024-09-15,8,30,12,18,0
3739,4,2024-09-16,23,20,8,1,0
2434,5,2024-09-15,44,50,20,28,0
2191,2,2024-09-15,153,50,20,1,50
3831,4,2024-09-15,114,40,16,21,200
2001,2,2024-09-16,83,30,12,5,0
2849,4,2024-09-15,240,100,40,28,0
2462,4,2024-09-16,40,20,8,56,0
3458,1,2024-09-16,169,40,16,11,0
3331,1,2024-09-15,236,75,30,33,0
3102,5,2024-09-15,20,30,12,1,100
3247,4,2024-09-15,78,40,16,13,0
3636,3,2024-09-16,163,40,16,0,0
2050,3,2024-09-16,259,100,40,10,0
2848,2,2024-09-15,91,30,12,26,50
2579,5,2024-09-16,69,40,16,1,0
2330,4,2024-09-15,65,50,20,7,0
3555,5,2024-09-16,101,75,30,9,200
2386,4,2024-09-15,196,40,16,38,0
3366,2,2024-09-15,77,30,12,34,0
3514,5,2024-09-16,38,30,12,23,0
2292,3,2024-09-16,276,75,30,2,0
2605,2,2024-09-15,134,50,20,2,0
2637,2,2024-09-16,125,40,16,13,0
3740,3,2024-09-15,91,30,12,4,0
2452,4,2024-09-16,101,30,12,8,0
2909,3,2024-09-15,63,20,8,13,0
2371,1,2024-09-16,92,40,16,4,0
3840,5,2024-09-16,139,50,20,13,150
2080,1,2024-09-15,0,50,20,12,0
3491,5,2024-09-16,32,20,8,23,0
2133,4,2024-09-16,115,30,12,20,0
2185,1,2024-09-16,202,50,20,5,0
3824,2,2024-09-15,86,30,12,11,0
2080,4,2024-09-15,142,50,20,16,0
3155,5,2024-09-15,64,30,12,4,0
2829,1,2024-09-16,457,100,40,17,0
3658,4,2024-09-15,265,100,40,0,0
3253,1,2024-09-15,88,30,12,2,0
3178,1,2024-09-15,72,20,8,99,0
3075,4,2024-09-16,90,30,12,14,0
3344,4,2024-09-16,141,75,30,51,0
2016,2,2024-09-16,159,50,20,33,0
3178,2,2024-09-16,27,20,8,44,0
2688,3,2024-09-16,209,100,40,0,0
2905,4,2024-09-15,100,40,16,9,0
2263,3,2024-09-16,148,30,12,10,100
2942,2,2024-09-16,213,40,16,27,0
3054,3,2024-09-15,509,100,40,3,200
2337,2,2024-09-15,158,50,20,30,0
3799,5,2024-09-16,293,75,30,32,0
3580,1,2024-09-15,166,40,16,3,0
2563,2,2024-09-16,265,75,30,4,0
2156,2,2024-09-16,405,100,40,41,0
2141,4,2024-09-16,30,20,8,20,0
3800,3,2024-09-15,93,50,20,25,0
2005,2,2024-09-16,104,40,16,23,0
3614,1,2024-09-15,171,40,16,54,0
2458,1,2024-09-16,314,100,40,2,150
3753,4,2024-09-15,31,20,8,18,0
2153,4,2024-09-15,37,20,8,8,0
3217,4,2024-09-16,85,40,16,0,150
2085,2,2024-09-15,196,50,20,3,0
2992,4,2024-09-16,149,30,12,0,0
3406,1,2024-09-16,165,50,20,8,0
2549,2,2024-09-15,81,30,12,12,0
2394,2,2024-09-16,170,50,20,1,0
3665,2,2024-09-15,244,50,20,4,150
2625,2,2024-09-16,100,30,12,2,0
2245,3,2024-09-16,273,75,30,8,200
3205,3,2024-09-15,92,50,20,11,0
3772,1,2024-09-16,44,20,8,22,0
3691,2,2024-09-15,365,75,30,1,0
3368,1,2024-09-15,93,40,16,11,0
2140,2,2024-09-16,382,100,40,13,0
3524,5,2024-09-15,90,75,30,0,0
3779,1,2024-09-16,158,30,12,27,0
3299,4,2024-09-15,76,40,16,11,0
2288,2,2024-09-16,80,30,12,7,0
3447,5,2024-09-16,87,40,16,25,0
2248,2,2024-09-15,353,75,30,10,0
3734,5,2024-09-16,125,30,12,0,0
3767,2,2024-09-15,107,40,16,6,0
3372,2,2024-09-15,71,40,16,7,0
2429,2,2024-09-16,106,40,16,13,0
3494,4,2024-09-16,117,30,12,37,0
3401,5,2024-09-15,77,20,8,0,0
3758,3,2024-09-15,157,40,16,6,0
3075,5,2024-09-15,188,75,30,11,0
3085,3,2024-09-16,107,30,12,16,0
2204,5,2024-09-15,165,40,16,14,0
2946,2,2024-09-15,110,30,12,66,0
2645,3,2024-09-15,19,30,12,21,0
2983,3,2024-09-16,24,30,12,4,0
3605,4,2024-09-15,154,50,20,16,100
3300,4,2024-09-16,149,30,12,7,0
3666,1,2024-09-16,51,30,12,28,0
3746,5,2024-09-15,89,30,12,23,0
2624,3,2024-09-16,142,30,12,11,0
2464,1,2024-09-15,273,50,20,14,0
2740,5,2024-09-15,83,30,12,1,0
2455,5,2024-09-16,148,50,20,32,0
2603,1,2024-09-15,91,50,20,31,300
2604,3,2024-09-16,48,40,16,5,0
3768,3,2024-09-15,191,50,20,55,0
3066,5,2024-09-15,36,50,20,38,100
3645,5,2024-09-16,72,20,8,26,0
3640,4,2024-09-15,68,75,30,3,0
2605,1,2024-09-15,101,30,12,7,0
3490,2,2024-09-15,246,50,20,13,0
3086,1,2024-09-15,263,75,30,35,0
3792,4,2024-09-16,83,30,12,23,100
2773,1,2024-09-15,309,75,30,5,0
2882,5,2024-09-15,83,50,20,6,0
2543,1,2024-09-16,143,30,12,3,0
2470,1,2024-09-15,108,40,16,11,0
2666,5,2024-09-15,237,50,20,33,0
2802,5,2024-09-15,363,100,40,3,0
2801,5,2024-09-16,56,30,12,18,0
3209,1,2024-09-16,150,40,16,19,0
2375,5,2024-09-15,0,50,20,5,0
3419,1,2024-09-15,147,75,30,23,0
3239,5,2024-09-15,79,20,8,22,300
2170,1,2024-09-16,66,30,12,2,0
2317,4,2024-09-15,180,50,20,41,0
2488,5,2024-09-16,158,50,20,54,0
2930,1,2024-09-15,62,30,12,16,0
2828,4,2024-09-15,15,75,30,3,0
3219,1,2024-09-15,196,30,12,1,0
2716,2,2024-09-15,101,30,12,0,0
2836,2,2024-09-16,21,30,12,21,0
2001,4,2024-09-16,136,30,12,30,0
2078,3,2024-09-16,136,30,12,21,50
2677,4,2024-09-16,65,20,8,24,0
2893,1,2024-09-16,141,30,12,3,0
2839,3,2024-09-15,384,75,30,32,100
3691,5,2024-09-16,320,75,30,8,0
3767,3,2024-09-16,95,20,8,8,0
3589,2,2024-09-16,90,30,12,12,0
2503,5,2024-09-15,226,75,30,36,0
2513,2,2024-09-15,44,40,16,6,0
2655,5,2024-09-15,55,30,12,10,0
3772,4,2024-09-15,90,20,8,3,0
3670,3,2024-09-15,61,40,16,17,0
2729,1,2024-09-15,4,20,8,7,50
2837,1,2024-09-16,151,30,12,3,200
2919,3,2024-09-16,238,50,20,5,200
3572,5,2024-09-16,136,75,30,7,0
3407,3,2024-09-15,208,75,30,10,0
3616,5,2024-09-15,26,40,16,3,0
2920,1,2024-09-15,102,30,12,11,100
2555,2,2024-09-16,83,40,16,5,50
3479,3,2024-09-16,147,30,12,1,0
2148,3,2024-09-15,142,75,30,7,0
3174,5,2024-09-16,101,40,16,30,0
2995,1,2024-09-16,409,75,30,0,0
3472,5,2024-09-15,150,30,12,8,0
2730,1,2024-09-16,5,30,12,21,0
3191,4,2024-09-15,278,40,16,6,0
2881,1,2024-09-15,179,50,20,8,0
3480,4,2024-09-15,40,20,8,16,0
3454,2,2024-09-15,84,40,16,0,0
2878,3,2024-09-15,138,30,12,7,0
2984,4,2024-09-16,65,20,8,21,0
2188,5,2024-09-15,99,40,16,15,0
2676,3,2024-09-16,29,30,12,0,0
2326,4,2024-09-15,18,30,12,1,0
2753,2,2024-09-15,202,75,30,5,0
2663,5,2024-09-15,0,50,20,2,0
2539,1,2024-09-15,137,40,16,14,0
3487,3,2024-09-16,59,30,12,9,0
2149,1,2024-09-15,237,75,30,4,0
3076,1,2024-09-15,321,50,20,16,0
3417,2,2024-09-16,175,40,16,10,0
3281,2,2024-09-15,57,20,8,21,100
2185,2,2024-09-15,60,40,16,65,0
2918,5,2024-09-16,194,100,40,12,0
3610,1,2024-09-16,211,75,30,26,0
2564,4,2024-09-15,75,40,16,2,0
3372,4,2024-09-16,27,40,16,11,0
3696,4,2024-09-16,253,75,30,22,0
2412,4,2024-09-16,59,30,12,4,150
3467,3,2024-09-15,239,40,16,20,200
2797,3,2024-09-16,97,40,16,13,0
3581,2,2024-09-15,180,40,16,1,50
2913,1,2024-09-16,58,20,8,9,0
3630,5,2024-09-16,108,30,12,4,0
3638,5,2024-09-15,274,75,30,6,0
3221,1,2024-09-15,264,75,30,9,0
2878,5,2024-09-15,118,50,20,21,300
3797,5,2024-09-15,68,100,40,21,100
2351,2,2024-09-16,70,40,16,1,0
2431,2,2024-09-15,126,40,16,0,0
3046,3,2024-09-15,264,50,20,21,0
3073,1,2024-09-16,172,40,16,9,0
3125,3,2024-09-15,91,30,12,2,0
3074,2,2024-09-16,130,30,12,1,0
2935,2,2024-09-15,204,100,40,36,0
2018,1,2024-09-15,250,40,16,40,0
3485,1,2024-09-15,84,20,8,2,0
3501,1,2024-09-16,215,50,20,1,0
3785,3,2024-09-16,247,50,20,7,0
3331,4,2024-09-15,48,20,8,36,0
3646,2,2024-09-15,157,40,16,0,150
2551,2,2024-09-15,219,75,30,2,0
3173,3,2024-09-15,396,75,30,39,0
3012,4,2024-09-15,235,100,40,2,0
2840,5,2024-09-15,90,30,12,6,0
2030,2,2024-09-15,242,100,40,9,0
2506,1,2024-09-16,38,75,30,10,0
2089,1,2024-09-15,38,20,8,8,100
2372,1,2024-09-16,10,30,12,2,0
3096,3,2024-09-16,130,40,16,1,0
3439,4,2024-09-16,46,30,12,9,0
3147,5,2024-09-16,206,50,20,3,0
2201,5,2024-09-16,146,30,12,7,0
2075,5,2024-09-15,126,40,16,49,300
3745,1,2024-09-16,69,40,16,14,0
2934,4,2024-09-16,0,40,16,12,0
3316,3,2024-09-16,295,50,20,14,0
3535,1,2024-09-15,225,50,20,35,0
3742,4,2024-09-16,39,20,8,7,0
2316,4,2024-09-16,121,50,20,0,0
3330,1,2024-09-16,79,20,8,2,0
3666,4,2024-09-15,88,30,12,3,0
2107,5,2024-09-16,39,40,16,0,0
3418,4,2024-09-16,35,50,20,18,0
3508,5,2024-09-15,33,30,12,13,0
3268,1,2024-09-16,226,40,16,32,0
3694,4,2024-09-16,132,50,20,37,0
3134,4,2024-09-15,369,100,40,15,0
2653,1,2024-09-15,63,40,16,0,100
2259,5,2024-09-16,40,40,16,20,0
3137,3,2024-09-15,229,50,20,2,0
3221,4,2024-09-15,183,50,20,2,0
2778,4,2024-09-15,109,30,12,42,0
2641,3,2024-09-16,154,30,12,10,0
2957,2,2024-09-15,28,20,8,18,0
2716,1,2024-09-15,25,20,8,13,0
2070,1,2024-09-15,285,75,30,20,0
2024,4,2024-09-15,109,20,8,54,0
2809,5,2024-09-16,71,20,8,5,0
2810,4,2024-09-15,80,40,16,0,0
3693,3,2024-09-16,141,20,8,3,0
2556,5,2024-09-16,177,30,12,31,0
2132,4,2024-09-16,209,75,30,32,50
3257,5,2024-09-16,88,50,20,9,100
2169,4,2024-09-16,199,30,12,25,0
3651,3,2024-09-15,534,75,30,9,0
3639,1,2024-09-16,32,20,8,8,100
3007,1,2024-09-16,11,40,16,3,0
2077,5,2024-09-16,0,75,30,1,300
3269,1,2024-09-15,135,40,16,13,100
3399,2,2024-09-15,145,40,16,18,0
3464,1,2024-09-15,81,20,8,4,0
3797,4,2024-09-15,418,100,40,6,0
2812,3,2024-09-15,151,40,16,32,0
2849,2,2024-09-15,178,40,16,5,0
2741,5,2024-09-15,41,40,16,7,50
2532,5,2024-09-16,123,30,12,4,0
2867,2,2024-09-15,27,20,8,0,0
3499,5,2024-09-16,240,75,30,1,0
2714,2,2024-09-16,140,50,20,4,0
2662,3,2024-09-16,69,50,20,27,0
2792,3,2024-09-15,616,100,40,7,0
3342,2,2024-09-15,192,40,16,36,0
2442,1,2024-09-15,57,30,12,0,100
2416,2,2024-09-16,121,40,16,0,0
3643,5,2024-09-15,48,20,8,1,150
2987,3,2024-09-15,42,20,8,61,0
3397,5,2024-09-15,84,75,30,4,0
2954,4,2024-09-16,133,30,12,11,0
3247,4,2024-09-16,208,100,40,15,0
2279,2,2024-09-15,132,50,20,14,0
2943,5,2024-09-16,376,75,30,6,0
2809,3,2024-09-15,51,30,12,28,0
2047,5,2024-09-16,119,30,12,14,200
2899,4,2024-09-15,123,40,16,16,0
3601,3,2024-09-15,176,40,16,4,0
2010,5,2024-09-16,239,75,30,28,200
2044,1,2024-09-16,323,75,30,7,0
2108,5,2024-09-15,188,40,16,2,0
3332,4,2024-09-15,86,30,12,43,0
2391,1,2024-09-15,95,30,12,10,0
3306,2,2024-09-16,64,30,12,46,0
3541,1,2024-09-15,338,75,30,34,0
3082,1,2024-09-15,61,40,16,10,0
3483,4,2024-09-16,295,40,16,11,0
2695,5,2024-09-16,53,20,8,22,0
2848,2,2024-09-16,7,20,8,4,0
2741,1,2024-09-16,63,30,12,15,0
3349,3,2024-09-15,98,40,16,4,0
2040,4,2024-09-16,94,30,12,8,0
2706,2,2024-09-15,31,30,12,5,0
2271,1,2024-09-16,10,40,16,12,0
3006,5,2024-09-16,110,30,12,26,0
3823,5,2024-09-16,73,20,8,12,0
3005,5,2024-09-16,101,40,16,4,0
2687,2,2024-09-15,115,40,16,1,0
3018,1,2024-09-16,63,20,8,4,0
3199,5,2024-09-16,142,50,20,0,150
2265,3,2024-09-16,60,40,16,4,0
2858,5,2024-09-16,59,30,12,11,0
3777,1,2024-09-15,113,30,12,21,0
2630,4,2024-09-16,208,50,20,4,0
3384,1,2024-09-15,70,20,8,24,0
3750,5,2024-09-16,75,20,8,11,0
2805,3,2024-09-15,126,50,20,2,0
2512,5,2024-09-16,54,20,8,37,50
2553,1,2024-09-15,125,50,20,41,0
3727,2,2024-09-15,149,40,16,6,150
2892,3,2024-09-16,44,50,20,4,0
3298,3,2024-09-15,72,50,20,24,0
2494,3,2024-09-15,407,100,40,7,0
2961,2,2024-09-16,125,40,16,13,0
3449,3,2024-09-16,156,40,16,18,0
3315,5,2024-09-16,158,40,16,7,0
3283,5,2024-09-15,124,20,8,8,50
3257,2,2024-09-16,94,50,20,18,0
3457,4,2024-09-15,122,30,12,2,0
3831,2,2024-09-16,84,50,20,4,0
2312,3,2024-09-16,75,40,16,85,0
3364,4,2024-09-16,95,30,12,33,0
2645,2,2024-09-15,76,40,16,5,0
2352,4,2024-09-15,160,30,12,103,0
2441,3,2024-09-16,177,75,30,9,0
3326,4,2024-09-16,127,50,20,4,0
2726,2,2024-09-16,112,30,12,4,0
3182,5,2024-09-15,115,40,16,6,0
2243,3,2024-09-15,114,30,12,8,0
2527,5,2024-09-15,16,30,12,16,50
3139,3,2024-09-16,217,40,16,1,0
2919,3,2024-09-15,80,30,12,12,0
3397,4,2024-09-16,333,75,30,7,0
2563,3,2024-09-16,343,75,30,18,0
3483,3,2024-09-16,33,20,8,2,300
3542,1,2024-09-15,89,20,8,1,0
3313,3,2024-09-15,51,40,16,11,0
2006,3,2024-09-16,37,20,8,15,200
2527,2,2024-09-16,184,75,30,4,0
2103,5,2024-09-16,86,50,20,42,0
2830,5,2024-09-16,52,20,8,28,50
3296,5,2024-09-16,0,50,20,19,0
3732,1,2024-09-15,125,30,12,1,0
2783,2,2024-09-16,171,75,30,23,150
2746,4,2024-09-15,216,100,40,16,0
3641,5,2024-09-16,194,40,16,3,0
3677,5,2024-09-15,240,40,16,15,0
3244,1,2024-09-16,197,50,20,6,0
3845,1,2024-09-16,133,40,16,63,0
2656,4,2024-09-15,15,20,8,1,150
3007,4,2024-09-15,197,50,20,19,0
2750,3,2024-09-16,106,40,16,31,0
3531,1,2024-09-15,122,20,8,5,0
2788,5,2024-09-16,125,75,30,54,0
2236,5,2024-09-16,256,40,16,59,0
2815,2,2024-09-15,99,30,12,32,0
3152,2,2024-09-15,75,30,12,17,0
2982,3,2024-09-16,71,30,12,1,0
2806,4,2024-09-16,51,50,20,19,0
2488,3,2024-09-16,229,75,30,18,0
2831,3,2024-09-15,118,30,12,11,0
3376,4,2024-09-16,86,30,12,5,0
2910,5,2024-09-15,93,20,8,16,0
2571,3,2024-09-16,66,20,8,0,150
3496,4,2024-09-16,282,75,30,21,0
2979,1,2024-09-16,39,30,12,5,0
3755,1,2024-09-16,93,20,8,5,0
2635,3,2024-09-16,306,50,20,3,0
3368,4,2024-09-16,126,30,12,0,0
2602,2,2024-09-16,84,20,8,8,0
3542,5,2024-09-15,65,30,12,4,0
3251,2,2024-09-15,193,40,16,0,0
2617,3,2024-09-16,50,30,12,20,0
3168,3,2024-09-15,132,40,16,3,0
3022,4,2024-09-16,112,75,30,2,0
3697,4,2024-09-15,93,30,12,18,0
3694,2,2024-09-15,67,30,12,2,50
2595,1,2024-09-16,152,40,16,0,0
2674,3,2024-09-15,104,100,40,4,0
2103,3,2024-09-15,153,40,16,17,0
2468,2,2024-09-16,279,100,40,6,0
3758,4,2024-09-16,69,30,12,2,0
2774,4,2024-09-15,177,40,16,6,0
2454,1,2024-09-15,113,50,20,10,0
3644,4,2024-09-15,159,50,20,14,0
3261,4,2024-09-16,50,50,20,19,50
3723,2,2024-09-16,121,30,12,10,0
2899,4,2024-09-16,70,30,12,6,0
2190,1,2024-09-15,28,20,8,2,300
2008,3,2024-09-16,149,50,20,0,0
3763,2,2024-09-15,57,20,8,18,0
2972,5,2024-09-16,60,30,12,7,0
3425,3,2024-09-15,84,40,16,29,0
2871,3,2024-09-15,381,75,30,0,100
2328,4,2024-09-15,521,100,40,27,0
2540,3,2024-09-15,165,50,20,11,0
2199,3,2024-09-16,42,20,8,26,0
3791,1,2024-09-15,117,30,12,18,0
2624,1,2024-09-16,144,30,12,7,0
2025,5,2024-09-16,54,30,12,18,0
3223,5,2024-09-16,104,40,16,18,200
2139,4,2024-09-16,126,30,12,0,0
3644,4,2024-09-16,140,30,12,32,0
3396,4,2024-09-16,264,100,40,18,100
3700,1,2024-09-16,471,100,40,43,0
2384,3,2024-09-16,204,40,16,3,0
2010,3,2024-09-16,71,40,16,15,0
3210,2,2024-09-16,260,75,30,26,0
3088,1,2024-09-16,244,75,30,18,50
2387,2,2024-09-16,54,20,8,9,50
2196,4,2024-09-15,94,30,12,8,0
2458,3,2024-09-15,81,20,8,3,0
3188,2,2024-09-15,223,50,20,2,0
2667,4,2024-09-16,56,30,12,1,0
2866,3,2024-09-15,377,100,40,22,0
3216,4,2024-09-15,73,50,20,19,0
3596,1,2024-09-15,176,75,30,1,0
3734,3,2024-09-16,218,75,30,16,0
3152,5,2024-09-16,247,50,20,7,0
2570,2,2024-09-15,95,40,16,2,200
3026,5,2024-09-16,246,75,30,21,0
2875,1,2024-09-16,61,20,8,5,0
2714,1,2024-09-15,52,30,12,15,0
2351,3,2024-09-16,49,30,12,0,0
3526,1,2024-09-15,119,30,12,9,0
2659,3,2024-09-15,95,40,16,6,0
3434,4,2024-09-15,95,40,16,30,0
2621,4,2024-09-15,163,75,30,2,200
3534,1,2024-09-15,31,20,8,13,0
2941,3,2024-09-16,35,40,16,8,0
3537,4,2024-09-16,230,75,30,21,0
2989,1,2024-09-15,136,50,20,0,0
2892,3,2024-09-15,74,30,12,5,0
2855,1,2024-09-15,51,30,12,15,0
3364,5,2024-09-15,232,75,30,26,0
2003,2,2024-09-16,45,20,8,4,0
3201,2,2024-09-15,23,100,40,10,0
3437,1,2024-09-15,181,50,20,20,100
2697,1,2024-09-16,77,20,8,11,300
2893,4,2024-09-16,423,100,40,35,0
3573,2,2024-09-16,45,30,12,4,0
3360,1,2024-09-16,81,30,12,4,0
2422,5,2024-09-16,23,30,12,16,0
3809,5,2024-09-15,267,75,30,30,0
3712,2,2024-09-15,20,20,8,13,0
2365,1,2024-09-16,93,40,16,6,0
3629,4,2024-09-16,155,40,16,50,0
3247,3,2024-09-15,95,30,12,23,300
3683,5,2024-09-16,106,40,16,16,0
2379,1,2024-09-15,90,40,16,5,0
3065,3,2024-09-16,85,20,8,24,0
3844,4,2024-09-15,96,20,8,9,0
3754,2,2024-09-15,55,30,12,3,0
3224,2,2024-09-15,30,75,30,3,300
3350,4,2024-09-15,160,30,12,10,0
3692,5,2024-09-15,226,75,30,7,0
2574,2,2024-09-16,90,20,8,3,0
3058,5,2024-09-15,39,30,12,23,0
3677,1,2024-09-16,158,40,16,9,0
2973,3,2024-09-16,262,40,16,18,0
2346,3,2024-09-16,134,50,20,5,0
2053,2,2024-09-15,125,30,12,3,0
3157,5,2024-09-15,26,20,8,2,0
2859,1,2024-09-16,76,20,8,13,0
3243,2,2024-09-15,76,50,20,17,0
2433,4,2024-09-16,99,40,16,10,0
3757,2,2024-09-15,194,50,20,12,0
3154,4,2024-09-15,11,30,12,2,0
3837,1,2024-09-15,252,75,30,4,0
2922,1,2024-09-16,341,100,40,25,0
2347,3,2024-09-16,62,20,8,15,0
3245,3,2024-09-15,139,50,20,6,0
3261,5,2024-09-15,59,20,8,9,200
3513,2,2024-09-15,159,30,12,10,0
3317,3,2024-09-15,50,20,8,4,0
3358,2,2024-09-16,137,50,20,7,0
3670,1,2024-09-15,154,75,30,21,0
3691,1,2024-09-16,147,50,20,1,0
3203,3,2024-09-16,120,30,12,32,150
3469,5,2024-09-16,78,30,12,5,0
2097,4,2024-09-16,141,30,12,30,0
2013,2,2024-09-15,93,30,12,119,0
2931,2,2024-09-15,133,40,16,3,0
3503,2,2024-09-16,63,20,8,2,0
3707,2,2024-09-16,210,50,20,33,0
3727,1,2024-09-15,101,20,8,18,0
3224,3,2024-09-15,251,75,30,0,0
2054,4,2024-09-16,152,30,12,42,0
2807,5,2024-09-15,95,30,12,10,0
3062,5,2024-09-15,0,30,12,3,0
3568,2,2024-09-15,102,40,16,14,0
3418,3,2024-09-16,207,50,20,8,0
2116,2,2024-09-16,116,20,8,4,0
3847,1,2024-09-16,53,20,8,20,300
3154,3,2024-09-15,60,30,12,7,0
2756,3,2024-09-15,193,50,20,8,100
2989,4,2024-09-16,202,40,16,4,0
3520,1,2024-09-16,189,30,12,13,0
2863,3,2024-09-15,206,40,16,13,0
3802,5,2024-09-16,90,30,12,7,0
3063,4,2024-09-15,206,40,16,12,0
2803,3,2024-09-15,177,40,16,38,0
3121,4,2024-09-15,248,100,40,37,0
3664,3,2024-09-15,44,30,12,2,0
2660,3,2024-09-16,122,40,16,8,0
3327,1,2024-09-16,87,40,16,21,0
3143,3,2024-09-15,63,40,16,23,0
3716,2,2024-09-16,284,50,20,40,0
2851,1,2024-09-16,205,50,20,20,0
2851,1,2024-09-15,77,30,12,10,0
2985,5,2024-09-15,72,20,8,27,100
3154,3,2024-09-16,70,30,12,15,0
3716,3,2024-09-15,43,40,16,1,0
2692,1,2024-09-16,68,40,16,1,0
2220,3,2024-09-15,0,75,30,37,0
2289,4,2024-09-15,56,30,12,32,0
3696,2,2024-09-16,102,40,16,26,0
2198,3,2024-09-16,252,40,16,17,0
2533,3,2024-09-15,80,40,16,3,0
2228,5,2024-09-16,61,20,8,7,0
2140,1,2024-09-15,66,30,12,5,0
2787,2,2024-09-16,62,20,8,55,0
2491,3,2024-09-15,90,20,8,11,0
2080,2,2024-09-15,7,50,20,35,0
3742,4,2024-09-15,81,30,12,45,100
2296,1,2024-09-15,106,30,12,0,0
3438,3,2024-09-15,40,30,12,2,0
2938,5,2024-09-15,86,40,16,7,0
2355,1,2024-09-16,85,30,12,26,0
3217,5,2024-09-16,102,50,20,15,0
3113,4,2024-09-15,141,40,16,35,0
3787,5,2024-09-16,319,75,30,76,0
3224,3,2024-09-16,151,30,12,4,0
2416,1,2024-09-15,121,40,16,11,150
2859,3,2024-09-15,140,50,20,13,300
3254,4,2024-09-16,128,30,12,7,0
2237,5,2024-09-16,223,50,20,12,0
3695,1,2024-09-15,221,40,16,12,0
3595,5,2024-09-15,41,20,8,24,200
3185,1,2024-09-15,170,50,20,41,0
2558,2,2024-09-16,15,40,16,0,0
2620,3,2024-09-16,61,40,16,31,0
3332,4,2024-09-16,62,30,12,16,0
2393,4,2024-09-16,189,30,12,34,0
2097,4,2024-09-15,0,30,12,1,0
2303,4,2024-09-15,106,40,16,33,0
3248,1,2024-09-16,74,30,12,11,0
3701,4,2024-09-16,163,75,30,3,300
2760,3,2024-09-15,159,30,12,2,100
3212,3,2024-09-15,79,20,8,3,0
3577,1,2024-09-16,180,40,16,31,300
3620,4,2024-09-16,183,40,16,1,0
2230,3,2024-09-15,83,40,16,12,0
2268,5,2024-09-15,96,30,12,2,0
2501,1,2024-09-15,166,40,16,21,0
2352,3,2024-09-15,81,30,12,35,0
2103,1,2024-09-16,229,100,40,4,0
2029,3,2024-09-15,233,75,30,31,0
2756,2,2024-09-16,80,40,16,11,0
3743,4,2024-09-16,335,75,30,4,0
2805,4,2024-09-15,102,50,20,7,0
2166,5,2024-09-16,78,30,12,14,100
3436,4,2024-09-16,204,50,20,10,0
3347,2,2024-09-16,71,20,8,4,0
2127,5,2024-09-15,10,20,8,2,0
3792,5,2024-09-16,524,75,30,23,0
3046,2,2024-09-15,81,75,30,52,0
3435,1,2024-09-15,264,50,20,1,0
2505,5,2024-09-16,155,50,20,3,0
3181,3,2024-09-15,289,75,30,4,0
2024,5,2024-09-16,54,40,16,16,0
3846,5,2024-09-15,32,40,16,2,0
2897,1,2024-09-16,178,40,16,67,0
2071,2,2024-09-16,117,50,20,12,0
2488,5,2024-09-15,90,40,16,8,0
3008,4,2024-09-16,94,30,12,0,50
3042,3,2024-09-16,220,50,20,31,0
3451,4,2024-09-16,54,30,12,1,0
2427,5,2024-09-15,52,40,16,15,0
2038,4,2024-09-16,122,40,16,28,100
3441,5,2024-09-15,46,20,8,22,0
2210,3,2024-09-15,182,40,16,6,0
3361,3,2024-09-16,165,50,20,7,0
2470,5,2024-09-15,278,100,40,13,0
2556,2,2024-09-15,159,75,30,1,0
2523,5,2024-09-15,35,20,8,36,100
2578,1,2024-09-16,21,30,12,10,300
2836,5,2024-09-16,92,20,8,14,100
2090,3,2024-09-16,93,20,8,0,200
2463,3,2024-09-16,99,20,8,14,100
3578,3,2024-09-16,12,20,8,0,0
2970,2,2024-09-15,91,20,8,19,0
3540,3,2024-09-16,79,30,12,5,0
2924,1,2024-09-15,103,40,16,2,200
3553,5,2024-09-15,194,75,30,34,100
3805,3,2024-09-15,196,50,20,18,0
3226,5,2024-09-16,203,100,40,6,0
2570,2,2024-09-16,51,20,8,1,0
2697,3,2024-09-15,280,50,20,2,0
3667,2,2024-09-15,209,100,40,8,0
2147,5,2024-09-16,155,40,16,75,0
3546,4,2024-09-16,173,40,16,10,0
2720,5,2024-09-15,166,40,16,18,0
2761,3,2024-09-15,81,20,8,12,0
2615,1,2024-09-15,150,40,16,21,0
2131,1,2024-09-16,114,20,8,16,0
2406,1,2024-09-16,205,50,20,16,0
2768,4,2024-09-16,117,30,12,25,0
3433,1,2024-09-16,77,30,12,17,0
2518,3,2024-09-16,184,50,20,2,0
2574,1,2024-09-15,95,30,12,23,0
3762,4,2024-09-15,211,50,20,0,0
3148,5,2024-09-16,166,40,16,8,0
2749,4,2024-09-16,57,30,12,21,0
3475,4,2024-09-15,82,30,12,26,0
3071,1,2024-09-15,1,30,12,8,0
2929,4,2024-09-16,301,40,16,8,0
2190,3,2024-09-15,50,20,8,9,0
3293,1,2024-09-16,80,20,8,3,0
2385,1,2024-09-16,141,30,12,46,0
2718,1,2024-09-16,48,50,20,15,0
2613,5,2024-09-16,220,40,16,53,0
2979,1,2024-09-15,202,40,16,8,50
3466,4,2024-09-16,145,20,8,14,150
2146,5,2024-09-15,34,20,8,4,0
2304,2,2024-09-15,219,50,20,3,300
2452,2,2024-09-15,88,20,8,16,0
2526,2,2024-09-16,454,100,40,54,0
2219,5,2024-09-16,225,50,20,0,0
3407,1,2024-09-16,30,30,12,10,0
3001,5,2024-09-16,38,20,8,3,0
2170,2,2024-09-15,106,30,12,9,0
3037,5,2024-09-15,133,75,30,9,0
2160,2,2024-09-16,257,50,20,53,0
3345,2,2024-09-16,186,50,20,43,0
3085,1,2024-09-16,0,40,16,0,0
2456,2,2024-09-16,148,50,20,6,300
2350,3,2024-09-16,34,40,16,16,0
2564,5,2024-09-15,162,75,30,2,0
3343,2,2024-09-15,75,40,16,27,100
3608,2,2024-09-15,323,75,30,6,100
3105,5,2024-09-16,113,30,12,7,0
3592,4,2024-09-16,124,40,16,3,0
2230,5,2024-09-16,21,20,8,26,100
2790,2,2024-09-15,60,20,8,45,0
2894,4,2024-09-15,261,40,16,9,0
3554,3,2024-09-16,112,30,12,4,200
2095,5,2024-09-16,71,30,12,26,0
2624,4,2024-09-15,77,20,8,1,150
3728,4,2024-09-16,231,40,16,4,50
2730,2,2024-09-15,92,50,20,9,0
2264,5,2024-09-16,62,40,16,1,0
3794,4,2024-09-16,0,75,30,16,0
3405,5,2024-09-16,136,50,20,4,0
3375,4,2024-09-15,119,100,40,7,300
2053,3,2024-09-15,107,30,12,33,0
2835,1,2024-09-15,46,20,8,6,0
2366,3,2024-09-15,136,40,16,5,0
3059,1,2024-09-16,110,50,20,11,0
3420,2,2024-09-15,67,30,12,17,0
2632,1,2024-09-15,192,50,20,12,150
3525,5,2024-09-15,59,30,12,24,0
2373,2,2024-09-15,119,20,8,2,0
3117,3,2024-09-16,115,30,12,53,0
2336,1,2024-09-15,125,40,16,18,0
2490,1,2024-09-15,26,50,20,47,50
3150,3,2024-09-15,186,50,20,6,0
2956,1,2024-09-16,38,50,20,28,0
2091,1,2024-09-15,8,30,12,21,50
3315,1,2024-09-16,47,20,8,14,150
2657,5,2024-09-16,0,30,12,6,0
3508,1,2024-09-15,71,20,8,17,0
3279,2,2024-09-16,74,20,8,0,0
2180,4,2024-09-16,241,75,30,26,0
2823,4,2024-09-15,0,20,8,12,0
2962,4,2024-09-15,274,100,40,18,0
2710,1,2024-09-16,61,30,12,23,0
3751,4,2024-09-15,56,20,8,2,0
2659,5,2024-09-16,87,75,30,12,0
3177,3,2024-09-16,163,50,20,14,0
3690,3,2024-09-15,10,30,12,29,0
2338,2,2024-09-15,214,40,16,42,0
3357,4,2024-09-16,44,20,8,10,0
2714,4,2024-09-16,159,50,20,31,0
3104,1,2024-09-16,360,100,40,40,200
2104,4,2024-09-16,156,50,20,4,0
3536,2,2024-09-16,31,40,16,17,0
3622,3,2024-09-16,271,75,30,14,50
2954,2,2024-09-16,152,40,16,72,0
3711,2,2024-09-16,10,20,8,5,0
3786,5,2024-09-16,211,50,20,25,0
2267,1,2024-09-16,12,20,8,10,0
2873,2,2024-09-15,88,30,12,10,150
3829,5,2024-09-16,125,75,30,4,0
2646,3,2024-09-15,97,40,16,36,0
3285,2,2024-09-15,212,40,16,9,0
2757,5,2024-09-16,282,50,20,13,0
3836,1,2024-09-16,47,20,8,11,100
3838,3,2024-09-15,84,20,8,3,0
3311,5,2024-09-16,50,20,8,5,0
3350,1,2024-09-16,191,40,16,43,0
2941,1,2024-09-16,165,50,20,2,0
2230,2,2024-09-16,270,50,20,8,0
3597,5,2024-09-15,15,30,12,15,0
3140,4,2024-09-16,194,75,30,50,150
3573,3,2024-09-15,84,20,8,16,0
3502,2,2024-09-15,430,100,40,19,200
3817,4,2024-09-16,118,50,20,1,200
3690,1,2024-09-15,220,50,20,3,0
2619,4,2024-09-15,132,30,12,5,0
2909,5,2024-09-15,103,20,8,3,0
2203,2,2024-09-16,289,75,30,4,0
3325,3,2024-09-16,90,30,12,26,200
2992,1,2024-09-15,168,40,16,16,0
3723,2,2024-09-15,79,50,20,12,100
3792,2,2024-09-15,114,30,12,18,0
3092,3,2024-09-15,195,75,30,13,0
2579,4,2024-09-15,47,30,12,29,0
3615,2,2024-09-16,59,20,8,0,0
3406,2,2024-09-15,79,30,12,15,0
3351,3,2024-09-15,48,20,8,0,0
2117,3,2024-09-16,153,30,12,21,0
3778,4,2024-09-15,294,75,30,15,0
2557,3,2024-09-15,10,30,12,7,0
3575,2,2024-09-16,99,30,12,7,0
3150,2,2024-09-16,6,30,12,9,0
3144,5,2024-09-15,135,40,16,41,100
2672,1,2024-09-16,106,30,12,25,0
2691,5,2024-09-16,114,40,16,17,0
2159,1,2024-09-16,62,30,12,8,0
3576,2,2024-09-15,177,40,16,10,100
3266,4,2024-09-15,22,20,8,3,0
3635,1,2024-09-16,131,30,12,6,0
2572,5,2024-09-15,100,20,8,5,0
2380,4,2024-09-16,132,50,20,4,0
2600,1,2024-09-16,98,50,20,7,0
3681,1,2024-09-15,46,50,20,5,0
2862,5,2024-09-16,132,50,20,3,0
3100,3,2024-09-16,20,50,20,47,0
3002,3,2024-09-16,47,20,8,19,0
2329,4,2024-09-15,60,30,12,10,0
3734,2,2024-09-16,0,20,8,22,150
3735,3,2024-09-15,276,75,30,46,0
3280,3,2024-09-16,324,75,30,9,100
2834,3,2024-09-16,62,20,8,21,0
2999,2,2024-09-16,646,100,40,1,0
