cliente_id,nombre,fecha_registro,segmento_calculado,pedidos_3m
100100,Jordi Crespi Gimeno,2023-07-11,premium,10
102974,José Nogueira Corominas,2021-08-30,regular,6
115024,Ana Sofía Quintana Duque,2023-11-30,regular,6
115024,Ana Sofía Quintana Duque,2023-11-30,regular,6
112411,Bernabé Romeu Olivares,2023-10-17,premium,10
106052,Gertrudis de Godoy,2023-03-05,premium,17
112676,Isidora Alfonso Castillo,2020-11-11,regular,6
114647,Jordi Sanabria-Pelayo,2021-08-15,premium,9
113712,Candelaria Ojeda Caballero,2021-03-06,premium,8
114055,Teodora Rodriguez Artigas,2021-05-19,premium,8
106791,Regina Tamarit Ochoa,2023-11-26,premium,13
106308,Nydia Cuéllar-Diaz,2020-12-26,premium,13
103485,Zoraida Hervás Ferrando,2020-07-17,regular,4
109843,Dorita Ochoa Novoa,2024-02-04,premium,7
109189,Melania Bonilla,2021-01-12,premium,9
103466,Raúl del Ariño,2021-06-22,premium,14
102089,Aura de Galván,2023-01-19,regular,4
110461,Narciso Durán Lastra,2023-02-10,premium,14
110461,Narciso Durán Lastra,2023-02-10,premium,14
104401,Jordi Solsona,2022-04-05,premium,15
106933,Leire Ortega Sanchez,2021-04-08,premium,10
111075,José Manuel Montesinos Castells,2021-04-10,premium,7
103480,Daniela Morales Iglesias,2022-09-21,premium,9
110318,Sergio Caparrós Elorza,2020-06-07,premium,11
104795,Horacio Belmonte Garrido,2022-06-04,regular,6
111643,Marcos Paz Cuéllar,2020-11-26,premium,12
106441,Emiliana Perera Salazar,2021-09-07,premium,10
104871,Joel Pavón Escobar,2022-09-20,regular,5
105750,Teo Cuadrado Cuéllar,2024-08-25,regular,5
101351,Alexandra Nadal Pombo,2020-10-18,premium,8
105333,Paula Roldan Cantero,2023-07-17,premium,10
101523,Susanita Valcárcel Ayala,2024-02-13,premium,7
105569,Dafne Jover Carbó,2021-04-29,regular,6
107927,Belen Segarra,2023-09-09,premium,9
103880,Florencia Apolonia Rincón Carmona,2022-10-01,regular,6
105611,Luisina Manuel,2022-03-08,premium,9
110990,Amarilis Nogués Español,2020-03-02,premium,9
104862,Curro Iglesias-Ropero,2020-11-27,premium,7
102928,Isaías Valderrama Domingo,2023-06-22,regular,4
109869,Régulo Oliveras Tomás,2024-03-13,premium,7
101329,Severiano Virgilio Castro Enríquez,2023-11-02,premium,15
100170,Lola de Gabaldón,2020-04-17,premium,9
106215,Rosalinda Ruano Lluch,2020-11-27,premium,9
111689,Fulgencio Ruiz Ródenas,2024-04-15,premium,9
102233,Íngrid Mateos,2020-07-08,regular,6
102857,Trinidad Navas Maldonado,2022-09-15,premium,9
111015,Macaria Plana Gilabert,2023-07-27,premium,10
115239,Heriberto Escrivá Nieto,2021-03-01,regular,6
103030,Vito Puente Ojeda,2024-01-12,premium,17
108696,Goyo Aragonés Saldaña,2024-02-27,premium,10
111962,Miguel Mendoza-Ríos,2021-02-03,regular,5
105554,Julio César Diego Fuente,2021-06-09,premium,13
114209,Severo Carranza Ruiz,2021-06-16,premium,7
105002,Quique Ugarte Cámara,2020-12-05,regular,6
113085,Jimena Ramos Vara,2024-08-21,premium,8
108954,Manuel Morell-Coca,2021-03-15,premium,7
115136,Maximino Chaves Aguilar,2021-06-11,premium,9
104360,Luisa Rosa Montero,2022-12-28,premium,8
108577,Rosario Prada Barrios,2023-12-17,premium,9
112124,Chelo Cabañas Guerra,2022-09-11,regular,5
103222,Xiomara de Huerta,2022-09-18,premium,7
104063,Isidro Múgica-Soler,2023-04-27,premium,13
107701,Clotilde Calleja Rincón,2024-06-12,regular,3
109076,Fabio Pou Valls,2021-02-23,premium,7
108102,Adolfo Berrocal Castells,2021-03-26,regular,6
107524,Jovita Planas,2022-05-02,premium,7
114027,Blas Glauco Guitart Osorio,2021-09-16,premium,8
102827,Che Alvarado-Cabello,2021-07-26,premium,9
112628,Marisa Cabo Duarte,2020-07-16,premium,9
101359,Sebastián Nebot,2024-07-19,premium,8
107641,Áurea Rosell-Barrera,2023-07-04,premium,9
111982,Natalia Lladó Seguí,2020-07-19,premium,7
105923,Valentín Vicens Sales,2024-01-19,regular,5
115214,Julieta Amaya Guardiola,2023-07-15,premium,8
113872,Manuel Danilo Landa Artigas,2021-02-19,regular,3
100933,Edelmira Valbuena Berenguer,2022-06-05,premium,8
114306,Georgina Giménez Leal,2022-12-28,premium,8
112205,Eli Fernandez Guzmán,2021-12-09,regular,6
106316,Vilma Acero Quesada,2022-01-03,regular,6
111500,Saturnino Contreras-Bernat,2020-12-05,premium,8
112320,Balduino Morales Santamaría,2022-05-04,premium,8
109699,Encarnación Seco Pelayo,2021-06-25,premium,10
113626,Tiburcio Echeverría Mulet,2021-11-05,premium,8
114242,Ciriaco Ramos Pascual,2022-09-16,regular,5
109361,Angelita Tenorio Cortés,2021-11-17,regular,5
104623,Marisela de Lumbreras,2023-05-25,regular,5
108510,Odalys Vélez Díez,2021-11-29,premium,8
110221,Lisandro Vera,2023-08-16,premium,10
103316,Ramiro David Morata Sánchez,2021-02-12,premium,13
107489,Efraín Aguado-Gargallo,2020-07-11,premium,11
114859,Heriberto Ocaña Anguita,2023-05-21,regular,4
104297,Luis Ángel Amorós Sevillano,2020-05-19,premium,7
109293,Diego Peñalver-Calvet,2022-02-14,regular,5
112732,Diego Ropero-Ballesteros,2021-02-12,premium,7
103352,Ciríaco Cerdá Carrillo,2024-03-22,regular,5
107880,Anita Sofía Ibáñez Portillo,2023-07-18,premium,12
108697,Rodrigo Revilla Crespo,2023-12-04,premium,8
106743,Gema Carranza Ángel,2023-05-05,premium,10
100567,Fernando Palacio Tolosa,2022-01-23,regular,5
110218,Angelita Ledesma Pinedo,2021-01-23,premium,9
113742,Jennifer Reguera Marín,2024-08-07,regular,3
112400,Dorotea del Villena,2022-11-29,premium,8
114480,Cristóbal del Exposito,2024-02-20,regular,6
113649,Noa Mur Santamaria,2024-03-22,regular,4
114986,Vicenta Ayllón Mayol,2020-11-05,premium,8
114630,Armando José Mari Prieto Jerez,2023-12-19,premium,8
112770,Jafet Vicente Posada,2022-10-17,regular,5
100829,Cándido Fuente Agustín,2023-07-30,regular,5
106073,Celestino Canales Gomis,2022-04-11,premium,8
114663,Anacleto Aragón Gámez,2021-12-10,premium,10
113884,Nicolás Polo Carranza,2024-05-13,premium,8
101740,Joan González,2023-01-04,regular,3
111163,Leoncio Fajardo Saavedra,2023-10-10,premium,8
111073,Francisco Teo Marí Cortes,2024-05-11,premium,8
112427,Aurelia del Valero,2022-07-03,regular,4
110873,Alonso Poza Morales,2023-07-09,premium,9
107373,Jose Francisco Ureña,2021-08-21,premium,9
107677,Brunilda Salinas Jáuregui,2022-03-04,premium,13
104116,Rufina Cuevas Tovar,2024-03-10,premium,7
114598,Plinio Godoy-Polo,2020-06-20,premium,8
105126,Manu Ojeda Ballester,2021-06-25,premium,9
103482,Lucas Capdevila Ferrándiz,2022-10-14,premium,9
106221,Yolanda Mendez Juárez,2021-09-16,premium,10
107304,Anastasio Esteban Valera Salas,2024-04-03,premium,7
103380,Susanita Fuente Becerra,2020-03-08,regular,5
108286,Manolo Hervia Heras,2021-01-12,premium,8
113598,Perla de Buendía,2020-05-03,premium,11
111752,Rosa Rius-Miguel,2022-03-13,regular,6
104074,Ignacio Colom Fábregas,2022-12-21,premium,10
107150,Marisa Arroyo Sastre,2020-09-24,regular,5
107248,Ismael Armas Blazquez,2021-08-13,premium,7
100896,Amador Quintanilla Ángel,2023-11-19,regular,2
103112,Elena Ricart-Báez,2023-08-12,premium,8
104515,Rufino Losa Pulido,2023-04-02,premium,10
101324,Glauco Lopez-Iriarte,2021-12-02,premium,11
107437,Evaristo Leal Tomas,2023-09-20,regular,6
103502,Jessica de Anguita,2022-09-01,regular,4
112855,Jose Ramón Quero Blasco,2020-05-13,regular,6
107699,Zaira Cerro Vall,2023-09-04,premium,13
111090,Febe Quesada Quintanilla,2023-10-04,premium,7
110370,Remedios Caparrós Gracia,2020-03-11,regular,6
106758,Andrés Felipe Ayllón Arcos,2023-06-11,premium,16
101684,Manola Mateu Zaragoza,2023-06-18,premium,10
100512,Ramiro Bustamante Quintero,2022-01-30,premium,12
104130,Adelaida Larrañaga Ramis,2024-06-02,premium,10
101347,Etelvina del Salgado,2022-08-06,premium,8
105654,Cintia Reig Montaña,2024-05-26,regular,5
107607,Rita Vizcaíno Silva,2022-04-05,regular,6
114793,Timoteo Isern Peiró,2023-12-09,premium,9
109489,Elba Canals Mayol,2020-03-18,premium,8
113644,Eligia Requena Blazquez,2020-04-03,premium,16
110028,Jeremías Desiderio Pagès Cortes,2024-07-28,premium,11
110028,Jeremías Desiderio Pagès Cortes,2024-07-28,premium,11
104780,Susana Julie Cobos Salvador,2024-06-10,premium,7
110736,Cebrián Soria Agudo,2022-04-28,regular,4
110736,Cebrián Soria Agudo,2022-04-28,regular,4
109453,Marcial Revilla Lobo,2024-07-02,premium,11
113850,Ema Carranza,2022-10-14,regular,5
112907,Candelas del Vila,2023-05-10,premium,9
104192,Zoraida Cisneros,2024-03-09,premium,8
100340,José Ángel Osuna Azcona,2020-10-20,premium,7
103734,Tomás Aguirre Galván,2023-01-28,premium,10
112314,Dolores Tena Juárez,2024-08-14,premium,7
104120,Casemiro Espejo Peiró,2024-01-19,premium,9
105207,Régulo Aragonés-Mariño,2022-03-14,premium,12
100938,Celestino Estrada Bermejo,2021-08-16,premium,11
101480,Aura Castejón-Expósito,2020-12-20,premium,14
100543,Dionisio Ruano Peláez,2021-09-25,premium,7
107031,Mónica Guijarro,2023-10-12,premium,7
101767,Agustina Blazquez Salvador,2024-02-23,premium,9
108294,Julia Viana Gallardo,2022-09-22,regular,4
110655,Dorita Navas Guerra,2021-09-05,regular,6
100477,Marco Cadenas Piña,2023-05-03,premium,11
101023,Primitiva Pina Téllez,2024-02-10,premium,10
109030,Ramona Osorio Perera,2024-01-17,regular,5
101748,Alejandra Esteban Pozo,2022-11-21,premium,12
100903,Ámbar Raquel Malo Abella,2024-07-12,premium,7
101011,Gilberto Abril Ropero,2024-01-08,regular,3
109001,Cayetana Durán,2020-08-18,premium,7
100737,Pacífica Ramón Abad,2022-02-21,premium,8
114802,Inocencio Barroso,2023-11-10,premium,10
108471,Jose Antonio del Gibert,2022-11-28,premium,7
108383,Gabriela Ramos Solé,2023-11-28,premium,10
104005,Teodoro Agullo Prado,2020-04-22,premium,9
110200,Prudencia Hierro Vargas,2023-04-06,premium,10
102474,Juan Francisco Ródenas Escamilla,2020-04-26,regular,5
112452,Isidro Emilio Abascal Vizcaíno,2021-09-11,premium,11
107746,Román Hervás,2020-06-19,regular,5
105652,Francisca Pombo Carbó,2020-05-04,premium,8
111185,Josué Galván-Fajardo,2021-07-10,premium,8
100128,Blas Zurita Donaire,2023-12-07,regular,5
111179,Otilia de Angulo,2024-02-29,regular,5
108956,Felicidad Narváez-Isern,2021-12-16,premium,8
103814,Olga Enríquez Barco,2024-08-12,regular,6
113692,Miguel Rodrigo,2021-04-01,premium,8
106464,Ana Sofía Alcolea Solé,2022-03-24,premium,10
103979,Alma del Batalla,2024-01-07,premium,8
100151,Desiderio Josué Llorens Barrio,2023-03-10,regular,5
100124,Amanda Puig-Cabeza,2022-04-19,regular,6
112125,Pancho Gimenez Llanos,2020-06-24,premium,9
113042,Marisol de Blázquez,2024-07-01,regular,5
115039,Diego del Boada,2021-08-03,premium,7
107137,Ana Sofía Rozas,2021-10-23,premium,11
114982,Marcos Porcel-Salamanca,2023-04-02,premium,7
113152,Miguel Ángel Fabio Abril Arjona,2023-06-21,regular,3
102933,Valentina Cabanillas Zaragoza,2021-07-29,premium,7
109028,Estrella Campillo Mendoza,2023-07-25,premium,9
111794,Onofre del Lasa,2022-10-27,premium,15
110866,Manuel Sanabria,2023-12-20,premium,12
109339,Pilar Carrera Tormo,2022-03-23,regular,6
102563,Evangelina Tovar Jódar,2021-06-28,regular,6
101271,María Manuela Rincón Ribes,2022-03-23,premium,7
103990,Carmen Tejada Ribas,2024-06-04,premium,8
112226,Albino Briones Huguet,2021-10-17,regular,6
105844,Amílcar Peinado Ferrán,2022-08-05,premium,7
100020,Manola Perez Rosales,2024-05-03,premium,10
105509,Salomé Carreras-Barral,2020-08-08,regular,6
107769,Fabio Castro Hernando,2023-03-10,premium,10
101548,Aníbal del Gutierrez,2023-02-28,premium,15
101534,Miguela Aurora Gargallo Cortés,2023-09-13,regular,6
102555,Ulises Gabino Mata Saez,2023-01-17,premium,9
103411,Catalina Marcos,2023-01-08,premium,10
106599,Loreto Cabello-Olivera,2020-08-09,premium,7
107999,Paz Arribas Arana,2021-09-02,premium,7
114965,Aura Lobo Valderrama,2021-04-09,premium,11
104751,Ulises Porcel Jiménez,2024-01-10,premium,12
108177,María Manuela Prado Millán,2022-03-21,premium,13
107822,Elpidio Amat Seco,2021-09-27,premium,15
104537,Clímaco Zapata Estévez,2021-06-04,premium,8
114104,Rosa Roman,2024-05-03,premium,11
100089,Teodosio Pozo Garriga,2021-10-30,premium,11
115205,Manu Baños-Alcalde,2022-08-19,premium,8
110280,Ariadna Soria Jáuregui,2020-08-03,premium,11
107782,Nicolás Carnero,2022-12-21,premium,9
109004,Chucho Renato Moya Barrio,2021-06-25,premium,14
106197,Gloria Collado Nadal,2023-08-20,regular,6
108283,Lina María Manuela Viana Llorente,2022-04-23,premium,7
107361,María Dolores Vallejo Mesa,2022-04-17,premium,11
114794,María Luisa Iglesias Escamilla,2024-07-12,premium,9
109625,Albano Castell Segovia,2020-04-25,premium,7
102969,Noemí Simó Busquets,2023-05-21,premium,9
101108,Casemiro Sevillano Calderon,2020-12-09,premium,14
108674,Dalila Ortuño Expósito,2024-05-01,premium,11
107464,Carlito Rivera Lucena,2022-08-17,premium,7
111314,Martín Cámara Nuñez,2020-09-30,premium,11
103483,Florencia Mármol,2021-12-23,premium,12
102860,Pía Salgado,2021-08-24,premium,10
103661,Ascensión del Báez,2021-09-17,regular,4
101749,Emilio Crespo Carbonell,2022-12-03,premium,11
104683,Cornelio Martin Azorin,2020-08-20,premium,17
109531,Susana Arribas Sanchez,2021-12-18,premium,11
109203,Clemente Gibert Pinto,2021-09-08,regular,6
107411,Marcial Uribe Estrada,2021-01-24,premium,12
102797,Ángela Naranjo Alvarez,2021-06-30,premium,7
103326,Lorenzo Roura Trillo,2024-04-18,premium,8
107204,José Núñez Ródenas,2023-05-11,regular,5
107204,José Núñez Ródenas,2023-05-11,regular,5
106693,Antonia Tirado Pagès,2020-06-25,regular,6
101769,Pelayo del Falcó,2023-11-03,premium,9
107758,Olga Castilla Cabañas,2022-09-21,premium,20
106149,Mohamed del Goñi,2020-12-03,regular,6
110076,Nacio Feliu Pont,2024-05-29,premium,11
112161,Azucena Conesa Bueno,2023-09-27,premium,9
109396,Gil Toribio Zabaleta Rius,2021-07-14,premium,12
100103,Inés Domingo Acuña,2023-04-07,regular,6
102141,Irma Ródenas Méndez,2020-12-16,premium,11
101607,Angelita Lloret Fernández,2023-07-04,premium,8
102232,Domingo Velasco,2023-03-19,premium,10
102232,Domingo Velasco,2023-03-19,premium,10
109781,Pastor Checa Vicens,2024-01-04,premium,8
111044,Juan Francisco Riera,2023-04-11,premium,9
104936,Donato Rosselló Flores,2020-10-31,premium,7
106425,Moisés Ayala Angulo,2024-06-17,premium,7
112523,Fortunato Tomás Montserrat,2023-05-29,premium,8
108964,Reyna Grau,2022-07-29,premium,10
104231,Violeta Angulo Pedrero,2022-05-09,premium,12
109301,Custodio Escribano Ponce,2024-04-26,premium,14
103669,Ariel Almazán Nicolau,2022-08-15,premium,8
107192,Fabio Valera Pina,2021-12-16,premium,7
107530,Cebrián de Pinto,2022-01-12,premium,13
102361,Leonor de Rivera,2022-01-11,premium,8
110281,Armida Vaquero Riera,2022-09-18,premium,7
107336,Carlos Ortiz Paniagua,2021-06-06,premium,9
108827,Espiridión Jordán Álvarez,2023-01-08,premium,9
109486,Aurelio Roberto Falcó Sosa,2023-10-21,premium,14
102440,Rufina Raya Mulet,2021-04-09,premium,9
113223,Isaías Valera Bernal,2023-11-21,premium,12
104466,Sebastian Aitor Hidalgo Salazar,2024-05-13,regular,5
104466,Sebastian Aitor Hidalgo Salazar,2024-05-13,regular,5
106562,Ricardo Chaves Vall,2021-04-15,regular,4
101088,Víctor Carreras Palomar,2024-02-10,premium,9
106481,Duilio Castañeda Teruel,2022-05-30,premium,13
108240,Ángel Vives Ramis,2022-10-22,regular,4
104448,Martina Lluch Torre,2022-04-04,premium,11
106792,Susana Menendez Palomar,2023-11-12,premium,11
106436,Etelvina de Castell,2021-02-01,premium,8
106858,Maura Hernando Marqués,2021-11-25,regular,4
108762,María Cuesta-Báez,2023-08-10,premium,8
102460,Amalia María Jesús Morcillo Barbero,2024-04-26,premium,9
107284,Tadeo del Ayllón,2023-08-17,premium,13
114450,Genoveva Vidal Mendoza,2020-12-09,regular,6
113069,Teodora Cózar,2022-08-17,premium,9
110644,Roberta Quevedo Cepeda,2020-09-07,regular,6
104864,Brunilda Antón,2021-02-13,regular,6
109566,Marianela de Bejarano,2022-02-24,premium,11
106423,Rita Sonia Belmonte Mate,2021-02-20,premium,18
112658,Erasmo Tomé,2024-07-18,premium,12
104581,Tomasa Pozo Gámez,2021-09-27,premium,8
108114,Julia Beltrán Mariscal,2020-06-13,premium,12
103215,Francisco Pujadas Talavera,2021-01-01,premium,10
102185,Irene Bermudez Llabrés,2022-11-30,premium,13
110680,Jose Miguel Jacobo Arévalo Tamarit,2021-11-07,regular,5
110920,Adelia Herrero Bárcena,2024-02-23,premium,8
104875,Caridad Maxi Zabaleta Rovira,2023-01-01,premium,8
100252,Horacio Martorell Mir,2023-07-04,regular,5
105505,Eli de Frutos,2023-12-01,premium,11
104521,Gerónimo Polo Castillo,2021-08-03,premium,12
103945,Angelita Valentín Alcolea,2024-02-27,premium,12
107966,Santiago Segarra Estévez,2024-01-31,regular,6
113549,Leopoldo David Sánchez Pazos,2023-12-24,premium,7
109684,Baltasar Blazquez Gelabert,2020-12-01,regular,6
113938,Javi Sosa Vall,2020-12-13,premium,8
106602,Sabina Aguilar,2022-10-13,premium,8
108324,Glauco Daza Carretero,2022-08-27,premium,9
105029,Beatriz Vidal-Franco,2021-03-24,regular,6
110804,Lucila Jessica Lloret Pavón,2023-05-14,premium,9
114828,Vilma Mendoza Vall,2021-04-05,regular,6
108250,Ezequiel Ros,2023-10-05,premium,7
101625,Haydée Arrieta Llano,2022-02-13,premium,11
109546,Filomena Rey Pedrero,2023-02-28,premium,9
109086,Martirio Valeria Paredes Ferrero,2024-04-06,premium,10
106187,Emelina Yéssica Rosa Abascal,2022-12-07,premium,11
114650,Apolinar Cervantes Mancebo,2022-09-20,regular,5
111751,Marcela Rosalina Bermúdez Garcia,2021-12-28,premium,10
101227,Encarna Serafina Torrents Paredes,2023-02-02,premium,9
107720,Rufina Gimeno Pablo,2023-08-04,regular,6
105437,Joel Alberola,2022-10-03,premium,10
105285,Néstor de Adadia,2023-03-29,regular,6
110201,Ricarda del Solís,2020-04-30,premium,9
108642,Ismael Recio Morillo,2020-06-27,premium,8
103828,Juan Antonio España Garzón,2021-12-01,premium,13
100388,Cipriano Mora Román,2023-07-21,premium,12
100197,Óscar Echeverría Cruz,2020-07-13,regular,5
114980,Belen del Cuéllar,2021-04-30,premium,9
109757,Ricardo del Aliaga,2022-09-06,premium,10
113343,Virgilio Navas,2022-11-11,premium,11
106843,Nadia Molina Benítez,2020-10-11,premium,12
107638,Evaristo Salinas Criado,2023-04-02,premium,9
107638,Evaristo Salinas Criado,2023-04-02,premium,9
111148,Toribio Crespi Balaguer,2021-02-14,premium,13
107587,Amarilis Gimenez Buendía,2021-12-16,premium,8
103528,Martina Soler Salas,2021-02-09,premium,12
110064,Dorita Galan Landa,2021-05-04,regular,5
108119,Ámbar Carbó-Vilaplana,2020-06-19,premium,8
110052,Carmela Catalán Benito,2024-03-26,premium,11
101870,Ariel Fernández Ariza,2023-12-08,premium,8
111928,Virgilio Trinidad Chamorro Carrasco,2020-08-27,premium,16
106740,Elías Yuste Quintero,2022-06-22,regular,5
104169,Carlos Villalonga-Amor,2024-03-12,premium,11
104829,Vasco Carnero Dalmau,2023-11-24,premium,7
108300,Juan Manuel Baquero Ramón,2020-10-15,premium,9
107664,Nico Pedrosa Ferrández,2022-04-05,premium,9
102158,Saturnina Cases Salmerón,2022-12-21,regular,5
102657,Nicanor Mesa-Castañeda,2024-08-25,premium,14
112736,Zacarías Garrido Vara,2022-01-22,premium,8
110311,Socorro Amorós Mena,2024-06-14,premium,10
103155,Javi Mármol Téllez,2022-11-07,premium,10
100412,Brunilda Anaya Luque,2023-09-17,premium,9
113056,Azahar Torrens Godoy,2022-11-20,premium,8
110420,Heliodoro Cantero-Roselló,2023-11-11,premium,13
109163,Esteban Morcillo Valentín,2020-12-01,premium,9
110190,Aníbal Miguel Paredes Catalá,2024-04-08,premium,9
106246,Cornelio Bravo Borrell,2023-08-12,premium,9
110125,Ruperto Arranz Amor,2024-03-20,premium,8
109261,Pascuala Santos,2022-07-03,regular,2
103211,Reyes Porta-Soto,2020-07-29,premium,15
103602,Saturnino del Solera,2021-03-01,regular,5
114221,Jose Manuel Ferrero Navarro,2023-06-25,regular,6
105599,Nazaret de Vila,2022-09-07,premium,11
106461,Onofre Rey Marti,2024-02-07,premium,8
106461,Onofre Rey Marti,2024-02-07,premium,8
108077,Petrona Martinez-Morante,2021-12-09,premium,11
108055,Edmundo Ramos Mínguez,2023-04-23,premium,11
108055,Edmundo Ramos Mínguez,2023-04-23,premium,11
104975,Cesar Carrión Amador,2021-01-01,regular,5
109306,Gonzalo Mariscal Prieto,2023-09-27,premium,8
108664,Celia Velasco Diaz,2023-06-27,regular,5
103373,Jose Miguel Tejero Vila,2020-08-31,premium,9
111434,Anastasio Benavides,2022-03-26,regular,6
109365,Abilio Orozco Calzada,2023-04-04,premium,15
101124,Virginia Jerez Seco,2022-09-28,regular,3
110939,Marcos Abad Ribas,2023-07-27,premium,7
112987,Fortunata López Ariño,2024-03-26,regular,6
108361,Reyes Hernando,2023-10-31,regular,4
106026,Paco Gallo Cepeda,2023-10-20,premium,13
103015,Gala Solsona Nicolau,2021-09-08,regular,5
107075,Osvaldo Francisco Alcolea Gámez,2021-03-09,regular,4
101120,Xiomara Delgado-Valentín,2022-12-30,premium,8
105715,Florentina Navarro Peralta,2023-08-08,premium,9
114939,Juan Manuel Cabo,2020-11-06,premium,12
105401,Anabel Garriga-Vigil,2020-11-23,premium,9
101373,Melchor Oliver-Pedrosa,2022-02-05,premium,8
103070,Cecilia del Garcés,2021-09-27,premium,8
102684,Gustavo León Gallego,2022-01-31,regular,5
110727,Mario Castilla Tena,2022-06-15,premium,7
112801,Blanca Cáceres Sala,2022-12-29,regular,5
107551,Espiridión Valls Angulo,2023-05-20,regular,5
101035,Juan Francisco Tejera Girón,2021-03-30,premium,8
107260,Arsenio Modesto Nuñez Tolosa,2021-03-30,premium,9
110246,Rolando Mir Castelló,2024-05-25,premium,14
114130,Adoración del Castillo,2023-08-18,regular,4
106175,Anastasio Giner Vilanova,2020-10-23,premium,10
100380,Alejandra Alcántara Amo,2022-03-21,premium,9
109356,Curro Edgardo Blanca Gonzalo,2022-08-01,premium,8
107189,María Belén Merino-Amat,2023-11-22,premium,10
105897,Merche Tomás Ferrera,2021-04-02,regular,4
105647,Anselma Rey Mariscal,2023-03-24,regular,3
105340,Domitila Ripoll,2022-02-02,premium,7
103644,Lino Anglada Mariscal,2021-09-16,premium,9
113354,Rosaura del Palacios,2022-05-25,regular,5
107585,Adela Ileana Navarrete Peñalver,2023-01-08,premium,9
107585,Adela Ileana Navarrete Peñalver,2023-01-08,premium,9
108199,Gabriel Pizarro Toro,2023-12-21,premium,9
108482,Sandra Rosalía Martínez Madrid,2023-06-02,premium,7
107154,Martina Español Giralt,2020-07-30,regular,5
104258,Gilberto Tovar,2024-06-10,premium,8
113136,Marcial Navas Gomis,2021-10-14,premium,9
114935,Adriana Gutierrez Esparza,2022-09-18,premium,7
114170,Adelia Cabanillas,2021-06-19,premium,11
100048,Reina Ferrán Higueras,2023-04-19,regular,5
102324,José Luis Franch,2021-02-12,premium,7
102472,Román Escobar Lluch,2022-09-16,regular,6
106206,Maristela Laura Quintanilla Bosch,2023-10-01,premium,8
109979,Esperanza Aznar Almazán,2021-03-10,premium,10
109894,Samuel Colomer-Peinado,2024-04-09,premium,14
113890,Bárbara Mariscal,2021-01-20,premium,7
112697,Luisa Morell Vega,2023-01-21,premium,7
109295,Rufina del Hernández,2024-04-04,regular,4
110947,Íñigo Contreras Galan,2023-02-21,premium,7
113835,Efraín del Peralta,2020-03-09,premium,11
105770,Amalia Diego Carreras,2020-10-01,premium,9
105770,Amalia Diego Carreras,2020-10-01,premium,9
114139,Adrián Gil Vilar,2022-01-12,premium,13
102907,Modesta Gracia,2022-02-10,premium,9
102849,Felicidad Bello-Céspedes,2020-12-15,regular,5
110964,Teófila Espinosa Galván,2023-01-07,premium,8
105262,Teodoro Agustín Ayllón,2022-08-05,premium,10
110312,Basilio Seguí-Milla,2023-06-23,premium,11
106419,Chita Morata Cueto,2021-04-08,premium,8
107345,Albano Poza Izaguirre,2023-11-02,premium,8
101012,Claudia Calvet-Yáñez,2024-04-18,premium,9
108778,Jacinto Marcos Posada Aguilar,2024-02-25,regular,5
104694,Manuel Andres Fuertes,2020-03-15,premium,12
106374,Judith Fajardo-Solsona,2021-07-03,premium,7
114418,Leandra Real Carrillo,2020-03-21,regular,6
110165,Juan Mate-Aranda,2024-03-10,premium,8
103577,Arsenio Pavón Rozas,2020-11-04,regular,4
111720,Diego Santamaria Arenas,2022-08-04,premium,13
115207,Marianela Landa,2020-03-10,regular,6
100908,Manuela Robles Blanco,2022-05-16,premium,8
111855,Salvador Garzón Balaguer,2020-12-06,regular,6
110505,Filomena Tomás Serra,2022-01-18,premium,8
103904,Angelita Hoz Terrón,2024-01-24,premium,10
100352,Leoncio Carrera-Donoso,2022-01-14,premium,9
105419,Marcio Codina Márquez,2021-06-05,regular,6
102343,Nydia de Reyes,2022-12-20,premium,7
104885,Reyes de Carranza,2023-11-10,regular,5
104953,Claudia Larrañaga Sanz,2024-04-23,premium,8
105752,Calixta Gutiérrez-Cantero,2023-11-15,premium,13
115084,Jerónimo Daza,2020-03-01,premium,7
109842,Eligia Flores,2022-04-30,regular,6
112001,Febe Emilia Ortiz Cózar,2021-01-17,premium,9
104245,Horacio Gomez Galván,2023-02-06,premium,10
115066,Virgilio Quiroga Pozuelo,2021-03-27,premium,7
114088,Manuel Carvajal Reina,2020-10-04,regular,6
112575,Rafaela Alcántara-Palau,2020-07-13,premium,9
113409,Martina Arranz Iniesta,2020-12-17,premium,9
110276,Teófila Vaquero Bautista,2020-06-27,premium,7
109439,Lupe Pellicer,2024-01-06,premium,8
105806,Baltasar Agustí Verdugo,2022-06-19,regular,5
102627,Herberto Rojas Escrivá,2021-11-17,premium,10
112009,Melisa Cecilia Acuña Ferrando,2021-02-14,premium,7
113095,Víctor Nogueira,2020-11-13,regular,4
110548,Hugo Tirado Agustí,2022-07-13,premium,7
110548,Hugo Tirado Agustí,2022-07-13,premium,7
102814,Paloma Roig Molina,2021-02-09,premium,7
102674,Noa Llanos Alemany,2021-09-15,premium,11
113986,Felicidad Plaza Ugarte,2021-07-06,regular,3
109331,Alfonso de Andres,2022-05-23,regular,4
103099,Juanita del Ojeda,2023-07-03,regular,4
111268,Eligio Antonio Roda Fiol,2024-07-08,regular,2
110882,Fortunata Rosado Fabregat,2023-08-18,regular,6
102302,Baltasar Girón Cuenca,2022-05-22,premium,9
101460,Gracia Alberola Acevedo,2023-06-10,premium,7
108923,Elisa Morell,2023-05-01,premium,16
111257,Casemiro Vargas Borrell,2023-04-20,premium,7
104607,Yago Sáez Niño,2023-08-12,regular,6
104541,Efraín Rosales Palacio,2022-01-26,premium,11
109731,Diana Vallejo Carpio,2023-01-14,premium,13
108747,Iker Jerez-Aller,2023-01-06,regular,3
114323,Rosalinda Puente-Galván,2024-05-22,premium,7
113415,Sebastian Rios,2022-02-04,regular,5
100931,Jose Angel Calderón Camino,2021-08-30,premium,9
107301,Buenaventura Izquierdo Royo,2021-09-21,regular,4
106904,Amada Mariño Reyes,2020-04-22,premium,10
105598,Xiomara Hernández,2023-05-23,regular,6
113484,Calixto del Carballo,2021-08-23,regular,5
107066,Jessica Mateos,2020-12-12,regular,5
107954,Juan Luis Lerma,2024-01-28,regular,6
100915,Rosario Calvo Pons,2024-02-18,premium,7
109393,Juan Carlos Azorin Franco,2021-12-16,premium,12
102677,Juan Antonio Gomila Blasco,2021-07-09,premium,9
103820,Edgardo Llabrés Bauzà,2022-01-14,premium,11
112177,María Teresa Hoyos Cardona,2021-11-15,premium,9
107140,Espiridión Buendía Llabrés,2020-05-10,premium,9
103275,Donato Chacón Ferrera,2022-03-08,regular,6
107442,Maristela Blanca Aroca Carlos,2022-01-20,regular,5
108075,Francisco Jose Palacio,2021-06-15,premium,8
107413,Nazaret Macarena Borja Mesa,2020-09-07,premium,7
105033,Carlito Bastida-Beltran,2024-07-19,premium,10
103949,Valentín Valls Izquierdo,2023-02-20,premium,7
113172,Leopoldo Calvo-Pinto,2022-07-17,premium,8
106559,Tatiana Lucena-Escamilla,2024-01-26,premium,12
113477,Hernando Guerra Luna,2023-10-13,premium,8
115193,Felicidad Villalobos,2020-03-28,premium,11
105364,Sergio Jaume Gascón,2022-03-26,regular,4
102040,Candelas Agullo,2022-04-15,regular,5
108508,Nicanor Carrillo Salmerón,2021-03-11,premium,10
113545,Susana Bárbara Real Carreras,2023-04-28,premium,12
113545,Susana Bárbara Real Carreras,2023-04-28,premium,12
103910,Virginia Villanueva,2021-10-23,regular,6
101808,Bautista del Pinilla,2022-09-28,premium,7
109231,Violeta de Mulet,2023-08-16,premium,11
100851,Pascual Portillo Peñas,2020-04-21,premium,11
108910,Felipe Pablo Castellanos Pont,2021-11-12,premium,10
111103,Rosario Malo Osuna,2021-02-15,premium,10
114200,Ileana Puerta,2021-08-07,regular,6
108319,Yésica Vazquez Doménech,2024-08-09,premium,10
105268,Rosendo Neira Morata,2023-09-03,premium,8
100177,Georgina Monreal-Piñeiro,2023-11-02,regular,6
112180,Eufemia Benavent Vilaplana,2023-10-31,regular,4
109871,Ariel Madrid Baquero,2024-06-21,premium,9
106546,Prudencia de Donoso,2024-05-02,premium,11
107253,Luis Miguel Mayoral Guardiola,2020-12-17,regular,5
111528,Candela Heredia Rivera,2024-02-29,premium,11
112833,Custodia Garmendia Sureda,2020-03-30,premium,7
115006,Socorro de Pomares,2021-12-28,premium,9
111903,Pepe del Suarez,2022-12-23,regular,5
103044,Marita Arcelia Luís Hernandez,2020-03-26,regular,6
112687,Aníbal Cardona Rosado,2021-11-13,premium,8
103206,Selena Almeida Tejedor,2023-11-02,premium,10
102705,Elías Alcázar Gaya,2021-10-30,premium,8
102268,Maite Salazar Dávila,2020-06-20,premium,8
111539,Etelvina del Muro,2021-05-09,premium,7
100150,Vito Moles Tormo,2024-06-27,premium,8
112898,Juan Luis Caparrós Escribano,2021-05-26,premium,12
107181,Macaria Barrera Cuéllar,2024-02-03,regular,5
103729,Bernardita de Monreal,2023-12-10,regular,6
115146,Sol Blanco Tena,2020-08-18,premium,9
109355,Fermín Ramis Rius,2023-11-10,premium,10
105712,Ibán Echevarría Villalba,2024-08-04,regular,5
101214,David Palau Fonseca,2023-01-04,premium,8
113081,Manuela Elba Moll Ayllón,2020-10-05,premium,10
109726,Camilo Álvaro Hernando,2023-12-26,regular,6
109442,Clara de Casas,2022-12-11,premium,11
107022,Ulises Lucena Santana,2022-11-24,premium,13
109394,Emigdio Tomé-Esteve,2022-01-08,premium,10
102381,Lucho Báez Conde,2021-10-11,premium,13
107924,Odalis Vera Sánchez,2024-02-20,regular,4
111091,Blanca Lladó-Valenciano,2024-04-15,regular,6
104140,Alcides de Piña,2022-12-17,premium,10
100519,Ricardo Morán-Alba,2023-12-08,premium,7
110767,Ramona Castro Blazquez,2023-02-27,premium,9
111498,Noelia del Cámara,2024-02-09,premium,10
101663,Lucas de Guzmán,2020-03-14,regular,3
101663,Lucas de Guzmán,2020-03-14,regular,3
112388,Nazaret Fiol-Blasco,2022-01-13,premium,10
100432,Selena Antúnez Conesa,2023-02-02,premium,13
102445,Anna Rosado Guillén,2021-12-14,premium,7
106751,Aura Tejedor Perelló,2021-02-20,regular,6
109516,Judith del Falcó,2020-09-23,premium,8
100721,Cristóbal Amor Revilla,2024-07-15,premium,13
105734,Hugo Clavero Vega,2024-08-27,premium,7
104830,Zoraida Valdés Salom,2021-12-26,premium,12
103746,Jordán del Anaya,2020-05-04,premium,9
113728,Santiago José Mari Grau Alvarez,2021-10-24,premium,9
113788,Oriana Carmela Rovira Moya,2022-12-25,premium,8
105041,Inés Elisabet Quintana Valera,2020-07-21,premium,7
105081,Trinidad Fabra Artigas,2023-11-29,regular,6
106313,Esperanza del Alarcón,2024-05-09,premium,11
112587,Melisa Macarena Lillo Ibáñez,2021-06-16,regular,6
103593,Aurelio Peralta Ramón,2023-04-22,premium,12
106168,Mónica Heras Abascal,2020-05-13,premium,10
114171,Alicia del Sabater,2020-09-30,regular,4
104246,Brígida Santamaria Almagro,2020-08-15,premium,8
112488,Samanta Cadenas Rodriguez,2022-09-26,premium,8
102752,Jordi Vilalta Rodríguez,2020-07-02,regular,3
114877,Evaristo Espinosa Gargallo,2023-12-16,premium,11
108757,José Mari Severino Sans Solís,2020-09-16,regular,3
113135,Rosario Abellán Calzada,2023-11-16,premium,7
106979,Clímaco Timoteo Chico Olivares,2023-01-21,premium,9
108817,Apolinar Gascón Montoya,2023-03-03,premium,8
103785,Juliana Azcona Soto,2023-11-17,premium,7
102251,Sabas Pagès Sandoval,2024-03-30,regular,5
114979,Dionisia Arnaiz Cerezo,2021-07-17,premium,8
104304,Elisabet Mena Cabello,2024-02-16,premium,9
108605,Albano Fuente-Ramírez,2020-10-09,premium,10
106196,Octavia de Corral,2021-04-26,premium,8
109629,Paola Reguera Morán,2023-04-07,premium,11
106779,Leyre Ramírez-Casanovas,2023-09-28,premium,7
107597,Leandro Aparicio Ródenas,2023-02-12,regular,5
108424,Etelvina Pedraza Figueroa,2021-02-25,premium,9
100863,Eufemia de Escrivá,2022-11-23,regular,6
100709,Cipriano Salvador Ródenas,2024-05-26,premium,10
102406,Juan Bautista Jover,2021-09-21,premium,9
104404,Faustino de Montenegro,2023-07-06,premium,9
109951,Celia Quevedo Castilla,2024-04-02,regular,5
101394,Susanita Morcillo,2021-10-01,regular,5
115074,Narcisa Remedios Osorio Granados,2022-08-28,premium,9
105767,Adela Cortes Huguet,2020-08-11,premium,14
114495,Malena Arregui,2020-08-18,premium,10
103209,Jose Ramón Barreda Carro,2023-03-06,premium,9
107498,Xiomara Cal Garzón,2022-01-04,premium,11
107051,Paola del Mateo,2022-04-27,regular,3
109673,Andrés Felipe Cuéllar,2022-05-13,premium,11
109372,Perlita Vicens Ordóñez,2021-04-21,premium,8
107045,Felicidad Boada Céspedes,2024-02-22,premium,7
110932,Charo Tejedor Santana,2021-09-09,regular,6
104342,Amaya Lasa Pastor,2024-01-14,regular,6
110847,Fanny Espada Almazán,2022-02-28,regular,6
111312,Pancho del Uría,2021-11-08,premium,7
106903,María del Pera,2022-11-13,premium,12
113946,Flora del Sola,2022-10-06,premium,10
109728,Nacho Cantón Torrens,2023-06-03,premium,7
110197,Guadalupe Pou Jurado,2022-10-05,premium,8
107732,Espiridión Peña Egea,2023-10-09,premium,10
106058,Juan Manuel Osuna Sedano,2022-04-27,premium,12
115163,Remigio Toro Bosch,2024-01-25,premium,7
109298,Felicidad Gargallo Carreño,2023-08-17,premium,9
110697,Bernardino Marquez Pelayo,2022-09-27,regular,4
106833,Vasco Gilabert Iglesias,2022-12-07,premium,11
114599,Joaquina Perelló Perelló,2020-07-24,premium,7
105720,Nilo Flores Porras,2024-08-27,regular,5
105101,Blas Sanchez Velasco,2021-01-22,premium,7
103695,Roberto Juliá,2020-11-10,regular,6
107101,Donato Benet Piñeiro,2020-10-26,premium,7
104418,Ignacia Salamanca Osuna,2021-07-24,premium,7
111668,José Segovia Bernat,2024-05-07,premium,9
108917,Concha Santiago Escamilla,2022-04-09,regular,3
112464,Angelino Alegria Oliveras,2020-08-03,premium,9
110708,Ale Faustino Arregui Juárez,2022-07-07,premium,11
111999,Heraclio Ibáñez Hernando,2023-11-27,premium,14
105769,José Palmer Sandoval,2023-09-17,premium,7
113659,Charo de Acevedo,2020-06-27,premium,7
105953,Micaela Trujillo Cazorla,2023-09-26,premium,18
102519,Úrsula Cid Pou,2022-04-18,premium,8
101091,Marina Clavero González,2020-03-08,premium,7
108820,Cayetana Quiroga-Gordillo,2020-06-19,premium,7
101471,Fabiana Sánchez,2020-09-12,premium,11
105354,Hilario Elías Verdugo,2023-10-27,premium,8
108837,Manola del Montero,2022-10-07,premium,13
104198,Glauco Fabra Ródenas,2022-02-24,premium,7
104198,Glauco Fabra Ródenas,2022-02-24,premium,7
107875,Daniel Valbuena Belda,2020-05-21,premium,8
102656,Felipa de Santiago,2023-11-10,premium,9
102560,Alfredo del Pujol,2021-07-29,regular,4
112449,Mariano Prieto Marin,2024-06-10,regular,4
108157,Clímaco Flores Cabo,2021-11-24,premium,10
104188,Bienvenida Bilbao Narváez,2020-11-06,premium,8
102453,Bibiana Mendoza Valentín,2022-12-10,premium,10
100808,Camilo Gallego Gascón,2023-12-06,premium,8
100808,Camilo Gallego Gascón,2023-12-06,premium,8
109839,Cornelio Lamas-Mayoral,2020-07-04,regular,4
104112,José María Milla Porcel,2024-04-03,regular,5
113322,Saturnino Amores Mur,2024-06-28,premium,7
110758,Marco Lorenzo Lago,2023-03-17,regular,6
110758,Marco Lorenzo Lago,2023-03-17,regular,6
111404,Febe Lucena Giner,2022-11-05,premium,7
101036,Conrado Pérez Saldaña,2022-02-03,premium,8
108215,Paola Irma Nicolás Farré,2021-01-31,regular,5
105246,Marcela Evelia Carvajal Dominguez,2022-03-13,premium,9
102146,Teodoro Rómulo Revilla Pagès,2024-08-12,premium,12
107650,Mateo Ramos,2020-07-16,regular,6
108293,Elba Olivé,2020-10-01,regular,4
108001,Ester Plaza Villanueva,2021-10-26,premium,7
107840,María Pilar Montoya Ayllón,2024-01-12,premium,12
110515,Quique Carvajal Jover,2023-04-07,premium,10
112195,Arcelia de Cañizares,2024-06-21,regular,5
114541,Edmundo Ildefonso Salazar Merino,2024-05-23,regular,6
110138,Nazaret Royo,2023-10-28,premium,11
106555,Ale Carrión-Palomo,2023-03-02,premium,13
114677,Dafne Catalina Fábregas Catalá,2022-04-09,premium,12
114898,Federico Gual Gámez,2020-04-25,premium,13
114727,Jose Manuel Salamanca Bayo,2021-06-13,premium,12
106534,Osvaldo Otero Abellán,2024-08-21,premium,8
106534,Osvaldo Otero Abellán,2024-08-21,premium,8
111833,Nélida del Arco,2021-02-20,premium,7
105324,Casemiro Gonzalo Castañeda,2023-05-05,regular,4
111628,Lorenzo Pi-Viana,2022-02-28,premium,8
110465,Máximo Alejo Feijoo Peinado,2024-08-08,premium,9
107121,Azeneth Balaguer Moliner,2021-07-09,premium,9
103992,Florentina del Pizarro,2023-11-20,premium,9
103026,Cayetana Romero,2021-10-18,regular,5
106188,Cintia Piedad Aguirre Gárate,2024-05-14,premium,10
111279,Evaristo Pazos Román,2023-01-01,premium,8
101985,Anselmo Garrido Sanchez,2021-10-27,premium,9
101633,Mamen Roxana Abril Bou,2022-04-09,regular,6
105059,Urbano Diez Costa,2021-03-12,regular,2
108881,Rolando Parra Pinto,2020-08-09,premium,7
106110,Adrián Sureda Mateos,2023-12-04,premium,8
100294,Andrés Felipe Palomino Arenas,2022-02-06,regular,4
107104,Juan Francisco Almazán Ferrero,2023-12-15,premium,10
105906,Venceslás Clemente Riquelme,2020-11-05,premium,13
106686,Anna Águila Olivares,2020-10-22,premium,12
101062,Julio Roda-Toledo,2020-03-13,regular,6
106225,Leopoldo Rosado Heras,2020-03-10,premium,10
112900,Vito Arteaga Gras,2023-10-25,regular,4
110060,Cruz Ramírez Roca,2022-09-26,premium,10
106333,Sergio Escrivá Milla,2022-12-14,premium,12
113044,Iris Guillén,2024-01-11,premium,13
100488,Jenaro Tur Hierro,2020-12-27,premium,11
100291,José Manuel Pons Verdú,2024-03-02,premium,7
112445,Edgardo Ramírez Samper,2020-07-23,premium,13
103578,Baldomero Macias Tudela,2021-06-05,premium,7
102253,Juan Bautista Peñalver Hernández,2023-04-09,premium,9
100102,Edgardo Cabello Figueroa,2022-08-21,regular,4
114141,Alondra Barroso Mariño,2023-10-25,premium,9
106021,Pepito Lobato,2022-05-14,premium,10
108846,Ricarda Cazorla-Calderón,2021-12-23,premium,7
108846,Ricarda Cazorla-Calderón,2021-12-23,premium,7
107594,Ana Belén Cantero Jiménez,2023-05-13,premium,12
115210,Poncio Rivera-Aguilera,2020-09-09,premium,10
106401,Concha Sabina Giménez Mármol,2020-12-14,premium,7
111821,Joaquín Jerez-Mata,2020-11-22,regular,6
110372,Olivia Fajardo Lastra,2021-11-29,premium,7
108733,Leandra Montesinos Blanch,2024-05-07,premium,13
110826,Ana Manuela Abellán Grande,2021-04-27,premium,10
100287,Candelas Calvo Santos,2022-09-17,regular,6
114517,Matilde Rodrigo Hoyos,2022-07-29,regular,3
101685,Ruth Bermudez Roca,2021-09-21,premium,8
107460,Ernesto Sainz,2024-05-30,regular,5
104964,Leandro Ayala Carlos,2020-09-22,premium,7
102547,Cebrián del Olivera,2022-06-29,premium,10
113286,Santos Rafa Farré Cazorla,2020-10-23,premium,8
109374,Cecilia Hurtado Exposito,2023-12-17,premium,11
106875,Valeria Cerdá Castro,2023-07-11,premium,9
112525,Sergio Desiderio Delgado Poza,2021-07-29,premium,9
101327,Pancho Maza Valdés,2023-02-20,premium,9
113614,Noemí Nogueira Pineda,2021-11-23,premium,10
103709,Malena Hoyos Pareja,2024-07-04,regular,6
111558,Reyna del Campoy,2022-04-27,premium,10
102520,Angélica Lina Sola Carrera,2020-09-12,premium,9
110526,Rosario Acedo Ferrández,2024-03-25,premium,9
110743,Gustavo Rosselló Mena,2022-02-18,regular,6
105100,Zaira Saturnina Fortuny Cáceres,2022-09-28,premium,10
109196,Nieves Escrivá Macias,2022-06-19,premium,8
109196,Nieves Escrivá Macias,2022-06-19,premium,8
112484,Daniel Recio Parra,2024-05-18,regular,6
111226,Teobaldo de Hervás,2021-09-10,regular,6
101490,Herminio Pelayo Manrique Armengol,2021-04-28,regular,5
101863,Sosimo Falcón Jaume,2024-05-01,premium,7
109665,Haydée Bernad,2020-05-04,premium,11
109665,Haydée Bernad,2020-05-04,premium,11
114764,Amílcar Segarra Calleja,2022-04-07,premium,12
114010,José Luis Diego Abellán,2022-08-03,regular,4
101804,Carlota Menéndez-Blasco,2022-08-15,premium,11
110842,Julia Matilde Girón Mateo,2024-03-20,regular,5
104182,Erasmo Roura Villanueva,2023-12-09,premium,9
107856,Lara Mosquera Lobo,2024-01-04,regular,6
114964,Gustavo Huerta Donoso,2022-03-05,premium,8
102537,Viviana Esparza,2020-03-14,premium,8
102459,Enrique Aguilera Asenjo,2020-03-30,premium,8
107282,Amelia Ferrera Medina,2021-10-01,premium,12
105911,Chus Rocamora Morcillo,2021-08-14,regular,6
108092,Maximino Rosselló-Porras,2023-08-02,premium,8
113929,Abril Piñol Cañizares,2020-09-13,premium,7
106502,Prudencio Vara Sosa,2021-11-14,premium,13
105031,Josué Cárdenas Oliva,2023-03-21,regular,5
103681,Rómulo Baños Hidalgo,2020-08-06,regular,6
100358,Noelia Capdevila Téllez,2022-01-31,regular,2
105849,Mercedes Olmedo Ferrer,2023-01-08,premium,7
104561,Ismael Quero,2022-11-24,premium,9
103014,Isaac Arroyo Vilalta,2020-06-22,premium,9
105365,Paula Alberdi-Morata,2022-06-20,premium,8
112026,Gonzalo Roda Ferrero,2020-09-08,premium,11
110439,Gisela de Jordán,2024-05-09,premium,8
109854,Bienvenida Morán Espada,2023-11-19,premium,9
101563,Manuelita Lorenzo Estevez,2023-03-09,premium,9
108936,Mamen Gibert Poza,2023-09-29,premium,7
111620,Rosendo Marqués Martinez,2021-05-01,regular,6
106326,Nacho Fabra Álvarez,2020-03-08,premium,10
107986,Jacobo Bermudez Urrutia,2022-09-22,regular,6
101057,Gaspar del Briones,2024-03-06,premium,11
111449,Ariel Clementina Bonilla Llano,2021-09-19,premium,12
111449,Ariel Clementina Bonilla Llano,2021-09-19,premium,12
115167,Encarnacion Álamo Bartolomé,2021-12-15,premium,7
108840,Patricia Plaza,2021-09-15,premium,12
103106,Javiera del Álvaro,2021-05-23,regular,5
103106,Javiera del Álvaro,2021-05-23,regular,5
113073,Salomé Cuesta Cánovas,2020-11-25,premium,7
113370,Asdrubal Figueroa,2020-07-01,premium,14
100492,Elpidio Bernad Barba,2022-12-19,regular,6
112438,Álvaro Lorenzo Tello,2020-12-08,regular,3
109373,Malena Conesa,2023-07-06,premium,8
106044,Leocadio del Carreño,2023-04-09,premium,8
106044,Leocadio del Carreño,2023-04-09,premium,8
101237,Eladio Piña Cañizares,2022-07-17,premium,12
106706,Fidel Campos Camacho,2024-01-17,premium,11
101255,Alcides Piñeiro Landa,2024-04-07,premium,9
112503,Aureliano Rico Mas Domingo,2023-05-07,regular,5
102955,Bernardo del Sans,2020-06-10,premium,11
103882,Carina Ayuso Tirado,2022-09-29,regular,5
106606,Ariel Doménech,2022-06-15,premium,12
110634,Chita Berrocal Pareja,2024-03-11,regular,5
112877,Erasmo Rosales Bauzà,2020-12-13,premium,11
102630,Gustavo Aragonés-Sánchez,2023-02-21,premium,8
101087,Enrique Almagro Chaves,2023-06-15,premium,10
101087,Enrique Almagro Chaves,2023-06-15,premium,10
100736,Julia Corbacho Águila,2021-05-02,premium,8
107540,Epifanio Duarte Palma,2022-03-31,regular,5
106007,Toni Alemán Chamorro,2024-06-25,premium,9
101200,Rico de Cal,2024-02-08,premium,9
113242,Cruz Solsona Barba,2022-02-16,premium,10
103036,Guadalupe del Abellán,2024-08-01,regular,4
100837,Jesús Almansa-Delgado,2022-12-23,premium,9
105776,Cintia Sevillano Franco,2023-04-21,premium,8
110253,Chucho del Prieto,2022-11-07,premium,13
113994,Evita Otero Zabala,2023-12-22,premium,11
114819,Ximena del Colomer,2023-04-25,regular,3
114322,Reinaldo Zamorano Martorell,2020-06-21,premium,8
108432,Maristela Ibarra Monreal,2023-02-12,premium,9
108444,Bautista Mendoza Maestre,2022-08-26,premium,9
106283,Luna María Ángeles Quintanilla Hervia,2023-04-17,premium,13
106429,Amanda Cervera,2020-10-03,premium,12
110905,Eugenia Sanjuan Solana,2022-01-14,premium,8
111343,Francisco Jose Rosales Querol,2021-07-29,premium,7
110876,Ámbar del Torrents,2024-08-05,regular,5
111547,Eva Imelda Mayol Benito,2020-04-05,premium,8
108414,Gervasio Morera Montes,2022-04-21,premium,7
102316,Cloe Díaz-Vázquez,2024-06-07,regular,6
104171,Anselmo Pallarès Robledo,2022-06-01,premium,8
115225,Hilda Arribas-Pou,2023-08-20,regular,6
103590,Osvaldo Ferrera Anaya,2021-12-06,premium,8
107944,Dulce Taboada Mas,2021-09-09,premium,10
107944,Dulce Taboada Mas,2021-09-09,premium,10
114068,Ernesto Lalo Hierro Valenzuela,2020-10-18,premium,8
113020,Mauricio Capdevila,2021-04-15,premium,7
109813,Sandalio Duarte Solís,2021-08-25,premium,9
103289,Yago Canet,2023-05-08,premium,13
102532,Piedad Bermudez,2021-12-28,premium,7
101651,Graciela Delgado Cortés,2023-09-15,premium,8
106635,Fabiana del Gargallo,2022-10-09,premium,9
104709,Manuela Cazorla Salmerón,2024-08-23,premium,10
105381,Fermín Vall-Marti,2021-08-03,premium,10
108345,Hugo Rocha Cabello,2021-09-14,regular,2
108417,Flavia Hidalgo Escolano,2024-06-03,premium,10
108723,Jorge Herrera Rodríguez,2024-02-25,regular,4
111803,Victoria Esteban Bellido,2022-08-29,regular,6
101689,Pedro Calderon Burgos,2021-11-11,premium,11
100305,Albina Alcaraz Navas,2020-12-09,regular,5
112712,Viviana Montoya Colomer,2022-10-05,premium,10
108944,Chuy Manuel Borrás,2022-11-08,premium,8
105071,Zacarías León Posada,2021-03-12,regular,6
102596,Gema Valls Arteaga,2021-11-15,regular,3
112640,Aitor del Diez,2023-12-27,premium,16
112293,Jose Francisco Tejedor Frías,2020-06-11,premium,13
105675,Candelario Peláez Llanos,2023-10-29,regular,5
105016,Olegario Barrio Ricart,2022-10-09,premium,12
109023,Griselda del Bustamante,2021-03-20,premium,16
108516,Julieta Delgado Luján,2021-07-13,premium,9
103939,Cristian Soler Pascual,2020-08-17,regular,6
108422,Evaristo Romeu Losada,2024-01-11,premium,11
112106,Espiridión de Cañizares,2020-11-10,premium,7
107554,Visitación Morera Águila,2023-06-01,regular,6
115159,Maxi Marí Segura,2024-08-26,regular,4
105206,Guadalupe Cáceres Gámez,2021-10-15,regular,5
107794,Mauricio Martín Fernandez Tejera,2024-01-19,premium,7
107970,Olivia Mosquera Heras,2024-01-27,premium,10
102127,Octavio Gabaldón-Benavides,2020-07-03,premium,8
112451,Víctor Uriarte Conde,2022-09-05,premium,12
105359,Felicidad Aguado Frías,2023-07-13,premium,11
105229,Manola Santamaría Angulo,2022-10-16,premium,8
106453,Fausto Pallarès Tena,2020-10-10,premium,8
108098,Vidal Saez Merino,2024-07-14,premium,13
111153,Rosaura Requena Miró,2023-05-05,premium,10
108627,Armida Bilbao Sanz,2021-03-25,premium,8
103088,Angelino Nicolau Buendía,2023-05-26,regular,4
106831,Reyna Marcela Plaza Garmendia,2024-03-03,premium,8
106831,Reyna Marcela Plaza Garmendia,2024-03-03,premium,8
102190,Marisela Bernad Olmo,2020-08-04,premium,10
115057,Carmelo Mena,2022-04-08,premium,7
103648,Modesto Baró-Tovar,2023-03-09,premium,9
103616,Eloísa Baquero Bermudez,2021-07-12,premium,8
102772,Pepita del Molins,2021-10-25,premium,12
114847,Fulgencio Fernandez Garcia,2020-12-19,regular,5
113464,Luis Ángel Jose Ramón Durán Cánovas,2020-11-10,regular,3
110480,Adora Alcolea Quintana,2023-03-23,regular,6
100759,Viviana Porta Roca,2020-07-22,regular,5
101890,Estefanía España Lucena,2023-05-16,regular,5
112573,Herminia Gracia Gámez,2022-10-01,regular,4
110306,Adora Aguado Bueno,2022-10-08,premium,8
113978,Julia Villegas,2022-02-11,premium,8
111265,Crescencia Barba Moya,2023-05-16,premium,8
111961,Yolanda Pujadas Marí,2021-01-21,premium,9
102003,José Mari del Roura,2021-02-25,premium,9
103823,Cristian Saldaña,2023-06-14,regular,5
113207,Anastasio Espada Cabeza,2024-02-05,regular,2
115201,Nydia Martorell Campos,2022-09-11,regular,6
102155,Oriana Barreda Gimeno,2024-04-13,regular,5
109259,Juanita Segura Fuente,2023-05-11,premium,8
109259,Juanita Segura Fuente,2023-05-11,premium,8
103976,Aurelia Emperatriz Sola Escamilla,2020-03-13,premium,9
114364,Azahar Villa Almazán,2021-06-19,premium,11
102877,África Lopez Albero,2024-07-03,premium,9
108403,Roldán Madrigal-Fuente,2023-08-14,regular,4
109386,Delfina Mateos Leiva,2020-12-09,premium,11
110418,Borja Costa Ródenas,2021-11-23,regular,6
108022,Glauco Anaya Izaguirre,2020-12-04,premium,9
108679,Fabio Luna Novoa,2024-02-17,premium,10
103234,Ana Belén de Falcó,2021-02-06,regular,5
109153,Martin del Lloret,2024-02-04,premium,8
106210,José Mari Manrique Talavera,2022-05-05,premium,9
100904,Francisco Jose del Alemany,2022-10-25,premium,13
108169,Dolores Diego Corominas,2023-07-14,premium,8
102914,Guadalupe Bautista Angulo,2024-06-25,premium,7
100281,Gustavo Ferreras Nadal,2023-12-25,regular,4
104755,Selena de Gascón,2021-10-22,premium,15
104963,Apolinar Alarcón,2021-09-18,premium,7
100658,Eli Conesa,2020-12-01,regular,6
100765,Begoña Acedo,2022-11-16,premium,12
110650,Pepita Vendrell,2023-03-26,premium,7
104011,Primitivo Isaac Rodrigo Batalla,2024-07-27,premium,10
102088,Rico Montserrat,2024-05-25,regular,6
112385,Mamen del Rosado,2021-11-02,regular,5
104792,Vera Abascal,2024-06-07,regular,3
114691,Jesús Recio Morán,2022-04-25,regular,4
114516,Alejandro Matas-Aguilera,2023-12-07,regular,5
113534,Eric Montaña,2024-07-22,premium,10
111080,Gabriela Rius Feijoo,2020-08-21,premium,8
111575,Pascuala Estévez Ferrándiz,2023-10-18,premium,12
113926,Dulce Mateu Luís,2024-02-27,premium,9
110207,Cloe Jove Pacheco,2020-09-26,regular,6
113617,Bernardino Camilo Vidal Herrero,2022-03-24,regular,6
114157,Anselmo Mena Cifuentes,2022-03-05,premium,7
104129,Tomasa Almazán Torrijos,2023-01-03,premium,12
104376,Sabas Alemán Valentín,2021-07-13,premium,12
106923,Isabel Marianela Calvet Nuñez,2023-08-28,premium,11
109788,Esperanza Llorente Gabaldón,2023-05-04,premium,11
104289,Mireia Calderón Solé,2021-01-13,premium,7
113184,Ángeles Solano Figueroa,2024-04-23,premium,7
104375,América Ramos-Escribano,2023-01-25,premium,8
100885,Javiera Serrano Cañete,2020-06-17,premium,9
108678,Nicanor Graciano Mur Serrano,2020-07-31,premium,7
106527,Curro Guzmán Aragón,2021-08-25,premium,9
104368,Ámbar Pou Blanch,2021-07-25,premium,8
109020,Magdalena Puente Portero,2021-09-20,premium,9
113668,Salvador Juárez,2020-11-13,premium,7
115147,Jose Miguel Ramos-Pinilla,2020-07-04,premium,10
115147,Jose Miguel Ramos-Pinilla,2020-07-04,premium,10
113388,Custodia Serna-Borrego,2024-02-07,premium,11
111045,Leticia Martín Lorenzo,2023-02-08,regular,3
112828,Juan Posada Arnaiz,2023-05-27,premium,7
112802,Lina Cabrero Cuervo,2023-06-25,premium,12
112098,Óscar Valentín,2022-04-24,premium,12
112753,Patricia Castejón Naranjo,2022-10-21,premium,11
103801,Ignacia Isa Martinez Boix,2020-05-30,premium,8
109397,Narciso Barros Carretero,2021-01-18,regular,6
114356,Úrsula Corominas Puente,2023-11-15,regular,6
111437,Jordi Pont-Lillo,2021-07-15,premium,7
108438,Cándida Almansa-Rincón,2023-01-06,regular,6
108763,Francisco Javier Carvajal Feijoo,2023-10-15,premium,7
108763,Francisco Javier Carvajal Feijoo,2023-10-15,premium,7
110166,Pepita Narváez Llano,2024-02-13,regular,3
110109,Remigio Leon Cueto,2022-05-19,premium,13
114586,Maricela Pedrosa Alvarez,2021-09-28,premium,7
101122,Juan José Guitart Batalla,2020-06-26,premium,7
103394,Clarisa Hoz Bejarano,2022-11-23,premium,8
102821,Damián de Arnaiz,2024-03-21,premium,11
102821,Damián de Arnaiz,2024-03-21,premium,11
112463,Julieta Manzanares-Haro,2023-03-03,premium,11
107751,Marcela Lopez Mateos,2022-10-01,premium,11
104013,Román Colom Miralles,2021-01-21,regular,5
113676,Esperanza Francisco Escudero,2024-04-29,regular,5
104984,María Jesús Ramis Arenas,2022-08-13,premium,11
111347,Mireia Canals Luís,2023-11-28,premium,7
105858,Verónica Filomena Martin Amador,2024-05-15,regular,5
115130,Agustina de Peralta,2020-08-26,regular,6
103652,Heliodoro Julián,2022-04-30,premium,16
109130,Lucio Baena Arnau,2020-06-02,premium,10
100169,Raquel Miguel,2020-07-22,premium,8
103548,Lucía Diego Berrocal,2020-07-13,premium,11
109887,Carmelita Corominas Pedrosa,2021-11-01,premium,12
102184,José Ángel Pallarès-Mayo,2020-03-08,premium,8
105134,Tatiana Saura Pla,2022-11-22,premium,11
105859,Camila Marí,2024-06-18,premium,16
112799,Mar Campo Nicolau,2021-06-06,premium,8
110134,Feliciano Villalobos Valenciano,2021-10-16,premium,8
109315,Soledad de Quiroga,2022-08-05,premium,10
113355,Brígida Cantero Moliner,2024-03-07,regular,6
100435,Hugo Lago Soriano,2020-04-18,premium,8
114550,Azahar Fortuny-Aguilera,2024-04-04,premium,9
101007,Cecilia Corona Díez Villalonga,2020-09-19,premium,11
101403,Silvestre Blazquez Tamarit,2022-12-19,premium,7
106179,Haroldo Arroyo,2022-09-14,regular,4
103300,Natividad Torrecilla Porta,2022-10-24,premium,11
104863,Nuria de Juliá,2020-05-23,premium,8
108687,Marta Menéndez Fábregas,2024-04-08,premium,13
108315,Reyes Consuela Leon Figueras,2023-12-25,premium,10
106012,Adelia Mate Portero,2020-11-24,regular,5
105313,Mayte Madrid Bou,2020-12-30,premium,8
113495,Íñigo Aramburu,2022-05-07,premium,7
114621,Glauco Vives Ibañez,2023-10-21,premium,13
114282,Eliseo Pol Jerez,2023-03-20,premium,8
106707,Isa Rueda Montesinos,2023-03-17,regular,6
115148,Aroa Escrivá Domínguez,2022-12-21,regular,5
104202,Dalila Martinez Bustos,2023-01-07,regular,4
106943,Carlota del Ugarte,2023-09-03,premium,7
109539,Faustino del Cortes,2022-08-24,premium,7
112657,Vasco Peláez Dávila,2020-06-10,premium,11
107937,Baldomero Bravo Esteban,2021-02-07,premium,8
106696,Macario Leal-Solís,2022-12-25,premium,10
114615,Eligio Omar Carnero Feliu,2020-04-26,regular,6
114114,Valeria Gisela Cabrero Cabeza,2020-06-24,premium,15
110912,Roberta Coloma Ortega,2024-05-27,premium,7
102237,Dora Alcaraz Caro,2023-06-10,regular,6
100047,Amalia Quero,2022-01-23,premium,15
102936,Sandalio Casares-Dominguez,2022-08-20,premium,9
103670,Vito Ordóñez,2021-07-18,premium,8
112620,Noemí Leon Mulet,2023-12-25,regular,6
109233,Ana Valentín Morera,2021-06-16,premium,7
102859,Maristela Núñez Serrano,2021-11-01,premium,10
100374,Andrés Llanos Quirós,2021-08-30,premium,7
109055,Xavier de Borrás,2022-12-23,regular,6
113958,Inés Patiño Hervia,2024-05-14,premium,9
111370,Cipriano Girón Bustamante,2020-10-27,premium,8
110740,Mamen Cobo Priego,2020-08-17,premium,8
112369,Melania Luque Morera,2023-09-26,premium,9
109056,Febe del Miralles,2022-11-07,premium,10
109954,Felipa Luís Uría,2020-07-23,premium,7
115099,Rosalinda Segovia Tenorio,2022-07-22,premium,11
101371,Luz Manu Seguí Bou,2021-08-03,premium,13
106483,José Mari Céspedes,2023-10-11,premium,11
114926,Josep Cabanillas Salcedo,2022-11-19,regular,6
105332,Tristán de Canet,2021-08-15,premium,12
107633,Jordana Bautista Barroso,2021-09-13,premium,9
109198,Jose Carlos Valencia Lorenzo,2021-03-01,premium,7
103223,Rebeca Juliá Feijoo,2021-12-16,regular,6
111320,Reyes Espejo Iñiguez,2023-06-24,premium,7
103405,Dionisio Elorza Hidalgo,2022-09-25,regular,6
113425,Celestina Domínguez Fajardo,2020-10-15,premium,10
105398,César Santamaria Ruano,2020-04-10,regular,6
100472,Araceli Nicolás Plana,2021-12-17,premium,8
100472,Araceli Nicolás Plana,2021-12-17,premium,8
114746,Manolo Solís,2020-06-21,premium,11
113210,María Carmen Orozco Saldaña,2022-05-30,regular,5
103367,Nélida Botella Pedro,2021-09-20,premium,16
105557,Esmeralda de Román,2020-06-27,premium,8
114886,Belén Cloe Arévalo Martorell,2020-06-25,regular,6
105438,Marcelino Lledó Santamaria,2023-09-15,regular,5
105438,Marcelino Lledó Santamaria,2023-09-15,regular,5
113436,Pascual Palomar-Guardia,2024-08-22,premium,8
115120,Nayara Vallés,2024-06-17,regular,5
106921,Carmelita Barreda,2021-01-05,premium,13
110433,Ulises Frías Trujillo,2021-05-23,regular,4
111401,Maribel Haydée Arteaga Montoya,2024-04-27,premium,9
106394,Paula Rosselló-Casals,2022-12-17,premium,9
106394,Paula Rosselló-Casals,2022-12-17,premium,9
100201,Alexandra Roig,2024-03-02,regular,2
107931,Ascensión Pera Perelló,2021-07-07,premium,8
112974,Wálter del Manzanares,2022-06-17,premium,9
107062,Loreto Manrique,2021-12-15,premium,12
109836,Aitor Valle Gallego,2022-02-24,regular,5
100469,Ruy Rodolfo Cid Oliva,2020-08-15,premium,13
100028,Palmira Santamaria Montaña,2024-03-19,premium,11
108900,Aroa de Montoya,2021-11-24,premium,12
106731,Sandra Oliver Lluch,2021-06-20,regular,4
105837,Roldán Sebastián Abascal Iborra,2021-01-15,regular,4
101164,Zaira Vendrell Belda,2023-08-28,premium,11
101699,Adela Marta Noguera Lillo,2023-07-03,premium,7
107673,Gabino Manrique,2023-01-27,premium,8
114295,Juan Manuel Páez Simó,2023-12-19,premium,11
102610,Arcelia Arias-Rivas,2023-07-14,premium,11
108362,Lalo del Conde,2023-01-07,regular,4
112265,Gonzalo Arias,2021-04-23,premium,8
109845,Glauco Maza Luján,2024-08-20,premium,16
113981,Nacio Saavedra Antúnez,2021-02-10,premium,13
114286,Beatriz Peña,2024-02-21,premium,9
114286,Beatriz Peña,2024-02-21,premium,9
103711,Tere Farré Bueno,2024-06-29,premium,8
108024,Eduardo del Calderon,2023-02-24,premium,9
104706,Severo Abascal Ayuso,2023-12-19,premium,10
100440,Vilma Rosell Uriarte,2021-02-04,premium,11
114869,Josué Puga,2021-01-04,regular,3
112101,Mariana Donaire Lorenzo,2021-11-10,premium,8
113650,Clara Arco,2024-02-11,regular,4
100926,Adriana Estevez,2022-10-10,premium,7
111443,Yago Ríos,2021-10-31,regular,6
100260,Camila Manzano Sala,2021-03-02,premium,10
109717,Noelia Bello-Iglesia,2024-03-17,regular,6
111801,Angélica Saavedra,2021-08-18,regular,5
108350,Fernanda Valle-Martí,2021-09-01,premium,8
107682,Máxima Cózar Santamaría,2023-01-03,premium,9
108710,Imelda Durán Guardia,2023-12-19,premium,10
112996,Cándido Estrada Rosales,2020-06-17,regular,6
101741,Olimpia de Lillo,2022-05-03,premium,11
103775,Lope Ballesteros-Llorens,2024-02-13,regular,4
103205,Emiliano del Jerez,2022-04-02,premium,13
111938,Antonia Ferrándiz Canals,2021-11-06,regular,6
105643,Severo Piñeiro Coello,2024-01-21,regular,6
111692,Rodolfo Iván Grau Vilar,2022-08-13,premium,11
110741,Gerónimo Bosch Calatayud,2021-12-29,premium,13
111639,Nacho Murillo Arrieta,2023-09-07,premium,10
113411,Roxana Guerrero-Olmo,2023-05-13,regular,6
100928,Gastón Casares Gibert,2023-09-19,premium,9
108068,Olimpia de Torres,2021-08-05,premium,9
105385,Santos Arregui Elorza,2023-01-29,premium,11
104039,Eva María Leyre Sánchez Flores,2023-07-24,premium,8
112284,Paloma Rodríguez-Quevedo,2023-01-11,premium,9
112816,José Manuel León,2020-10-13,nuevo,1
111525,Cloe Rivas Torre,2022-01-16,regular,6
103317,Néstor Iglesia Oliva,2023-09-22,premium,11
103078,Raúl Desiderio Cuadrado Pinedo,2022-04-01,regular,6
104102,Emperatriz Noriega-Falcó,2022-11-21,premium,7
111766,Herminia Tejedor Herrera,2024-03-02,regular,4
114648,Felipa Barba Expósito,2021-02-20,premium,8
104449,Diana Cámara,2020-03-20,premium,13
103387,Candelaria Alcaraz Soto,2023-08-18,premium,11
110468,Angelino Ballester Bermúdez,2023-01-21,regular,4
108780,Juanito Vallés,2024-05-08,regular,6
113897,Nerea Arranz Ortiz,2021-04-26,premium,9
111424,Olegario Manzanares Oliver,2024-07-14,premium,8
101454,Porfirio Castelló Baquero,2024-06-03,premium,8
111716,Benito Paz Castro,2023-01-23,premium,8
103888,Concha Román Fonseca,2021-08-24,premium,10
107224,Flavio Andres Caparrós,2023-05-13,premium,11
114060,Merche Luz Agullo Román,2021-07-30,premium,8
102479,Sabina Méndez Palomino,2022-04-29,premium,7
105894,Roque Nogués Perez,2020-03-22,premium,12
111483,Flavio Azorin Lerma,2023-07-09,premium,8
107586,Jose Antonio Cepeda Aguiló,2024-05-08,premium,9
108986,Rogelio Medina,2022-01-26,regular,6
101374,Bernardino Sevilla Giménez,2024-02-28,premium,8
112269,Leire Merino,2023-11-11,regular,3
104462,Martina Prieto,2024-05-06,premium,7
110199,Manola Gomis,2023-02-13,premium,7
100274,Yago de Leon,2020-05-29,premium,7
101412,Manuel Cortes-Rozas,2022-06-27,premium,7
104295,Rebeca Reyes-Ibáñez,2023-07-19,premium,9
105334,Armida del Barberá,2023-05-22,premium,10
101612,Calixta Maestre,2023-03-02,premium,10
112584,Lupe Ferrando-Maestre,2021-07-01,premium,8
112584,Lupe Ferrando-Maestre,2021-07-01,premium,8
109210,Trini Taboada Tomas,2021-02-18,regular,6
112326,Amada Jove Gutierrez,2024-06-06,premium,12
104065,Soledad Torrents-Jurado,2020-05-07,regular,5
107946,Saturnino Núñez Amores,2024-04-18,premium,10
104314,Fidel Otero Leal,2024-06-09,regular,6
115245,Febe Tatiana Fortuny Montserrat,2020-10-31,premium,10
100795,Porfirio del Blazquez,2021-06-02,premium,7
113702,Consuelo Montaña Chacón,2022-02-07,premium,11
105688,Luciana Jáuregui Artigas,2022-05-21,premium,8
111385,Cándida Vilalta Huerta,2022-07-20,premium,8
108031,América Lumbreras-Bernad,2023-07-29,regular,6
108031,América Lumbreras-Bernad,2023-07-29,regular,6
111980,Eduardo Peralta Aguirre,2022-12-24,premium,8
104973,Lorena Amparo Pozuelo Villena,2022-02-26,premium,8
112690,Ema Escalona Manrique,2022-09-04,premium,9
106287,Mauricio Oliva Portillo,2024-04-25,premium,9
106097,Roberta Ramón Castelló,2021-10-18,premium,12
102831,Eusebia Torralba Atienza,2021-10-18,premium,8
105118,Curro Chamorro-Alarcón,2023-06-03,regular,6
110807,Juan Antonio Valls Solsona,2023-09-02,premium,11
101800,María José Guardia Espada,2020-11-09,premium,8
107169,Nydia Miguel Miguel,2023-11-28,premium,9
101303,Eric Marin-Boix,2021-08-11,premium,7
115175,Lucio Verdugo Mas,2023-10-09,premium,16
104216,Esmeralda de Pou,2024-06-28,premium,11
103596,Miguel Ángel Gascón,2021-01-02,premium,9
114003,Ciro Galvez Pastor,2022-06-14,regular,5
114927,Victoriano Pazos Rivera,2024-05-26,premium,11
114927,Victoriano Pazos Rivera,2024-05-26,premium,11
112681,Jonatan Landa Salgado,2021-02-20,regular,5
106018,Maribel Febe Azcona Ávila,2022-02-16,regular,6
106018,Maribel Febe Azcona Ávila,2022-02-16,regular,6
109645,Ascensión Agustín Pallarès,2022-02-01,premium,11
108512,María Robledo Trujillo,2024-06-27,regular,4
114476,Norberto Alberdi Alonso,2023-11-14,premium,10
108884,Miguel Herrero Sedano,2021-04-14,premium,8
106452,Sol Águeda Mosquera Escalona,2024-04-07,premium,10
107052,Vito de Benito,2023-09-05,regular,4
104163,Fernando Montaña Azorin,2020-08-16,premium,8
102681,Alicia Carreño Contreras,2021-09-09,premium,8
102125,Juan Francisco Rogelio Agullo Peral,2021-04-25,premium,7
102125,Juan Francisco Rogelio Agullo Peral,2021-04-25,premium,7
102930,Vasco del Cobo,2022-09-30,premium,7
113107,Agustín Ramírez-Lobo,2023-03-12,premium,7
111521,Leandra Solsona Prado,2021-03-04,premium,17
108035,Teodora Borja Torrens,2021-02-05,premium,11
114098,Fidel de Macias,2022-07-03,regular,4
108676,Jacobo Camino Nuñez,2024-08-10,premium,12
101311,Rolando Cerdán Chaves,2021-05-05,regular,6
104852,Reyes Marcos Castrillo Antón,2020-11-08,premium,9
100189,Isa Quintero Becerra,2024-07-19,premium,9
100806,Héctor del Bonet,2022-01-30,premium,9
105152,Celestina Aragonés Ricart,2021-09-12,premium,11
100609,Priscila Alondra Bautista Pi,2021-07-17,premium,8
103560,Luis Ángel Gilabert Frutos,2023-11-18,premium,11
112536,Juliana Barriga,2021-09-08,premium,12
103107,Ciro Ferrera Morante,2021-12-03,premium,7
106389,Poncio Madrid Peinado,2021-10-24,regular,5
114310,Evelia Abella Crespi,2022-09-03,premium,12
105801,Jenaro Andrade Nogués,2023-08-07,premium,14
105801,Jenaro Andrade Nogués,2023-08-07,premium,14
109928,Isabel Villena,2022-10-22,premium,10
111774,Glauco del Isern,2023-03-06,premium,8
100219,Rosendo Casals Fuertes,2022-09-24,premium,8
112887,Jenny Xiomara Lillo Carretero,2021-07-19,premium,8
100361,Leire de Planas,2024-05-23,premium,12
104843,Luisina de Delgado,2021-10-13,premium,10
110992,Miguel Galiano Cobos,2021-03-23,premium,11
107712,Paola Miriam Olivé Ayuso,2023-05-31,premium,15
100328,Norberto Coloma Peñas,2023-03-31,premium,10
107829,Julio Codina Diego,2023-08-15,premium,8
113954,Lucio Salazar Nicolau,2023-04-29,regular,5
106085,Baudelio Tejero Valenciano,2023-09-14,regular,6
108143,Eutropio Gabaldón Ramírez,2022-08-25,premium,16
112333,Luis Miguel de Garzón,2020-05-26,premium,7
102792,Buenaventura Cabrera Gámez,2023-05-13,premium,9
112959,Mariana Roxana Fabra Carreño,2022-03-08,regular,6
106250,Gustavo Vallejo-Vélez,2020-06-20,premium,8
103370,Azahar Graciela Belda Vilanova,2024-03-14,premium,7
102055,María Pilar Iriarte Casares,2020-10-10,premium,10
101770,Amor Pla Hidalgo,2022-10-23,regular,5
102803,Clarisa de Fábregas,2020-12-29,premium,10
109054,Humberto Rodriguez Molina,2021-05-01,regular,6
103520,Gracia Blanch Adadia,2024-07-12,premium,10
109427,Hernán Marín-Higueras,2020-10-22,premium,8
107786,Jenny Robledo-Borrell,2021-12-29,premium,10
110663,Inmaculada Barral-Zorrilla,2024-08-12,regular,6
115113,Bárbara Jessica Leiva Quirós,2022-01-15,regular,5
112757,Venceslás Espada,2023-01-16,premium,9
106336,Gala Martinez Castro,2022-09-03,regular,5
113979,Juan Bautista Mercader Calvet,2020-05-01,premium,8
113979,Juan Bautista Mercader Calvet,2020-05-01,premium,8
113974,Luís Cazorla Borrell,2020-05-03,premium,8
112868,Rolando Zapata Hernandez,2024-08-26,regular,4
108243,Luis del Segovia,2022-10-23,premium,9
104887,Eugenia Borja Garmendia,2024-01-25,premium,12
104887,Eugenia Borja Garmendia,2024-01-25,premium,12
104443,Carmela de Peinado,2021-03-25,premium,8
102702,Guadalupe Gomez Cuevas,2023-12-01,regular,4
109949,Lorena Almeida-Vargas,2020-04-01,regular,2
107043,Maximiliano Araujo Espejo,2024-07-14,premium,15
114112,Venceslás Domínguez,2021-05-27,premium,13
105793,Valeria Bellido Guerra,2020-12-26,regular,4
111014,Álvaro Alfonso-Cortés,2020-08-22,premium,7
109865,Yaiza Córdoba Larrañaga,2022-11-29,regular,3
107883,Trinidad Ferreras Portero,2024-08-26,regular,5
113413,Purificación Guerrero Gual,2023-05-03,regular,5
113794,Chus Inés Francisco Canals,2022-11-22,premium,9
109452,Anna Juliana Bautista Jurado,2023-02-03,premium,12
100042,Guillermo Rivero Pavón,2023-03-27,premium,7
107302,Amanda Mascaró Herrera,2020-10-29,premium,13
113426,Prudencio Sarabia Ribas,2020-03-09,premium,8
104983,Timoteo Prieto Miranda,2023-11-05,premium,10
109563,Noa Pozuelo Céspedes,2022-09-05,premium,16
102320,Galo Hervia Llano,2021-06-21,regular,4
108295,Luna Batlle Patiño,2021-02-05,premium,9
113074,Celso Moliner Salinas,2020-03-15,premium,9
113154,Olivia Lumbreras Baeza,2023-08-12,premium,7
105227,José María Varela,2020-05-06,premium,7
107765,Flor Torrens Navarro,2024-08-22,regular,6
111805,Regina Saez,2021-09-30,regular,5
111072,Francisco Javier Atilio Castells Torrents,2022-03-22,premium,13
102449,Jordi Guerrero-Abellán,2020-04-09,premium,10
109816,Godofredo Busquets Villalba,2022-02-22,premium,15
114577,Moreno Portillo Rubio,2022-11-18,premium,8
108178,Teodoro Ordóñez Solano,2020-07-28,premium,9
108858,Fabián Federico Amorós Ríos,2020-09-04,premium,10
102086,María Verdejo Báez,2020-07-09,regular,5
108397,Juan José Francisco Jose Sevilla Alvarado,2023-04-02,premium,12
109420,Gertrudis Girona-Aramburu,2024-03-01,regular,6
114122,Leoncio Carrasco Franco,2022-02-07,premium,8
104512,Leire de Nicolás,2020-03-28,premium,7
110893,Adalberto Moreno-Conesa,2024-05-22,premium,7
112655,Odalys Méndez Montoya,2020-03-09,premium,10
108355,Maricela Palomino Velasco,2022-11-26,premium,10
105779,Josué Abraham Duarte Carranza,2024-01-28,premium,7
111478,Toño de Benítez,2020-05-10,premium,11
103046,Adora Becerra Tomé,2022-10-13,premium,10
105377,Carmen Gil Haro,2020-06-03,premium,8
114655,Édgar Quintanilla Vallés,2023-05-08,premium,7
105280,Roxana Segovia,2020-04-05,premium,7
109416,Eusebio Palomo Perea,2023-09-28,premium,7
106088,Casemiro Suárez Montserrat,2021-04-29,premium,17
105484,Rosenda Vargas Vilanova,2023-11-29,premium,8
111605,Régulo Cañas,2021-02-10,premium,13
105307,Rico Macías,2020-03-20,premium,7
106891,Herminio del Anglada,2021-02-17,premium,11
115042,Elvira Verdejo Prats,2022-04-19,premium,8
109072,Alberto Samper,2022-11-03,premium,8
112786,Camilo Requena Lobato,2021-01-25,premium,7
109218,Ainoa Bernad,2024-07-04,premium,14
111728,Gabino Reguera-Huerta,2024-05-21,premium,7
102806,Anastasio Daniel Carvajal Serna,2024-08-13,premium,11
114885,Jacinto Fonseca-Cáceres,2022-12-31,premium,7
109225,Roque Casas Gomis,2021-12-18,premium,10
104744,Paulino Lobo Rosa,2021-03-23,regular,4
114123,Victoria Guzman Izaguirre,2024-03-26,premium,9
104090,Rosa Bosch,2024-01-05,premium,8
109972,Gisela Abascal Osorio,2022-04-07,premium,8
104387,Isaura Porcel Sola,2023-07-20,premium,10
104387,Isaura Porcel Sola,2023-07-20,premium,10
100386,Modesta del Solera,2020-12-11,premium,12
104882,Erasmo Viana Miralles,2022-10-04,premium,8
108006,Leocadia Villanueva Ávila,2020-07-08,regular,5
101806,Santiago Acero Montalbán,2022-12-12,premium,7
111891,Hortensia Calatayud Benítez,2023-02-11,regular,4
100312,Ainara Pizarro Roma,2021-06-28,premium,11
108030,Melchor Morata Águila,2024-02-22,regular,5
106595,Alexandra Alberdi Torrecilla,2022-03-14,regular,6
107208,Lucila Samanta Guitart Roura,2024-08-05,premium,13
106127,Marino Cifuentes Molina,2023-11-07,premium,10
108252,Ángel Lluch-Olivera,2023-03-11,premium,7
102808,Lino Sanabria Cañizares,2023-07-17,premium,7
104030,Teodora Peiró Rebollo,2021-06-08,premium,10
112787,Luciana Vigil-Amo,2023-05-31,regular,6
104790,Domitila Belmonte Galván,2020-07-19,premium,10
104878,Viviana del Gálvez,2020-06-28,premium,8
101054,Amado Perales Pina,2021-04-10,premium,7
107250,Macario Domínguez Hierro,2022-06-16,premium,7
107250,Macario Domínguez Hierro,2022-06-16,premium,7
108594,Eloy Marcial Dalmau Cordero,2021-07-18,regular,6
109747,Gabriel Juan Rebollo,2021-08-12,premium,10
114074,Adalberto Barba-Sala,2021-08-25,premium,9
110365,Felix Torre,2021-06-22,premium,8
110292,Úrsula Aitana Larrañaga Monreal,2023-06-25,premium,7
110350,Osvaldo Rosa Tapia,2021-08-14,regular,3
107591,Calixto Goicoechea Galvez,2024-01-28,premium,11
106587,Maura Patiño Dalmau,2022-05-05,premium,10
102450,Jordana Martin-Collado,2022-10-17,premium,7
100354,Cristian Prats-Cortés,2022-01-15,premium,8
104707,Cirino de Puente,2022-07-06,premium,11
109746,Albino Santiago Saldaña,2021-07-13,premium,9
114294,Agapito Cruz Calatayud,2020-12-08,premium,9
110691,Pepe Segura Pol,2022-07-19,nuevo,1
107285,Julieta Real-Rivas,2024-08-06,regular,6
107285,Julieta Real-Rivas,2024-08-06,regular,6
114396,Dafne Ocaña Feijoo,2022-08-28,premium,7
112509,Patricia Montenegro Patiño,2020-05-25,premium,12
110047,Roldán Florentino Cámara Jiménez,2021-06-26,premium,7
109976,Berto Gárate,2022-06-29,premium,9
100015,Sebastian Atienza Agudo,2024-08-14,premium,8
109463,Hermenegildo Verdugo Ávila,2024-02-28,regular,6
101321,Octavia Irene Gallart Priego,2021-07-11,premium,14
111233,Curro Quintero Vargas,2020-08-06,premium,11
100534,Encarnación Amorós Perera,2020-03-15,regular,3
101958,Nereida Franco Calleja,2023-12-07,premium,9
102496,Roque Mir-Rosado,2023-10-20,premium,9
109648,Purificación Santiago Velázquez,2020-03-14,premium,7
113023,Encarna Quiroga Camps,2022-04-21,premium,9
105690,Nicanor Elorza Matas,2024-01-05,premium,8
107932,Agustina Escolano Cervantes,2022-06-10,premium,9
106959,Jafet Armengol Conesa,2023-01-23,premium,12
113750,Violeta Arnal-Manzano,2023-08-06,regular,6
102100,Tomasa Burgos-Donaire,2022-11-23,premium,9
101698,Mayte Acedo-Olivera,2024-01-29,premium,8
113851,Emperatriz Lourdes Solano Cabo,2023-04-03,premium,10
110977,Wilfredo Izquierdo-Cifuentes,2023-09-24,premium,15
101535,Trinidad Requena Macías,2023-07-13,premium,7
112199,Joaquina de Solana,2023-01-11,premium,8
100569,Conrado Santana-López,2022-06-28,premium,10
113540,Evangelina Calzada,2024-01-21,premium,10
103951,Marcos Borrego Larrañaga,2021-06-22,regular,4
100032,Buenaventura Ciro Miranda Sanmartín,2021-08-01,regular,4
105095,Jacinto Berrocal Malo,2021-12-30,premium,10
100122,Tere Dora Exposito Jódar,2022-12-07,premium,10
106992,Victor Tomé Hurtado,2021-08-11,premium,10
104721,Dan Osorio Carvajal,2021-09-12,premium,7
102499,Viviana Piquer,2020-11-24,premium,11
112693,Ciríaco Gómez Vergara,2022-12-11,premium,9
106077,Lucio Morales Pons,2020-07-09,regular,5
102715,Josefina Rueda-Diéguez,2023-02-03,premium,10
102035,Juanita del Ballesteros,2024-01-29,regular,2
104672,Beatriz Quintero-Gárate,2023-10-15,premium,9
100733,Ruperto Roda Capdevila,2021-03-02,premium,8
106663,Amado Riera Reguera,2021-06-15,regular,6
102579,Valentín Andrés Valero Roldan,2020-07-01,regular,4
100080,Nacho Aller Asensio,2020-07-28,premium,8
111550,Primitiva Varela Elías,2024-01-05,premium,11
112720,Carlos Duilio Girona Salvador,2021-03-28,premium,10
100411,Beatriz Iris Coll Almeida,2023-11-25,premium,7
101796,Estrella Pastor Luís,2023-11-22,premium,8
105460,Angélica de Anaya,2020-07-18,premium,12
106212,Hilario Sureda Rueda,2021-07-30,premium,12
105145,Sosimo Pla Tenorio,2024-08-10,premium,11
104867,Régulo Perales Berenguer,2023-08-19,premium,9
104465,Sabas Tur Pardo,2021-05-06,regular,4
105971,Angelina Briones Morales,2020-08-15,regular,6
103614,Aroa Crespo Tejada,2023-09-22,regular,6
106533,Venceslás Cuéllar Torres,2020-06-02,regular,5
114372,Urbano Mínguez Salamanca,2022-12-13,regular,3
109568,Olimpia Riba,2020-03-15,premium,13
102817,Martina Méndez Antón,2022-06-20,regular,6
110766,Carmen Mancebo Toro,2024-05-07,premium,8
109366,Osvaldo Nebot Heras,2023-06-04,premium,9
114392,Pablo Godofredo Tudela Vicente,2023-01-07,premium,8
108029,Bárbara Guardiola-Crespo,2023-09-10,premium,7
103059,Danilo Murcia Segarra,2024-07-10,premium,10
105910,Wálter Puga,2023-07-08,premium,10
113762,Salomé de Pellicer,2023-04-11,premium,7
107153,Mauricio Silva-Suárez,2020-04-20,premium,8
112354,Flavia Gaya Doménech,2023-10-20,premium,10
105039,Alcides Cruz-Coello,2021-01-13,premium,7
113405,Anselmo del Cortés,2021-04-21,premium,10
103475,Modesta Gloria Larrañaga Donaire,2022-06-11,premium,7
104773,Yaiza Valderrama Ferrán,2023-08-15,regular,6
102484,Pepito Pons Mármol,2022-12-04,regular,5
111523,Rosalva Leon,2021-05-17,premium,11
111832,Eutimio Rivero-Moya,2020-03-01,regular,6
108911,Filomena Manzano Andreu,2023-12-04,regular,5
105847,Adelaida Maristela Amorós Peinado,2021-04-05,premium,10
114750,Ernesto Perelló,2024-06-21,premium,7
114750,Ernesto Perelló,2024-06-21,premium,7
101924,Amada Llabrés-Huerta,2024-01-16,premium,9
105099,Rufina Pou Ramón,2023-08-15,premium,9
110793,Gaspar José Manuel Garrido Alemany,2023-08-15,premium,9
113862,Brígida Fuente Catalá,2020-09-16,premium,15
109870,Venceslás Uriarte Luís,2024-07-03,premium,9
109596,Victor Manuel Gámez Collado,2020-12-22,premium,13
108772,Guadalupe de Rey,2021-01-20,regular,6
111624,Berta Llano Molina,2020-06-17,premium,11
109545,Sonia Morales Fajardo,2021-03-17,regular,4
110347,Isabela Benet Cabezas,2021-05-22,premium,10
106726,Lisandro Bruno Marín Romeu,2020-05-13,regular,4
114560,Ainoa del Menéndez,2023-06-06,premium,10
112955,Cruz Castillo,2023-02-14,premium,7
106278,Delfina del Martorell,2021-08-28,premium,8
110859,Pancho Criado Peralta,2021-08-07,regular,6
101594,Chus Porcel-Ocaña,2020-07-01,premium,15
109057,Aura Macías Ribera,2020-06-24,regular,6
109057,Aura Macías Ribera,2020-06-24,regular,6
114321,Armando Salvador Palma,2021-07-16,regular,6
100456,Enrique Escalona,2021-01-14,regular,6
103284,Gema Torre Baquero,2021-11-07,premium,7
109240,Esther Esmeralda Cueto Cisneros,2021-07-26,premium,7
112878,Susana Elías Arroyo,2021-11-14,premium,7
109903,Dalila Hernández Arnal,2021-11-12,premium,11
102345,Victoriano Murcia Moreno,2021-01-23,regular,6
109977,Ariadna Estrada Gaya,2023-10-10,premium,9
105480,Cipriano Nogués Valderrama,2022-06-20,premium,10
114137,León Navarro Cal,2022-02-18,premium,14
115018,Isa Maura Blanca Meléndez,2022-08-23,premium,9
109621,Modesto Cruz Ramos,2024-06-28,premium,8
110204,Abel Amo Cerdá,2021-07-14,premium,7
114955,Artemio del Gutiérrez,2020-07-08,premium,8
113393,Cirino Rozas-Sainz,2023-05-13,premium,8
108693,Celso Uribe,2023-11-01,premium,9
105328,Graciela Téllez Morcillo,2021-11-18,regular,6
102590,Anabel Carballo Busquets,2022-09-08,premium,13
112524,Anna Pérez Lluch,2020-06-23,premium,7
114717,Andrés Felipe Peñalver,2021-07-14,regular,6
107717,Alma Silva,2021-08-11,regular,5
100174,Ana Sofía Niño Galindo,2021-07-08,premium,9
104849,Marcial Calleja Francisco,2023-06-06,regular,5
100051,Jesús Eligio Carretero Botella,2021-12-06,regular,5
106108,Sara Mendoza Cózar,2021-11-26,premium,11
104098,Fabio Sancho-Mesa,2020-10-19,premium,14
108266,Leandra Castejón Orozco,2024-06-02,regular,3
103756,Mamen Margarita Herranz Alcántara,2023-11-28,premium,7
100400,Nazario Sánchez Roman,2024-01-14,premium,8
104388,Marisela López Valbuena,2024-02-06,premium,11
100750,Ramona Fábregas Herrero,2023-12-31,regular,6
111410,Borja Anaya Vizcaíno,2021-12-06,premium,9
110376,Fabricio Morata Atienza,2023-11-03,premium,7
108583,Amor del Saura,2024-06-17,premium,11
109856,Jose Manuel Montesinos-Rodríguez,2020-05-06,premium,11
106490,Ileana Isaura Báez Pizarro,2022-09-21,premium,13
109649,Flora Nerea Bernat Miguel,2024-01-10,premium,10
106024,Maximiano del Ferrán,2021-08-14,regular,6
105023,Amaya de Carmona,2021-07-10,premium,11
113203,Reyes de Villena,2021-05-11,premium,8
101040,Olimpia Iñiguez Porcel,2022-08-24,premium,13
102883,Toni Mariscal Real,2021-03-10,premium,10
102883,Toni Mariscal Real,2021-03-10,premium,10
101140,Juan Luis de Olmo,2023-04-04,regular,3
107502,Caridad Fidela Trillo Perera,2023-09-23,premium,9
113738,Liliana Hierro Aller,2024-04-07,premium,9
107661,León Lozano Casanova,2020-11-13,premium,9
108869,Amalia Visitación Vergara Clavero,2020-07-22,premium,10
110543,Teófila Gutierrez,2020-03-13,regular,3
107477,Ruben Ariño Sobrino,2021-03-20,premium,7
105862,Leandro Nebot Elías,2022-03-19,premium,10
102799,Noemí Carrera Mariño,2021-08-05,premium,9
113458,Hernando Nebot,2022-07-12,premium,9
112168,Felicia Pino,2024-01-05,regular,6
101656,Verónica Elías Guitart,2022-01-14,premium,9
108311,Cayetano Saura-Roda,2023-07-09,premium,7
101963,Vito Sacristán-Asensio,2020-05-12,regular,5
105383,César Amor,2022-11-04,premium,12
101599,Isa Romeu,2022-05-02,premium,9
109963,María Fernanda Maristela Castejón Vicente,2022-08-23,premium,13
103680,Bernardita Vigil,2020-11-02,premium,7
115155,Hilda de Moles,2024-07-28,premium,12
109754,Macarena Bustamante Méndez,2020-04-01,premium,13
102482,Pacífica Mármol Vallés,2023-10-14,premium,9
111311,Octavio Catalán Costa,2021-06-23,premium,12
111311,Octavio Catalán Costa,2021-06-23,premium,12
103462,Jorge del Vicente,2023-04-28,regular,6
112490,Pepito Solé Castrillo,2023-03-20,premium,9
114579,Jose Carlos Campoy Verdugo,2021-02-09,premium,11
101226,Francisco Javier del Torrents,2022-04-30,premium,7
102901,Máximo del Gutiérrez,2023-12-22,premium,11
109421,Clímaco Perelló Atienza,2023-03-01,premium,10
110366,Mario Villalba Arrieta,2022-12-15,premium,7
112921,Cloe Gisbert-Sáez,2020-04-11,regular,6
110935,Selena Font Carbó,2024-07-06,regular,4
105613,Rafaela Pareja,2022-11-12,regular,5
111475,Griselda Amo Marin,2021-09-01,premium,7
105197,Carlito Guijarro Muñoz,2022-05-15,premium,13
105197,Carlito Guijarro Muñoz,2022-05-15,premium,13
109025,Marcio Tena Blasco,2021-05-30,regular,5
110557,Calixto Jose Grande Vall,2023-05-31,premium,13
102862,Miriam Alcolea-Pascual,2023-04-20,premium,7
109538,Rafaela Gelabert Bonilla,2024-02-18,premium,9
100001,Reinaldo Mancebo Arcos,2023-07-17,regular,5
111933,Flavio Tejada Anglada,2024-08-03,premium,12
106119,Basilio Criado Segura,2022-10-14,premium,13
103658,Alicia Antonia Elorza Anaya,2022-09-11,premium,8
114262,Elías Burgos Padilla,2023-06-28,premium,8
105869,Rosa María del Solsona,2024-02-01,premium,9
103890,Vicente Lozano Manrique,2022-09-11,premium,10
103890,Vicente Lozano Manrique,2022-09-11,premium,10
108333,Florentino del Oller,2020-04-10,premium,7
103920,Calixto Garcia Vallejo,2021-05-17,premium,12
105772,Eloy Arellano Lloret,2023-07-24,regular,6
115038,Mercedes Benavente Malo,2022-11-08,premium,10
110606,Prudencia Calzada-Uribe,2021-08-13,premium,10
101618,María Belén Herrera Pareja,2021-06-03,regular,4
104076,Nicodemo Daza,2023-03-28,regular,6
108716,Fernanda de García,2023-02-25,premium,7
103195,Roberto Ortega Montoya,2020-09-23,premium,14
114536,Porfirio de Roldan,2020-06-21,premium,7
103866,Daniel Villanueva Nicolás,2022-07-06,regular,4
112933,Feliciana Solé,2023-04-28,premium,10
104292,Federico Chacón Hidalgo,2024-06-08,premium,9
107444,Pablo Salinas,2020-03-27,premium,11
114664,Maxi Cid Pallarès,2020-10-09,premium,8
109482,Wilfredo Lino Costa Poza,2024-05-24,premium,8
110133,Ambrosio Pizarro Izquierdo,2024-02-15,regular,4
106135,Rico Pastor Ripoll,2021-02-14,premium,9
114981,Isaías Almazán Cantón,2022-08-21,premium,9
111990,Felipa Valle Solsona,2020-08-27,premium,9
113966,Andrés Felipe Lago Juan,2023-01-26,premium,8
108545,Pío Fernandez-Gargallo,2023-07-21,premium,13
113803,Estrella Ramírez Amo,2021-04-30,regular,2
103422,Carmela Molina Lerma,2021-02-01,premium,8
113386,Sabas Baquero Santiago,2022-01-04,regular,4
109499,Ana Sofía Leire Saura Carrión,2020-07-23,premium,10
113955,Florentino Pío Yuste Gallo,2020-04-25,regular,4
111713,Ciríaco Garay Noguera,2021-10-01,premium,8
110968,Yaiza Francisco Salas,2022-06-05,regular,4
110723,Trini Canals-Salvà,2022-12-25,regular,3
110909,Angelino Guerra Mayo,2023-02-25,premium,8
102022,Porfirio Acero Guillén,2020-10-09,regular,3
100625,Mónica Miranda Espejo,2022-12-11,regular,5
103653,Débora Juanita Castilla Carretero,2023-01-11,premium,9
103942,Carmelita Escudero-Franch,2020-11-14,premium,9
112591,Jeremías Palomares Llopis,2021-01-30,premium,7
111195,Olalla Falcón Asenjo,2023-03-03,premium,7
110713,Perlita Palma Mulet,2023-01-21,premium,16
107183,Isaura Coca,2020-08-02,premium,12
113535,Flora Susana Armas Benítez,2023-01-21,premium,7
110077,Samu Pina,2023-03-27,premium,10
109510,Jenaro Castellanos Múgica,2023-01-25,premium,12
115246,Mireia Izquierdo-Cuesta,2023-10-13,regular,5
102818,Consuelo Esparza Cózar,2022-08-29,premium,7
102818,Consuelo Esparza Cózar,2022-08-29,premium,7
112480,Ezequiel Adán Benito,2020-09-09,premium,9
104505,Eli Estrada,2022-03-01,premium,8
113159,Ramiro Pinedo-Mur,2023-05-28,premium,9
102151,Verónica Fiol,2023-07-24,premium,15
113006,Felix Nadal,2023-05-04,premium,8
100009,Herberto Ródenas Guillén,2022-03-31,premium,8
111672,Clímaco Alba Batalla,2023-07-24,premium,9
106703,Edelmira Álvarez-Trillo,2021-10-12,regular,6
103903,Luciana Padilla Echevarría,2021-01-13,premium,8
101721,Victorino Ortiz Benitez,2023-05-20,premium,8
108337,Emiliano Ariza,2020-11-08,premium,7
103298,Raquel Ocaña Rosell,2022-04-25,premium,10
100451,Esperanza Nebot Contreras,2024-05-11,premium,11
107713,Lucas Céspedes,2022-02-17,premium,7
108359,Maximiano Hierro Murillo,2024-04-18,premium,13
108378,Luis Ángel Cid Pedrero,2023-03-18,premium,7
113224,Maristela Castillo,2022-06-08,premium,7
103551,Amílcar Goñi Morillo,2021-03-26,premium,9
102946,Juan Pablo Canales Valcárcel,2023-07-10,regular,6
107269,Alba Cabeza Silva,2023-05-04,premium,9
102082,Andrea Barriga Barros,2021-10-14,premium,7
107272,Lope Federico Vicente Arellano,2023-05-29,regular,5
102087,Luis Dávila Rivero,2022-05-09,premium,7
104190,Lara Pavón Céspedes,2023-07-05,premium,7
100182,Raimundo Cantón Díaz,2022-07-04,premium,8
107604,Remigio Carrillo-Manso,2020-05-20,regular,6
101322,Iker Duran Galiano,2022-05-05,premium,10
102129,Florencio Carvajal Carpio,2023-06-20,regular,6
103985,América Guillen Mateo,2021-05-26,premium,8
104157,Violeta Arjona Salinas,2021-12-21,regular,6
108905,Sandalio Ripoll-Uriarte,2021-07-21,premium,9
101922,Nieves Zabaleta,2023-05-20,premium,8
101922,Nieves Zabaleta,2023-05-20,premium,8
101731,Rosario Emilio Pineda Quirós,2021-12-07,premium,8
108369,Santos Menendez-Terrón,2020-07-03,premium,13
113630,Jorge Gordillo Vigil,2024-03-25,premium,10
107403,Pastora Rosalinda Tovar Arranz,2020-11-11,regular,6
100255,Adelia Calderon Rosales,2023-07-01,premium,9
112932,Esther Ugarte Castellanos,2022-07-25,regular,6
105175,Isaac Borja Peláez Royo,2024-03-19,premium,9
103356,Aitor Salvà Bas,2024-06-23,premium,9
109319,Pacífica Egea,2020-04-19,premium,9
103308,Albano Piña-Mosquera,2024-06-04,regular,4
111248,Pascuala Amores Palomar,2023-01-04,premium,7
110908,Concha Portero,2021-06-07,premium,8
110908,Concha Portero,2021-06-07,premium,8
103478,Emigdio Barreda Marqués,2021-02-28,regular,6
111765,Octavia Navarro Casanovas,2020-12-28,premium,14
106504,América Ochoa Martín,2021-05-03,premium,8
112229,Octavio Fermín Molina Samper,2023-08-10,regular,6
108853,María Carmen Pinedo Perea,2022-03-06,premium,10
110982,Jose Ramón Arias Pavón,2020-12-01,regular,6
105091,Leire Arco Ibarra,2020-08-02,premium,9
111932,Susanita Iñiguez Echevarría,2022-02-27,premium,10
111932,Susanita Iñiguez Echevarría,2022-02-27,premium,10
106661,Manu Vázquez Requena,2023-03-28,premium,11
100773,Julián Mínguez Morata,2020-03-31,premium,14
110733,Javi Jose Carlos Sosa Román,2023-02-28,premium,14
106968,Ovidio Peláez Guitart,2022-03-09,regular,5
100285,Isidora Cayetana Herrero Cervantes,2024-04-04,premium,10
114187,Olegario Vélez Nevado,2022-04-12,premium,13
103943,Francisca Bienvenida Mena Suárez,2020-10-21,premium,9
104895,Ceferino de Martí,2023-08-05,premium,7
100395,Paulino Javi Correa Vargas,2024-07-14,premium,8
104032,Maricela Casas Villanueva,2023-10-24,regular,5
100327,Pancho Prada,2022-07-28,regular,5
108750,Ramona Cantón,2024-05-23,regular,5
102349,Curro Bernal Alba,2021-11-06,premium,10
104746,Juan de Pastor,2022-06-23,premium,12
105884,Purificación Ribera Briones,2024-02-02,premium,8
109460,Toni Izquierdo-Francisco,2021-02-08,premium,9
101715,Fernanda Llobet,2022-04-18,premium,7
110126,Nydia Miró Tovar,2022-08-11,premium,11
112882,Ildefonso José Luis Mariño Andres,2022-08-28,regular,3
103442,Ciro de Cervantes,2021-02-13,regular,5
102454,Victoriano Andrade Barros,2021-07-03,regular,5
111216,Serafina Peral Pascual,2021-02-01,premium,8
112093,Francisca Torrent Quintero,2021-11-21,premium,9
101990,Adela Alemán Gomis,2022-06-11,premium,8
105933,Rebeca Sosa,2020-04-11,regular,6
112253,Cristian Francisco Sanmartín,2023-01-22,premium,8
105295,Pedro Linares-Vigil,2022-05-17,regular,5
101262,Ignacio Avilés Borja,2023-07-20,premium,7
114671,Jacobo Francisco Cerro Carreño,2020-06-12,premium,10
110506,Lorena Lago Peña,2022-05-19,premium,7
107220,Sol Ana Cortés Medina,2021-01-01,premium,15
103129,Atilio Abad Falcón,2020-12-17,regular,6
112604,Coral Amores Galvez,2022-06-18,premium,10
112790,Miriam Pareja-Hervás,2021-03-24,premium,7
105946,Asunción Diez Polo,2023-10-15,premium,7
101419,Jorge Robledo Pol,2023-04-29,regular,4
101660,Teodoro Sevilla Prats,2021-05-13,premium,7
111466,Marciano Nuñez Acedo,2022-12-04,premium,9
113538,Graciana Garriga Álvarez,2020-12-06,regular,4
109232,Custodio Rivas Soriano,2022-03-07,premium,7
108009,Alejandra Florinda Roman Bermejo,2024-03-01,regular,6
108038,Yago Requena Ramis,2021-06-30,premium,10
109053,Marcio Agudo,2023-10-15,premium,7
109103,Evita Javiera Cardona Prado,2023-07-13,premium,8
114408,Aristides Gimenez Mata,2021-09-06,premium,7
109253,Nieves Asenjo Landa,2021-08-03,premium,17
101476,Lorena Grau Sans,2021-05-13,premium,8
109290,Humberto Pera Maza,2023-02-04,premium,14
110510,Jesusa Rius Arnaiz,2021-03-27,premium,7
102352,Miguel Ángel Gracia Ayala,2023-06-10,premium,9
101434,Gilberto Castro,2022-01-18,premium,9
110940,Imelda Ochoa-Gual,2020-04-14,regular,6
106068,Eugenio Puig Guardia,2022-11-18,premium,9
108794,Dafne Llopis-Coca,2024-01-05,regular,4
101945,Eva María Santamaría Coronado,2021-11-19,premium,8
114289,Martín Posada-Godoy,2022-09-22,regular,6
106849,Duilio Amo Teruel,2022-10-14,premium,7
105221,Susana Torrents-Abella,2021-10-25,premium,9
107034,Jenny Benavent Díaz,2021-10-01,premium,10
108673,Malena Cerdán Pellicer,2024-06-09,premium,12
114265,Lupita Barreda Prats,2021-12-11,regular,4
115015,Melisa Rey Valencia,2023-03-27,regular,4
103016,Samu Duran,2024-04-26,premium,8
105164,Dorotea Giralt Cortes,2023-05-01,regular,6
101248,Visitación Laguna Nieto,2024-01-01,premium,9
100978,Victor Manuel Ochoa,2023-08-21,premium,11
101027,Augusto Salcedo,2022-08-26,regular,2
109620,Abilio Llano Vélez,2022-10-24,premium,9
108935,Plácido Paz Calvet,2024-03-22,premium,7
100276,Hector Casado Chaves,2020-10-04,regular,5
112749,María Elorza Osuna,2023-03-07,premium,8
102663,Dan Bustamante Comas,2021-02-03,premium,7
112578,Flora Cepeda-Heras,2020-07-11,premium,10
104356,Consuelo Iriarte Somoza,2023-02-22,premium,14
104534,Albino Carranza Castell,2023-05-06,regular,6
115029,Bernarda Iniesta Sola,2022-08-17,regular,4
109552,Isidora Castillo Gil,2024-08-28,premium,8
104221,Cosme Real Escolano,2022-08-02,regular,4
107882,Azucena Zamora Feijoo,2022-01-21,regular,5
104105,Severo Almansa Bou,2022-10-18,premium,8
110164,Raúl Pino-Pla,2022-11-18,premium,9
107342,Rita Madrid Solsona,2020-09-29,regular,6
108223,Borja Mata Baró,2020-12-06,premium,10
102096,Ernesto Benito Seguí,2021-10-15,regular,3
114401,Adán Fernandez Solano,2022-06-24,regular,4
109238,Bernardino Pinedo Alberdi,2023-01-01,regular,6
106054,Adriana Rey-Bosch,2022-03-31,regular,3
106054,Adriana Rey-Bosch,2022-03-31,regular,3
104099,Juan Luis Armas Grande,2021-06-08,regular,4
113013,Febe Folch Peiró,2022-01-22,premium,11
105633,Lino Carnero Tenorio,2022-01-20,premium,7
112365,Melchor Llorens Calvet,2022-07-29,regular,5
101494,Xavier Coronado Tudela,2022-09-22,premium,8
114275,Ezequiel Echeverría Valentín,2020-07-27,premium,10
105959,Alberto Sacristán-Gálvez,2023-06-06,premium,8
113329,Etelvina Orozco,2020-05-14,premium,8
113329,Etelvina Orozco,2020-05-14,premium,8
114193,Rubén Amaya,2024-06-24,premium,9
110303,Lina Cárdenas Barbero,2021-05-04,regular,3
103679,Ildefonso Galan Mas,2022-11-10,premium,9
103679,Ildefonso Galan Mas,2022-11-10,premium,9
101531,Clarisa Olmo Huguet,2021-12-18,premium,10
112246,Julie Buendía Ordóñez,2021-10-11,regular,4
112246,Julie Buendía Ordóñez,2021-10-11,regular,4
113744,Xavier Ribes Zamorano,2024-08-25,premium,10
110872,Josep Escalona Aramburu,2023-01-21,premium,13
113092,Araceli Ileana Paniagua Royo,2023-02-05,premium,9
113575,Felipe Prada Noguera,2022-02-11,premium,10
110262,Jorge Salmerón Requena,2020-09-30,premium,9
105457,Sabina Barrio Acedo,2021-10-09,premium,10
106522,Flora Soriano Carvajal,2020-11-18,premium,11
111138,Pacífica Abril Galván,2020-10-03,premium,8
111138,Pacífica Abril Galván,2020-10-03,premium,8
110541,Melisa Ayllón Bustos,2021-10-25,premium,9
112943,Elisa Roxana León Haro,2024-02-18,premium,10
112864,Claudio Quero Aragón,2024-01-19,premium,7
101714,Primitiva Esteve Reyes,2024-02-27,regular,6
111853,Julia Garay Macías,2020-04-28,premium,13
113583,Rómulo Cayetano Agudo Ayala,2024-05-07,premium,7
106157,Reina Linares Castañeda,2021-11-15,regular,6
106821,Florina Natalia Quiroga Sureda,2020-09-17,regular,4
114696,Timoteo Ochoa-Torrens,2021-01-22,premium,10
110144,Raúl Badía Goicoechea,2023-04-02,regular,2
108890,Visitación Tur Agustí,2024-05-11,regular,6
110018,Leoncio Leal Mur,2020-04-12,premium,11
109710,Belen Melisa Santamaria Santamaría,2021-07-30,premium,8
110846,Maricela Carretero Yáñez,2023-09-07,premium,10
113632,Dani del Águila,2021-05-01,premium,9
114472,Quirino Manzanares Martinez,2022-08-18,premium,7
109003,Lilia Rozas Crespo,2021-06-08,premium,8
110892,Miguela Polo Almagro,2023-09-01,premium,13
108402,Vito Inocencio Mariscal Sandoval,2021-04-24,premium,10
101218,Leonel Abilio Bello Múgica,2021-11-24,regular,6
103981,Vanesa Guzman,2022-11-13,regular,5
109002,Yéssica Laguna Gárate,2022-04-11,regular,5
109002,Yéssica Laguna Gárate,2022-04-11,regular,5
110319,Juan Nilo Pedraza Mínguez,2024-02-08,premium,11
107855,Manolo Amando Giménez Echeverría,2021-10-18,premium,7
109294,Victoriano Roura Pozo,2024-06-17,regular,5
114325,Ezequiel Trujillo-Miranda,2022-11-02,premium,7
103468,José Mari del Borrego,2024-03-16,premium,11
100178,Calixto Torrecilla Rueda,2020-10-09,regular,5
110473,María José Domingo Amor,2023-05-20,regular,6
112611,Maxi Llorente Jaume,2021-10-21,regular,5
113858,Martín Batalla Lerma,2020-07-10,premium,11
114032,Ester del Hernandez,2022-04-12,premium,8
111899,Alma Pascual,2020-06-02,premium,9
100458,Ester Bermudez,2022-10-25,regular,6
102120,Ariel Edelmira Iborra Pedraza,2023-02-21,premium,9
101581,Aroa Serrano Real,2021-04-06,regular,6
103972,Sol Yáñez Belda,2020-04-29,premium,10
106106,Rómulo Zamorano Manjón,2023-11-01,regular,4
106093,Eva María Amo Miralles,2023-06-17,regular,5
102215,Jesusa Aparicio Murillo,2021-08-01,regular,5
100064,Jacinto Arribas Lago,2023-05-30,premium,12
110775,Virgilio Falcón Ledesma,2022-08-31,premium,7
109040,Custodio Fermín Solana Casado,2022-04-08,regular,4
109354,Hilda Gutiérrez-Pomares,2022-08-31,premium,8
106334,Raquel de Belda,2020-08-15,regular,5
102202,Glauco Pancho Casares Sevillano,2023-11-22,regular,6
108133,Edu Casals Lopez,2021-04-08,premium,11
105226,León de Giménez,2022-06-17,regular,5
110485,Renato Montaña Peinado,2021-03-24,premium,14
113607,Salomé Arana Hidalgo,2024-08-06,premium,13
107592,Édgar de Ayala,2022-04-04,premium,15
110669,Geraldo Camino Ferreras,2023-10-01,premium,9
109426,Luciana Pinedo Olivares,2022-08-08,premium,11
106499,Vera Palacios,2022-01-11,regular,6
114568,Juanita Briones,2022-06-26,premium,9
102255,Elba Barberá Pazos,2021-05-13,premium,10
105981,Pablo del Pardo,2021-11-19,premium,12
101455,Eduardo Lago Gimeno,2022-09-05,premium,15
107653,Severiano Guerrero Haro,2022-10-17,regular,5
107013,Sabina Pedrosa-Pedro,2022-06-23,premium,11
105182,Samanta del Valls,2020-03-19,premium,8
102989,Adelia Nieto Ferrando,2023-07-07,premium,9
114670,Paca Martinez Taboada,2022-07-13,premium,7
104615,Cornelio Pedrosa Roldán,2022-09-25,regular,6
105717,Modesto Vasco Arcos Morell,2024-06-02,regular,5
102405,Ema Bou Bayón,2022-03-23,premium,9
100062,Camila Baeza Cadenas,2021-07-26,regular,5
100062,Camila Baeza Cadenas,2021-07-26,regular,5
107663,Sebastián Arjona Martin,2021-03-13,premium,8
111736,Leyre Montes Mayoral,2020-09-03,premium,7
112382,Adalberto José Ángel Palacios Reina,2024-01-10,premium,10
103384,Amador Rozas Correa,2024-06-05,premium,7
113688,Ani Visitación Tovar Menendez,2023-02-15,premium,11
103965,Edmundo Pons Sevillano,2021-07-31,premium,14
103965,Edmundo Pons Sevillano,2021-07-31,premium,14
100796,Antonio de Paz,2021-11-19,premium,8
109606,Aureliano Aragonés Ruano,2022-03-12,regular,4
111488,Virgilio Mateu-Canet,2023-04-20,premium,14
105771,Eusebia Clementina Blanes Valencia,2023-08-11,premium,8
108263,Guiomar Acedo Marqués,2022-05-11,regular,3
106537,Victoriano Anaya Egea,2020-03-01,premium,8
107865,Genoveva Pla Ibarra,2022-01-18,premium,10
100634,Bonifacio Báez Viñas,2022-11-05,premium,7
100564,Adora Mena Cuadrado,2022-01-02,regular,5
102026,Isidro Pinedo Ramis,2023-01-30,premium,9
102586,Eleuterio Verdejo Peiró,2024-07-10,regular,6
102228,Bruno Figueroa Pineda,2023-08-14,regular,6
109958,Tecla Baeza-Arnal,2020-03-21,premium,7
104070,Claudia Perelló Milla,2021-08-07,regular,5
113940,Wálter Cañellas Llobet,2020-10-24,regular,6
114128,Florentina Lumbreras-Pinto,2024-03-17,premium,11
112661,Severino Méndez Rosado,2024-03-09,premium,11
113553,Lalo Sancho Oliva,2021-01-19,regular,3
112989,Nydia Carrillo Carrera,2024-02-10,regular,6
110531,Espiridión Cordero Machado,2020-07-13,premium,8
108406,Vinicio Palacios,2021-08-03,premium,9
105077,Matilde Rojas Garcés,2021-05-31,premium,9
107418,Elisabet Expósito Ferrer,2024-05-23,premium,9
106498,Lucho Chamorro España,2021-11-04,regular,6
111428,Dulce Calatayud Gordillo,2022-12-16,regular,4
112148,Valentín Roldán-Pera,2021-08-12,regular,6
100830,Vinicio de Durán,2023-02-13,premium,10
114146,Saturnino Anglada Aliaga,2023-04-22,premium,9
111846,Purificación Pallarès Villena,2022-08-24,premium,16
107835,América Aragón-Dávila,2022-11-28,premium,10
104514,Herminia Lillo-Parra,2023-05-16,premium,8
109097,Anselma Galán-Rodrigo,2023-04-14,premium,8
106622,Humberto Ortiz Huerta,2021-09-22,premium,12
114280,Jonatan de Llorente,2020-06-27,premium,8
102944,Gema Perea Vives,2022-08-23,premium,9
111534,Severino Mata Palomares,2024-08-02,premium,11
113462,Claudio Sevillano Escudero,2022-06-29,premium,10
111269,Ovidio Maldonado-España,2022-06-15,premium,10
109045,Priscila Blanch Valbuena,2022-01-31,premium,12
106159,Jose Manuel Ruano Quintanilla,2020-10-25,premium,11
106113,Milagros del Sevillano,2022-07-06,regular,5
104886,Sebastian Colom-Romero,2023-04-06,regular,5
101576,Emma Rovira Casas,2024-07-05,premium,10
100408,Marino Mate Herrera,2020-11-30,premium,10
105271,Maxi Bartolomé Bermúdez,2020-08-30,premium,9
108117,Febe Solana,2023-12-23,premium,12
109748,Lorenzo de Prado,2022-09-06,premium,11
102789,Palmira Tejera Sans,2023-06-09,premium,9
101624,Soledad Prats-Lladó,2021-06-20,regular,4
103997,Alcides Isern-Andrés,2022-04-08,premium,7
111574,Lisandro Codina Vidal,2022-08-26,premium,10
109590,Ani Morera Iriarte,2023-07-08,premium,8
112532,Nico del Doménech,2022-05-14,regular,5
100171,Amelia Boix Roldan,2020-08-04,premium,9
111423,Reyes Casal-Lerma,2024-04-28,regular,6
107306,Selena Cerdán,2020-10-05,premium,11
108084,Fabricio Wilfredo Casanova Armengol,2022-10-01,premium,12
106014,Eliana Riera-Sales,2024-02-02,premium,11
109530,Jafet Palma Manrique,2022-08-03,premium,7
104985,Clemente Amo-Benavides,2021-03-01,premium,11
111052,Natalia del Calzada,2020-03-07,regular,3
102975,Sabina Sotelo-Jimenez,2023-04-07,regular,6
108929,Alicia Espejo-Bustos,2021-03-22,premium,11
114189,Lucio Casals Ferreras,2022-10-09,regular,5
105558,Isa Nieto Álamo,2021-01-26,premium,9
108305,Haydée Vigil,2023-12-13,premium,9
113836,Eliana Puig Gras,2020-05-24,premium,12
113836,Eliana Puig Gras,2020-05-24,premium,12
101386,Jose Manuel Haro Manrique,2023-09-14,premium,9
108629,Nacio Baeza-Montalbán,2020-11-23,premium,12
101936,Mireia Medina-Riba,2022-10-20,regular,5
108289,Silvio Olmedo Calvet,2023-05-11,premium,10
100684,César Salvà,2023-05-13,regular,6
114096,Isidro Benigno Sotelo Rosado,2021-07-23,regular,6
103269,Santiago Balduino Jurado Jódar,2021-05-10,regular,3
101079,Aurelio María Maestre Mur,2020-10-13,regular,4
112103,Santiago de Naranjo,2020-09-10,regular,6
109771,Rafaela Galvez Castellanos,2020-11-17,premium,12
115013,Duilio Calzada Torre,2021-03-29,regular,5
107303,Jaime Calvo Pazos,2022-10-26,premium,9
101723,Amor Elías Llanos,2020-10-23,premium,10
111603,Cristian Nevado Polo,2022-02-25,premium,10
110563,Vasco Agustín,2021-05-18,premium,15
105251,Baudelio de Águila,2020-09-16,regular,3
106910,Verónica Milla-Borrego,2024-04-07,regular,4
104016,Nadia Francisca Bonilla Rovira,2021-07-22,premium,10
100801,Rafael Echeverría-Roselló,2023-04-02,premium,10
111338,Isabela Boada-Galindo,2022-08-08,regular,6
100748,Fanny Polo Asensio,2023-01-28,premium,7
109483,Graciana Báez Franch,2021-06-21,regular,6
103503,Aroa Núñez Solano,2020-03-26,regular,3
103493,Cintia Naranjo Escamilla,2023-07-27,premium,12
102271,Pelayo Gomis Pablo,2020-04-30,premium,8
108255,Leonor Pizarro Teruel,2024-08-17,premium,12
109827,Benjamín Vidal Bartolomé,2021-11-07,premium,11
108041,Daniel Perez Tenorio,2021-06-24,regular,5
100591,Lupe Reyes Carmona,2024-03-24,premium,13
109202,Juan Manuel Pomares Fuentes,2021-01-29,premium,10
108527,Silvia Real Fortuny,2024-05-31,premium,10
109702,Ámbar Perales Calderon,2023-01-10,premium,8
102451,Filomena Anunciación Bolaños Figuerola,2022-05-12,regular,6
110639,Paco Cámara Bellido,2024-04-30,regular,3
113138,Rosario Huguet Mendez,2020-07-08,regular,3
101492,Ruperta Hurtado-Tolosa,2021-06-05,premium,11
100426,Rafaela del Amo,2022-10-05,premium,7
106445,Máximo Nevado Leon,2024-04-08,premium,9
113139,María Carmen Jessica Lamas Quiroga,2022-05-13,premium,9
109158,Andrés Benet Grau,2022-10-14,regular,6
105372,Corona Jaume-Beltrán,2022-04-12,premium,7
112370,Máxima Carmina Buendía Jaume,2024-01-04,regular,3
106931,Jordana Báez,2022-02-19,premium,9
104555,Luis Ángel Gilabert-Casal,2022-12-20,regular,4
102042,Ruth Figueroa Hernández,2021-08-25,premium,9
102042,Ruth Figueroa Hernández,2021-08-25,premium,9
102010,Epifanio Luís Quesada,2020-06-26,premium,10
104329,Charo Vázquez Lozano,2023-08-29,premium,10
113233,Marisela Acedo,2021-03-21,premium,8
102770,Ascensión Cuervo Losa,2024-06-15,regular,2
104464,Marina Verdejo Niño,2024-04-14,premium,11
103257,Ainoa Real,2021-01-19,regular,2
108399,Felicidad Salomé Tomé Villalonga,2024-06-05,premium,13
100474,Sonia Patiño Cantón,2024-03-11,premium,11
102313,Adrián Gutierrez Camacho,2021-12-02,premium,16
101399,Goyo del Guardiola,2023-07-21,regular,5
112719,Luz Diego,2021-09-02,premium,9
107992,Maxi Carballo Tirado,2020-04-28,premium,7
107815,Fabio Porcel Hernández,2024-02-04,regular,6
111886,Casandra Cuevas-Alemán,2021-01-02,regular,6
105298,Saturnino de Valle,2021-02-19,premium,9
101912,Iván Céspedes Ocaña,2024-06-05,premium,7
112691,Candelaria Gallo Torre,2020-05-12,premium,10
112691,Candelaria Gallo Torre,2020-05-12,premium,10
101984,Urbano Prieto Borrás,2021-04-09,premium,7
113129,Aitor Bello Valenzuela,2021-09-12,regular,3
103252,Adelardo Perera-Toro,2023-02-17,premium,10
102865,Martín Gaya Clavero,2020-11-27,premium,10
110789,Pepita Bilbao Morán,2020-10-25,premium,11
107199,Ariel Ramón Lluch Escalona,2022-11-11,premium,10
102178,Nacio Lasa,2022-09-17,premium,11
103878,Olga Tena Anguita,2021-05-04,premium,11
102070,Irma Álamo Barriga,2023-08-18,premium,7
111806,Leonel Nuñez Cano,2020-03-01,premium,11
111659,Rolando Benitez Barroso,2022-06-28,premium,12
111659,Rolando Benitez Barroso,2022-06-28,premium,12
113749,Roque Verdú,2022-11-21,premium,10
104741,Sebastian Tejero Benito,2021-03-02,premium,8
100587,Manu Anaya Velasco,2020-04-01,premium,10
103464,Celso Barrena,2024-08-04,regular,4
113030,Juan Luis Bermúdez Morales,2022-10-14,premium,15
113902,Hugo Riquelme-Redondo,2022-12-19,premium,9
108815,Matías Cantón Galan,2024-06-08,premium,15
107384,Rosalina Rodriguez Mateu,2020-08-08,premium,8
103446,Encarnación Prieto Águila,2021-08-04,regular,5
109215,Federico Piñol Coca,2024-02-28,premium,10
108540,Herminia Ayuso Ángel,2022-05-01,regular,6
103430,Timoteo López Peñas,2022-09-09,premium,13
109116,Lourdes Coca,2021-10-02,premium,7
113176,Juan Llobet Torre,2020-11-23,premium,7
105528,Haroldo Serra Cerdá,2024-02-24,premium,9
115170,Roque Cerezo Pereira,2021-10-01,premium,7
110895,Narciso del Arroyo,2022-09-09,regular,6
110891,Tamara del Tomas,2021-12-01,premium,13
108621,Valentina de Casanova,2021-12-23,premium,10
110549,Marisa Otero Carpio,2024-03-28,premium,10
108224,Manolo Soler,2021-01-28,premium,11
111396,Odalys Herranz Cordero,2023-09-15,regular,4
107703,Aurora Varela Gargallo,2023-02-19,premium,7
113885,Tatiana Catalina Hervia Carpio,2023-02-10,regular,6
113885,Tatiana Catalina Hervia Carpio,2023-02-10,regular,6
102727,Arsenio Gallardo Rosa,2023-08-25,regular,3
102678,María Manuela Isern Iglesias,2020-11-25,premium,9
104994,Mohamed Wálter Gomila Planas,2021-02-02,premium,10
107643,Custodio Blanco,2020-11-07,regular,2
110666,Demetrio Almagro Gisbert,2022-07-21,premium,13
107950,Haydée de Piñol,2021-03-13,premium,12
103208,Abril Cornejo Gibert,2022-12-29,premium,11
105565,Irma Báez-Lloret,2023-12-01,premium,10
111515,Renata Amores Benavides,2023-06-12,premium,11
109835,Roberta Mayo Carranza,2022-01-05,regular,5
109835,Roberta Mayo Carranza,2022-01-05,regular,5
106632,Lupe Estévez-Pineda,2021-09-13,premium,9
106913,Anastasia Abril-Clavero,2021-05-14,premium,10
107745,Victorino Granados Palacio,2021-06-17,premium,7
100994,Espiridión Portero Beltrán,2023-12-09,premium,11
113696,Manolo Bautista Sevillano,2023-11-20,regular,6
107389,Griselda Roca Carrasco,2020-05-15,regular,5
111298,Jovita Marita Roura Larrea,2024-05-28,premium,11
112518,Rosalía de Pomares,2021-10-22,premium,7
107086,Valentín Ramírez Díaz,2021-02-27,regular,5
107235,Fanny Pi Campillo,2024-08-11,regular,5
101745,Nilda Puente Urrutia,2021-11-15,regular,5
107808,Jeremías Alcalde Escamilla,2023-08-24,regular,3
106163,Nilo Casado Manjón,2022-05-06,premium,9
106701,Jafet Guillén Pou,2023-05-15,regular,5
101072,Guillermo Batlle Ramos,2023-11-07,premium,11
101072,Guillermo Batlle Ramos,2023-11-07,premium,11
113648,Odalys Milla Asenjo,2022-03-04,premium,7
113943,Mohamed Soriano Nevado,2023-05-25,premium,9
105787,Manolo Ponce Sanjuan,2020-06-13,premium,7
100812,Martina Galán Montesinos,2020-12-09,premium,14
110008,Apolinar Sebastián,2023-05-20,premium,8
111626,Jorge Zamorano Casanovas,2020-11-29,regular,6
113280,Ainoa Amorós,2021-11-01,premium,8
105640,Clímaco del Saldaña,2020-03-14,premium,9
110931,Calixto Rius,2022-09-23,regular,6
114745,Amelia Carbó Palomares,2021-07-21,regular,5
113274,Miguel Aguilera Folch,2021-08-22,premium,14
108654,Trinidad Gabaldón-Quirós,2021-12-14,premium,10
103805,Florina Ferreras Tomás,2023-04-17,premium,7
109271,Humberto de Fajardo,2024-06-12,premium,8
108130,Selena Aguiló Roman,2022-02-19,regular,4
103335,Quique García-Aramburu,2020-07-03,regular,2
108745,Perla Palau Castilla,2022-09-27,premium,8
100752,Isabela Sánchez Vazquez,2020-10-01,premium,7
102500,Odalis Olivera Orozco,2022-01-29,premium,12
108806,Pelayo Cortés Piquer,2020-07-30,premium,10
111597,Carina Duran Maldonado,2024-04-25,premium,9
102358,Natanael Llobet Porras,2022-06-29,premium,16
109174,Adora Cornejo Mancebo,2022-05-15,premium,7
102875,Benigno Larrañaga-Girona,2023-03-24,premium,9
112939,Mirta Melero Peralta,2021-08-04,premium,9
115026,Jacinta Millán,2020-05-24,premium,8
115026,Jacinta Millán,2020-05-24,premium,8
108230,Julián Hugo Rosell Palacios,2021-04-29,premium,13
109465,Marisela del Badía,2023-01-06,regular,6
113438,Pancho Anglada Alegria,2022-07-02,premium,8
114900,Fausto Palmer Castellanos,2022-09-20,premium,14
111649,Lourdes Solana,2021-09-11,premium,11
110778,Narciso Posada Grande,2020-04-01,premium,10
102123,Claudio Carretero-Aroca,2023-02-06,premium,9
115019,María Ángeles Anselma Agustí Acevedo,2023-04-23,premium,8
109282,Ana Belén Benavente Cerro,2020-09-02,premium,7
114292,Iván Higueras Miralles,2021-12-14,premium,8
102175,Abraham Morillo León,2020-06-27,premium,8
105459,Demetrio Fonseca-Pedraza,2021-04-15,regular,5
110149,Plinio Mas,2020-12-11,premium,8
108782,Pepito Parra Leiva,2022-05-23,premium,8
108726,Carmina Nevado,2023-03-09,premium,9
110307,Concha Jaén Carrasco,2021-06-16,premium,13
111214,Flavio Ayala-Ripoll,2024-05-21,regular,3
113192,Mayte Múñiz Cabezas,2023-05-07,premium,13
101845,Rufina Febe Cabañas Neira,2022-01-26,premium,11
109433,Macarena Rivero-Guillen,2020-05-06,nuevo,1
112067,Chema Rodriguez Otero,2022-11-15,regular,2
112100,Valerio del Mateu,2022-08-21,premium,8
114350,Ruben Carmona Díez,2021-01-27,regular,6
101489,José María Casals Rocha,2020-07-06,premium,10
113021,Jonatan Ocaña-Calderon,2021-11-13,regular,5
109024,Luz del Rosa,2022-05-01,premium,8
104378,Kike Cabrero-Morillo,2021-04-05,premium,10
113635,Eulalia Palau,2021-01-06,premium,9
113429,Isaías Gordillo Reig,2020-08-21,premium,8
113429,Isaías Gordillo Reig,2020-08-21,premium,8
111057,Amado Tito Moraleda Estevez,2021-09-06,premium,16
112189,Ester Montesinos-Gabaldón,2024-01-07,premium,7
114153,Rosalinda Consuelo Cardona Meléndez,2022-12-21,premium,7
107904,Darío Marcelo Mena Villena,2020-10-08,premium,7
102609,Flora Andres-Lillo,2021-06-13,premium,14
100963,Adriana Regina Vigil Sans,2022-07-22,premium,9
112899,Piedad Arnaiz,2024-03-30,premium,8
100378,Francisca López Ruiz,2021-07-19,premium,7
113369,Jose Manuel Sotelo Cañas,2022-07-10,premium,7
104392,Mirta Bautista Aragón,2022-07-09,premium,9
102513,Azucena Soriano Pinedo,2023-05-12,premium,8
105747,Matilde Otero Domingo,2020-05-06,regular,4
101587,Milagros Odalis Morales Reyes,2021-09-11,regular,6
109737,Andrea Perales Leal,2022-04-21,premium,9
102021,Vicenta Florinda Arcos Luján,2021-07-30,premium,7
111508,Josefina Palau,2024-06-09,regular,4
101744,Jimena Carreño Morante,2020-08-19,regular,5
109143,Haydée Hurtado Carrera,2024-01-08,premium,9
113512,Amador del Plana,2023-12-30,premium,13
114592,Fermín Jose Ramón Ibáñez Rodrigo,2024-06-13,premium,8
105515,Margarita Morera Bustamante,2023-03-29,premium,10
104503,Julio Sanz Córdoba,2022-07-16,premium,11
111029,Raimundo del Barros,2021-02-08,regular,5
110626,Román Martí-Larrea,2020-08-10,regular,5
111010,Alondra Bernat Bosch,2023-05-20,premium,9
110862,Adora Sarmiento Guzman,2023-12-16,premium,8
107229,Maximino Alcalá Bou,2023-01-06,premium,8
102922,Jorge Granados Landa,2023-06-13,premium,16
105968,Wálter Llabrés Palomares,2024-07-15,premium,17
112107,Lupita Taboada Rios,2022-08-02,regular,6
109268,Toño Pou Arco,2024-05-28,premium,7
102309,Primitivo Caparrós-Adadia,2021-10-30,premium,9
100004,Damián de Tejera,2023-04-16,premium,13
114720,Pío Vargas-Amador,2021-12-03,premium,13
104078,Leocadio Pinedo Posada,2023-09-13,regular,5
114432,Lalo del Navarrete,2021-04-30,premium,10
114698,Palmira Vall Pastor,2022-02-02,premium,7
107048,Edu del Gonzalo,2021-12-17,regular,4
114976,Eloy del Pol,2020-07-17,premium,7
112944,Eduardo Emilio Canals Ruano,2022-03-23,premium,8
105904,Eustaquio Borrego Escalona,2023-06-01,regular,5
113059,Martina Blanca Soria,2022-08-06,premium,9
100961,Jaime Talavera Diaz,2020-06-13,premium,7
108599,Nando Pla Chaparro,2022-05-03,premium,10
111379,Iris de Enríquez,2022-11-23,premium,8
112550,Silvio Amaya Sanabria,2021-05-07,regular,3
102289,Dafne Andrade,2022-04-30,premium,11
114100,Isaías del Ramirez,2021-03-25,premium,13
113080,Jose Antonio Izquierdo Pellicer,2024-03-03,premium,8
106189,Jacinta Canet Pineda,2024-07-26,premium,9
113588,Anabel Tomás-Azorin,2021-11-02,regular,5
113588,Anabel Tomás-Azorin,2021-11-02,regular,5
101115,Graciana Sarabia Ramos,2023-11-10,premium,14
107803,Dafne del Jover,2021-05-10,premium,11
111509,Socorro Yaiza Serna Ortiz,2023-07-29,premium,10
112848,Miguel Ángel Quesada Colom,2022-04-25,premium,11
104266,Vanesa Feliu Parejo,2021-06-25,premium,10
101580,Primitivo Canales,2023-12-24,premium,12
104978,Albina Cuervo Galvez,2020-04-08,regular,6
104527,Cayetano Posada-Cueto,2023-01-22,premium,8
106934,Adora Jiménez Conesa,2024-01-19,premium,9
108032,Raquel Agustín Barba,2023-09-23,regular,6
108026,Evangelina Narváez Boada,2021-05-18,regular,4
102502,Felix Santana-Arteaga,2023-08-04,premium,11
103403,Rosalía Ángela Criado Jerez,2021-10-29,premium,7
109727,Marcial del Oliver,2023-10-13,premium,9
103434,Carolina Benavente Arjona,2022-10-26,premium,11
112268,Juanito de Alemán,2020-07-05,premium,11
113564,Ángel Garrido Jover,2021-09-29,premium,10
100971,Eugenia Andrés,2022-09-16,premium,14
112755,Amparo Seco Alvarez,2021-01-16,regular,5
100389,Guadalupe Luque Garay,2022-02-21,premium,9
101954,Desiderio Lladó-Abellán,2022-12-30,premium,9
111604,Armida Almansa Antúnez,2020-08-11,premium,12
105431,Javier Téllez Valenciano,2024-07-03,premium,9
107201,Primitivo Beltrán Baños,2021-12-07,premium,8
113024,Héctor Peña-Baños,2021-12-26,regular,4
100316,Primitiva Borrell Canales,2022-10-13,premium,10
106443,Maxi Madrid,2024-01-29,premium,10
113960,Renato Ferrera Solé,2023-12-28,regular,6
108185,Cecilio Viana Salcedo,2022-02-11,premium,12
108941,Liliana Apolonia Saavedra Solís,2021-06-07,premium,11
113219,María Codina Arribas,2022-10-09,premium,10
108761,María Teresa Mesa Armengol,2020-11-01,premium,11
112925,Lara España Bauzà,2024-02-01,premium,7
112539,Victor Villalonga Rosselló,2021-12-05,premium,9
100606,Timoteo Ruano Lopez,2021-06-07,premium,7
109535,Bienvenida Ramirez Solsona,2022-10-15,premium,7
112528,Noelia Mercader Moll,2022-01-07,premium,13
109039,Macarena Leonor Abella Ferrera,2020-05-26,premium,10
105501,Manolo Palacios Jódar,2020-11-22,premium,8
110896,Dora Alcázar Malo,2022-10-28,premium,11
103214,José María Borja Infante Aller,2021-07-03,regular,4
111520,Agustina Ferrández Tenorio,2024-08-24,premium,10
107729,Anastasia Jordán Gonzalez,2021-01-17,premium,7
101369,Gracia Peñas,2024-07-04,premium,10
102311,Alicia Crespo Llorens,2023-06-27,premium,7
101254,Dora González-Abril,2020-05-25,premium,7
103486,Josep Borrás-Echeverría,2021-07-13,premium,9
102761,Vinicio Menéndez,2023-01-28,premium,7
109000,Cornelio Terrón-Mate,2023-01-14,premium,14
113559,Cesar Rodrigo Juliá Estevez,2023-03-25,premium,10
114478,Hector Arce Coloma,2021-03-11,premium,7
109932,Concha Llabrés Pi,2023-12-08,premium,13
111995,Poncio Amigó Meléndez,2024-07-09,premium,9
113112,Blanca Manrique Pellicer,2023-04-14,regular,4
108631,Candelario Piquer Antón,2023-12-27,premium,7
109266,Graciano Cabo Miralles,2022-03-27,premium,10
107274,Ruperto Grau-Martinez,2020-11-06,premium,9
101112,Feliciano Casas Villaverde,2023-04-27,premium,15
104415,Joaquina Armengol Cazorla,2022-08-28,premium,7
102299,Arturo Olivera Alsina,2021-09-22,premium,7
100638,Manolo Huguet Bilbao,2021-01-27,premium,7
100249,Benigna Felisa Báez Pedrero,2022-10-20,premium,10
102272,Chus Fuente Tapia,2023-02-09,premium,8
100697,Armando Pascual Gallo,2022-03-04,regular,3
108775,Felipe Barrena Méndez,2020-12-01,regular,5
105744,Noa Gonzalez Gimenez,2022-09-25,premium,11
108646,Dorotea Cerdá Berenguer,2022-07-26,premium,9
113236,María Manuela Lamas Uriarte,2021-01-13,regular,6
104154,Clementina Arellano-Rius,2020-09-05,premium,8
105525,Heliodoro Montero-Nevado,2023-04-25,premium,7
104124,María Fortuny,2023-11-07,premium,10
101517,Juliana Pedrosa Mate,2022-03-10,premium,9
104394,Dimas Calderon Rocha,2021-11-17,premium,9
110442,Remigio Vicens Ibarra,2021-01-30,regular,5
100071,Silvio Jordán Botella,2023-02-20,premium,9
109446,Salud Carreño Carreras,2021-07-08,premium,14
101179,Emigdio López,2024-06-28,premium,9
102685,Lucas Ros Jara,2024-05-10,premium,13
114299,Serafina Lopez Chico,2024-01-21,premium,15
109700,Inmaculada Baeza Ferrándiz,2022-04-27,premium,7
114651,Modesta Rocha Jódar,2021-02-09,premium,9
105816,Marcio Torrijos Cabañas,2023-02-23,premium,10
108728,Atilio Jacobo Barreda Carretero,2024-01-23,premium,9
111051,Clara Ruano,2020-04-17,regular,4
108105,Cristian Castilla Vilar,2024-06-28,premium,9
114782,Adela Amor Manzanares,2020-04-04,premium,8
109572,Alex de Gonzalez,2022-03-19,premium,9
110946,Valero Barbero Borrego,2023-02-10,premium,7
100168,Esmeralda Morán,2023-01-21,premium,9
110160,Ceferino Muro Cabrero,2023-05-23,premium,9
108608,Asunción Carrera Barceló,2022-03-08,regular,6
112798,Ramiro Novoa,2024-08-12,premium,7
114049,Julio César Atienza Simó,2022-02-20,premium,7
101084,Eutropio Segura-Valenzuela,2023-07-19,premium,15
105000,Buenaventura Jiménez Saez,2020-09-25,premium,10
110103,José Manuel Blasco Almazán,2023-01-08,premium,14
110103,José Manuel Blasco Almazán,2023-01-08,premium,14
106936,Remigio Teo Zabaleta Duarte,2024-03-03,premium,14
108218,Esteban Diaz Quiroga,2023-03-03,premium,7
104131,Rosa María Bertrán,2023-06-08,premium,7
113640,Felipa Aguado Lobo,2020-11-02,premium,13
110523,Nacio Priego Echevarría,2022-01-16,regular,5
111724,Eliana Pont-Montoya,2021-02-17,regular,6
114268,Arcelia Sancho Borrás,2022-02-20,premium,14
110211,Carla Cueto,2021-04-20,premium,8
106960,Teodoro Osuna,2022-11-13,regular,5
107039,Hortensia del Jódar,2022-12-01,premium,7
104717,Lucía Carballo Almazán,2020-03-13,premium,10
111864,Francisco Javier Solsona Oliveras,2023-08-06,premium,8
113730,María Fernanda Barroso Román,2021-02-13,regular,6
113730,María Fernanda Barroso Román,2021-02-13,regular,6
104439,Maite Estrada-Piquer,2020-10-21,premium,9
112850,Pascuala Torres Menéndez,2022-03-19,premium,8
111238,Óscar Atienza Oller,2020-04-22,premium,7
107365,Celestino Elorza Verdugo,2023-07-03,premium,8
106276,Gertrudis Bárcena,2020-03-13,premium,9
114767,Anastasia Ruiz Ortuño,2021-08-07,regular,6
100218,Berto Bermudez,2022-10-12,premium,8
114433,Sergio Borrego Manuel,2024-01-09,premium,9
106593,Rafaela Leon Barrera,2020-07-21,premium,7
102615,Ignacio Manrique Pérez,2024-06-13,regular,6
102013,Catalina Patiño-Vara,2023-02-06,premium,9
107817,Leandra de Anaya,2021-01-24,regular,6
108066,Ágata Pozuelo Isern,2023-07-20,premium,9
108952,Hugo Manzanares Antón,2022-06-10,premium,11
100901,Fidel Vallejo-Cid,2023-04-22,premium,8
114346,Eleuterio Juan Pablo Alfonso Gaya,2023-11-11,premium,13
100185,Nicolasa Escolano Millán,2021-10-27,regular,4
108998,Yaiza Vilaplana-Guerra,2024-05-24,premium,8
102217,Angélica Ramirez-Manuel,2024-01-10,premium,15
110037,Néstor Solana Bermudez,2022-09-04,regular,5
103388,Chus Solé Luna,2024-03-05,premium,11
110141,Rosalina Barba Mascaró,2020-03-10,premium,8
113356,Pepito Reig Gaya,2022-09-16,premium,8
103342,Hector Guzman Tejero,2023-05-07,premium,17
108875,Adriana Mariscal-Gimenez,2020-03-10,premium,10
100593,Caridad Huerta-Reyes,2024-07-13,premium,13
107825,Eva María Fiol Bravo,2022-10-06,premium,13
105036,Iris Olivares-Roda,2021-02-17,regular,3
107146,Rocío Medina Boix,2022-09-29,regular,5
110297,José Luis Zabaleta Jáuregui,2020-03-24,regular,5
110297,José Luis Zabaleta Jáuregui,2020-03-24,regular,5
101833,Fernanda Arias Alcalde,2022-03-29,regular,6
101833,Fernanda Arias Alcalde,2022-03-29,regular,6
111450,Loida Mercader Reina,2020-12-21,premium,11
104004,Herberto Espejo-Lladó,2021-05-09,premium,7
100539,Flora Arribas,2024-08-14,premium,13
110942,Carmen Valls Artigas,2022-04-14,premium,10
109280,Mamen Vilanova Sánchez,2020-04-16,premium,10
109630,Viviana Urrutia Mariño,2023-12-16,premium,10
103276,Baudelio Prado Herranz,2024-02-11,premium,9
104305,Celestino Jiménez-Tomas,2022-08-17,premium,10
104765,Basilio Bárcena Rey,2022-04-12,premium,10
103843,Evelia Alcántara Machado,2021-03-27,premium,9
109188,José Antonio Neira Hoyos,2020-12-15,premium,8
104402,Guillermo Mur Juan,2021-03-24,regular,2
108628,Constanza Gilabert Padilla,2021-10-31,regular,4
114674,Juana Macarena Álamo Patiño,2022-08-22,premium,11
111002,Delfina Segovia Narváez,2022-08-07,regular,6
102617,Chita Cristina Conesa Cuevas,2024-07-18,premium,10
108142,Adela del Roldan,2023-10-19,regular,6
115216,Gabriela Feijoo Milla,2022-01-11,premium,7
106349,Ernesto Solé Sarmiento,2022-05-06,regular,4
105585,Joan del Pallarès,2021-02-14,premium,7
109412,Rosario Sotelo Puga,2020-06-02,regular,2
104396,Eloy Ocaña Royo,2023-08-01,premium,12
104059,Desiderio Esparza Belda,2020-05-17,premium,16
105835,Gregorio Seve Gomez Vicens,2021-01-24,premium,13
103624,Marcela Pol,2024-06-28,regular,4
103456,Diego Arévalo Córdoba,2021-09-18,premium,10
104902,Elena Gomila,2020-10-13,premium,8
114287,Rosaura Borrego Castelló,2022-02-10,premium,10
105928,Trinidad Ariza,2021-03-13,premium,9
112475,Encarnacion Ruiz,2021-11-07,premium,13
105624,Cristóbal Mosquera-Dávila,2022-04-06,premium,7
113422,Martina Baena Mas,2022-04-14,premium,9
104049,Segismundo Abascal Vizcaíno,2024-07-09,premium,9
104035,Calixto Torrijos Vicens,2021-11-26,premium,8
100466,Íñigo Carlos Villanueva,2024-02-22,premium,7
108094,Candelario Cuervo-Gimenez,2022-02-21,premium,9
106730,Vito Cobos Puente,2021-03-14,premium,8
105999,Aitor Capdevila Robledo,2024-03-14,premium,10
100114,Paulina Cervera Carrera,2023-02-03,premium,7
102036,María Fernanda Noemí Cardona Alfonso,2023-09-07,premium,9
102036,María Fernanda Noemí Cardona Alfonso,2023-09-07,premium,9
111593,Calixta Verdejo-Company,2023-07-22,nuevo,1
100036,Melania Leiva-Ribas,2024-04-29,premium,15
111946,Adelaida del Ribas,2020-04-01,premium,7
106022,Bartolomé Cerdá Gallardo,2022-11-04,premium,9
113856,Angélica Moraleda Gual,2024-04-25,regular,3
102020,Francisco Javier del Santamaría,2022-06-25,premium,7
103061,Elpidio Llano,2020-08-29,premium,13
111374,Soledad Odalys Romeu Pont,2022-10-09,premium,8
100869,Marcos Andres Arco,2022-05-23,premium,11
106505,Ambrosio Omar Guzman Cervantes,2021-02-21,premium,11
100016,Juan Manuel Llobet Madrid,2023-08-30,premium,7
104293,Ildefonso Figuerola Jódar,2022-04-26,premium,10
108109,Bartolomé Torrent-Sarabia,2021-01-07,premium,7
103108,Hortensia Aroca Herranz,2024-02-28,regular,3
108878,Leonor Quevedo Fabra,2020-04-11,regular,5
109246,Jennifer Sala-Baró,2022-12-20,regular,5
112551,Aitor Echevarría Miguel,2022-02-15,regular,4
105889,Asunción Marquez Jurado,2021-04-23,premium,16
112531,Miriam Canet,2022-01-13,premium,9
106293,Eladio Peinado Rojas,2021-01-05,premium,8
105730,Esteban Corral Lobato,2021-09-26,premium,10
107754,Etelvina de Bas,2024-02-22,premium,11
105147,Flavio Julio Díaz Santamaria,2021-02-09,premium,7
107172,Ciro Vilaplana Hervás,2024-02-24,regular,4
102335,José Manso Carrión,2023-12-31,premium,10
112164,Marciano Uribe,2023-06-21,regular,6
104630,Purificación Menendez Peláez,2023-08-05,regular,5
106854,Paz Rey-Pi,2021-03-17,regular,5
111601,Yéssica Blazquez-Ordóñez,2020-12-30,regular,4
106062,Daniel Aznar Valdés,2024-07-27,premium,12
104468,Saturnina del Cabezas,2020-12-19,regular,3
108288,Manu Chamorro Rubio,2023-02-16,premium,10
114315,Rosalva Rueda Valdés,2023-02-05,regular,3
101852,Bernardita Olivares Abril,2023-06-26,regular,5
108651,Julián Fernandez Sedano,2020-11-07,regular,4
113175,Matías Navas Ortega,2021-05-25,regular,6
111307,Felicidad Abellán Vidal,2023-02-01,regular,5
114858,Gloria Oliva-Company,2024-04-23,regular,6
109408,Eduardo Bermúdez Saavedra,2022-11-18,premium,11
112264,Rafaela Ale Díaz Angulo,2023-11-15,premium,11
111844,Armida Fernanda Maza Codina,2021-12-02,regular,6
114102,Amor Cabezas Mate,2022-03-12,premium,10
112105,Brígida Montesinos-Durán,2024-01-20,premium,9
113012,Rómulo Mosquera-Hoz,2020-07-24,regular,5
108914,Iván de Vazquez,2020-08-13,premium,7
105814,Dorita Acosta-Lumbreras,2022-09-18,premium,11
102958,Ulises Edmundo Montoya Reina,2023-07-12,premium,9
106804,Crescencia Hierro Rivero,2024-05-23,premium,11
112976,Angelita Elías Font,2023-03-25,premium,11
113067,Dimas Escamilla,2021-08-12,premium,11
100084,Basilio Cazorla Barral,2024-03-25,premium,9
111785,Heliodoro Gabriel Cerro Alcolea,2021-05-08,premium,11
110010,Moisés Bas Quero,2021-09-05,premium,7
109664,Mirta Abella Paredes,2023-09-23,regular,5
105514,Marcio Pedrero Corominas,2022-02-15,regular,4
110451,Dalila Seco Ureña,2024-08-14,premium,9
101003,Úrsula Bernal-Zamorano,2024-01-29,premium,20
111135,Pablo de Terrón,2021-03-11,premium,9
112522,Sancho Sacristán Oliva,2021-03-29,premium,8
105822,Ricardo Noé Segura Rosado,2023-07-18,premium,11
113001,Andrés Felipe Rodriguez Arteaga,2023-05-31,premium,16
104275,Simón Cañellas Hoz,2021-12-15,premium,11
110098,Rosaura Hernandez Amores,2021-12-02,premium,8
110098,Rosaura Hernandez Amores,2021-12-02,premium,8
111548,Arturo Alemán,2023-12-13,premium,9
102216,Alejandra Quiroga-Montero,2020-11-20,regular,6
107518,Leonor del Sarabia,2022-05-28,premium,10
100536,Ana Sofía del Hoz,2023-12-22,premium,10
111122,Carmen Villalonga Carmona,2020-09-14,premium,8
101483,Delfina Porta,2024-01-03,premium,10
114603,Odalys Diéguez Julián,2023-06-09,regular,5
112163,Dorotea Sola Heras,2023-06-21,premium,7
103707,Curro de Roda,2021-11-15,premium,10
102326,Basilio Marín Pulido,2021-03-15,regular,3
107768,Tito Quero Soriano,2021-05-03,regular,6
111493,Ascensión Sala Toledo,2022-02-02,premium,10
101484,Jerónimo Peral Ruano,2021-11-12,premium,7
105679,Narciso Román Bou,2020-04-02,premium,8
106699,Emilio Ariño Arcos,2024-05-16,regular,4
111255,Anita Cámara Madrid,2020-05-19,premium,13
111255,Anita Cámara Madrid,2020-05-19,premium,13
114709,Vilma Encarnita Briones Calderón,2020-03-22,premium,11
107316,Rolando Iglesia Patiño,2024-05-09,premium,9
115073,Mireia Beltran-Salcedo,2022-10-24,regular,5
108410,Severino Urrutia Roda,2022-06-11,regular,3
103685,Prudencio Eduardo Toro Arroyo,2020-06-28,premium,9
112167,María Cristina Roxana Serrano Lucas,2020-12-04,regular,5
101859,Conrado Saldaña Lobo,2022-04-05,premium,15
104961,Ciríaco Pla Giralt,2024-07-02,premium,7
100248,Ramiro Bejarano Pizarro,2022-07-28,premium,8
110235,Reinaldo Cervera Almeida,2020-07-02,premium,9
111499,Chema Antúnez-Egea,2021-03-29,premium,8
111499,Chema Antúnez-Egea,2021-03-29,premium,8
108401,Lázaro Naranjo Expósito,2022-09-05,premium,7
108367,Mariano Vélez Coloma,2024-01-16,regular,2
111767,Anselmo Chaparro Mariño,2023-09-29,regular,5
109729,Aureliano Manzano Sanchez,2023-05-26,premium,7
104460,María Cristina Carbonell Villalobos,2023-02-11,premium,9
111070,Iris Padilla-Lladó,2022-09-22,regular,4
114224,Filomena Julia Pomares Martin,2023-06-04,regular,6
107459,Hilario Cid Goñi,2020-09-14,premium,15
109458,Flora Moll Mancebo,2020-10-24,regular,5
102168,Anacleto Oliva Miranda,2024-03-26,premium,8
113922,Encarnita Sancho Tolosa,2023-12-23,premium,13
113922,Encarnita Sancho Tolosa,2023-12-23,premium,13
111113,Santos Amorós Bermudez,2020-11-23,premium,10
106930,Goyo Elías Machado,2024-08-20,premium,12
106930,Goyo Elías Machado,2024-08-20,premium,12
113982,Ileana Viana Torrijos,2023-08-30,premium,14
110119,Luisa Varela Juan,2021-04-06,regular,3
110339,Susana Andreu Sales,2022-12-19,premium,7
109061,Alexandra Blasco,2021-09-11,regular,4
100873,Emigdio Navarro Alberdi,2024-05-06,regular,3
108060,Jesús Redondo Luz,2022-02-08,regular,4
109337,Dorotea León Lucas,2022-05-26,premium,9
111435,Jordán Gárate-Lopez,2020-03-14,regular,5
100136,Cruz Moliner Olivera,2021-01-28,regular,5
103290,Osvaldo del Cañellas,2021-03-28,regular,5
102997,Rufino Vicente Sanchez,2023-12-31,premium,11
103821,Angelina Buendía-Dueñas,2023-09-23,premium,11
110242,Maxi de Artigas,2023-02-14,premium,10
101044,Ileana Giner Robledo,2020-10-11,premium,17
108770,Flavio Contreras,2023-12-14,premium,9
111680,Mamen Planas,2023-04-11,regular,6
101086,Celestino Peinado-Santamaria,2020-04-16,regular,4
112342,Mauricio Benítez,2023-09-03,premium,12
114551,Vera Barberá Serra,2022-11-09,regular,6
107047,Ibán Porras Jódar,2022-05-20,premium,8
106585,Angelino Torres Poza,2020-11-01,premium,8
106585,Angelino Torres Poza,2020-11-01,premium,8
109900,Anunciación Quintero Guzman,2022-05-05,premium,10
102113,Primitiva del Sedano,2020-08-22,premium,15
101352,Bonifacio Paniagua-Gárate,2021-08-24,regular,5
107376,Goyo Adolfo Araujo Jover,2024-05-20,premium,8
103194,Prudencia Adadia,2022-02-05,premium,13
100867,Faustino Escudero Carvajal,2022-11-07,premium,10
102407,Carmen Lillo Salgado,2022-07-14,premium,8
110870,Jorge Martín,2021-10-07,regular,6
100275,Alondra Abella Sobrino,2023-10-08,premium,10
110690,Haroldo Bernat,2023-08-07,regular,4
110369,Salomé Páez Escobar,2021-05-25,premium,9
105815,Sebastian Moraleda Lorenzo,2022-05-25,premium,9
101148,Ximena Benet-Montserrat,2022-04-04,premium,9
115194,Lola Español Luque,2024-07-25,premium,11
106435,Paco del Carballo,2021-01-30,premium,11
112948,Cándido Cazorla Girona,2024-07-07,premium,7
102885,Carmina Bermudez Nadal,2021-02-09,premium,7
112119,Amado Acosta Carrillo,2020-07-02,premium,7
107531,Carlota Soler Mateos,2022-03-05,premium,7
104025,Petrona del Corral,2021-12-28,premium,7
104343,Hernán Guerrero Agullo,2023-02-12,premium,7
113681,Irma de Sabater,2021-11-06,regular,5
112703,Herminio Carro Figueroa,2023-05-25,regular,6
101905,Francisco Javier Quirós Castelló,2020-12-07,premium,12
100834,Noemí Ricart Ayllón,2020-07-09,premium,8
108497,Ramiro Ripoll Saldaña,2021-06-27,premium,7
110033,Heliodoro Ayala Villena,2024-03-23,premium,9
108792,Noelia Pinilla Carbajo,2020-08-25,premium,8
103722,Almudena Pedro Soto,2022-11-19,regular,6
107533,Albano Jordán Royo Jódar,2021-04-11,premium,7
101176,Eduardo de Sureda,2024-07-25,regular,5
104111,Judith Bosch,2024-05-16,premium,11
107503,Rosalía Villar-Bárcena,2021-02-09,regular,6
106886,Julio César Ramirez Vicente,2021-06-04,premium,11
102679,Ana Sofía Martínez-Montalbán,2022-06-23,premium,12
104430,Renata Mas Barral,2022-02-15,regular,6
111881,Ernesto Timoteo Angulo Cobo,2024-05-20,regular,6
106837,Ale Hoz,2024-05-14,regular,5
104851,Nerea Miguela Bello Puerta,2022-01-10,regular,6
112743,Eloy de Portero,2020-03-11,premium,9
115067,Paula Coloma Manzanares,2024-06-05,regular,5
114467,Fabián Parejo Villalobos,2020-07-17,premium,15
106927,Jaime Camilo Segarra Pedrero,2024-03-30,regular,4
101198,María Cristina del Nuñez,2021-03-05,regular,6
114081,Carlota Gallart Sáenz,2021-04-23,premium,8
100430,Eduardo Alegre-Osuna,2022-02-07,premium,8
106691,Joan Gonzalez Miguel,2024-08-21,premium,8
114539,Gema Lobo Linares,2022-10-07,premium,7
103296,María Jurado Cuesta,2024-04-07,premium,11
108595,Graciela Pereira,2021-06-12,premium,11
112487,Camila Arjona Torrent,2021-03-09,regular,5
106729,Roldán Amaro Valls Pou,2023-01-16,regular,3
111797,Zoraida Guzmán Alcaraz,2020-11-26,regular,6
104257,Benjamín Rosa Pujadas,2022-01-06,premium,7
112291,Amor Aguado Isern,2023-12-17,regular,4
114160,Vicenta del Peña,2022-12-04,regular,4
101965,Silvestre Lobo Cárdenas,2024-02-18,premium,9
106963,Inés Benito Cámara,2023-07-03,regular,6
111008,Tecla Moreno Zapata,2021-11-12,premium,8
107536,Violeta Bermudez Ibarra,2020-12-03,regular,5
110111,Benito Tomás Gilabert,2022-04-07,regular,4
104296,Daniela Pedro Arrieta,2024-06-22,regular,4
100300,María Del Carmen Huerta Zaragoza,2020-09-15,regular,4
102110,Ani Bou-Mascaró,2022-03-23,premium,8
112014,Bonifacio Ramírez Castejón,2023-09-20,premium,11
112014,Bonifacio Ramírez Castejón,2023-09-20,premium,11
106166,Brunilda Barrena Barranco,2020-05-22,premium,7
114402,Cirino Blanes,2020-11-02,premium,11
110402,Margarita Manrique Verdú,2022-10-28,regular,6
110988,Joaquina Ramos Jimenez,2024-04-18,regular,5
106180,Bernardo del Saez,2020-04-11,premium,8
114743,Nuria Cervantes,2022-03-11,premium,9
105921,Leocadia Río Vargas,2020-09-04,premium,13
112865,Desiderio Gámez Lerma,2020-08-10,regular,6
112862,Marianela Melero Torrijos,2023-07-18,premium,9
111397,Loreto Tirado Galan,2020-11-27,premium,10
115063,Ismael Jurado Peiró,2022-01-23,premium,7
101191,Maximiano Alcalde Arco,2023-08-31,premium,8
105550,Javier Marco Samper,2020-12-21,premium,7
110715,Florina Salcedo Viñas,2024-04-29,premium,9
110241,Adalberto Vidal Gargallo,2020-07-03,regular,5
100120,Silvestre Iborra,2021-12-03,premium,8
107321,Osvaldo Marquez Casals,2024-07-10,premium,7
109407,Eli de Fábregas,2023-01-26,premium,8
106385,Ambrosio Ruano Carballo,2021-11-20,premium,7
103510,Leonardo Plana,2020-09-29,premium,9
101724,Natalio de Oliva,2020-05-14,premium,8
106322,Samu del Garriga,2021-03-09,premium,8
107067,César Gonzalo-Uribe,2024-05-10,premium,9
108511,Nilda Ferrándiz,2021-09-26,premium,12
108912,Marcio Prada-Tenorio,2022-12-16,premium,12
103861,Bienvenida Leonor Sebastián Puig,2022-02-13,premium,9
106072,Roberto de Lara,2020-12-10,premium,7
112206,Juan Francisco Herrera Acedo,2023-03-22,premium,10
104966,Pelayo Lucas Plaza,2023-08-02,regular,3
115128,Luciana Milla,2023-10-14,premium,10
109931,Yolanda Lledó Iñiguez,2021-05-12,premium,8
111095,Noa Morata Carlos,2020-03-06,premium,12
109859,Rosa María Pineda Calderon,2024-02-13,regular,3
100377,Adriana Matas Melero,2020-04-14,premium,7
104487,Rómulo Castrillo Nuñez,2020-11-18,premium,8
114455,Aitana Alcántara Borrás,2023-02-01,premium,8
100705,Rodolfo Soto Quintero,2020-05-15,premium,8
102418,Berto Vargas Querol,2021-07-29,premium,8
107804,Rolando Miró Reyes,2024-02-14,regular,5
111066,Anna de Viana,2021-07-30,premium,9
112564,América Baró Montenegro,2021-04-02,premium,11
100680,Apolinar Marcos-Beltran,2020-08-21,premium,12
100680,Apolinar Marcos-Beltran,2020-08-21,premium,12
103170,Vidal Roura Valbuena,2024-02-28,premium,9
115126,Loreto del Cobo,2020-10-31,premium,10
104203,Julia Mariño Barrios,2023-08-26,premium,7
103837,Emiliana Menéndez Grau,2021-09-27,premium,7
102639,Santos Carnero Pardo,2020-11-20,premium,10
112516,Saturnina Benavente Cabo,2022-02-05,premium,12
101451,Fátima Contreras-Mercader,2020-07-11,premium,9
108725,Asunción de Mora,2021-07-05,regular,5
105305,Salud Alcázar Marquez,2022-03-23,premium,10
111390,Alejandro Abad Pomares,2023-08-23,premium,8
102338,José Ángel Telmo Gallo Monreal,2023-11-15,premium,10
105141,Tomás Ávila Acevedo,2022-01-25,premium,7
110068,Baudelio Folch Solera,2021-07-23,premium,13
111031,Sancho Macias Briones,2023-08-26,premium,10
106509,Beatriz de Chaves,2021-08-08,regular,4
111144,Luciano Bermejo,2022-04-02,premium,12
105660,Jovita Blasco Ortuño,2023-11-14,premium,17
108818,Jose Angel Falcón Lumbreras,2020-03-03,premium,9
103704,Melchor Ibáñez Escalona,2022-03-31,premium,10
112666,Dulce Martina Melero Martinez,2023-05-18,regular,4
101935,Nidia del Bastida,2023-12-21,premium,9
106291,Cayetano Segarra,2023-02-22,premium,7
101635,Sigfrido Capdevila España,2024-04-12,premium,7
114758,Roberto Yuste Moreno,2020-11-25,premium,7
106051,Federico Cruz Prado,2022-07-29,premium,10
101431,Gastón del Álvaro,2022-01-20,regular,6
105400,Guadalupe Barrera Chacón,2022-09-25,regular,6
113930,Pancho Ciro Lara Corral,2022-03-14,regular,6
105240,Viviana Cerro,2022-11-30,premium,14
109213,Olalla Andreu Larrañaga,2021-08-03,premium,7
106598,Aránzazu Benavent Arjona,2020-05-07,regular,3
113295,Florencia Oliveras Galiano,2020-06-11,regular,4
108128,Petrona Pellicer Jódar,2023-06-27,premium,8
105988,María José Etelvina Cabrera Salmerón,2021-07-13,premium,11
111356,Américo Moles Rebollo,2023-06-24,premium,14
111687,Valeria Torrecilla-Salom,2022-10-25,regular,6
100034,Quirino Huertas Martorell,2022-01-08,premium,9
114177,Estefanía Giralt Pelayo,2020-09-12,premium,11
113459,Isa Belen Ferrera Tejedor,2021-07-10,premium,11
111462,Pascual Saura Cisneros,2023-06-07,premium,13
104316,Alejandro Peral Alberdi,2021-07-15,regular,6
111800,Olegario Ildefonso Goñi Romeu,2020-06-24,premium,8
109302,Lupe Aguilar Segarra,2022-04-24,premium,9
112574,Odalis Alcolea Puerta,2020-10-25,premium,13
110963,Rosalía Ferrándiz Roman,2023-10-07,regular,5
103313,Jafet Río Arias,2024-06-19,regular,5
107811,Ramiro Bosch Agudo,2024-02-13,premium,9
101298,Juana Casares Corominas,2023-06-24,premium,8
105737,Mauricio Perea Ayllón,2020-04-20,regular,5
113437,Édgar Viana Prieto,2022-06-21,regular,4
106614,Eugenio Dueñas Barco,2023-12-29,premium,9
111634,Nicodemo Reig Amador,2024-04-06,regular,3
109927,Alejandro Moisés Infante Gálvez,2023-06-21,premium,10
106000,Carina Heras Luna,2024-05-17,premium,13
100909,Emiliano Benito Salamanca,2023-07-27,regular,5
113642,Porfirio Aguilar,2024-04-03,regular,6
108656,Calixto Arco Mascaró,2022-01-27,premium,13
112543,Antonio Lucio Cerdán Gilabert,2024-07-21,premium,10
115044,Angélica Ibañez Clavero,2023-08-14,premium,8
103693,Ezequiel de Acedo,2021-12-15,regular,5
108632,Ariel Piquer Barragán,2022-07-10,regular,5
105827,Socorro Francisco Nicolau,2022-10-14,premium,9
104352,Ambrosio Malo Albero,2021-05-11,premium,7
103017,Marisa Asunción Castell Buendía,2022-02-24,premium,9
105404,Zoraida Pol Heredia,2022-11-22,premium,7
108453,María Pilar Lorenzo-García,2021-10-25,premium,9
114704,Tadeo de Uribe,2024-04-04,regular,6
100112,Edu Tejada Guerrero,2020-12-29,premium,8
112860,Moreno Crespi Chaparro,2023-04-26,premium,11
101702,Balduino Monreal,2022-07-07,regular,6
101784,Curro Castells Portillo,2022-01-03,regular,3
108622,Godofredo Grau Lumbreras,2021-10-05,regular,5
110978,Fabio Viana Casals,2021-01-01,premium,13
106235,Jacinta Real Valbuena,2023-03-27,premium,11
100979,Benjamín Duilio Iñiguez Zapata,2023-11-08,regular,6
103705,Ale Arce Donaire,2022-11-21,regular,6
113737,Manolo Valbuena Mendez,2021-04-13,premium,9
106518,Isabel Quintana Cisneros,2020-05-25,premium,7
105805,Emiliano Macias Trujillo,2020-06-29,premium,7
110101,Itziar Cáceres Gómez,2021-02-21,regular,4
114904,Pancho Marín Rocamora,2021-02-18,premium,8
105682,Roque Abellán Riquelme,2022-01-21,regular,6
108949,Xiomara Marquez,2023-02-22,premium,11
109501,Leocadia Ángel Vicente,2023-09-25,premium,9
114028,Melchor Alarcón Elías,2024-03-14,premium,7
114067,Viviana Blanco Bernad,2020-11-05,premium,12
106955,Francisco Jose Luís Andrés,2024-04-06,premium,7
109741,Arsenio Feijoo Salmerón,2020-04-27,regular,6
101409,Amaro Somoza Carrillo,2024-05-18,regular,4
107766,José Antonio Pintor Tenorio,2023-01-30,premium,9
109613,Adelaida Blanco Valdés,2022-06-15,premium,9
111061,Eliana Fiol Simó,2021-04-30,regular,6
111342,Leonor del Gracia,2022-11-14,premium,11
114400,Román Cazorla-Barrena,2023-07-26,premium,12
110421,Ildefonso Simó Matas,2020-03-24,premium,12
111994,Leonor Granados Sarmiento,2024-08-14,premium,10
102544,Eliseo Alba,2024-02-29,premium,10
107349,Jimena Angelina Iriarte Rivera,2023-06-25,premium,11
112929,Carlota Paredes Cabo,2024-01-15,premium,7
104897,Rosalía Tomasa Acedo Cañizares,2022-05-24,premium,8
102910,Asunción Orozco Palma,2021-05-29,regular,4
101615,Domitila Saez Puga,2023-11-16,premium,9
108002,Primitiva Castilla Aramburu,2021-03-20,premium,13
106570,Maricela Santana Perera,2024-08-01,premium,9
106066,Angelino Cortina Tejedor,2024-05-29,premium,11
106066,Angelino Cortina Tejedor,2024-05-29,premium,11
100397,Eva Baena,2024-06-08,premium,11
103423,Lucila Nogueira Riera,2021-12-27,regular,4
109930,Teófilo Casares Jaume,2022-12-15,premium,8
111710,Dorita Molina-Uribe,2023-06-30,regular,5
102367,Carolina Cifuentes Ibañez,2021-01-13,regular,6
107593,Tadeo Casas Ballester,2022-05-04,premium,8
105707,Rómulo Escalona,2021-05-30,regular,4
105447,Juan Francisco Serrano Sandoval,2023-11-01,premium,9
105891,Narciso del Valdés,2023-10-11,regular,6
101600,Hugo Galan Jordá,2024-06-03,premium,9
103895,Tamara del Sancho,2022-07-29,premium,10
112172,José Manuel Gomila Tormo,2023-03-21,premium,11
100818,Inmaculada Estrada-Sobrino,2023-06-13,premium,9
113984,José Alvarado Fábregas,2024-02-15,regular,6
114514,Juan Manuel Aragonés Pomares,2022-07-23,premium,7
114972,Fidel Mateo-Quesada,2020-04-14,premium,7
103706,Nélida Calderón-Sáenz,2022-07-18,regular,6
108467,Pastora Miró Cisneros,2023-06-22,premium,8
100217,Sebastián Castro Alemany,2024-01-30,regular,5
110719,Zaira Lledó-Valverde,2021-09-11,premium,10
113142,Lisandro Español-Rosell,2021-08-12,regular,5
114124,Domitila Amor Baquero,2023-11-04,premium,12
113433,Isaías Zurita-Soler,2023-10-19,premium,11
110069,Casemiro Alcides Montserrat Pera,2023-03-04,premium,8
110773,Sabas Crespi Carbajo,2022-08-10,premium,12
110773,Sabas Crespi Carbajo,2022-08-10,premium,12
108639,Begoña Oriana Terrón Cuadrado,2021-05-17,premium,7
108639,Begoña Oriana Terrón Cuadrado,2021-05-17,premium,7
111209,Nicolás Ordóñez-Alonso,2023-11-21,regular,2
113620,Buenaventura Portero-Briones,2023-02-05,regular,5
100612,Donato Coello Cadenas,2021-04-10,premium,7
106330,Toño Barón Otero,2023-10-02,premium,9
101513,Nicolás Herranz Quirós,2024-01-19,premium,7
111455,Octavio Trujillo Santos,2020-03-06,regular,5
111322,Daniel Vallés-Conesa,2022-08-01,premium,8
103022,Amador Alfonso Jordán,2021-09-01,premium,14
105641,Nicolás de Alcalá,2021-11-19,premium,10
109585,Susana Pera Urrutia,2020-08-09,premium,9
113155,Concepción Fuente Villa,2023-06-08,regular,6
110158,Rosalva Molina Montalbán,2020-10-21,premium,8
110158,Rosalva Molina Montalbán,2020-10-21,premium,8
115083,Marta Agudo-Amores,2020-11-10,premium,12
106373,Lucía Vicens Corral,2022-11-18,premium,7
109411,Susana Cabezas Blanes,2021-02-28,premium,11
108376,Paula Rosario Naranjo Melero,2023-02-03,premium,10
112838,Francisca Chacón Sáenz,2023-02-25,premium,14
109641,Cayetano Arias-Estévez,2023-05-11,regular,6
111503,Adoración Melero-Alberola,2023-05-13,premium,8
100764,Chus Cánovas-Chico,2021-05-03,premium,10
113363,Ruperto Francisco Chacón Chaves,2024-05-15,regular,6
115119,Miguel Ángel Campillo Guardiola,2020-11-28,premium,8
110539,Martin Gascón Coca,2020-04-16,regular,6
105861,Laura Paniagua Gallart,2023-07-08,premium,8
103270,María Dolores Guerra,2023-02-03,regular,5
111901,Damián Contreras Galan,2023-08-19,premium,9
105465,Benigno Jerez Manzano,2021-03-06,regular,6
111168,Sol Manso Alcaraz,2020-08-27,regular,3
102391,Imelda Rosselló Palomo,2024-05-25,regular,5
112592,Reyes Sevillano,2020-10-05,premium,13
100335,Antonio del Casanovas,2020-05-20,premium,9
100335,Antonio del Casanovas,2020-05-20,premium,9
104844,Danilo Diéguez Ricart,2023-10-13,premium,8
109849,Benita Costa Camps,2021-07-06,premium,8
104680,María Luisa de Cardona,2023-05-19,premium,10
101622,Damián Espejo,2023-09-30,premium,8
114155,Gonzalo Ugarte Salcedo,2024-05-18,premium,11
108835,Carmina Vicens Costa,2021-09-23,regular,4
106881,Lázaro Alemany-Palomares,2021-04-28,premium,7
103617,Édgar Aznar Palomares,2022-09-27,regular,6
102478,Buenaventura de Escolano,2023-05-23,premium,8
112808,Guadalupe Milla Belmonte,2020-11-23,premium,11
110951,Efraín Ávila,2020-07-27,premium,10
105548,Guadalupe Bellido-Narváez,2020-12-21,premium,12
114368,Rafaela Garcia,2022-01-30,premium,13
113316,Gonzalo Bustos Barco,2024-07-02,regular,6
108425,Virginia de Vara,2024-04-07,premium,7
113758,Fabiola Julián Aguilera,2022-11-15,premium,7
113187,Roxana Camila Rovira Quesada,2022-04-27,premium,13
114834,Guadalupe del Goñi,2022-06-27,premium,7
103753,Nazario Ballester,2021-09-02,premium,11
112951,Jose Luis Tovar Echeverría,2020-07-14,regular,5
102994,Isaac de Arévalo,2023-08-01,regular,3
114087,Carla Amorós Sevillano,2020-06-15,premium,7
111076,Jovita Llopis Martin,2024-03-01,premium,9
103659,Gabriela Miralles Cerezo,2021-07-29,premium,8
113544,Jose Carlos Suárez Redondo,2020-08-16,premium,7
114963,Isidora Arnaiz Amores,2021-05-10,regular,4
105373,Loida Mireia Trujillo Frutos,2020-10-23,premium,8
107774,Aníbal Pinilla Hidalgo,2022-10-27,premium,11
100654,Lupita Bueno,2020-11-15,regular,6
109882,Mauricio del Armas,2021-10-10,premium,8
112946,Guiomar Ciro Esteban Cortes,2020-08-01,premium,8
107509,Dani de Sabater,2023-06-30,premium,12
111276,Godofredo Palomar Barriga,2020-07-11,premium,15
111276,Godofredo Palomar Barriga,2020-07-11,premium,15
109087,Josefa Bernal Lozano,2021-06-06,premium,11
109087,Josefa Bernal Lozano,2021-06-06,premium,11
104951,Quirino Puga Mínguez,2023-05-24,regular,5
109555,Rosario Ponce Oliva,2021-03-10,premium,7
109821,Encarnita Ramirez Chacón,2021-05-30,premium,11
105051,Teófilo Alberdi Carranza,2024-04-23,premium,11
109273,Petrona Gertrudis Fabra Rincón,2023-12-28,premium,8
114241,Tomasa Prado Andres,2023-03-16,premium,7
100480,Esther Olivares Sales,2020-04-09,premium,11
112281,Marcelino Nando Escudero Pedrosa,2021-05-20,regular,6
105943,Félix Gutiérrez Murillo,2024-04-16,premium,9
110975,Amarilis Manso Lumbreras,2021-06-09,premium,8
100104,Chelo del Benito,2022-07-20,premium,12
101158,Reyes Caballero Martí,2020-10-09,premium,10
107050,Oriana Sanjuan Rosado,2023-04-10,regular,4
107521,Prudencia Yéssica Gil Arellano,2023-05-26,premium,8
101384,Xiomara de Pardo,2020-12-01,premium,8
113877,Maite Anabel Sandoval Oller,2024-07-21,premium,11
111956,Asdrubal Barón-Herranz,2020-07-26,premium,9
107616,Fabiana Viñas-Monreal,2021-11-28,premium,7
115206,Remedios de Lara,2020-10-10,premium,8
109967,Cosme Peralta Vigil,2024-06-06,premium,9
103636,Edelmiro Estévez Badía,2024-01-02,premium,7
100648,Azeneth Lozano Sandoval,2020-04-06,regular,5
108919,Telmo Verdugo Arco,2020-11-06,premium,14
114194,Jose Miguel de Vaquero,2022-09-24,regular,5
103121,Cosme Benítez-Acero,2024-08-08,premium,8
114442,Lázaro Durán Aller,2021-08-29,premium,11
113323,Marco Quevedo-Miranda,2024-02-17,premium,11
101458,Dominga Concha Sastre Ruiz,2021-06-20,premium,9
114861,Cruz Mena Torrens,2023-06-13,regular,3
114718,Lorenza Recio-Melero,2020-06-30,premium,14
109090,Baltasar Losa Frutos,2023-04-23,premium,13
108127,María Carmen Reina Vara,2021-08-08,regular,5
114328,Pedro Bastida Manjón,2021-12-11,regular,6
114328,Pedro Bastida Manjón,2021-12-11,regular,6
108226,Armida Arcos Guijarro,2023-12-12,premium,9
108226,Armida Arcos Guijarro,2023-12-12,premium,9
105503,Inés Estevez,2021-08-17,regular,4
113893,Rafael Cleto Sedano Zurita,2020-04-26,regular,5
100884,Adora María Ángeles Capdevila Oller,2022-02-21,premium,10
106619,Maxi Casal Amores,2022-02-24,premium,9
100544,Gustavo Pinto Coronado,2021-11-14,premium,8
110695,Jesusa Julia Cabañas Llamas,2023-05-28,regular,4
110695,Jesusa Julia Cabañas Llamas,2023-05-28,regular,4
115090,Alexandra de Blazquez,2023-02-27,premium,8
106132,Remedios Landa-Arranz,2020-10-11,premium,9
114216,Mar Arce Baquero,2023-10-19,premium,8
104992,Adelaida Ferrando Coello,2020-04-12,premium,9
111918,,2020-04-11,premium,11
111127,Goyo Rogelio Reina Rosell,2023-02-27,premium,13
110956,Luciano de Bolaños,2023-05-20,premium,7
103754,Verónica Calzada Cervantes,2020-05-26,premium,9
100742,Fernando Perales-Barba,2024-07-17,premium,8
109277,Graciano Bosch Pascual,2023-08-14,premium,8
108764,Remigio Graciano Cantón Hoz,2022-01-07,regular,5
109352,Severo Morán Jover,2024-02-02,premium,10
107683,Candelas Prats Santamaría,2020-07-27,regular,6
103822,Leonel de Sales,2024-01-21,regular,5
102145,Elvira Pujadas-Benavides,2022-07-21,regular,6
101881,Hernando del Anguita,2023-08-05,regular,6
107173,Trinidad Cantón Sanabria,2022-09-03,regular,5
109322,Rosario Batalla Villa,2020-11-29,premium,7
112460,Inocencio Lledó Domínguez,2020-04-20,premium,9
100334,Heraclio Sastre Blanco,2022-05-19,regular,3
112513,Obdulia Iborra,2021-05-15,premium,9
110903,Andrea Arenas,2021-03-15,premium,9
110903,Andrea Arenas,2021-03-15,premium,9
108487,Beatriz Diéguez Pujol,2020-10-07,premium,9
102287,Hernán Jara Falcó,2021-04-24,regular,4
110222,Mayte Montalbán-Pagès,2021-06-14,premium,10
100715,Lucho Clemente Rosado Pinto,2021-12-26,premium,9
112861,Juan Bautista Peralta Cal,2023-10-03,premium,7
103600,Pascual Calatayud Montes,2024-06-17,premium,7
112650,Baudelio Romeu Lucas,2024-05-12,premium,7
109296,Milagros del Prado,2022-08-01,regular,5
114072,Epifanio Ayuso Nevado,2021-03-31,regular,6
114014,Jerónimo Salmerón Escribano,2022-11-11,premium,10
105668,Sonia Nuñez Palomo,2021-11-20,premium,14
113090,Almudena Giralt Torrents,2024-03-14,regular,4
103533,Febe Amaya Rios Hierro,2023-02-16,regular,4
104354,Erasmo de Araujo,2021-01-20,premium,13
110334,Carolina Marqués-Gabaldón,2020-10-27,premium,12
108803,Luís Tur Carpio,2020-10-17,premium,9
100840,Paloma Emiliana Escolano Arnau,2021-08-18,premium,10
114803,Isidro Virgilio Palacios Abascal,2020-10-11,premium,10
113132,Evaristo Viña Tejedor,2020-08-15,premium,9
111092,Toribio Fernández-Anaya,2020-12-24,premium,8
109140,Violeta Cabo Mata,2022-01-12,regular,5
106138,Emperatriz Alegria Sala,2022-01-08,regular,6
112812,Carmelita Yáñez Martorell,2022-10-06,premium,7
114233,Domitila Colomer Martorell,2024-03-10,premium,7
114233,Domitila Colomer Martorell,2024-03-10,premium,7
104058,Edelmira Saez Torre,2021-07-04,regular,3
103064,Luna Ámbar Roman Catalá,2020-05-09,premium,7
111328,Raquel Oliver Leiva,2021-03-16,premium,14
113641,Calixta Ojeda Marin,2024-04-04,premium,15
100745,Adalberto Roig Cueto,2023-02-12,premium,12
101966,Carmen López Agudo,2022-11-27,regular,6
110154,Rebeca Cerezo,2023-05-02,premium,11
113166,Fausto Lloret Jiménez,2024-05-19,premium,15
101143,Ruperto Gutierrez Navarrete,2023-11-01,regular,5
109479,Sabina Rincón Ballester,2022-01-03,regular,5
105909,Leandra de Borrell,2023-10-08,regular,5
101207,Soraya Mas Tejada,2023-09-22,premium,8
102920,Águeda Parra-Monreal,2022-12-03,premium,9
114726,Renata Palomares Bertrán,2021-12-10,premium,9
115096,Fermín Manzano Pacheco,2023-11-09,premium,11
104666,Amalia Acosta Mena,2021-05-20,premium,11
104148,Aroa Fuentes Bartolomé,2023-05-20,premium,12
104148,Aroa Fuentes Bartolomé,2023-05-20,premium,12
113780,Félix Escrivá Márquez,2023-10-06,premium,10
105965,Raimundo Alfonso Sainz Almazán,2022-11-14,premium,11
100531,Lucas del Cobos,2022-10-03,premium,7
109527,Ramiro Pozo Corominas,2023-04-08,regular,5
104330,Obdulia Emma Navas Patiño,2023-01-18,regular,6
103947,Ángela Paredes Bru,2022-07-03,premium,10
111764,Zaida Noriega Márquez,2024-04-18,premium,7
107965,Lalo de Ribera,2023-10-11,regular,6
105986,Ernesto Elpidio Lara Aller,2023-11-13,premium,11
109622,Bibiana Mora-Morell,2020-03-31,premium,8
102526,Raquel Losada Gutiérrez,2021-01-17,premium,9
110985,Vera Calderon Pallarès,2020-07-04,regular,5
111573,Micaela Cervantes-Vizcaíno,2022-07-06,premium,10
109998,Victor Manuel Ureña Almeida,2024-02-14,regular,4
108441,Narciso Aguilar Simó,2020-11-01,premium,13
107093,Maricela Tomé-Revilla,2023-05-06,regular,6
104507,Rogelio Bilbao Carnero,2024-05-12,regular,6
112901,Evelia Sol Neira Caro,2021-03-10,premium,8
113327,Lorenzo Bosch Bello,2020-05-14,premium,9
102413,Georgina Laura Saez Uribe,2021-03-23,premium,9
104094,Tania Almagro Agudo,2024-06-29,premium,9
109579,Inés Coca Cabanillas,2021-05-16,regular,4
112185,Yaiza Ribera Sainz,2020-04-13,premium,9
112956,Azahar Rosselló,2021-06-09,premium,7
101333,Pilar Vives Osorio,2024-08-05,premium,12
104227,Olegario Bernardino Camacho Valbuena,2024-07-27,premium,8
113038,Asunción Esteve,2024-04-24,premium,9
106396,Manuela Garriga Conesa,2022-09-17,premium,11
106038,Reyes Pla Villalba,2020-10-12,premium,10
111924,Feliciano Beltran-Barreda,2020-06-14,regular,5
107404,María Belén de Garay,2024-06-29,premium,7
110532,Encarnacion Aroca Coloma,2021-08-04,premium,7
102895,Benito Valverde Luque,2021-07-13,regular,5
106742,Georgina Torrens,2021-04-07,regular,6
112263,Alex Matas Viña,2023-05-15,premium,8
102118,Itziar Verdugo,2022-02-26,regular,5
106178,Salud Porras Riera,2024-02-07,premium,8
107317,Sonia Larrañaga Estevez,2021-05-21,premium,7
105067,Ramiro Aliaga Agustín,2021-07-27,premium,9
108500,Teresita Loreto Aguiló Nevado,2022-08-28,premium,8
111165,Clotilde Corominas Carreras,2020-10-22,premium,8
101184,Felicia Giner,2021-10-30,premium,11
111591,Leticia Villalonga Botella,2021-06-19,premium,14
110335,Leonardo Roman Bernat,2022-08-11,premium,14
103469,Rodrigo Morata Riba,2023-12-26,premium,11
114891,Nicolasa Sosa-Llano,2023-08-02,premium,9
107773,Chus Loreto Nadal Ramos,2024-08-18,premium,8
105082,Fidel Ramis,2021-08-20,premium,10
114406,Candela Ruano Uribe,2024-02-11,premium,10
103372,Eustaquio Manrique-Benavides,2023-12-08,premium,10
109600,Pedro Chaves-Clavero,2024-07-11,premium,8
104405,Isa Cáceres Torrens,2024-07-04,premium,10
107613,Encarnacion Sabater Guijarro,2021-02-04,regular,6
103448,Américo Mate Bárcena,2022-11-09,regular,6
109060,Griselda Fabra Adán,2024-06-20,regular,4
110544,María Manuela Angelina Sales Acuña,2023-01-11,premium,7
100622,Ariadna Valderrama,2022-05-17,premium,12
112696,Pepito Sevilla Osuna,2022-05-04,premium,12
111510,Mar Guijarro,2020-09-16,premium,17
109503,Candelaria Requena Cañas,2022-12-17,premium,10
109734,Rosalinda Teruel-Vila,2023-06-04,regular,6
103777,Patricio de Esteve,2024-05-17,premium,8
107885,Américo Morante Ángel,2022-01-10,premium,12
103796,Luís del Ugarte,2021-09-03,regular,4
110377,Irma Olivé Moya,2024-03-06,regular,2
109953,Eli Casado-Campo,2023-08-16,premium,10
108529,David Rovira Ruiz,2023-02-03,premium,8
108529,David Rovira Ruiz,2023-02-03,premium,8
106211,Dalila Ricart-Palomares,2020-06-11,premium,9
113883,Mateo Font Malo,2022-06-20,regular,6
106105,Leocadia Barreda Cáceres,2022-05-03,premium,11
112080,José Manuel Maza Gracia,2022-03-28,premium,10
113277,Anabel de Ribas,2021-11-14,regular,4
106648,Maxi Múgica Amo,2023-04-19,premium,8
108737,Ricardo Gracia,2024-05-26,premium,14
114246,Gustavo Navarro,2023-12-04,regular,5
100186,Máxima Virginia Gaya Carro,2020-12-11,premium,7
111888,Olivia Sobrino Rubio,2022-12-30,regular,6
111888,Olivia Sobrino Rubio,2022-12-30,regular,6
113198,Cristina Almeida Vallés,2021-09-16,premium,7
112441,Emelina Aurora Reguera Gálvez,2023-11-10,premium,10
106724,Nadia Duque Casado,2021-07-06,premium,9
109270,Rosenda Samper Paz,2023-05-02,premium,10
104122,Gregorio Aragonés Alarcón,2023-11-27,premium,8
114458,Ligia Lledó Urrutia,2023-03-05,premium,7
103435,Amanda Alcántara Torrents,2022-12-20,premium,8
113031,Darío Pascual Mulet,2023-09-16,premium,11
103323,Isaías Bilbao,2023-10-10,regular,4
104230,Leonardo Gras Villalobos,2023-12-23,premium,10
106439,Amelia Cabañas Luís,2022-09-16,premium,7
107279,Melchor Ferrándiz,2023-04-13,premium,15
108318,Berta Jurado Tamayo,2022-08-13,premium,10
107960,Noemí Talavera Ferrando,2023-12-18,regular,4
113663,Adolfo Lastra Julián,2022-06-24,premium,8
105432,Zaida Ramis Pareja,2021-06-14,premium,11
109840,Rosenda Peralta,2021-01-12,regular,3
106393,Felicia Viña Pujol,2024-08-22,regular,5
111813,Albano Amaro Cabello Olmo,2024-06-19,regular,5
111438,Eusebio Arnau Esteban,2020-06-04,regular,4
102572,Jordana Checa Buendía,2021-09-02,premium,9
113199,Nidia Montalbán Izquierdo,2023-12-20,premium,10
101595,Gema Tomás Esteban,2021-03-02,premium,12
102535,Carmina Olivares Abascal,2020-05-25,premium,8
108046,Ignacio Cañete Suárez,2023-08-11,premium,8
108297,Isabel Rincón Ribera,2024-01-14,regular,6
107218,Toribio Sanjuan Ballesteros,2020-05-14,premium,8
114126,Andrés Felipe Farré Girona,2021-12-22,premium,9
100677,Rosaura de Ramis,2023-01-25,premium,8
105497,Ofelia Boada Arrieta,2022-04-01,premium,10
107795,Paulino Peral Diez,2022-06-04,premium,13
106840,Cleto Alegria Sacristán,2020-12-13,premium,9
104960,Laura del Mascaró,2024-04-17,premium,10
104960,Laura del Mascaró,2024-04-17,premium,10
100922,Rafaela Pons Manso,2024-03-19,premium,11
112071,Elodia Camino-Barco,2021-07-11,premium,7
101183,Tomás Hernandez Morales,2021-04-09,premium,12
106609,Alicia Vicente Barroso,2022-07-05,regular,4
107837,Ceferino Olmo Sola,2022-08-10,premium,9
111318,Amelia Muro Corominas,2021-10-05,premium,7
100222,Griselda del Roman,2023-12-10,premium,7
100559,Teobaldo Montoya Goñi,2020-10-22,premium,9
106114,Edelmiro Pujadas Hoz,2022-01-11,regular,5
101328,Mamen de Quesada,2024-02-07,premium,9
113037,Ale Oliver España,2022-11-12,premium,9
102457,Palmira Nicolau Cervantes,2023-08-24,premium,9
109318,Epifanio Carvajal Barros,2024-08-27,premium,8
103835,Macaria Contreras Amor,2023-08-14,premium,9
103708,Ale Bonet Dueñas,2024-01-19,premium,11
103012,Perlita de Calderon,2024-04-29,premium,7
110768,Joan Anaya Godoy,2020-03-28,premium,10
114523,Roldán Saavedra Múgica,2021-03-15,premium,9
115115,Lupita Perla Guardiola Sanmiguel,2021-09-24,premium,7
102332,Quique Mir Priego,2021-01-17,premium,8
108396,Juan Bautista Hernando Barral,2020-08-09,premium,12
113695,Alondra Blazquez Palma,2023-05-11,premium,8
102550,Eligia Almansa Villalobos,2020-05-24,premium,11
107196,Noelia Pino,2023-07-04,regular,2
103071,Alondra de Pintor,2020-11-29,premium,9
111441,Carlito Roura Nuñez,2022-09-10,premium,7
100579,Rogelio Lucas Lucena,2020-07-15,premium,11
108330,Augusto Aliaga Escrivá,2020-11-07,premium,8
108330,Augusto Aliaga Escrivá,2020-11-07,premium,8
109405,Yago Canet Ramirez,2022-10-23,premium,8
109825,Raquel Ochoa Hernando,2022-06-22,premium,7
114813,Leonor Rey Agullo,2024-08-13,premium,9
102880,Cruz Ropero Llopis,2022-06-25,regular,5
111883,Mohamed del Roda,2022-01-29,premium,12
107634,Anabel Ariño Peinado,2021-05-27,regular,5
101666,Ruperta del Cortes,2024-04-18,premium,10
111950,Alba Rivero Segarra,2020-03-19,premium,7
111950,Alba Rivero Segarra,2020-03-19,premium,7
110497,Urbano Cortés Oller,2023-06-19,premium,8
102583,Sabina Gallardo,2020-04-12,premium,10
105621,Íñigo Moles-Cortes,2022-02-18,regular,5
105621,Íñigo Moles-Cortes,2022-02-18,regular,5
107563,Berta Pujol Alegria,2023-08-15,premium,11
104217,Asunción Villegas Márquez,2022-10-14,premium,12
100725,Heriberto Ribera-Roig,2020-06-08,premium,15
103060,Anabel Sanjuan Berenguer,2023-05-18,premium,8
103699,Seve Plana Oliva,2020-10-26,premium,10
113734,Porfirio López Laguna,2020-04-01,regular,4
101154,Javier Carbonell Roura,2024-03-12,premium,8
109750,Jacinta Alemán Criado,2020-09-03,premium,7
111205,Moreno Piñeiro Nuñez,2021-01-08,premium,7
104677,Maxi Prieto,2023-03-15,premium,7
100448,María Del Carmen de Bustos,2020-05-02,regular,6
101792,Javiera Guzman Redondo,2023-03-10,premium,10
104769,Beatriz Chacón Pombo,2022-09-06,premium,14
107435,Buenaventura Héctor Cervantes Mariño,2020-07-18,premium,12
110586,María Carmen Yáñez Torre,2020-09-22,premium,12
114050,América Linares Pedro,2024-01-16,premium,7
102999,Telmo Herrera Céspedes,2020-11-07,premium,9
100945,Nazario de Villar,2021-01-21,premium,8
102169,Atilio Posada,2021-11-04,premium,7
108857,Dominga Querol Solano,2023-08-21,premium,7
106809,Gilberto Prudencio Larrea Iborra,2021-07-23,nuevo,1
106809,Gilberto Prudencio Larrea Iborra,2021-07-23,nuevo,1
102334,Ovidio Barrio,2023-07-23,premium,9
111005,Esteban de Plaza,2021-10-14,regular,4
100876,Pepe Serra,2021-04-26,regular,5
104668,Mónica Ponce-Morell,2021-09-07,premium,8
114046,Marta Cándida Aragonés Araujo,2021-07-02,premium,8
105080,Patricia Madrid Vilaplana,2024-04-08,premium,15
113573,Gabriel Arévalo,2022-09-23,regular,4
101316,Venceslás Puente Prats,2021-02-25,regular,4
110722,Amaro Gascón-Duarte,2020-11-25,premium,8
106506,Flavia Morata-Pozo,2020-09-25,premium,8
107763,Celso Cuevas Verdú,2024-04-20,premium,12
104334,Ariadna Luján-Corominas,2020-08-20,regular,5
113933,Fidela Castrillo Somoza,2020-05-11,premium,10
104603,Martina Elodia Arregui Gisbert,2023-02-24,regular,6
104408,Olga Fuente,2022-03-13,premium,7
113306,Albano Néstor Andres Puerta,2022-03-10,premium,7
107035,Lisandro de Frías,2022-07-18,premium,11
109862,Marianela Núñez Arnal,2023-09-15,regular,2
107802,Paz Cabanillas Ángel,2022-03-20,regular,5
111773,Nilda Tello Montesinos,2024-04-19,premium,7
106652,Azeneth Piñeiro Cordero,2023-07-02,regular,6
112751,Visitación Cortina Cerdá,2023-10-04,premium,9
109120,Luna Ruiz Conesa,2022-11-28,premium,8
102134,Rodolfo Donoso Cerdá,2020-06-25,premium,12
110388,Felicia Sanmiguel Cabeza,2022-06-01,regular,6
108193,Eutropio Mur Campo,2023-12-09,premium,8
101627,Rufina Moya-Figuerola,2023-11-04,premium,16
105466,Tere Pi Lopez,2024-05-20,premium,10
111367,Dan Asensio Vera,2020-09-10,premium,11
101238,José Manuel Tirado Prat,2020-04-05,regular,4
104345,Etelvina Terrón Pont,2022-12-25,premium,10
104554,Candela de Verdú,2021-07-01,regular,6
101901,Marc del Posada,2024-03-07,premium,8
101901,Marc del Posada,2024-03-07,premium,8
111721,Guadalupe Padilla,2024-08-11,premium,7
106202,Jacinto Zaragoza Pazos,2021-10-21,premium,10
109469,Buenaventura Burgos,2020-05-10,premium,7
104619,Jaime Mayol Barranco,2023-01-26,premium,8
107665,Flora Cervera,2020-08-07,premium,9
101356,Nereida Múgica Grau,2024-03-10,premium,9
100980,Eustaquio Amador Soler Pujadas,2020-03-14,regular,5
108160,Eustaquio Luján Galán,2022-08-17,premium,7
105915,Pancho Exposito-Gras,2022-07-18,regular,3
101098,Guiomar Juan Ángel,2023-06-12,premium,12
105070,Amílcar Vázquez Barragán,2023-03-18,premium,10
101019,Loreto Ribera Cazorla,2024-08-14,premium,8
102956,Andrés Ramis Rios,2024-01-26,premium,15
105107,Apolinar Linares Cortés,2022-03-26,regular,5
113764,Esmeralda Polo Salvador,2021-06-16,premium,12
101706,Leoncio Moreno Carpio,2022-10-16,regular,6
108450,Ale Alegre Losa,2024-08-20,premium,14
113600,Virginia Martinez Vargas,2020-09-15,premium,7
105791,Jorge Cruz Agudo,2022-02-21,regular,5
113127,Elisa Noriega Gómez,2024-06-09,regular,6
113127,Elisa Noriega Gómez,2024-06-09,regular,6
114320,Rita Ayllón,2021-04-20,premium,10
108945,Régulo Sebastian Escribano Gallego,2021-05-21,premium,7
102076,Édgar Jaén Pareja,2021-08-31,regular,5
108893,Liliana Alondra Feijoo Mora,2021-10-07,premium,12
106763,Febe Bellido Sureda,2023-02-01,regular,2
103782,Cayetano de Murcia,2023-10-18,nuevo,1
109982,Esmeralda Valero,2024-08-22,nuevo,0
102992,Olga Isern,2024-04-15,nuevo,0
105014,Ani Benavides Cervera,2023-08-17,nuevo,0
104872,Hipólito Guerra Marín,2021-07-24,nuevo,0
104861,Albert Rozas-Capdevila,2022-12-04,nuevo,0
102068,Jose Francisco Xavier Tur Corbacho,2020-08-28,nuevo,0
103185,Hortensia Chaparro Palacios,2023-10-17,nuevo,1
101509,Juan Luis Lastra Olmedo,2021-03-30,nuevo,0
113053,Diana Gallart-Escribano,2020-11-27,regular,2
102716,Leonel de Álvarez,2024-07-17,regular,2
111355,Jacinto Villar Jáuregui,2022-03-17,nuevo,0
109614,Lilia Martinez Aranda,2022-10-05,nuevo,0
101567,Sosimo Godofredo Rocha Tolosa,2022-03-29,nuevo,1
113945,Angelina de Vergara,2022-11-24,nuevo,1
112777,Azeneth Aguiló-Portillo,2021-09-21,nuevo,0
101603,Susanita Chaves Ruano,2020-03-27,regular,2
100322,Azahar Toledo Hernando,2024-02-19,nuevo,1
114863,Lina Anguita-Quirós,2020-05-01,nuevo,0
106256,José Jennifer Iñiguez Fortuny,2023-02-07,nuevo,1
109884,Odalys Pont Poza,2021-10-20,nuevo,0
109330,Marianela Marcos,2022-05-09,nuevo,0
106830,Alejandro Gutierrez Palau,2023-02-20,nuevo,0
110647,Laura Borrell Feijoo,2022-10-25,nuevo,0
104752,Marcelino Llobet Zaragoza,2020-12-23,nuevo,0
113729,Ignacio Dalmau Solé,2024-02-12,nuevo,0
104047,Caridad Monreal-Lasa,2022-10-08,nuevo,0
108882,María Cristina Chaves Riba,2024-06-16,nuevo,0
111470,Eutropio Arranz Mayoral,2021-04-22,nuevo,1
112394,Fabián Cabello Yáñez,2022-01-20,nuevo,0
115188,Natalio Mancebo Badía,2023-05-25,nuevo,1
100264,Aitor Anaya Jordán,2024-08-06,nuevo,1
110638,Pilar Vilma Martin Ropero,2021-03-30,nuevo,0
114013,Claudia Alba Marin,2022-06-01,nuevo,0
103283,Ana Sofía Coca Caparrós,2023-06-06,nuevo,1
109751,Lupita Catalina Benito Vigil,2023-11-20,nuevo,1
114570,Juanita Julián,2023-01-03,regular,2
114127,Marina Villegas Carbajo,2023-04-23,nuevo,1
114127,Marina Villegas Carbajo,2023-04-23,nuevo,1
102754,Elpidio Domingo Garcia,2024-08-01,nuevo,0
107496,Calixta Oliver Pol,2023-08-01,nuevo,0
103657,Raquel de Palma,2023-09-23,nuevo,1
107700,Juliana Perelló Durán,2020-11-22,nuevo,1
114695,Brígida Goicoechea Peña,2023-12-27,nuevo,0
105187,Graciela Valencia Campillo,2021-06-19,nuevo,0
100132,Juanito Alonso Estevez,2020-04-30,nuevo,0
105423,Leandro Rosell-Mosquera,2024-02-27,nuevo,1
115075,Fidela Pizarro Ochoa,2021-05-07,nuevo,0
107656,Georgina Rivero-Piñol,2024-01-03,nuevo,0
111291,María Teresa Armengol,2020-04-13,regular,2
107203,Emilia Marí Sola,2021-12-26,nuevo,0
104075,Nazaret Vara Mayo,2020-05-01,nuevo,0
102092,Diana Garmendia Roselló,2024-03-21,regular,2
103166,Araceli Morata Calatayud,2020-12-10,nuevo,1
106324,Rosalía Rojas Vizcaíno,2024-05-31,nuevo,0
112134,Paulino Posada Gargallo,2023-01-03,nuevo,1
102620,Aurelia del Rovira,2022-01-05,nuevo,0
101025,Jovita Macias Rueda,2023-11-28,nuevo,1
105479,Hugo Ibañez-Jaén,2024-08-06,nuevo,0
110927,Macaria Robledo Alemán,2024-02-29,nuevo,1
109305,Adelardo Rosell Abellán,2020-08-02,nuevo,1
107678,Pastor de Fuertes,2022-10-28,nuevo,1
112075,Jordán de Arnal,2020-07-14,nuevo,0
108546,Herminia Artigas Castrillo,2023-07-23,nuevo,1
109779,Abilio Morillo Portero,2023-04-05,nuevo,1
108999,Víctor Pascual Izaguirre Villanueva,2024-02-28,nuevo,0
111822,Eligia Pou Paniagua,2022-02-20,nuevo,0
106174,Nydia Fajardo Cal,2021-02-25,nuevo,1
103647,María Pilar Hervia Pozo,2020-09-21,nuevo,0
112337,María Dolores Gracia Manjón,2022-11-02,nuevo,1
110308,Rubén Herrera Ruano,2022-11-19,nuevo,0
100111,María Carmen Alma Vaquero Carpio,2021-09-03,nuevo,0
102443,Elisa Laguna,2020-03-19,nuevo,0
105138,Sofía Cervantes Rebollo,2021-06-04,nuevo,1
102523,Amando Salom Mariño,2023-07-25,nuevo,0
103839,Regina Bertrán,2022-07-23,nuevo,1
114196,Agustina Moll Sevillano,2021-01-01,nuevo,1
103618,Amparo Miguel Toro,2022-08-22,nuevo,1
103563,Mateo Maza-Ugarte,2022-01-19,nuevo,0
113296,Nicodemo Morell Caballero,2022-11-26,nuevo,0
111116,Marisol Cervantes Juliá,2020-12-09,nuevo,0
110209,Juan Pablo Riquelme,2022-06-01,nuevo,0
107820,Juan Soler Grande,2021-01-18,nuevo,0
106473,Adán Feliu Rincón,2020-08-17,nuevo,1
112728,Jennifer Borja Franco,2022-10-28,nuevo,0
105283,Alicia del Santana,2023-11-05,nuevo,1
109595,Hector Mínguez,2022-06-01,regular,2
109667,Olga Solsona Tejera,2024-07-16,nuevo,1
100968,Candelas Llabrés,2022-05-13,nuevo,1
113118,Maximiano Aureliano Frutos Amorós,2022-10-27,regular,2
101946,Martín Royo,2021-07-20,nuevo,0
113839,Andrés del Vara,2023-06-26,regular,2
109345,Marita Feijoo Jover,2024-08-25,nuevo,1
108615,Jordán Llabrés Solana,2024-01-29,nuevo,1
100096,Vasco de Mármol,2020-12-11,nuevo,0
113318,Juan Pino Riquelme,2023-01-10,nuevo,1
114482,Esmeralda Canales-Aguilera,2020-06-14,nuevo,1
102612,José Antonio Artigas Zaragoza,2022-02-09,nuevo,0
106851,Carina Nebot Arteaga,2022-07-02,nuevo,1
102819,Anastasia Huguet-Amorós,2021-08-24,regular,2
111612,Carmela Filomena Larrea Soria,2021-05-01,nuevo,1
100220,Pepito Feliu,2020-04-13,nuevo,0
107697,Olimpia Ramón Roldan,2023-10-12,nuevo,0
100060,Edelmiro Bauzà,2020-04-05,nuevo,0
114567,Demetrio Gimeno Valera,2021-12-21,regular,2
102549,Ciríaco Farré,2020-12-16,nuevo,1
115069,Arsenio Lloret Cuesta,2023-06-01,nuevo,1
112305,Osvaldo Benítez Peinado,2023-06-29,nuevo,0
112305,Osvaldo Benítez Peinado,2023-06-29,nuevo,0
113249,Olegario del Soler,2021-04-03,nuevo,1
113826,Flavio Castro Garay,2020-06-10,nuevo,1
102458,Sebastián Iriarte Fuente,2024-07-22,nuevo,0
106940,Cristian Daza Guillen,2024-01-31,nuevo,0
104731,Gustavo Cabezas Ferrero,2021-04-21,nuevo,0
107472,Casandra Bonilla Lledó,2020-08-31,nuevo,0
100462,Hilda Barriga Bas,2020-04-14,nuevo,0
111124,Baltasar José Mari Segovia Iborra,2023-09-25,nuevo,0
111124,Baltasar José Mari Segovia Iborra,2023-09-25,nuevo,0
104191,Paco Losada Belda,2024-06-27,nuevo,1
105757,Omar Conde-Andreu,2021-06-27,regular,3
113829,Bautista Madrid Meléndez,2020-04-04,regular,2
103547,Kike del Bellido,2023-07-06,nuevo,1
108940,Roberta Roig Arévalo,2023-07-07,regular,2
102436,Olimpia Quintero Bellido,2024-01-24,nuevo,0
102436,Olimpia Quintero Bellido,2024-01-24,nuevo,0
106303,Virginia Anita Pereira Saavedra,2021-01-09,nuevo,0
108202,Desiderio Arce García,2021-02-07,nuevo,1
111393,Felicia de Valentín,2021-02-28,nuevo,0
105156,Jordana Ramis Martí,2021-08-22,nuevo,0
104557,Diana Eliana Conde Rico,2023-12-31,nuevo,1
100399,Rubén Frutos Olivera,2024-05-17,nuevo,1
113833,Maximino Gomila Varela,2024-05-23,nuevo,1
113761,Julieta Bernal Bautista,2023-10-13,nuevo,1
110118,Charo Barriga-Roldán,2023-11-11,nuevo,0
102376,Lorena Bejarano Cortina,2020-03-31,nuevo,0
103102,Corona Millán Cuadrado,2023-09-25,nuevo,0
107445,Tito Castillo Beltrán,2022-10-10,nuevo,1
105157,Soraya Roma-Muro,2022-11-13,nuevo,0
106597,César Toni Laguna Nicolás,2022-05-29,nuevo,1
110685,Aitor Tomas,2020-08-29,nuevo,1
107884,Marta Valero Verdejo,2023-07-16,nuevo,1
106272,Román Cal Badía,2021-07-02,regular,2
106922,Coral Grande Ribas,2022-07-20,nuevo,1
113825,José Carvajal Batalla,2021-02-28,nuevo,0
110285,Amaro Seguí Ropero,2022-02-28,nuevo,1
100331,Lupita Casanova-Galan,2024-07-30,regular,2
101787,Jose Carlos Cayetano Reguera Zorrilla,2023-02-23,nuevo,0
100813,Fabio Beltrán Franch,2021-04-27,nuevo,1
101979,Marisela Nereida Abellán Vilar,2024-08-29,nuevo,0
103117,Noelia Arias Arnau,2023-05-13,nuevo,1
101695,Martirio Olivares Páez,2020-12-06,nuevo,0
100614,Amaya Villanueva Casal,2022-12-10,nuevo,1
101283,Jenaro Galvez,2023-12-21,nuevo,1
113500,Eusebia Zapata Sancho,2022-05-08,nuevo,1
103291,Nico Ribas Arrieta,2020-06-03,nuevo,0
103847,Encarnación Cazorla,2024-03-16,nuevo,0
109098,Irma Olivera Bolaños,2020-07-14,nuevo,0
106825,Amancio Rodolfo Pinilla Cervantes,2021-01-10,nuevo,0
110679,Alicia Cuéllar,2024-02-13,nuevo,0
108247,Elba Torres Figuerola,2021-04-11,nuevo,0
108123,Lucas del Carbonell,2020-08-13,nuevo,0
108123,Lucas del Carbonell,2020-08-13,nuevo,0
113403,Ceferino Sureda Andrade,2023-12-29,nuevo,0
104167,Nilda Puerta Pelayo,2021-06-22,regular,2
104827,Marcos Briones Lerma,2020-05-02,nuevo,0
105590,Hermenegildo Saldaña Ortega,2023-03-24,nuevo,0
108731,Zaira Bienvenida Martínez Pombo,2022-09-08,nuevo,1
105602,Darío Agustí Calzada,2020-12-03,nuevo,0
111670,Petrona Salazar Pintor,2021-01-05,nuevo,0
104853,Jose Miguel Gelabert,2024-06-17,nuevo,0
110142,Tiburcio Ochoa Dominguez,2023-09-19,nuevo,1
113655,Primitivo Paredes Benavent,2023-05-08,nuevo,1
110492,Cándido Machado Elorza,2023-11-19,nuevo,0
108760,Lázaro Bayona,2020-10-03,nuevo,0
112208,Eloísa Mayo Gárate,2024-02-26,nuevo,0
105130,Melchor Juan Carlos Carvajal Carranza,2023-09-27,nuevo,0
112129,Pedro Carrillo Aranda,2020-10-04,nuevo,1
102030,Catalina Noriega Quero,2020-06-03,nuevo,1
110131,Sebastian Velasco Roldán,2021-09-01,nuevo,1
104398,Ligia del Barriga,2020-04-02,nuevo,0
103718,Rosa María del Madrid,2020-05-05,nuevo,1
108249,Víctor del Quintanilla,2022-11-29,nuevo,0
104101,Candela Cruz Ariza,2022-06-03,nuevo,0
113896,Florentina Carranza,2020-10-30,nuevo,0
100336,Macario Segismundo Tovar Bustos,2021-08-28,nuevo,1
113798,Valerio Campoy Amorós,2021-04-24,nuevo,0
114475,Gema Ureña Recio,2020-11-18,nuevo,0
108047,Casandra Mancebo Terrón,2020-11-09,regular,2
103019,Dorita Pedraza Ribera,2023-10-08,nuevo,0
102693,Pascual Quiroga,2024-01-16,nuevo,1
108380,Encarnacion del Antúnez,2023-02-12,nuevo,1
103572,Lucas Lasa Guerra,2022-10-30,nuevo,0
107913,Edgardo Somoza Murillo,2023-01-29,nuevo,1
104232,Fortunato Peralta Fajardo,2023-02-08,nuevo,1
108582,Claudio Belda Haro,2021-04-06,nuevo,1
110777,Martina Soler,2023-08-02,regular,2
104601,Camila Flores Morante,2022-09-17,nuevo,0
108535,Coral Ferrández-Valencia,2023-09-20,nuevo,1
107920,Bárbara Rosselló Vicente,2024-05-19,nuevo,1
109809,Albino Valero Alemán Aguado,2024-05-18,nuevo,0
104786,Diego Torrents-Figuerola,2022-10-30,nuevo,0
105380,Seve Cabeza-Sanchez,2023-01-23,nuevo,1
102665,Natividad Villaverde Lluch,2022-04-17,nuevo,0
105310,Juan Pablo Caballero-Cañizares,2023-03-26,nuevo,0
104873,Ana Sofía Gomila Castilla,2020-08-29,nuevo,0
108603,Jaime Perea Valcárcel,2023-06-09,nuevo,0
101732,Martirio Galvez,2021-10-21,nuevo,0
102623,Rosario del Capdevila,2024-04-21,nuevo,0
112165,Fulgencio Bustos-Solera,2024-04-14,nuevo,1
114996,Luciana León Valdés,2020-04-01,regular,2
105764,Clarisa Riba,2024-06-03,regular,2
110925,Lidia Baquero Artigas,2020-12-25,nuevo,1
102319,Demetrio Soler,2020-03-03,nuevo,0
107293,Reinaldo Beltrán Codina,2021-08-07,nuevo,1
113481,Concepción de Adadia,2021-12-14,nuevo,0
109697,Mateo Cámara Montoya,2022-06-03,nuevo,0
101167,Vanesa de Izquierdo,2021-09-24,nuevo,0
101452,Clímaco Uribe Company,2024-08-10,nuevo,0
101452,Clímaco Uribe Company,2024-08-10,nuevo,0
110623,Maxi Cañete Pineda,2024-08-27,regular,2
102967,Nazaret Camino Calderon,2023-08-16,regular,2
111083,Otilia del Zabaleta,2024-08-25,nuevo,0
107200,Vanesa Escribano Ayllón,2022-06-17,nuevo,0
104547,Teresita Rodríguez,2021-06-11,nuevo,0
105665,Prudencio Portero Oliveras,2021-07-14,nuevo,0
104281,Juan Pablo Ferrera Novoa,2021-04-01,nuevo,1
103996,Samuel Vidal Briones,2020-12-11,nuevo,1
104904,Sabas Borrás-Camps,2021-05-23,nuevo,0
112717,Chuy Posada Aguirre,2022-02-03,nuevo,1
112535,Julie Company Coca,2021-04-22,nuevo,0
103261,Constanza Xiomara Flor Guzmán,2024-04-04,nuevo,0
101944,Mercedes Sarmiento Azorin,2022-01-05,nuevo,0
113156,Noelia Cortes Osuna,2021-03-23,nuevo,0
108254,Alondra Arenas,2020-08-19,regular,2
106671,Corona Casals Carbonell,2021-10-13,nuevo,0
106670,Ainara Moliner Valencia,2022-09-15,nuevo,0
111323,Eva María Esteban,2021-11-24,nuevo,0
101348,Flavia Vaquero Morante,2023-09-14,nuevo,0
113627,Amor Ros Arcos,2022-07-28,regular,3
100317,Cayetana Cañizares Figuerola,2021-08-13,nuevo,1
105338,Emma Íngrid Jara Neira,2021-11-21,nuevo,0
114790,Marino Castell Castellanos,2020-03-02,nuevo,1
108662,Encarnacion Cañas Llanos,2021-01-10,nuevo,0
101209,Venceslás Cervera Alvarado,2020-08-11,nuevo,0
114559,Andrés Felipe Barberá Cañas,2022-02-18,nuevo,1
100425,Macario Plana-Mas,2020-06-13,nuevo,0
100555,Adelina Paulina Aliaga Mate,2020-06-06,regular,2
102993,Florentino Alvarado-Nogués,2022-05-27,nuevo,0
101955,Ariel Roberto Barral Nebot,2024-03-20,nuevo,0
108222,Benita Cervantes-Bolaños,2023-12-20,nuevo,0
109609,Saturnino Santamaria Melero,2020-03-08,nuevo,0
101512,Tatiana Aroca Echevarría,2023-08-30,nuevo,0
112417,Herberto Eduardo Figuerola Poza,2023-06-07,nuevo,1
104787,Pablo Hipólito Suarez Barrena,2024-07-03,nuevo,1
109855,Natanael Marí Ferrer,2021-11-28,regular,2
112210,Octavio Mir Sevilla,2023-10-10,nuevo,0
104036,Ambrosio Fermín Leal Bermúdez,2022-06-23,nuevo,1
103853,Rita Jordán Solís,2023-09-29,regular,2
109067,Irma Rosalina Bárcena Terrón,2022-06-07,nuevo,0
101514,Ariel Yáñez Bravo,2020-10-23,nuevo,0
103998,Carolina Delgado Guardiola,2020-09-21,nuevo,1
111551,Juan Manuel Gilabert Silva,2020-09-24,regular,2
107443,Cruz Jordi Bartolomé Mariscal,2021-01-18,nuevo,0
102597,Eligio Macías Sarmiento,2024-01-22,nuevo,0
107783,Reyes Sala-Balaguer,2021-12-04,nuevo,0
100574,Candela Fortuny Jaén,2023-05-07,nuevo,1
106084,Begoña Pastor Carreras,2020-03-11,nuevo,0
112050,Feliciana Montero Carvajal,2022-12-18,nuevo,0
104949,Teobaldo Caparrós Ballesteros,2020-06-09,nuevo,1
104339,Zacarías Ismael Quiroga Zamora,2021-02-08,regular,2
106046,Silvestre Solana,2020-04-17,regular,2
114575,Valentín Solera Rebollo,2022-02-16,nuevo,0
114841,Bartolomé de Barros,2023-10-11,nuevo,0
112837,Desiderio Haro Cerro,2022-08-09,nuevo,1
113577,Mónica Ramis Adán,2022-10-26,nuevo,0
103845,Carmelo Carreño Sanz,2023-10-08,nuevo,0
101584,Prudencia Dalmau Bauzà,2020-03-05,regular,2
100069,Ciríaco Sala Galván,2023-09-16,nuevo,1
106367,Valerio Coca Roselló,2021-06-15,nuevo,0
113389,Jessica Leal,2021-07-15,nuevo,0
109089,Miguel Ángel Ayuso-Carmona,2024-08-19,nuevo,0
104082,Rosa María Tamarit Llorente,2024-08-04,nuevo,0
104510,Calisto Chacón Herrera,2022-10-11,nuevo,0
112590,Manuel del Cabo,2020-06-27,nuevo,1
110580,Jose Llorente-Navarrete,2021-08-12,nuevo,1
112638,Victor Manuel Casas,2021-11-19,nuevo,0
105658,Timoteo Cayetano Solano Duque,2020-03-26,nuevo,0
102456,Jesusa Caparrós Blanco,2024-01-21,nuevo,1
101596,Fortunata Aller Aguilar,2021-09-16,regular,2
104591,Laura Nieto-Valls,2021-09-23,nuevo,0
108171,Carla Socorro Pina Haro,2021-11-10,nuevo,1
110456,Araceli Gomila Camacho,2022-05-07,nuevo,1
104986,Manu Palma-Mateu,2023-09-18,nuevo,1
111682,Teodosio del Linares,2021-12-07,nuevo,0
106271,Leandra Mayol Ropero,2021-06-02,nuevo,0
100246,Félix Bueno Frías,2021-02-13,nuevo,1
103018,Godofredo Cruz Macias,2021-03-09,regular,2
105454,Ani Jáuregui Agudo,2020-05-04,nuevo,1
104029,Álvaro Rodriguez,2023-12-08,nuevo,1
104247,Nayara Monreal Perez,2022-12-29,nuevo,0
112175,Ricarda Pereira Marin,2021-04-09,nuevo,0
104463,Santiago Calderon Manzano,2024-03-31,nuevo,0
104817,Alonso Hernando Gabaldón Vilanova,2022-01-05,nuevo,0
104210,Ágata Santamaria Osorio,2023-05-20,nuevo,0
104014,Aránzazu Iñiguez,2021-04-14,nuevo,0
109070,Florencio de Uría,2021-01-27,nuevo,0
100674,Severo Leoncio Sastre Borrás,2023-05-12,nuevo,1
105666,Paulino Solsona Leiva,2020-07-21,nuevo,0
114186,Tadeo de Jara,2021-12-26,nuevo,0
103345,Emelina del Durán,2021-05-25,nuevo,0
108162,Ámbar Pascual Múgica,2022-11-13,nuevo,0
112827,Marco Torrent Pozo,2023-02-01,nuevo,1
111937,Obdulia Alcolea Reig,2024-03-06,nuevo,0
103025,Crescencia Anguita Colom,2024-06-30,nuevo,1
112303,Jose Antonio Valle Mulet,2023-09-21,nuevo,1
107541,Alejo Agullo Pablo,2022-04-08,nuevo,0
109975,María Bayo Pino,2021-04-30,regular,2
102426,Gema de Mendez,2024-03-12,nuevo,1
110840,Bautista de Mariño,2022-02-13,nuevo,0
112966,Julio César Macías-Morera,2020-12-28,nuevo,1
104399,Olalla Puig Valls,2023-08-10,nuevo,1
111118,Juan Pablo Perelló Chaparro,2023-11-10,nuevo,0
112467,Leonardo de Martí,2023-09-22,nuevo,0
111760,Emiliana Tapia,2021-05-12,nuevo,0
108909,Elodia Salamanca-Acevedo,2023-01-13,nuevo,0
113735,Irene Acedo Bosch,2024-04-22,nuevo,1
104470,Amador Tejero-Jover,2024-01-05,nuevo,1
104411,Oriana Martinez Coll,2023-08-25,nuevo,0
108819,Máxima Porta Miralles,2020-03-08,nuevo,0
105387,Camilo Luís Chaparro Morell,2020-06-03,nuevo,1
106626,Salomón de Bello,2022-11-02,nuevo,0
102518,Abril Machado Puerta,2024-05-07,nuevo,0
107188,Manolo Rivera Arrieta,2024-04-25,nuevo,1
109367,Ovidio Bauzà Cid,2022-04-12,nuevo,0
111581,Fabio Cerezo Chico,2021-07-20,nuevo,0
102037,Rolando Nilo Prado Hierro,2024-03-25,nuevo,0
103066,Angelina Cuervo Bermúdez,2023-04-03,nuevo,0
112334,Leonor del Naranjo,2021-08-10,nuevo,0
113022,Ovidio Barón Gallo,2023-05-06,nuevo,1
111492,Emilio Teruel-Catalá,2022-08-10,nuevo,1
110784,Malena del Pacheco,2024-07-28,nuevo,0
105341,Lourdes Carlos Gisbert,2020-08-30,nuevo,0
107601,Josefina Durán Frías,2020-11-30,nuevo,1
101428,Pili Tudela Huerta,2020-04-14,nuevo,0
104107,Edelmira Mayoral Castelló,2021-08-27,nuevo,0
111561,Herberto Chico Chico,2024-02-16,nuevo,1
101042,Julio Quirós Malo,2021-04-04,nuevo,0
112781,Martín Olivé-Mur,2023-01-06,nuevo,0
104636,Manuela de Escrivá,2024-06-30,nuevo,1
105724,Celso de Moreno,2023-04-23,nuevo,0
101414,María José Gonzalez Barragán,2023-11-20,nuevo,1
100115,Eleuterio Girona Peláez,2023-11-13,nuevo,1
113789,Tomasa Lumbreras Atienza,2023-04-26,regular,2
104340,Edelmira de Capdevila,2023-04-11,nuevo,0
105024,Vanesa Alberto Vicens,2024-01-04,nuevo,0
100231,José Antonio Samu Marín Roselló,2023-02-13,nuevo,1
108310,Salomé Acosta Montero,2020-11-17,nuevo,0
104442,Florentina Mora Calatayud,2021-09-17,nuevo,0
113361,Nuria Ugarte Prada,2020-09-10,regular,3
102747,Tecla Torrecilla Gimenez,2023-07-16,regular,2
104126,Ascensión Perea Vilalta,2022-01-08,nuevo,1
105050,Ovidio Soto Balaguer,2024-03-09,nuevo,0
101521,Trinidad Alberola Somoza,2022-05-20,regular,2
113900,Jaime del Botella,2022-11-01,nuevo,1
114983,Ulises Cañas Calatayud,2021-11-20,nuevo,0
100215,Elías Paniagua Rivas,2023-03-16,nuevo,0
103426,Humberto Bustamante Carbajo,2021-09-23,nuevo,0
114646,Galo del Marquez,2021-11-22,nuevo,0
111747,Margarita Blanch Río,2022-11-22,nuevo,1
107891,Clementina del Vallés,2023-11-19,nuevo,1
107106,Eligio Torres,2023-03-03,nuevo,0
110759,Petrona de Figuerola,2023-09-15,nuevo,1
102488,Jenaro Valentín Estrada,2023-09-03,nuevo,0
108445,Leticia Borrego Águila,2024-03-07,nuevo,0
111020,Benigna Alcaraz Jerez,2023-10-18,nuevo,1
103315,Amor Elorza,2022-12-24,nuevo,1
111188,Azahar Barrio Ramos,2023-03-24,nuevo,1
103249,Reynaldo Ruano Borrego,2021-12-19,nuevo,0
112073,Ana Sofía Dueñas,2022-11-19,nuevo,0
102183,Jesusa Bermejo,2024-01-19,nuevo,0
112585,Isaura Porras Millán,2024-06-19,nuevo,1
112585,Isaura Porras Millán,2024-06-19,nuevo,1
103523,Arturo Carpio Cuesta,2021-12-22,regular,2
113756,Amílcar Peñalver Solsona,2020-05-11,nuevo,0
103419,Primitivo Sierra Acevedo,2023-05-05,nuevo,0
103690,Sabina Rodrigo Guillen,2022-08-20,nuevo,0
113612,Esperanza Cal Cervantes,2020-04-25,nuevo,0
110813,Liliana Manzanares,2020-08-20,nuevo,1
107392,Sergio Bolaños Moya,2023-05-06,nuevo,1
108584,Renato Sainz,2023-06-02,nuevo,1
103116,Santos Zaragoza Manzano,2022-07-02,nuevo,0
105628,Rosa Carmela Anaya Plaza,2024-08-27,regular,2
112965,Aureliano del Meléndez,2022-12-21,nuevo,1
105533,Bautista Quesada-Paz,2021-06-23,nuevo,0
111246,Dolores Pedrero Abellán,2022-10-19,nuevo,0
110390,Jafet del Doménech,2023-06-12,nuevo,1
107839,Saturnina Montes Crespo,2022-04-13,nuevo,0
110640,Lorenza Paulina Rosell Esparza,2022-01-26,regular,2
115032,Eladio Aguilera Higueras,2022-04-17,nuevo,1
101499,Lino Galván Álvarez,2024-07-29,nuevo,0
107064,Sergio Hernán Calatayud Rivas,2021-05-01,nuevo,0
110445,Bautista Juárez Villegas,2024-03-11,nuevo,1
109888,Vito Amaya Arnau,2020-06-02,nuevo,0
104562,Teresa Acosta Rico,2021-03-15,nuevo,1
105939,Azucena de Cordero,2020-12-13,nuevo,1
104302,Petrona Cañellas Villena,2023-07-09,nuevo,0
105376,Pascuala Fabregat,2020-07-24,nuevo,0
110619,Verónica Barroso Godoy,2023-09-18,nuevo,0
110476,Amado Coronado Briones,2022-03-09,nuevo,1
111170,Emperatriz Frías-Barros,2022-05-27,nuevo,1
102056,Lalo Huguet Camino,2023-04-14,nuevo,0
113253,Lucho de Figuerola,2023-07-26,nuevo,1
102059,Nacio Bustamante Sastre,2024-03-03,nuevo,0
104044,Graciano Anselmo Benavente Millán,2021-01-17,nuevo,0
106754,Rafa Bernad,2023-12-31,nuevo,0
104788,Eulalia Guadalupe Tovar Palomo,2020-07-13,nuevo,0
108957,Luz Folch Escolano,2020-11-12,nuevo,0
113917,Ismael Poza Gonzalez,2020-06-27,nuevo,0
105853,Paola Ugarte Aparicio,2023-10-21,nuevo,0
109801,Rosendo Miralles,2020-06-27,nuevo,0
103911,Laura Carlos Cases,2022-09-08,nuevo,1
107400,Urbano Haro Caballero,2022-04-06,regular,2
103692,Sabina Agustín-Azcona,2023-10-19,nuevo,1
100484,María Teresa Lidia Bernat Rebollo,2022-01-26,regular,2
109177,Baudelio Infante,2023-09-14,nuevo,1
103899,Maribel Cervera Noguera,2020-04-27,nuevo,0
108607,Magdalena Silva Nicolau,2021-03-25,nuevo,0
113446,Cintia Luz Agullo Alonso,2020-12-21,nuevo,0
112908,Samanta Landa Mosquera,2023-07-06,nuevo,0
111264,Pancho Tadeo Pomares Gonzalez,2021-01-23,nuevo,0
106633,Julie Mora Ropero,2023-05-29,nuevo,1
105119,Javier Calzada Villa,2022-12-27,nuevo,0
102985,Valero Luna Castillo,2023-05-12,nuevo,0
111098,Maximino Buendía Mayol,2021-12-05,nuevo,1
112133,Agapito Arias Casanova,2023-08-02,nuevo,0
114426,Jose Luis Revilla Martínez,2023-05-03,nuevo,0
103080,Albino Giménez Trillo,2024-06-27,nuevo,0
103324,Sancho Gálvez Vergara,2024-02-10,nuevo,0
102047,Ricarda Palmira Oller Santos,2021-02-01,nuevo,0
104348,Victor Tamarit Barón,2023-01-30,nuevo,0
112295,Manola Capdevila-Cervera,2023-06-11,nuevo,0
113623,Roldán Recio Sáez,2022-02-07,nuevo,0
105293,Zoraida Andrade Barragán,2020-07-19,nuevo,0
112529,Reinaldo Benjamín Codina Rubio,2020-12-18,nuevo,1
104253,Félix Coca Peláez,2023-06-10,nuevo,1
114974,Arsenio Pujol,2021-12-20,nuevo,0
102348,Ale Infante Franco,2022-10-24,nuevo,0
110724,Arturo Nevado,2023-09-04,nuevo,0
106067,Sabas Tirado Rodrigo,2024-06-01,nuevo,0
108991,Manu Solsona-Agustín,2023-04-04,regular,2
107560,Aroa Baquero,2021-06-17,nuevo,1
110065,Rosario Crespi-Lledó,2021-05-18,nuevo,1
106224,Feliciana Izaguirre Frías,2022-11-08,nuevo,1
106224,Feliciana Izaguirre Frías,2022-11-08,nuevo,1
112771,Pacífica Obdulia Santamaria Aranda,2022-01-12,nuevo,1
101415,Inocencio Villa Novoa,2022-02-04,regular,2
100500,Bartolomé Jonatan Cañizares Benavent,2023-04-22,regular,2
100669,Eli Naranjo Nebot,2020-10-15,nuevo,0
110858,Paulino Roque Cifuentes Toledo,2023-11-24,regular,2
106122,Alba Villegas Gallardo,2022-10-16,nuevo,0
106122,Alba Villegas Gallardo,2022-10-16,nuevo,0
103034,Hortensia Cuéllar Serra,2020-09-05,nuevo,0
107029,Merche Roma Arjona,2022-12-05,regular,2
110714,Cesar Nazaret Cuevas Bolaños,2022-12-29,nuevo,1
109368,Che Rueda,2023-05-04,nuevo,0
102486,Otilia Royo Teruel,2022-05-10,nuevo,0
106845,Ofelia Peralta-Sanchez,2023-10-16,nuevo,1
111798,Regina Polo Pou,2023-03-18,nuevo,0
100304,Cándido Aramburu Garzón,2023-11-30,nuevo,1
113594,Jenny Montserrat Lillo,2022-08-30,nuevo,0
112964,Bernardo del Llopis,2023-05-25,regular,3
108451,Valentina del Aguado,2023-10-14,nuevo,1
101704,Josefina Porras Ros,2023-12-21,nuevo,1
104251,Clemente Llorens-Buendía,2023-02-08,nuevo,1
113949,Jose Luis Torre Roma,2023-07-27,nuevo,0
105122,Héctor Marin-Agustín,2021-04-12,nuevo,0
106700,Lucila Guzman Castejón,2020-10-24,nuevo,1
104128,Laura Nuñez,2022-10-05,nuevo,0
106390,Sabina Garrido Corral,2023-07-21,nuevo,0
101043,Haydée Rozas Bermejo,2021-03-18,nuevo,1
114736,Eloísa Córdoba Carrasco,2022-03-09,nuevo,1
107542,Reina Collado-Sandoval,2020-04-09,nuevo,0
102925,Maristela Alcázar Jimenez,2022-01-15,regular,3
103207,Alonso Porta Luna,2021-03-15,nuevo,0
112012,Manuelita Seco Arribas,2024-06-23,regular,3
111810,Magdalena Fortunata Bermúdez Lillo,2020-12-01,nuevo,0
113567,Alfonso Pol-Solera,2024-04-27,nuevo,0
111292,Belén Palacio Criado,2022-10-13,nuevo,0
104437,Tania Marco,2022-03-03,nuevo,0
112819,Paola Vera Galan,2022-08-05,regular,2
108027,Hermenegildo Sala Amat,2023-04-07,nuevo,0
108027,Hermenegildo Sala Amat,2023-04-07,nuevo,0
114243,Salud Garrido,2021-06-21,nuevo,1
110761,Donato Rosa-Uriarte,2021-05-02,nuevo,0
106209,Adoración España Bonilla,2022-09-21,nuevo,0
110551,Isaías Jimenez Salinas,2022-11-18,nuevo,0
100734,Venceslás Robles Luna,2021-09-16,nuevo,0
113561,Modesto Cuadrado Gallart,2023-06-24,nuevo,1
102700,Amado Pombo,2023-02-03,nuevo,0
103609,Benigna Jesusa Dalmau Tudela,2023-11-05,regular,2
106760,Bernardita Tapia Carreño,2020-07-27,nuevo,0
115086,Marina Ribas Canals,2020-08-14,nuevo,0
101069,Felix Terrón Cabeza,2023-06-01,nuevo,1
112768,Martín de Sola,2020-12-10,nuevo,1
106152,José Mari Palomar Tomé,2020-11-22,nuevo,0
103144,Marisa Ureña Armengol,2023-08-17,nuevo,1
102471,Rico Marin Vazquez,2021-09-30,nuevo,1
112035,Eduardo Mendez Sacristán,2024-07-30,nuevo,1
114829,Tania Arnaiz Mateo,2023-03-16,nuevo,0
114148,Leonel Bayo Morera,2020-08-27,regular,2
100554,Susanita Iriarte Fernandez,2023-09-19,nuevo,0
108661,Melchor del Matas,2020-11-29,nuevo,1
100158,Felix Céspedes-Casals,2024-01-12,nuevo,1
113423,Leopoldo Espiridión Villegas Sosa,2020-09-06,nuevo,1
108284,Federico Solano Corral,2022-04-11,nuevo,1
106292,Seve Berrocal Robles,2022-06-13,nuevo,0
102767,Ariel Salas León,2022-11-20,nuevo,1
109677,Nicolasa Zorrilla-Cardona,2022-05-23,nuevo,0
103039,Amelia de Benavente,2021-06-21,nuevo,0
112646,Artemio Llobet Maza,2020-08-17,regular,2
106335,Marcio Cabezas Royo,2021-06-07,nuevo,1
107249,Tomasa Bienvenida Cabañas Lucena,2022-10-16,nuevo,1
114936,Guillermo Teo Lucena Sola,2021-11-10,nuevo,1
106815,Eli Pujol Elías,2023-05-15,nuevo,0
108141,Gisela Mancebo Benito,2021-06-21,nuevo,1
112670,Febe Bellido Briones,2022-07-19,nuevo,0
112582,Dan Puga Cueto,2020-08-13,nuevo,0
111734,Evelia Inmaculada Calderon Nevado,2023-02-13,nuevo,1
113570,Claudia España Baró,2020-11-25,nuevo,0
109752,Heliodoro Rosario Barral Bonilla,2023-11-05,nuevo,0
109071,Araceli Sol Calzada Salmerón,2024-07-22,regular,2
110042,María Cueto Mur,2023-09-27,nuevo,0
105577,Candelario Roldán Pont Blanca,2022-04-02,nuevo,0
105435,Nicodemo Valbuena,2022-03-22,nuevo,0
100421,Leoncio Toledo Azorin,2023-05-23,nuevo,0
112940,Rómulo Lago Almagro,2024-07-17,nuevo,1
105153,Valeria Rosa Pedro,2020-11-10,nuevo,0
102996,Eleuterio de Heras,2021-03-20,nuevo,1
105218,Ramón Bou Larrañaga,2021-02-05,regular,2
101497,Fátima de Herrera,2022-01-23,nuevo,0
101048,Gonzalo Blanes-Pereira,2022-04-25,nuevo,1
112065,Asdrubal de Martínez,2024-03-15,nuevo,1
109051,Anselmo de Pujadas,2020-03-07,regular,2
100857,Adrián de Salvador,2023-02-14,nuevo,1
111251,Luis Miguel Haro Sastre,2022-12-22,nuevo,1
113101,Juan del Roldán,2020-03-15,nuevo,0
114237,María Carmen Heras Barrios,2023-04-03,nuevo,0
109675,Yolanda de Benito,2020-08-07,nuevo,0
104149,Carolina Hernández Hervás,2022-04-10,nuevo,0
111237,Loida Colom Sánchez,2023-07-24,regular,2
103860,Luisa Barrio Segura,2021-06-06,nuevo,0
106028,Benjamín Galán-Font,2022-12-26,nuevo,0
108485,Prudencia Batlle,2020-04-01,nuevo,0
110219,Ale de Carrera,2023-05-04,nuevo,1
104422,Julia Ibañez Fortuny,2024-04-29,nuevo,1
104422,Julia Ibañez Fortuny,2024-04-29,nuevo,1
114601,Luis Fernández Briones,2022-06-26,nuevo,0
103188,Emperatriz Zabala Zamora,2021-05-20,nuevo,0
107069,Jose Luis Máximo Anguita Barrios,2023-12-15,nuevo,1
109965,Marco Pedrosa,2022-09-30,nuevo,0
108799,Joaquina Encarnita Cabrera Perez,2020-11-30,nuevo,1
100821,Lucio del Redondo,2023-12-31,nuevo,0
101644,Amílcar Ferrando Jaume,2020-12-05,nuevo,0
107776,Donato Vallejo Pablo,2022-06-17,nuevo,1
110440,Rómulo Sanmartín Pino,2024-06-24,nuevo,0
102632,Sofía Bertrán,2024-03-21,nuevo,0
100108,Darío Benítez Vilar,2021-05-06,nuevo,0
113049,Viviana Plana Cepeda,2021-08-02,nuevo,1
113049,Viviana Plana Cepeda,2021-08-02,nuevo,1
100368,Carlos Sierra Bermúdez,2020-06-25,nuevo,0
104605,Juan Pablo Bas Sierra,2022-08-26,nuevo,1
100417,Leonor Falcón,2023-01-23,nuevo,0
102421,Berta Adadia Vigil,2023-11-07,nuevo,1
100730,Ariel Sales Alonso,2023-12-24,regular,3
106511,Begoña Bonilla Guijarro,2021-11-11,nuevo,0
103922,Nélida Valenciano Garay,2024-02-14,nuevo,0
112818,Emperatriz Fábregas Borrell,2023-06-09,nuevo,1
109400,Gerónimo Echeverría-Andres,2022-05-04,nuevo,1
112442,Calisto Andreu Requena,2021-10-19,nuevo,0
106238,Charo del Cuevas,2023-10-10,nuevo,0
106694,Jennifer Calatayud Dávila,2021-08-05,nuevo,0
102389,Lino Ayala Terrón,2024-01-10,nuevo,1
106486,Azucena Agullo Alegria,2022-07-17,nuevo,1
104041,Damián Yuste Rocha,2020-06-05,nuevo,1
108140,Catalina Mancebo-Lerma,2023-02-12,nuevo,0
108769,Olivia Gras Palacio,2023-05-23,nuevo,1
105517,Nilo Fiol Fábregas,2023-06-22,nuevo,1
111897,Gustavo Heredia Mate,2024-01-26,nuevo,0
100511,Isabela de Abascal,2024-02-11,nuevo,1
100701,Zaida Azahara Blanch Roman,2021-04-05,nuevo,1
110217,Nélida Arcelia Carrión Cobos,2024-07-28,nuevo,0
111690,Ramiro Leal Valverde,2023-01-25,nuevo,0
103470,Alfonso Porcel Alonso,2023-12-15,nuevo,1
102629,Consuelo del Querol,2021-09-10,regular,2
105573,Dominga de Adadia,2022-11-04,nuevo,0
101278,Marcos Edu Bayona Sosa,2022-01-23,nuevo,1
108016,Aránzazu Calderón Pazos,2020-03-05,nuevo,0
102031,Julieta Sarabia Tomas,2021-01-02,nuevo,1
105490,Alba de Bastida,2024-08-29,nuevo,0
100040,Adelia Córdoba-Sacristán,2020-09-29,nuevo,1
101892,Albino Carbonell Morales,2021-12-10,nuevo,1
105279,Nicodemo Fortuny,2020-03-29,nuevo,0
112723,Bárbara Ros Duque,2020-08-26,nuevo,0
107202,Alicia Griselda Ruano Segarra,2021-10-20,nuevo,0
103509,Carlito Morata Trujillo,2024-03-03,nuevo,1
109245,Carolina Riquelme-Domínguez,2020-03-13,nuevo,0
109379,Calixto Herranz Company,2024-05-15,nuevo,0
109955,Felix Heras Cabanillas,2020-05-06,nuevo,1
102981,Gregorio del Nieto,2023-07-18,nuevo,0
103438,Judith Palacio Gracia,2023-09-16,regular,2
105413,Leyre Frutos-Rubio,2021-06-20,nuevo,1
112507,Angelino Azcona Tormo,2020-08-10,nuevo,1
101304,Sebastián Galván Guillén,2024-03-31,nuevo,1
100382,Calista Amorós-Bermúdez,2023-11-20,nuevo,0
110299,Gracia Porta Benavent,2023-06-23,nuevo,0
101511,Rosaura Font Segura,2024-01-16,nuevo,1
108523,Ani Sotelo Carbonell,2022-12-07,nuevo,0
100347,Evaristo Canet Leon,2023-10-18,nuevo,0
108052,Bernardo Marí Julián,2023-07-27,nuevo,1
111271,Lucio Cueto-Yáñez,2024-06-26,nuevo,0
110120,Mónica Gelabert Estévez,2024-06-26,nuevo,0
100475,Jimena Pedraza Ayllón,2020-07-02,nuevo,1
104756,Zaida Lladó Durán,2021-12-25,nuevo,0
107090,Salomón Marquez Bastida,2020-06-29,nuevo,1
101879,Gema Gascón Trujillo,2022-12-01,nuevo,1
107655,Benigna Sanabria Moles,2020-03-16,regular,2
108813,Valentina Infante Hervás,2020-03-26,regular,2
100323,Trini Goicoechea Barón,2024-05-07,nuevo,0
106312,Moreno Juárez Caparrós,2024-07-01,nuevo,0
105362,Emiliano Escudero Diaz,2021-01-26,nuevo,1
110867,Calixto Hoz,2024-04-17,nuevo,0
102730,Manola Calderón Plana,2021-01-31,regular,2
111783,Ámbar Benitez Plana,2024-01-31,regular,2
102755,Maribel Ayuso Maza,2024-07-15,nuevo,0
104818,Valero Duarte Trillo,2021-03-06,nuevo,0
107334,Cintia Alcázar Viña,2024-01-12,nuevo,0
108789,Marina Font Sales,2024-04-04,nuevo,0
107793,Lorenza Sanmartín Quintana,2020-10-09,nuevo,0
103329,Isa Huertas Mateos,2023-12-26,nuevo,0
100972,Salomón Sureda Ramis,2023-06-09,nuevo,1
103077,Fátima Armengol Garcés,2022-01-24,nuevo,1
107223,Valerio Sanmartín Puig,2023-11-28,nuevo,0
107415,Ágata Lobo-Paniagua,2021-09-02,nuevo,1
104177,Cintia Montalbán Mínguez,2022-09-28,nuevo,0
109358,Amelia Campillo,2021-07-23,nuevo,0
106596,Fulgencio Dávila,2022-06-13,nuevo,0
112867,Feliciana Gonzalez Torrecilla,2023-10-29,nuevo,1
107320,Xavier Alegria Mendoza,2022-03-19,nuevo,1
101202,Griselda Rosell Gámez,2022-10-29,nuevo,0
102728,Albano Losada Noguera,2024-03-28,nuevo,0
113541,María Carmen del Tamarit,2023-03-29,nuevo,0
110530,Carlos Angulo Navarrete,2022-07-19,nuevo,0
107624,Fabiola Andrés Mendoza,2024-04-13,nuevo,0
100037,Sara Galán Uría,2023-07-19,nuevo,0
106508,Rubén Cardona Hernandez,2021-08-30,nuevo,0
105810,Marcos Mario Vilaplana Peiró,2020-06-29,nuevo,0
108601,Juana Morcillo Oller,2020-03-20,regular,2
113330,Melisa Puerta Lucas,2024-08-29,regular,2
107135,Diego Vigil Sáez,2021-05-23,nuevo,0
105529,Ágata Contreras Checa,2021-10-17,nuevo,0
110888,Eliana del Meléndez,2020-03-04,nuevo,0
107475,Jose Guerra-Serna,2020-06-13,nuevo,0
114348,Visitación Hernández-Rozas,2022-11-27,nuevo,0
106342,Mauricio Carreño Izquierdo,2023-05-01,nuevo,1
110229,Rosario Guillermo Arellano Muro,2024-01-31,nuevo,0
110995,Azucena Gámez Valls,2024-05-06,regular,2
107933,Emilio Roselló Lucas,2020-10-02,nuevo,0
109402,Maricela Bolaños Gelabert,2022-10-27,regular,2
103571,Valentín Cadenas Cózar,2021-03-31,nuevo,1
110785,Paulina Rodrigo Hervia,2021-10-06,nuevo,0
113506,Lina Manjón-Luna,2020-10-06,nuevo,1
103091,Agustín Téllez Colomer,2020-06-12,nuevo,1
112710,Carla del Herrera,2024-08-27,nuevo,0
101289,Ani Manuel-Godoy,2020-05-25,nuevo,1
103032,Ale Benito-Fuertes,2023-11-13,nuevo,0
114198,León Giner Álamo,2021-09-12,nuevo,0
102978,Adolfo Navarrete Cuevas,2024-06-20,nuevo,0
102401,Porfirio Guadalupe Llorens Iglesia,2020-04-24,nuevo,1
109943,María Fernanda Ferrández Gascón,2022-09-13,nuevo,0
115056,Heliodoro Salamanca Luna,2024-01-13,nuevo,1
104502,Benigna Río Gimenez,2022-05-01,nuevo,0
108356,Wilfredo Angelino Guzman Jove,2024-06-28,nuevo,1
101747,Esmeralda Robledo,2020-09-24,nuevo,0
105108,Flavia Vaquero Berrocal,2022-01-21,nuevo,1
107730,Jordi Arnal-Clavero,2023-10-13,regular,2
110304,Efraín Gutiérrez,2022-06-20,nuevo,0
106368,Andrés Montenegro Palma,2023-09-13,nuevo,0
107761,Elvira Lara Antón,2024-01-02,nuevo,0
114394,Benita Sastre Amor,2021-07-20,nuevo,1
114042,Eloy Baeza-Verdú,2021-04-15,nuevo,1
103406,Encarnacion Reguera,2024-04-11,nuevo,0
111213,Beatriz Castañeda,2021-04-11,nuevo,0
104739,Rosalía Villalobos Milla,2020-06-22,nuevo,0
112366,Nélida Carrera Castilla,2022-06-14,nuevo,0
103376,Dan Guillén Vizcaíno,2020-04-13,nuevo,1
103376,Dan Guillén Vizcaíno,2020-04-13,nuevo,1
107771,Visitación Campo Valcárcel,2024-06-05,nuevo,0
104922,Dorita del Seco,2022-09-07,regular,3
102508,Jaime Salas Velasco,2021-10-01,nuevo,0
102508,Jaime Salas Velasco,2021-10-01,nuevo,0
108122,Olegario Cabello-Cerdán,2021-05-06,nuevo,0
108635,Melisa Martí Plana,2022-07-30,regular,3
107647,Silvia Salmerón Borrás,2020-09-18,nuevo,0
100211,Gisela Coloma Roma,2024-07-07,nuevo,0
113671,Manu Sevilla-Ugarte,2021-11-06,nuevo,0
101951,Iván Morcillo Salmerón,2024-05-07,nuevo,1
104833,Tristán Campoy Cortina,2022-05-16,nuevo,1
100652,Severino Garriga Sanchez,2022-12-21,regular,4
114485,Raquel Linares Berrocal,2021-02-06,nuevo,0
107308,Fidela Bilbao,2022-08-13,nuevo,0
102207,Dafne Cuevas-Carpio,2020-06-13,nuevo,1
114678,Emelina Menéndez-Lucas,2021-09-25,nuevo,1
102616,Susanita Sotelo Guzmán,2020-05-12,nuevo,0
101397,Gastón Vilanova-Matas,2020-06-24,nuevo,0
110802,Fidel Acuña Andres,2022-08-14,nuevo,0
105866,Teresita Blanco Tejero,2021-11-17,nuevo,1
104837,Olegario Toledo Cabanillas,2022-06-17,nuevo,1
101671,Emelina Lucena Bolaños,2020-09-07,nuevo,1
102321,Primitiva Roberta Cerro Carrillo,2023-04-21,regular,2
103496,Flora Alegre Goicoechea,2022-10-12,nuevo,0
109877,Ovidio Barros Amigó,2022-09-07,regular,2
108588,Piedad Collado Lladó,2023-05-19,nuevo,1
108773,Santos del Duque,2021-08-05,nuevo,0
108773,Santos del Duque,2021-08-05,nuevo,0
101953,Nacho Rovira Santamaría,2020-06-03,nuevo,1
101444,Yésica Rosa Escamilla,2023-03-21,nuevo,0
105021,Marcelino Roma Garzón,2020-03-25,nuevo,0
102938,Antonio Calleja Villalonga,2021-06-15,nuevo,0
111282,Augusto Meléndez,2023-11-10,nuevo,0
111059,Aura Bravo Valenzuela,2023-12-11,nuevo,0
114473,Germán Cañizares Alegria,2020-06-26,nuevo,0
112660,Calista González Castrillo,2024-04-13,nuevo,0
110291,Ale Sobrino Hernandez,2022-06-20,nuevo,1
111931,Francisco Chaparro Camacho,2020-09-18,nuevo,1
113128,Leonor Serrano Feliu,2023-08-10,nuevo,0
108372,Renata Pujol,2022-12-13,nuevo,0
100485,Olivia Folch Mora,2022-03-14,nuevo,0
104490,Narciso Revilla Alberto,2023-07-07,nuevo,0
104919,Iker Valencia,2024-04-14,regular,2
100899,Gregorio Cornejo Gutierrez,2020-05-11,nuevo,0
101733,Benigna Ros Riquelme,2024-04-10,nuevo,0
108979,Bernardita Regina Mora Puente,2023-12-01,nuevo,1
102614,Liliana Llopis-Ramón,2024-02-17,regular,2
106096,Angelino Ropero Delgado,2023-07-14,nuevo,0
105555,Feliciana Cabello Codina,2022-05-19,regular,2
106352,Amada Fonseca Torrecilla,2020-07-03,nuevo,1
111178,Melchor del Rios,2021-04-25,nuevo,1
110176,Basilio Fuente Saura,2020-12-08,regular,2
105934,Victor Durán Calderon,2020-03-01,regular,2
102641,Adelia Sarmiento Francisco,2021-02-27,nuevo,0
101251,Adelina Roura Pinilla,2023-02-17,nuevo,0
110592,Nazaret Casanovas Valcárcel,2021-10-22,nuevo,0
106087,Paca Capdevila Salamanca,2022-11-04,nuevo,0
107214,Inés Sánchez,2021-01-01,regular,3
108597,Abilio Barral Acuña,2021-04-21,nuevo,1
101780,Ciriaco Pinedo Borja,2022-06-11,nuevo,0
101780,Ciriaco Pinedo Borja,2022-06-11,nuevo,0
113870,Carmelita Cruz Prado,2020-04-05,nuevo,0
113428,Dionisio Fuster Castelló,2023-12-17,nuevo,1
106245,Faustino Luján Seco,2024-01-09,nuevo,1
108192,Daniela Reguera,2022-12-13,nuevo,0
108951,Luciano de Madrigal,2021-12-07,nuevo,0
102304,Selena Malo-Belda,2024-04-07,nuevo,0
105982,Fausto Rivera-Prieto,2022-11-21,nuevo,0
105636,Emilia Pellicer,2022-09-06,nuevo,1
112873,Ildefonso Mate Rivero,2020-03-01,nuevo,0
100583,Daniel Santiago Cortés,2023-08-20,nuevo,1
111978,Onofre Vidal Suárez Mayol,2021-08-19,nuevo,0
114094,Yaiza Exposito Farré,2021-11-20,nuevo,1
100719,Tito Lucena Campo,2022-02-07,nuevo,0
107440,Ibán Valls Millán,2021-12-06,nuevo,0
110911,Aarón de Almazán,2020-06-19,nuevo,0
100763,Jeremías Torrecilla Saura,2024-07-04,regular,3
104085,Dora Borrell,2020-11-25,nuevo,0
101871,Fabio Hernandez Camps,2022-12-20,nuevo,0
113062,María Atienza Collado,2023-05-25,nuevo,0
106552,Rafaela Ruiz Casas,2021-01-03,nuevo,0
105124,Jafet Girona Guerrero,2021-01-06,nuevo,0
111792,Tecla de Checa,2023-07-19,regular,2
100739,Yésica de Pérez,2020-07-08,nuevo,1
103546,Lorenza Encarnita Gómez Peñalver,2024-05-28,nuevo,0
105045,Fanny Borrell Varela,2020-11-22,nuevo,0
111885,Lupe Higueras,2024-01-28,nuevo,0
105013,Gilberto Casanovas Morera,2020-04-26,nuevo,0
110062,Arturo Moisés Cortés Lerma,2020-10-29,regular,3
110063,Gabriela de Bartolomé,2023-08-28,nuevo,1
106019,Marcela Girón Manjón,2021-08-19,nuevo,0
114783,Ramiro Múgica Gálvez,2020-07-14,nuevo,1
115072,Jenaro Franco Garmendia,2022-03-25,nuevo,0
105149,María Teresa Torrents,2020-10-02,nuevo,0
114728,Adalberto Leoncio Hervia Piñol,2020-06-25,nuevo,1
111068,María Belén Rivera Galan,2023-01-26,nuevo,0
111068,María Belén Rivera Galan,2023-01-26,nuevo,0
100751,Edu Mulet Ferreras,2023-06-16,nuevo,0
103450,Marino del Páez,2022-06-09,nuevo,0
110815,Eduardo Jove Rosa,2024-07-26,nuevo,1
110188,Faustino de Gilabert,2020-10-18,nuevo,1
102330,Nieves Blanes,2023-02-16,nuevo,1
106734,Emiliana Pinto Palma,2023-03-10,nuevo,1
101840,Ceferino Jódar-Carmona,2020-12-16,nuevo,0
111741,Domitila Villar,2022-04-13,nuevo,0
107628,Cintia Azcona Campos,2023-12-30,nuevo,1
101276,Amanda Casas Ibarra,2022-12-03,nuevo,1
114840,Luisina Ibañez Macías,2020-03-13,nuevo,0
114840,Luisina Ibañez Macías,2020-03-13,nuevo,0
110499,Leandro del Giner,2022-08-06,nuevo,1
106928,Luis Miguel Marí Jimenez,2022-02-23,nuevo,1
106386,Melania Ayuso Lledó,2023-04-12,nuevo,1
108461,Dionisia Sales Villena,2024-04-30,nuevo,1
105563,Américo Miranda-Duarte,2020-05-08,nuevo,0
114449,Sofía Conde,2024-02-16,nuevo,0
105951,Asdrubal Posada Sáez,2022-08-30,nuevo,0
108695,Martín Cabañas Tomás,2020-06-30,nuevo,0
102265,Olivia Evelia Clemente Cañellas,2022-01-22,regular,2
109357,Tania Alvarado,2021-04-28,nuevo,0
101537,Tamara Benítez,2022-04-16,nuevo,0
104644,Anacleto Lobato Parra,2022-08-28,regular,2
107307,Leyre Lorenzo-Doménech,2024-02-04,nuevo,0
103887,Leonel Riera Palomar,2022-09-27,nuevo,1
101370,Alondra Molina-Llamas,2023-05-29,nuevo,0
100741,Delia Pizarro Arribas,2020-08-30,nuevo,0
110703,Gloria Pozo Piñol,2020-09-26,nuevo,0
109864,Cándido Bermúdez-Palomo,2020-08-14,nuevo,0
101189,Ignacia Solera Pacheco,2021-06-10,nuevo,0
113969,Verónica Calixta Ramos Fuster,2022-03-18,nuevo,1
108479,Chucho del Moll,2024-07-31,nuevo,0
101571,Mirta Frías Baena,2022-04-10,regular,2
112675,Otilia Frías-Jiménez,2024-02-26,nuevo,0
107333,Teodoro Pagès Macias,2023-01-31,nuevo,0
102528,Aurelia de Domínguez,2022-03-13,nuevo,0
102128,Eliseo Carmona Landa,2023-03-17,nuevo,0
106957,Laura Aller Mascaró,2023-01-23,regular,3
103488,Silvio Lobo Echeverría,2023-01-03,regular,2
110457,Ainara Córdoba Ribas,2021-12-12,nuevo,0
102765,Edu Cózar Daza,2022-04-14,nuevo,0
115142,Salud Cabeza Fabregat,2023-01-04,nuevo,1
113288,José Antonio Angulo Guerrero,2023-04-25,nuevo,0
105439,Teo Bayo-Hervia,2020-12-05,nuevo,1
106249,Morena Pedrero-Huguet,2021-10-31,nuevo,0
108338,Paco Mayo,2020-05-02,regular,3
108879,Cruz de Esteve,2021-09-15,nuevo,0
101982,Apolonia Oriana Gracia Calvo,2024-02-06,nuevo,1
105427,Fidela Macias,2020-08-06,nuevo,1
113908,Olivia Alcolea Paredes,2021-05-06,nuevo,0
111027,Sigfrido de Ripoll,2022-09-13,nuevo,0
106909,Sosimo Capdevila Canals,2023-09-12,nuevo,0
110415,María Pilar Amalia Portero Gascón,2024-03-03,nuevo,0
102058,Ana Ropero Santos,2023-05-28,nuevo,0
104924,Haroldo Quintana Gutiérrez,2021-11-04,nuevo,1
105072,Paca Andres Casares,2023-06-17,nuevo,1
113350,Andrea Tejedor,2023-05-02,nuevo,1
105693,Nacio Riba Palomo,2023-03-27,nuevo,1
110213,Victor Jose Angel Catalá Navarro,2023-11-26,nuevo,1
108274,Estela Piquer Bautista,2020-11-12,nuevo,0
112149,Marc Solano,2024-06-23,nuevo,0
103489,Baltasar Carrión Amat,2020-06-13,nuevo,0
113373,Oriana Armas Barba,2022-02-13,nuevo,0
113373,Oriana Armas Barba,2022-02-13,nuevo,0
111529,Mayte Carmona Camacho,2022-07-31,nuevo,0
114253,José Manuel de Noguera,2022-01-11,nuevo,0
108073,Irma Priego,2023-03-20,regular,2
109623,Gala del Martín,2022-04-16,nuevo,0
111411,Raquel Bosch Carretero,2021-09-21,nuevo,1
106267,Reyes Ocaña Francisco,2021-01-16,nuevo,1
107174,Fermín Guardiola Vara,2020-06-16,nuevo,0
108385,Valero Crespo Campillo,2023-03-25,nuevo,0
101711,Efraín del Morales,2020-09-27,nuevo,0
113770,Albert Adadia Acevedo,2022-06-12,nuevo,0
112961,Ambrosio Sureda-Roda,2020-12-27,nuevo,0
104270,Leire Montaña Sanabria,2021-10-25,nuevo,1
100563,Eligia de Falcón,2022-09-30,nuevo,0
112927,Gloria Pina,2020-10-02,regular,2
112642,Toni Leiva Tomás,2021-05-18,nuevo,0
100641,Plinio Cano,2020-03-09,nuevo,1
101670,Bienvenida Vázquez Escobar,2024-05-20,nuevo,1
103001,Valentín Miguel Hoz,2021-07-11,nuevo,0
113961,Olegario Roldán Nogueira,2020-10-04,nuevo,1
103703,Esmeralda Salinas Esparza,2021-01-21,nuevo,0
113911,Chus de Catalán,2023-06-03,nuevo,1
109034,Desiderio Taboada Villa,2023-06-06,nuevo,0
102408,Amparo Gallo Bernat,2023-10-07,nuevo,0
113054,Abigaíl Páez Llano,2021-05-16,nuevo,0
103858,René Estévez Solera,2020-10-01,nuevo,0
103612,Pastor Juárez,2022-01-05,nuevo,1
113819,Albino Castellanos Roselló,2021-12-09,nuevo,0
108298,Paulino Elorza Rey,2022-12-09,nuevo,1
115061,Leonel Prado Bonet,2021-08-17,nuevo,0
110013,Norberto Feliu,2020-08-08,nuevo,1
108867,Ovidio Rodolfo Capdevila Catalá,2022-12-16,regular,2
104193,Encarnacion Cortes Zabala,2022-07-18,regular,2
102911,Fernando de Suarez,2023-04-24,nuevo,0
102743,Efraín Mateos Barral,2024-03-07,nuevo,1
110330,Luis Miguel Dávila Benitez,2023-08-24,nuevo,1
112572,Leandra de Corominas,2020-11-21,regular,2
100762,Cándida Begoña Alonso Bonet,2023-05-16,nuevo,0
100762,Cándida Begoña Alonso Bonet,2023-05-16,nuevo,0
115043,Isidora Dulce Capdevila Blanes,2022-09-16,nuevo,0
111577,Ruben Fernando Bayo Serna,2020-09-26,nuevo,0
105937,Isabela Hernandez-Vazquez,2020-08-23,nuevo,0
102929,Anastasio Ruiz Jara,2024-03-14,nuevo,0
103167,Ángela Buendía Paredes,2024-02-19,nuevo,0
105864,Felipa Ponce Rovira,2024-03-04,nuevo,1
104654,Alicia Dueñas-Yáñez,2020-07-05,nuevo,0
100181,Dorita Barriga-Sáenz,2022-10-01,nuevo,0
112387,Etelvina Salom Rebollo,2022-01-01,nuevo,0
105663,Onofre Pelayo Pallarès Jáuregui,2024-08-11,nuevo,1
104926,Tristán Molina Garzón,2022-08-19,nuevo,0
102219,Susanita Capdevila Ortiz,2024-07-06,nuevo,0
114290,Atilio Escolano Corral,2020-03-04,nuevo,0
101956,Constanza Sevillano Gimeno,2020-12-29,nuevo,1
101058,Eliseo Suárez Peiró,2023-09-15,nuevo,0
109308,Elpidio Montaña Uriarte,2021-04-23,nuevo,0
106880,Ester Mateu,2024-02-02,regular,2
106006,Pelayo Saez,2021-08-02,nuevo,0
104661,Angélica Chico Quevedo,2023-10-13,nuevo,0
101400,Arturo Riba Cervantes,2020-03-22,nuevo,0
109936,Rita Ayala,2024-01-19,nuevo,0
107337,Amada Bustos Mármol,2024-05-13,nuevo,0
110385,Ciro Marco Batlle,2022-02-27,nuevo,1
109508,Angelino Mariño Isern,2022-10-18,nuevo,0
110926,Ruperta Pombo Alonso,2022-09-13,nuevo,1
103069,Jordán Criado-Saura,2023-11-13,nuevo,0
106741,Reyes Zamorano-Dominguez,2023-06-11,nuevo,0
109791,Marcela Solé Checa,2023-11-12,nuevo,1
102235,Jose Antonio Gálvez Piñeiro,2022-02-02,regular,2
112042,Lucas Luján Pazos,2022-11-01,regular,3
109395,Vinicio Garay-González,2023-01-11,nuevo,1
112223,Juan Pablo Américo Querol Coello,2024-06-03,nuevo,0
101211,Belen Heras Palmer,2022-02-24,nuevo,1
104195,Adelia Rueda Torrent,2022-01-10,nuevo,0
110835,Marina Nayara Vera Corral,2023-05-22,nuevo,0
102239,Nicolasa Barbero Gibert,2023-07-02,nuevo,1
107145,Geraldo Aguilera,2023-04-25,nuevo,1
111162,Paca Cuesta Río,2021-03-01,nuevo,0
102949,Petrona Viñas Montero,2020-07-29,nuevo,1
112221,Silvia Hervia Meléndez,2024-06-21,nuevo,0
110855,Anastasio Gil Benavente Blanco,2023-12-20,nuevo,0
114844,Matías Antón,2020-12-26,nuevo,0
110769,Xavier Balaguer Córdoba,2023-11-25,nuevo,0
108304,Pía Álvarez-Zamorano,2024-06-24,regular,2
109617,Maximino Sales Garcés,2020-10-01,nuevo,1
103818,María Dolores Durán Cámara,2021-03-01,nuevo,0
106631,Aristides del Noriega,2023-03-07,nuevo,1
104768,Filomena Paredes Alvarez,2023-01-09,nuevo,0
106551,Milagros Canals Mur,2024-03-31,nuevo,1
111675,Armando de Barrios,2022-09-25,nuevo,1
101435,Tiburcio Mariscal Otero,2020-06-05,regular,3
100190,Moisés Cosme Egea Ariza,2024-01-28,nuevo,1
100093,Teófila Nereida Gomez Porcel,2024-01-06,regular,3
111827,Omar Alcalde Malo,2021-02-13,nuevo,0
102301,Eugenia Barrio,2024-05-16,nuevo,0
108210,Feliciana del Seguí,2022-12-08,nuevo,0
111417,Maricruz Amorós Vélez,2020-08-01,nuevo,1
109578,Inés Rueda Morera,2023-05-19,nuevo,0
113828,Liliana Cabello-Oller,2023-11-01,nuevo,0
111026,Pelayo Bermudez Conesa,2022-06-20,nuevo,0
114881,Adriana Donoso Mendez,2023-10-06,nuevo,0
103781,Santos Torrijos Navas,2023-01-08,nuevo,1
114735,Vidal Alarcón Casas,2023-10-23,nuevo,0
108864,Martín Egea Morales,2020-07-12,nuevo,0
108864,Martín Egea Morales,2020-07-12,nuevo,0
110671,Gloria Doménech Bejarano,2021-06-01,nuevo,0
107110,María Manuela Herrero Carnero,2022-07-19,nuevo,1
106811,Pastor Ribera Pla,2021-02-09,nuevo,0
115212,Carolina Palau Toledo,2024-02-16,nuevo,0
103379,Pía Herrera-Pérez,2024-06-05,regular,2
111079,Borja Mateo Villanueva,2024-02-17,regular,2
101085,Plácido Muro Nogués,2021-03-27,nuevo,0
112739,Mamen Salvà,2020-09-29,nuevo,0
102778,Gala Mayoral López,2022-01-14,nuevo,1
106134,Rafaela Gelabert,2023-07-14,nuevo,0
100429,Carolina Jordá Llorente,2022-11-01,nuevo,0
105426,Noé Mariño Tenorio,2024-02-02,nuevo,0
111300,Herminio Bárcena,2022-07-16,nuevo,0
106581,Susana Trujillo Roca,2020-06-20,nuevo,0
111960,Hugo Morera Exposito,2021-06-03,nuevo,0
113715,Eliseo Caballero-Acedo,2020-11-07,nuevo,1
111040,María Carmen Gallo,2024-05-09,nuevo,0
105339,Carmela del Gonzalez,2024-02-23,nuevo,1
105339,Carmela del Gonzalez,2024-02-23,nuevo,1
102699,Isabel de Rincón,2024-02-26,regular,2
107041,Ramiro Paz Viana,2024-08-23,nuevo,1
115100,Gastón Agustí Parejo,2023-10-16,nuevo,1
103479,Joan Anglada-Llabrés,2022-09-11,nuevo,0
107640,Domingo Jaén Zorrilla,2023-01-21,nuevo,0
108658,Felipe Murillo Valenzuela,2022-01-20,nuevo,1
100409,Segismundo Manso Tirado,2023-01-01,nuevo,0
111663,Serafina Moliner Murcia,2024-01-26,nuevo,0
108100,Fabricio Luján Matas,2020-04-07,nuevo,0
114729,Martirio Segarra-Zapata,2020-03-18,nuevo,0
101609,Tito Rodriguez-Medina,2023-11-03,nuevo,0
112794,Goyo Mulet Cobos,2021-05-07,nuevo,0
107705,Nayara de Cámara,2021-08-16,nuevo,0
105422,Tomasa Serrano Andres,2024-03-13,nuevo,1
113510,Osvaldo Teruel,2023-03-17,nuevo,0
114106,Paola Guzman-Hernando,2022-12-09,nuevo,1
110192,Luciana de Sebastián,2023-09-22,nuevo,0
109565,Rosalía Soto Amorós,2020-04-18,nuevo,0
104046,Simón Rosselló Fuente,2023-06-24,nuevo,0
100427,Graciano Solsona Gárate,2024-07-30,nuevo,0
100950,Maribel Díez-Alberdi,2020-11-26,nuevo,1
109721,Celia Iris Garcés Roig,2021-11-14,nuevo,1
104955,Ximena Villalonga Pareja,2021-09-12,nuevo,1
103598,Matías del Bartolomé,2023-08-27,nuevo,0
102866,Tania Carro,2021-12-29,nuevo,0
109363,Juan Bautista Berto Pozuelo Riera,2022-09-07,nuevo,0
109304,Ángela Quiroga,2020-04-27,regular,2
112433,Visitación Saturnina Fuente Acuña,2024-07-12,nuevo,0
111974,Gastón Olivé Abella,2023-04-09,nuevo,0
109670,Angelina Jordán Miranda,2020-10-12,nuevo,0
114748,Andrés Valverde Verdú,2023-10-10,nuevo,1
106612,Victoria Soriano Costa,2024-01-18,nuevo,0
109718,Custodia Cabo-Amat,2020-05-05,regular,2
115112,Jose Luis Cazorla Alsina,2022-11-27,nuevo,0
101692,Eulalia Cordero Luz,2021-03-26,nuevo,0
107206,Amada de Cámara,2021-09-20,nuevo,0
114340,Cosme Díaz Menendez,2021-08-09,nuevo,0
108848,Rodrigo Moles Chacón,2022-06-09,nuevo,1
109175,Eligia Sebastián Jurado,2020-12-23,regular,2
101422,Irma Zamora Quirós,2020-04-06,nuevo,1
106736,Amaya Sevilla Espejo,2022-06-25,nuevo,0
103834,Nacho Cáceres,2020-07-18,nuevo,0
110762,Arturo Sevilla Caparrós,2024-07-21,nuevo,1
114463,Benjamín Villanueva Valle,2020-05-10,regular,2
100820,Eustaquio del Juárez,2023-09-08,nuevo,0
100820,Eustaquio del Juárez,2023-09-08,nuevo,0
109897,Donato Vaquero-Carlos,2021-05-05,nuevo,1
111861,Fito del Barriga,2020-05-26,nuevo,0
115185,Jorge Jáuregui,2021-06-21,nuevo,1
112869,Paulino Apolinar Calvo Verdugo,2020-11-17,regular,2
106642,Sara Amalia Cuéllar Cervantes,2020-03-15,nuevo,0
104027,Régulo Giménez Franco,2020-09-13,regular,2
115228,Román Ortega Ribes,2021-07-31,nuevo,0
111647,Rosa Trujillo Ortega,2024-02-12,nuevo,0
105170,María Cristina Luís Cervantes,2020-05-08,nuevo,1
105170,María Cristina Luís Cervantes,2020-05-08,nuevo,1
106848,Noé del Royo,2023-11-24,nuevo,1
112060,Dafne Pedrosa,2024-02-16,nuevo,0
100410,Aarón Coronado Carrillo,2021-11-14,nuevo,1
101286,Silvia Oliva,2021-04-23,nuevo,1
107582,Magdalena Saavedra Araujo,2021-04-03,nuevo,0
103838,Cayetana Carbajo Bárcena,2024-06-06,nuevo,0
103956,Tania Jenny Feijoo Navas,2021-10-31,nuevo,0
104456,Virginia José Machado Ángel,2024-04-02,nuevo,0
109921,Edmundo Ropero,2024-05-15,nuevo,0
101942,Pepito Solsona Amor,2022-06-03,nuevo,0
106455,Claudio Colom Calderon,2020-03-16,nuevo,1
101092,Adora Carrasco Marqués,2022-08-12,regular,3
110728,Olivia Ferrández Romeu,2020-11-24,nuevo,1
100074,Paz Aranda Falcó,2023-09-22,nuevo,0
112319,Ligia Sierra Torrents,2022-10-23,nuevo,0
104150,Aurelia Morcillo-Giménez,2023-10-28,nuevo,1
108014,Ciríaco Leandro Corral Blanch,2020-03-07,nuevo,0
112576,Onofre Fabregat,2024-07-26,nuevo,0
111655,Tadeo Garriga Pinto,2020-09-21,nuevo,0
111655,Tadeo Garriga Pinto,2020-09-21,nuevo,0
114665,Marcio Casal Miranda,2020-06-06,nuevo,1
107414,Jovita del Escribano,2021-10-10,nuevo,1
111839,Jacinto Palacios Patiño,2020-08-04,nuevo,1
105538,Nicodemo Salom Bilbao,2024-02-21,nuevo,0
100292,Concha Maza Rodríguez,2024-01-04,nuevo,0
111618,Marisela de Álvarez,2023-04-15,nuevo,0
111911,Priscila Vilalta,2021-09-04,nuevo,0
110576,Fanny Lerma Simó,2023-03-22,nuevo,1
110881,Valentina Jover,2021-10-02,nuevo,0
103579,Javier Franco Aguiló,2023-12-07,nuevo,0
111852,Tiburcio Julián Barceló Díaz,2022-08-06,nuevo,0
110897,Yaiza de Andres,2020-07-07,nuevo,0
114969,Eligio Alberola-Bonet,2022-08-22,nuevo,0
102090,Rosario Rodríguez-Ayuso,2021-05-06,nuevo,0
106418,Tomás Aguirre Comas,2021-02-28,nuevo,0
101802,Onofre Abril,2022-11-05,nuevo,1
114277,Andrés de Rubio,2022-08-24,regular,2
103964,Dalila Cervera Castillo,2023-08-03,nuevo,0
107977,Bárbara Higueras Posada,2020-12-03,regular,3
112277,Rosario Collado Tomás,2022-06-03,nuevo,0
101577,Albano Solé-Crespo,2020-05-08,nuevo,0
101111,Maite Toro Galindo,2022-06-10,regular,2
100319,Pía Larrañaga,2023-05-12,nuevo,0
105351,Casemiro Pombo-Llanos,2024-04-20,nuevo,0
113029,Osvaldo Ródenas Cervera,2023-03-08,nuevo,0
114110,Lina Prada,2022-06-18,nuevo,0
106680,Dani Apolinar Elorza Sotelo,2022-10-27,nuevo,0
101826,Remedios Roldan Alberola,2020-05-06,nuevo,1
103147,Petrona Soledad Casas Ugarte,2023-04-15,nuevo,1
112549,María Ángeles Rojas-Nuñez,2023-05-28,regular,2
108115,Corona Mas-Hurtado,2020-11-16,regular,3
104106,Vinicio Blazquez Calvo,2023-12-19,nuevo,0
103412,Dorotea Arana Salvador,2022-12-04,nuevo,0
100145,Octavia Giner,2021-06-08,nuevo,0
109341,Isidora de Gómez,2023-07-21,nuevo,0
109536,Donato Borrego Naranjo,2020-12-07,nuevo,1
108268,Carina Arnau Garay,2020-09-12,nuevo,1
103515,Danilo Gutiérrez Jurado,2023-10-24,nuevo,0
106216,Yésica Pintor Frutos,2021-05-18,nuevo,0
112548,Anastasia Linares-Tejera,2023-12-23,nuevo,1
110447,Apolinar Tomé Balaguer,2022-11-20,nuevo,1
111589,Jerónimo Sáez Fernández,2022-11-16,nuevo,1
104123,Victor Pino,2021-04-06,regular,3
105272,Cornelio Botella Cantón,2023-04-17,nuevo,1
110811,María Jesús Tamarit Busquets,2022-08-13,nuevo,0
112629,Marita Valera Sans,2022-06-28,nuevo,0
113726,Amaro Trillo Miralles,2023-01-24,nuevo,1
114033,Obdulia Moreno Valderrama,2023-04-27,nuevo,0
107721,Ruy Almansa Cózar,2020-04-20,nuevo,0
107832,Benigno Martin-Martí,2020-11-14,nuevo,1
101831,Nazaret Díaz Mosquera,2021-04-25,nuevo,0
109310,Danilo Comas Cortes,2020-08-20,nuevo,0
100086,Remigio Tur Montes,2024-05-19,nuevo,0
112097,Salomón del Checa,2021-03-12,nuevo,0
109783,Aníbal Ugarte-Vilaplana,2021-08-05,nuevo,0
101220,Samu Vallejo Pastor,2023-12-11,regular,2
104703,Jesusa Martínez,2023-10-28,nuevo,1
107887,Elías Esteban Villalba,2022-03-18,nuevo,0
108918,Marino Hilario García Canet,2020-12-07,nuevo,1
108958,María Fernanda Correa Antúnez,2022-10-15,nuevo,1
108063,Amaya Romeu Lladó,2021-01-02,regular,2
109403,Guadalupe Exposito Ugarte,2023-03-08,nuevo,1
105848,Begoña Vallejo Rosales,2021-09-01,nuevo,1
106248,José Ángel Acosta Cid,2020-11-29,nuevo,0
104550,Morena Alarcón Bayo,2023-11-30,nuevo,1
107114,Rosario Pablo,2020-07-18,nuevo,0
100595,Lina Torrent Polo,2022-12-12,regular,2
113123,Eusebio Belda Arias,2023-05-03,nuevo,0
113093,Fabiana Moll,2021-08-15,regular,2
107080,Camilo Fuertes Alcaraz,2021-12-17,nuevo,0
107080,Camilo Fuertes Alcaraz,2021-12-17,nuevo,0
111101,Lucas Piña,2023-07-20,nuevo,0
112716,Macarena Bustos Somoza,2022-09-12,nuevo,0
115110,Hernando Rosell Vélez,2023-04-21,nuevo,0
109454,Edmundo Armengol Plaza,2023-02-03,nuevo,0
115091,Godofredo Fernandez Benavides,2021-10-29,nuevo,1
111553,Jordán Madrigal Rosselló,2024-02-19,nuevo,1
104194,Marianela Apolonia Expósito Tejera,2022-02-22,nuevo,0
100533,,2020-12-07,nuevo,0
100959,Reyna Giménez-Tapia,2020-04-19,nuevo,0
100473,Rosaura Alberola Cuevas,2021-01-10,nuevo,1
102291,Felipa Campillo-Rojas,2024-05-10,nuevo,0
113017,Consuelo Briones-Lasa,2024-06-20,nuevo,0
110844,Patricio Arcos Pina,2024-02-10,nuevo,0
102900,Mayte Luque Padilla,2020-06-12,nuevo,0
103955,Socorro Rosell Bernat,2020-07-15,nuevo,1
114129,Patricia Conde,2020-03-24,regular,2
112439,Reyna García Valentín,2021-09-06,nuevo,1
105278,Juanito Gaya,2024-03-03,nuevo,1
106078,Alberto Barreda Alvarez,2020-12-16,nuevo,1
110441,Evita de Tena,2024-04-14,regular,2
114409,Fito Macías Fajardo,2020-11-28,nuevo,0
107637,Amaya Cerdán Higueras,2022-10-22,nuevo,0
104238,Ainara Ballester Chaves,2021-01-18,nuevo,1
114349,Rodolfo Bolaños Clemente,2021-02-26,nuevo,0
105287,Manu Lledó Luz,2020-12-01,nuevo,1
103725,Roque Valero Leiva,2022-03-08,nuevo,1
101265,Marcelo Celestino Aliaga Soler,2023-12-09,nuevo,0
107572,Abril Santamaria Sastre,2020-10-29,nuevo,0
105386,Íñigo Abad-Tamarit,2023-02-08,nuevo,0
104686,Azahara Casanovas Gálvez,2023-10-06,nuevo,0
101273,Bernabé del Ureña,2022-07-31,nuevo,1
104088,Javiera Puente Cámara,2022-06-30,nuevo,1
109244,Anna Valera Río,2022-06-09,nuevo,0
101898,Nazaret Murillo Pablo,2020-10-22,nuevo,0
112347,Luciana Cases Elorza,2021-03-01,nuevo,0
107612,Norberto Pera Ayllón,2023-11-27,nuevo,0
107612,Norberto Pera Ayllón,2023-11-27,nuevo,0
115243,Cecilia Barranco Pinedo,2024-02-22,nuevo,0
101459,Espiridión Sanjuan Gabaldón,2020-07-06,nuevo,0
107672,Tomasa Estévez Molins,2022-11-22,nuevo,1
109838,Sandra Montesinos Girón,2023-02-06,regular,2
109810,Jeremías Amaya Campillo,2020-11-23,nuevo,0
113964,Lilia Castell-Manjón,2023-08-14,nuevo,0
103586,Chus Lasa-Diez,2024-06-25,nuevo,0
100716,Teodora Aguirre Morera,2024-08-17,nuevo,1
110938,Paulino Priego Rey,2024-01-23,nuevo,1
113237,Gracia Pareja,2024-01-19,nuevo,0
101119,Ángela Reyes,2023-06-08,nuevo,0
104716,José Morante Capdevila,2020-12-18,nuevo,0
107026,Martina Calvet-Puerta,2021-06-25,nuevo,1
109639,Elba Peralta Alarcón,2020-08-17,nuevo,0
102317,Ciríaco Andrés Anaya,2023-01-29,nuevo,0
106351,Seve Salcedo Herrera,2024-06-18,nuevo,0
104640,Narcisa de Segura,2020-05-31,nuevo,0
110521,Claudia Prado Flores,2023-06-01,nuevo,0
112025,Ale Gonzalo,2022-04-18,nuevo,1
105845,Guiomar Dávila Madrid,2024-03-05,nuevo,1
109924,Sergio Guitart Contreras,2024-04-13,nuevo,1
104565,Valentín Cámara-Anaya,2021-09-12,nuevo,0
102637,Estrella Galiano Jordán,2023-07-07,regular,3
111019,Elías Checa Amorós,2021-12-30,nuevo,1
107287,Gerardo Cañellas Albero,2022-07-30,nuevo,1
101865,Eulalia Cañizares Amador,2022-11-24,nuevo,0
109265,Humberto Galindo Lluch,2020-04-12,nuevo,1
105345,Leopoldo de Calvet,2022-07-02,nuevo,0
101146,Moisés Martínez,2024-08-06,nuevo,0
109988,Humberto Victorino Tomé Alonso,2022-12-05,nuevo,0
113864,Victoriano Toni Cerdá Vallejo,2024-04-29,nuevo,1
114352,Calixta Puga,2023-01-30,nuevo,1
114047,Felicia Vélez Mercader,2021-08-18,nuevo,1
110352,Leocadia Bonilla Llamas,2023-04-17,nuevo,0
108363,David Benitez Salom,2023-03-24,nuevo,1
108363,David Benitez Salom,2023-03-24,nuevo,1
104722,Baldomero Raya Gonzalo,2021-10-25,nuevo,0
101836,Azeneth Marquez Moliner,2024-03-16,regular,3
115238,Remedios Vidal Narváez,2024-03-17,regular,3
106320,Águeda Laguna Millán,2021-10-14,nuevo,0
115232,Felicia Flor,2024-07-29,regular,3
106170,Loida Gomila Posada,2023-02-03,nuevo,0
106170,Loida Gomila Posada,2023-02-03,nuevo,0
113384,José Ángel Maza Gallardo,2020-06-20,nuevo,0
100478,Ovidio de Perelló,2024-07-15,nuevo,0
105749,Pancho Frías-Crespi,2022-09-27,regular,2
104337,Rafaela Jódar Santos,2020-08-14,nuevo,1
108116,Ciriaco Andres Rodrigo,2024-07-17,nuevo,0
110429,Blanca de Cobo,2024-01-11,nuevo,1
100643,Chus Rojas-Alcalá,2021-05-12,nuevo,1
105043,Vasco Juliá Colom,2023-05-15,nuevo,0
110414,Gonzalo Olivé Esteve,2022-09-03,nuevo,1
114649,Noemí Zamora Mir,2024-02-02,nuevo,1
101794,Esther Escrivá-Nicolau,2023-11-12,regular,2
101693,Haydée Ledesma Borrell,2024-02-19,nuevo,0
105181,Celia Encarnacion Vicens Pi,2021-12-06,nuevo,0
100494,Adelia Ropero-Cantón,2024-04-22,nuevo,0
101464,Celso Beltrán-Huerta,2023-05-01,nuevo,1
112849,Sara del Alberdi,2022-07-19,regular,2
108522,Antonia Carla Antúnez Montenegro,2024-04-01,nuevo,0
108541,Montserrat Eva María Cabezas Gil,2022-11-28,nuevo,1
114842,Rosalva Galván,2023-12-09,nuevo,1
115181,Florinda Rosales-Bayo,2023-01-16,nuevo,0
105567,Esperanza Cózar,2022-06-09,nuevo,0
102288,Candelario Emiliano Ferrández Antón,2021-12-31,nuevo,0
108110,Jacobo Gargallo Estevez,2023-02-24,regular,2
106331,Isidora Zamorano,2022-12-22,nuevo,0
111954,Mamen Conesa González,2020-06-13,nuevo,0
100966,Verónica Frías Guijarro,2023-09-22,nuevo,0
106662,Tomás Marcelo Roldán Amor,2022-11-08,nuevo,0
106888,Carlito Prada,2024-07-23,nuevo,0
100439,Calisto Báez-Gabaldón,2022-02-18,nuevo,0
104451,Conrado Alvarez Plana,2023-11-01,nuevo,0
114029,Valentín Urrutia Caro,2021-06-28,nuevo,1
105184,Martin Salazar Rocha,2023-01-05,nuevo,0
104747,Jesús Julián Urrutia,2020-10-30,nuevo,0
104747,Jesús Julián Urrutia,2020-10-30,nuevo,0
100468,Valentín Guillén Vendrell,2023-07-30,regular,2
113239,Ildefonso Rico Morante,2022-11-07,nuevo,1
103752,Rafaela Hernando-Salas,2022-01-01,nuevo,1
104982,Bibiana Pérez Carbajo,2021-09-24,nuevo,0
100757,Azucena Alba Blanes,2024-04-02,regular,2
104996,Martín Arroyo Peiró,2022-12-04,nuevo,0
102689,Natividad de Gallardo,2021-10-27,nuevo,0
107256,Ariel Roura Uribe,2020-10-10,nuevo,0
105360,Bernardino Amaya-Fuster,2021-08-22,nuevo,0
103959,Nidia Espejo Codina,2020-03-24,regular,2
106591,Agustina Ferreras-Amat,2023-09-26,nuevo,1
112013,Rico Perez Mas,2023-05-06,nuevo,1
101375,Eugenio Calvet Calleja,2023-12-28,nuevo,1
109922,Iker Villalba Cuevas,2024-05-08,nuevo,1
110032,Adelaida Guerra Batalla,2022-01-17,nuevo,0
111190,Tomás Palmer,2023-04-28,nuevo,0
115046,Teresita Abascal Téllez,2021-09-25,nuevo,0
104903,Prudencia Conesa Serrano,2023-12-03,nuevo,0
104903,Prudencia Conesa Serrano,2023-12-03,nuevo,0
112356,Elena Tormo Moles,2021-05-21,nuevo,0
114063,Jennifer Valverde Conesa,2020-08-02,nuevo,1
106718,Osvaldo Corominas Vall,2020-07-02,regular,2
102187,Aarón Benítez Baró,2020-11-29,nuevo,0
110359,Bartolomé Blázquez Bautista,2023-09-12,regular,2
106190,Tiburcio Solsona Saura,2024-03-18,nuevo,1
108744,Teo Hernando Torralba,2021-03-11,nuevo,0
101433,Santiago Neira Arregui,2021-09-30,nuevo,0
111283,Marcio Pulido-Osorio,2022-09-19,nuevo,1
107853,Felipe Sarmiento Velázquez,2021-09-26,nuevo,0
107972,Marina Lucila Mur Luque,2023-10-02,nuevo,1
106885,Isaac Lara Sosa,2022-01-06,nuevo,1
114056,Angelina Azorin,2020-11-30,nuevo,0
102103,Cristóbal Losada,2022-09-08,nuevo,0
112372,Paloma Luís,2020-11-01,nuevo,0
107918,César Beltrán-Sobrino,2023-05-31,nuevo,1
103892,Teobaldo Patricio Ortega Expósito,2024-06-07,nuevo,1
101996,Chema Parejo Doménech,2023-10-21,nuevo,1
102953,Nicolás Sarabia-Franch,2021-09-26,nuevo,1
105358,Jovita Casanovas Gabaldón,2023-05-27,nuevo,0
113619,Ángela del Solera,2023-03-25,nuevo,0
107842,Griselda Naranjo Moles,2023-12-10,regular,2
114811,Manuelita Villena-Echeverría,2022-12-14,nuevo,1
108652,Alfonso de Cantón,2024-08-09,nuevo,0
102448,Visitación Llobet,2021-09-11,regular,3
112173,Abel Amaya,2020-05-21,nuevo,1
104732,Margarita Sáez Martinez,2021-01-26,nuevo,0
107654,Jovita Morata,2021-09-26,nuevo,0
114552,Maura Valls-Guitart,2020-11-24,nuevo,0
114552,Maura Valls-Guitart,2020-11-24,nuevo,0
113767,Reyes Rodríguez Torralba,2023-05-01,regular,2
113098,Ofelia de Mínguez,2020-08-05,nuevo,1
113783,Úrsula Busquets Pinto,2020-09-04,nuevo,0
109287,Sabina Nevado Miguel,2023-05-01,nuevo,1
107255,Cristian Piñeiro Checa,2024-04-13,nuevo,0
108189,Adelina Arévalo Peñas,2021-10-18,nuevo,0
113257,Teodoro Agullo Bou,2022-09-20,nuevo,1
111819,Vilma Valderrama Ureña,2021-07-25,nuevo,0
108831,Ruperto Bastida Camacho,2020-05-01,nuevo,0
109441,Genoveva Fabra Morell,2023-08-22,nuevo,0
100135,Hector Herrero Agullo,2022-07-06,nuevo,0
108170,Ruperto Capdevila,2023-01-31,nuevo,0
100800,Coral Calvet Alfaro,2023-09-04,nuevo,1
110001,Micaela Llano Gras,2024-04-08,nuevo,0
100428,Lucas Natalio Montesinos Lamas,2020-04-08,nuevo,1
109775,Anselmo Vargas Arjona,2024-01-26,nuevo,0
107909,Trini Escribano Palomo,2022-09-15,nuevo,1
108292,Clementina Rueda Crespo,2022-12-08,nuevo,0
109488,Jose Ramón Comas Godoy,2020-04-11,regular,2
114304,María Cristina Puga Nogués,2024-08-24,nuevo,1
101256,Iván del Mate,2020-03-21,nuevo,0
108987,Anna Marquez Cisneros,2021-03-04,regular,3
115105,Prudencia Bartolomé,2023-11-25,nuevo,0
109485,Caridad Linares Quintero,2022-07-13,nuevo,0
109485,Caridad Linares Quintero,2022-07-13,nuevo,0
107467,Jonatan Bonilla,2023-10-09,nuevo,1
106226,Julia Olmedo-Gálvez,2023-07-24,nuevo,1
103132,Violeta Girona Batlle,2023-04-07,nuevo,0
101927,Duilio Ferrándiz-Cantero,2022-07-05,nuevo,0
112294,Lucho Conde Diaz,2024-08-20,nuevo,1
103038,Lara Dueñas Vallejo,2020-05-06,nuevo,0
109831,Vera Barco-Carrera,2020-11-08,nuevo,1
108138,Elena del Izaguirre,2024-06-11,regular,2
109229,Adora Borrás Casares,2020-12-07,nuevo,0
112010,Martin Ochoa Jiménez,2024-08-02,nuevo,0
110688,Serafina Chico Carrión,2023-11-28,regular,2
107016,Daniel Pérez Galindo,2023-08-27,nuevo,0
105881,Margarita Zabaleta,2023-11-13,nuevo,1
108625,Cloe Rufina Zurita Bernat,2021-03-17,nuevo,0
105708,Íngrid Loida Villegas Nebot,2021-06-11,nuevo,0
103747,Rodolfo Pons Nieto,2024-01-10,regular,3
112274,Claudia de Vidal,2020-04-24,nuevo,1
112154,Sabas Hurtado Barreda,2021-04-30,nuevo,0
113241,Luis Miguel Bolaños Hoz,2021-10-03,nuevo,1
113700,María Pilar Lastra Quesada,2022-04-14,nuevo,0
104097,Soraya Benavent Moliner,2023-12-24,nuevo,1
105850,Marcio Pina,2020-12-04,nuevo,0
111409,Celestina Camacho Álvarez,2023-02-27,nuevo,1
112752,Fito de Arévalo,2024-07-10,regular,2
103504,Cristóbal Valverde Folch,2023-12-11,nuevo,0
111380,Timoteo Rubio Martín,2023-12-28,nuevo,0
112397,Custodio Dávila Camino,2024-06-16,nuevo,1
106260,Yolanda Quero,2020-04-15,nuevo,0
106120,Natanael Nuñez Ramón,2023-05-25,regular,2
102315,Segismundo Manuel Mosquera Jimenez,2021-03-18,nuevo,0
109628,Celestina Sarabia Sotelo,2021-10-21,nuevo,0
110704,Luciano Neira Hervás,2024-06-28,nuevo,1
110704,Luciano Neira Hervás,2024-06-28,nuevo,1
102019,Mariana de Roldan,2022-03-17,nuevo,1
104801,Calixta Lamas Viana,2021-09-20,nuevo,0
113848,Jose Manuel Esteban Río,2021-04-25,nuevo,0
109387,Hermenegildo Giner Uriarte,2022-10-09,nuevo,0
104610,Josué Pla Piñol,2022-04-24,nuevo,1
110244,Concepción Prieto,2024-01-26,nuevo,1
110798,Luna León-Pont,2022-12-08,nuevo,0
104650,Telmo Fernández Acevedo,2021-01-24,regular,2
104338,Íñigo Bayona Vazquez,2020-08-04,nuevo,0
110336,Jose Ignacio Teruel-Perales,2023-05-29,nuevo,1
103640,Joaquín Tapia,2023-04-16,nuevo,0
103640,Joaquín Tapia,2023-04-16,nuevo,0
108861,Berta Ocaña,2023-07-24,nuevo,0
109157,Cayetana Bayo Villalba,2021-06-05,nuevo,0
110924,Pía Sanchez Ortuño,2021-06-17,nuevo,1
109672,Encarnación del Heras,2021-07-29,nuevo,0
103449,Ramón Lopez Figueras,2021-12-29,nuevo,1
113188,Candela Bermejo Sotelo,2024-03-17,nuevo,1
100044,María Fernanda Amor Mendoza Echevarría,2021-02-24,nuevo,0
100018,Curro del Linares,2024-08-27,nuevo,0
110145,Cayetano de Angulo,2021-11-30,nuevo,0
101884,Seve Rafa Alfaro Cid,2021-11-02,nuevo,0
110361,Natividad Jerez Girona,2023-10-19,nuevo,0
102373,Mohamed Millán-Alegre,2021-07-14,nuevo,0
113003,Salomé Villalba Aguado,2024-05-13,regular,2
112920,Herberto del Calzada,2022-04-21,nuevo,0
108194,Abel Morell Trujillo,2022-02-02,nuevo,0
109653,Adalberto Batlle-Pou,2023-12-24,nuevo,0
104095,Macarena Soriano Barragán,2024-04-27,nuevo,0
106951,Angelino Alemán Yáñez,2021-08-07,nuevo,0
106561,Maximiliano Ayllón Palacios,2024-05-21,nuevo,0
112479,Clementina Montenegro,2020-04-06,nuevo,0
114492,Mario del Bolaños,2020-09-02,nuevo,0
114492,Mario del Bolaños,2020-09-02,nuevo,0
109876,Yolanda Mayol Estévez,2023-08-21,nuevo,1
107059,Zacarías Marquez Almeida,2022-11-30,nuevo,1
103306,Graciela Sarmiento-Duque,2020-04-30,nuevo,0
102909,Pastora del Alonso,2022-02-10,nuevo,0
102909,Pastora del Alonso,2022-02-10,nuevo,0
100444,Sol Torrijos Requena,2021-04-02,nuevo,1
113526,Adolfo Ortuño Herrera,2022-01-06,nuevo,0
104476,Francisco Jose Catalán Viana,2023-04-18,nuevo,0
101421,Josefina Zaira Villaverde Gelabert,2024-01-19,regular,2
110597,Roque Baquero Bilbao,2020-08-22,nuevo,1
110045,Lucía Martin Quero,2022-12-01,nuevo,1
113255,Trinidad Pou-Vilaplana,2023-10-02,nuevo,0
114297,Evelia Ros Escribano,2021-04-20,regular,2
100431,Fernando Palomino Naranjo,2022-07-28,nuevo,0
100431,Fernando Palomino Naranjo,2022-07-28,nuevo,0
106868,Maura Eli Luque Lobato,2024-06-29,nuevo,0
107018,Rafa Sabater Calatayud,2024-04-09,nuevo,1
102329,Sigfrido Lope Egea Casanova,2023-08-30,nuevo,0
105874,Isabela del Manrique,2022-09-24,nuevo,0
100578,Primitivo Guitart Sarabia,2020-04-14,nuevo,1
104234,Pastora Pou Llanos,2020-04-06,nuevo,0
100685,Clara Ibáñez Cal,2020-08-12,nuevo,0
114151,Trinidad Godoy,2024-04-01,nuevo,0
103786,Yaiza Beltrán Valentín,2023-01-13,nuevo,0
104673,Encarnita Cisneros Morata,2021-04-19,nuevo,0
109857,Darío Berrocal,2020-03-30,nuevo,1
108301,Natividad Vicente Barreda,2024-03-28,nuevo,0
100797,Flora Sureda Lillo,2023-03-26,nuevo,0
108689,Sebastian Guillén Vélez,2023-04-10,nuevo,0
107901,Tiburcio Escudero Lorenzo,2020-04-01,nuevo,0
109413,Begoña Batalla Guerrero,2022-02-25,nuevo,1
109846,Mireia Pelayo,2023-03-16,nuevo,1
112993,Estela Matas Rosselló,2022-09-02,nuevo,1
112759,José María Gracia Beltrán,2024-07-10,nuevo,0
114226,Lola de Heredia,2021-03-08,nuevo,0
111964,Juan Manuel Goñi Morcillo,2020-04-03,nuevo,0
107908,Sebastián Prieto Belmonte,2021-05-20,nuevo,0
113699,Danilo Leal,2021-02-26,nuevo,0
111354,Fidel Lerma Arrieta,2022-02-02,nuevo,0
101655,Valeria Leyre Salamanca Durán,2021-09-05,regular,2
107757,Saturnino de Robles,2023-08-08,nuevo,0
111388,Inocencio de Barros,2022-07-25,nuevo,0
111778,Ileana Elías Llabrés,2021-02-15,nuevo,1
100592,Águeda Hervás Tenorio,2022-09-29,nuevo,0
107657,Marco Nicolau Alba,2022-01-02,nuevo,0
102393,Aurora Canales Saldaña,2021-11-02,nuevo,0
102222,Trini Vicente-Gargallo,2022-04-05,nuevo,0
112659,Teresa del Aroca,2020-10-11,nuevo,1
104718,Rosalina Palmira Agullo Ureña,2022-08-24,nuevo,0
110331,Melisa Alegria-Cerdán,2023-12-27,nuevo,0
112767,Mariano Guzmán Sáez,2021-07-19,nuevo,0
104631,Candelario Arcos Sastre,2020-06-12,nuevo,0
112634,Maricruz Vall Valderrama,2021-01-04,nuevo,0
112563,Virgilio Guijarro Parejo,2023-01-27,nuevo,1
110408,Elisa de Exposito,2020-08-13,nuevo,1
114759,Fidel del Tomé,2023-08-06,regular,2
109146,Esteban Gámez Alcolea,2020-06-10,nuevo,1
111458,Francisco Palma Barroso,2021-05-14,nuevo,0
111077,Octavio de Cuervo,2022-01-28,nuevo,0
108640,Gerardo Vizcaíno Vega,2024-07-11,nuevo,0
105964,Julieta Vega Alarcón,2022-02-27,nuevo,1
105768,Amado Corral Cabanillas,2024-08-14,nuevo,0
105586,León Niño Manrique,2023-06-26,nuevo,0
105586,León Niño Manrique,2023-06-26,nuevo,0
105726,José Antonio Salvador Chamorro Morillo,2020-11-03,nuevo,0
104639,Mohamed Izquierdo Cuenca,2021-05-12,nuevo,0
103541,Laura de Morán,2021-08-06,nuevo,0
104803,Matías Ordóñez Conde,2021-12-05,nuevo,0
113486,Hugo Recio,2020-09-22,nuevo,0
101161,Enrique Tena Casanova,2021-04-03,regular,3
112579,María Vilalta Donoso,2023-07-16,nuevo,0
115087,Candelaria Blasco-Hernando,2022-09-30,nuevo,1
115087,Candelaria Blasco-Hernando,2022-09-30,nuevo,1
111221,Pablo Cabanillas Velázquez,2024-02-21,regular,2
112286,Sancho Villaverde Cordero,2023-01-03,nuevo,0
111399,Reyna del Falcón,2024-01-23,nuevo,0
111656,Gertrudis Torres-Mayoral,2023-10-13,nuevo,1
108564,Juan Francisco de Villena,2021-07-19,nuevo,1
107723,Viviana Palacios Céspedes,2022-02-28,nuevo,0
101330,Rubén Sanchez,2020-11-30,nuevo,0
105551,Gisela Tamarit-Torrents,2023-09-11,nuevo,0
105382,Pedro Eliseo Royo Teruel,2020-11-07,nuevo,1
103773,Evita Cerro Molins,2024-06-14,regular,2
113331,Miguel Ángel Mayol Campillo,2020-06-03,nuevo,1
111341,Ignacio Solsona Rebollo,2024-02-15,nuevo,1
101887,Emperatriz Plaza,2021-07-08,nuevo,0
100624,Encarna Gallego-Sáenz,2021-03-16,regular,2
109193,Desiderio Cáceres-Quero,2022-01-18,nuevo,1
101340,Joel Infante Beltrán,2020-07-06,nuevo,1
114082,Ruy Guijarro Miguel,2024-08-16,nuevo,0
110494,Rosalva Ordóñez-Taboada,2024-03-28,regular,2
103081,Quique Maza-Chico,2022-10-25,regular,2
111627,Marcia Susana Alonso Urrutia,2022-10-03,nuevo,1
103795,Serafina Ávila Lamas,2020-06-26,regular,2
101502,Graciana Mercader Cobos,2022-12-12,nuevo,1
104520,Edu Mendizábal Infante,2022-12-14,regular,2
109712,Yago Franch Olivares,2020-10-28,nuevo,0
109689,Eli Teruel Cobos,2021-11-30,nuevo,0
106665,Ignacio Manzano Carranza,2023-02-16,nuevo,1
112051,Maristela Bonilla-Puig,2023-03-01,nuevo,1
108332,Emilia Falcón Torrents,2024-04-19,regular,2
102533,Ismael Rodrigo Miguel,2022-07-28,nuevo,0
107781,Débora Amador Adán,2021-03-04,nuevo,0
106801,Efraín Garay Medina,2023-01-19,nuevo,1
112793,Roberto Sáenz Tovar,2022-11-14,nuevo,0
108415,Encarnita Alsina Perera,2023-05-13,regular,2
115192,Íñigo de Novoa,2020-12-19,nuevo,1
113424,Cintia Salvà Gomis,2023-11-29,regular,2
108927,Jeremías Ferrera,2021-04-15,nuevo,1
114203,Amanda Flavia Santamaría Ordóñez,2021-06-21,nuevo,0
110412,Pascuala Rey Ariño,2024-06-05,nuevo,0
104239,Emilia Palmer Aller,2021-02-23,regular,2
112096,María Carmen Molina Aranda,2020-03-25,nuevo,0
112581,Prudencio Marc Peinado Madrigal,2022-06-12,nuevo,1
112890,Haydée Gibert Rivas,2022-06-11,nuevo,0
101473,Plinio Castilla Isern,2022-04-25,nuevo,0
112321,Cayetana Villalobos Baquero,2020-05-27,nuevo,1
112429,Flor Peñas Dueñas,2021-06-25,nuevo,1
100850,Duilio Benavides-Castejón,2024-08-10,nuevo,0
111892,Gustavo Hipólito Berenguer Osuna,2022-04-26,nuevo,0
114602,Apolinar Atienza,2023-11-12,nuevo,1
113713,Anastasia Yaiza Vilaplana Oliveras,2021-01-01,nuevo,0
109252,Paulina Araujo Ferrero,2020-04-17,nuevo,0
102211,Úrsula Marcos Córdoba,2021-10-20,nuevo,1
110983,Lorenza Suarez Molina,2020-07-01,nuevo,0
103527,Anunciación González Aguirre,2020-12-28,nuevo,1
103203,Armida Collado Osorio,2022-07-04,nuevo,0
108010,Onofre Marcos Montalbán,2023-06-15,regular,3
113968,Mauricio Gaya Carlos,2021-12-13,nuevo,1
105035,Esmeralda Bustamante Mateo,2021-06-03,regular,2
103425,Adelardo Llano-Valls,2020-09-19,nuevo,0
100415,Baldomero de Plana,2022-02-18,nuevo,0
106254,Adalberto Tur-Reguera,2023-05-25,nuevo,1
108499,Victor Manuel Amorós-Nicolás,2021-12-02,nuevo,1
107458,Melchor Saez Mena,2023-06-07,nuevo,1
107515,Elvira Valentín Cornejo,2024-01-24,nuevo,0
112462,Dorotea Mar Baeza Rocamora,2021-12-19,nuevo,0
102095,Yéssica Eva María Camacho Bastida,2020-07-04,nuevo,1
107259,Rita del Arjona,2020-10-29,nuevo,0
111147,Chus del Mateu,2021-04-06,nuevo,1
105378,Débora Asensio Sarabia,2023-11-25,nuevo,0
102341,Trini Rubio Navas,2021-01-28,nuevo,0
100266,Ibán Castillo Tamayo,2020-11-10,nuevo,1
107370,Lucas Alemán,2021-10-18,nuevo,0
111875,Javier Gallart Oliver,2020-07-02,nuevo,0
111295,Benjamín Ferrer Neira,2024-08-01,nuevo,0
104626,Baudelio Tamayo Padilla,2022-12-30,nuevo,1
106467,Cipriano Rincón Bayón,2020-04-23,nuevo,1
106803,Iris del Conesa,2024-04-07,nuevo,1
103543,Aurelio Gálvez Camacho,2023-02-07,nuevo,0
106805,Selena Prieto,2023-12-03,nuevo,0
112803,Ulises Cervera Arce,2021-08-18,nuevo,0
115012,Georgina Sala Guillen,2021-03-07,nuevo,0
102143,Abigaíl Villegas Calvo,2021-11-18,nuevo,0
103852,Sosimo Cabello-Romeu,2021-11-22,nuevo,0
109594,Soledad Huertas,2021-08-20,regular,2
101083,Herminia Buendía Gisbert,2022-11-15,nuevo,0
101672,Paola Reyes Valenzuela,2022-03-17,nuevo,0
110797,Eliana Nerea Llamas Alberola,2023-06-14,nuevo,1
109647,Mamen Mir Bayona,2022-10-29,nuevo,0
104808,Miriam Goñi Haro,2022-09-13,nuevo,1
113387,Miguel Gilabert Lladó,2021-03-23,nuevo,0
101504,Cristian Villa Riba,2023-06-15,nuevo,0
101972,Alfonso Jordán Cuervo Vives,2021-08-13,nuevo,0
113778,Reina de Barreda,2023-01-30,nuevo,1
103799,Mateo Camps Expósito,2023-06-19,nuevo,0
114468,Mirta Amo Ayala,2020-03-06,nuevo,1
100695,Heriberto Giralt Girón,2021-08-03,regular,2
103856,Eloísa Pozo,2021-08-19,nuevo,1
112307,Marcial Vinicio Carnero Barroso,2021-02-18,nuevo,1
105932,Pancho Pérez Haro,2024-08-08,nuevo,0
111306,Calixto Sebastian Iriarte Cases,2023-01-04,nuevo,1
109694,Filomena Pacífica Quero Azcona,2021-10-17,regular,2
106577,Julia Yáñez Diez,2022-08-17,nuevo,1
103095,Sosimo Molina Teruel,2024-02-14,nuevo,1
108969,Casemiro del Pera,2022-02-09,nuevo,0
108960,Segismundo de Tomás,2022-09-28,nuevo,0
113703,Hermenegildo Salmerón-Izquierdo,2022-10-28,nuevo,0
106492,Nicodemo Martorell Azcona,2023-11-23,nuevo,1
105146,Ester Barceló Barberá,2023-03-11,nuevo,1
106828,Haydée de Almagro,2024-06-30,nuevo,0
106828,Haydée de Almagro,2024-06-30,nuevo,0
103245,Ruperto Palacio Morell,2022-10-11,nuevo,0
103101,Carlota de Asenjo,2024-01-04,nuevo,1
110380,Teodosio Portero Pont,2020-06-08,nuevo,1
103564,Simón Soria Anguita,2024-02-15,nuevo,1
105759,Juana Gutiérrez Herrera,2022-08-26,nuevo,1
106456,Manuela Almansa Ramírez,2020-12-12,nuevo,0
111043,Aura Leonor Quiroga Falcó,2021-04-21,nuevo,1
111823,Cayetano Valdés Patiño,2024-08-14,nuevo,0
114525,Jerónimo Botella,2024-07-01,nuevo,0
113565,Albert Carvajal Baena,2021-04-03,nuevo,0
113234,Francisca Olivera Viana,2022-05-14,nuevo,0
109902,Ignacia Raya,2023-05-13,nuevo,0
114319,Agustín Agustí Andres,2021-07-10,nuevo,0
109705,Teodora Moraleda Bautista,2021-01-15,nuevo,1
114215,Arsenio Sáez Avilés,2022-06-04,nuevo,0
112228,Severiano Sedano Ledesma,2024-01-23,nuevo,0
112285,Cesar Nicolás Esteve,2021-07-24,nuevo,0
105026,Luís Benjamín Gracia Fernández,2021-11-02,nuevo,0
103232,Ana Sofía de Sotelo,2020-07-08,nuevo,0
110360,Gabino de Palma,2020-07-17,nuevo,0
112063,Alberto Alcázar Jaume,2020-09-22,nuevo,0
102485,Eric del Vergara,2020-05-22,regular,2
111219,Xiomara Mármol-Vidal,2020-04-15,nuevo,1
110469,Cayetano Carrera Aguilera,2023-12-17,nuevo,1
100953,Oriana Otero,2022-01-08,nuevo,0
112224,Cruz Porcel Elorza,2024-07-04,nuevo,1
110621,Ainara Goñi Palomares,2022-05-04,nuevo,0
103410,Lorenza Mur Río,2023-01-09,nuevo,0
105929,Aura de Sosa,2020-06-09,nuevo,0
101719,Violeta Cornejo Vilaplana,2024-02-26,nuevo,1
112048,Imelda del Crespi,2021-12-30,nuevo,0
110564,Clementina Ros,2022-04-21,nuevo,0
108507,Jose Miguel Vigil Pou,2021-05-16,nuevo,1
106139,Lina Bauzà Palomino,2020-06-25,nuevo,0
111244,Marciano Zapata Martinez,2022-01-01,nuevo,0
111193,Encarnación Arrieta Carrillo,2021-03-09,nuevo,0
110467,Amanda Talavera,2024-04-18,nuevo,1
111559,Bernarda Mariscal Madrid,2020-03-30,nuevo,1
102565,Nydia Ledesma Carvajal,2023-04-14,nuevo,0
105166,Héctor Cabrero-Belmonte,2020-03-17,nuevo,0
101147,Yaiza Nicolás Baró,2024-02-22,regular,2
101938,Mauricio de Uría,2022-02-16,nuevo,0
107457,Cándida Piñol,2021-09-11,nuevo,0
101032,Paz Borja Cabo,2021-02-19,nuevo,1
103885,Milagros Blasco Ferreras,2020-08-02,nuevo,0
108154,Loida Maxi Larrea Acuña,2020-07-14,nuevo,0
105397,Eutropio Llanos,2023-08-29,nuevo,0
108493,Tomasa Gomila Bermúdez,2022-12-06,nuevo,0
108172,Chus Valls-Angulo,2022-08-02,nuevo,1
112143,Rolando Torrents Mateos,2020-07-09,nuevo,1
108526,Ana Sofía Esteban,2020-09-18,regular,2
103859,Anunciación Mulet Perera,2021-08-22,nuevo,0
100097,Paloma del Amat,2023-06-12,nuevo,0
114043,Martirio Canales Gelabert,2023-08-30,nuevo,1
103131,Juan Antonio Baños Muñoz,2023-02-02,nuevo,1
102475,Calixto Baños Quirós,2022-09-06,regular,3
103932,Pía Dolores Teruel Aparicio,2020-10-19,nuevo,0
102628,Anastasia Macias Pagès,2020-04-16,nuevo,0
103774,Jeremías Botella Carrera,2022-10-01,nuevo,0
102240,Asunción Sierra-Solano,2023-04-08,nuevo,1
110770,Ruben Tamarit,2022-05-28,nuevo,0
113912,Cesar Rozas Aragón,2023-09-30,nuevo,0
111738,Cleto Roman Barba,2022-02-02,nuevo,0
110613,Beatriz Alcalde Chaves,2022-10-17,nuevo,0
114444,Antonia Hoz-Valenzuela,2023-09-11,nuevo,0
103028,Etelvina Ortiz Fernandez,2023-01-07,nuevo,1
103028,Etelvina Ortiz Fernandez,2023-01-07,nuevo,1
108953,Maristela Nidia Vera Conde,2022-08-24,nuevo,0
102390,Javi Buendía Aranda,2023-01-24,nuevo,0
105606,Jordana de Garay,2022-12-13,nuevo,0
108938,Lucas Cuervo Taboada,2020-05-22,nuevo,0
101593,Angelino Cuesta Lopez,2024-01-12,nuevo,0
102392,Juan José Pou Caballero,2022-10-19,nuevo,1
103083,Ascensión Tejero Bueno,2020-06-17,regular,2
108963,Salvador Grau,2021-06-23,nuevo,0
109732,Agustín Manuel Puga Sobrino,2022-08-09,nuevo,0
104823,Hector Domingo Cerro,2022-01-09,nuevo,0
108574,Eliseo Torrents Cabo,2020-05-09,nuevo,0
113818,Francisca Pons Soler,2023-05-08,nuevo,0
105406,Gerónimo del Taboada,2023-03-11,regular,2
105406,Gerónimo del Taboada,2023-03-11,regular,2
110267,Hernán Marqués Rozas,2023-10-18,nuevo,0
100870,Che Máximo Mariño Porta,2024-08-09,nuevo,0
100870,Che Máximo Mariño Porta,2024-08-09,nuevo,0
102902,Haroldo Riba Cases,2021-04-16,nuevo,0
104100,Maxi Egea Roselló,2024-04-09,nuevo,1
112527,Alicia Anguita Ferrando,2021-09-27,nuevo,0
112718,Primitiva Tamarit-Ariño,2023-04-22,nuevo,1
102541,Marisela Saura-Manjón,2020-07-20,regular,2
114105,Fausto Cerro,2023-05-18,nuevo,0
113325,Clarisa Lillo Cruz,2023-06-19,nuevo,0
104920,Marita Borrego Segovia,2024-03-04,nuevo,1
115097,Joaquín Caro Rosa,2024-02-09,nuevo,0
102355,Chuy Ayuso Antón,2023-04-01,nuevo,1
106307,Juanita Vega Carnero,2022-04-27,nuevo,0
104748,Ascensión Molins Tejero,2024-02-18,nuevo,1
107589,Inocencio Ciriaco Piñol Guillen,2023-04-22,nuevo,0
112760,José Mari Ariño-Roda,2021-04-30,nuevo,0
104185,Alejandro Gárate Canals,2020-03-17,nuevo,0
113016,Blas Molina Osorio,2022-07-29,nuevo,0
102577,Jennifer Fabiana Frutos Arana,2022-06-13,nuevo,0
107635,Julián Alberola Ávila,2020-06-05,nuevo,0
109956,Rafael Ortuño Roura,2023-11-06,nuevo,0
110417,Chema Maza-Anguita,2022-02-15,nuevo,0
109612,Eusebia de Cabanillas,2020-07-18,regular,2
105716,Lisandro Huertas,2023-02-14,nuevo,1
110944,Teodora Cano Puga,2023-02-23,nuevo,0
101282,Amalia Felicia Aranda Pizarro,2023-03-03,nuevo,1
106426,Fanny Cal Cuenca,2020-12-09,nuevo,1
108277,Vicente Padilla Múñiz,2023-06-25,nuevo,0
111700,Jacobo Ferrer Pérez,2022-02-23,nuevo,0
111814,Wilfredo Palomar Giner,2021-08-03,nuevo,1
109148,Hortensia Ricart Larrea,2021-05-26,regular,2
105195,Ángela Tomasa Contreras Romeu,2023-08-13,nuevo,0
114437,Emilio Gutierrez Mascaró,2021-03-05,nuevo,1
110546,Gema Barranco Zaragoza,2023-01-22,nuevo,1
115034,Pili de Fiol,2023-04-24,regular,2
100416,Jose Luis Río-Macias,2021-11-11,nuevo,1
104915,César Reig Esteve,2024-08-28,nuevo,1
106978,Albino Valcárcel Luque,2022-04-22,nuevo,0
113903,Adolfo Fabra-Ledesma,2021-07-16,nuevo,0
100711,Isabel Olmedo-Galvez,2024-06-12,nuevo,0
106919,Hermenegildo Leonardo Cabello Piñol,2023-12-02,nuevo,1
103529,Silvestre de Milla,2020-03-30,regular,2
104504,Marco Gastón Ferrández Rozas,2022-12-18,nuevo,1
102529,Pastor del Casado,2021-06-07,regular,3
114564,Anacleto Lumbreras Salas,2024-07-19,nuevo,0
105704,Chelo Solsona Cabrera,2021-08-14,nuevo,0
113716,Bruno Juliá Sola,2020-12-11,nuevo,0
113716,Bruno Juliá Sola,2020-12-11,nuevo,0
102894,Yéssica Luís Vizcaíno,2023-09-02,nuevo,1
102894,Yéssica Luís Vizcaíno,2023-09-02,nuevo,1
111439,Félix Porras Mir,2021-09-11,nuevo,0
109011,José Martinez Montaña,2021-11-13,nuevo,0
109011,José Martinez Montaña,2021-11-13,nuevo,0
111926,Carmelita Torrijos,2023-06-13,nuevo,1
110585,Amor Ponce,2021-12-08,nuevo,0
110112,Dafne Barranco Gargallo,2023-05-27,nuevo,0
104092,Eric Ferrán,2022-05-20,nuevo,0
113706,José Mari Carrasco-Porta,2020-09-25,nuevo,0
102889,Perla Graciela Escalona Vives,2020-12-29,nuevo,0
112663,Salvador Gras Quesada,2021-01-17,regular,2
101524,Cintia Monreal Paredes,2020-05-27,nuevo,1
108721,Anacleto Luís Mercader,2020-11-20,nuevo,0
107736,Olegario Pareja Cardona,2023-05-04,nuevo,0
112775,Artemio Barrios Angulo,2022-04-26,nuevo,0
101407,Manuelita Castillo,2020-11-13,nuevo,0
113753,Brunilda Bermudez Mur,2022-11-12,nuevo,0
105047,Íngrid Gutierrez-Briones,2020-11-25,nuevo,0
111568,Florencio Ayala Gabaldón,2024-02-04,nuevo,0
110128,Luisina de Giralt,2024-05-10,nuevo,0
107557,Daniel Villaverde Palacio,2023-03-18,nuevo,0
101812,Tadeo Molina Calvet,2023-09-17,nuevo,1
113781,Amor del Prada,2022-03-28,nuevo,1
109162,Víctor de Vilanova,2022-11-22,nuevo,0
111431,Antonia Solano Cuevas,2022-08-03,nuevo,1
107517,Eva María Nicolau-Echevarría,2023-11-10,nuevo,0
111934,Alfredo Querol Bustamante,2020-10-08,nuevo,1
104689,Primitiva Moliner Torralba,2020-05-06,nuevo,1
112906,Elisa Sainz Bauzà,2021-09-01,nuevo,1
114191,Yolanda Ágata Jiménez Cano,2020-12-05,regular,3
111959,Lisandro Perelló Cid,2022-06-11,nuevo,1
101487,Paulino Jacobo Gelabert Villalonga,2022-09-10,regular,2
105461,Reinaldo Benavides Busquets,2021-02-11,nuevo,0
106988,Leonel Salamanca Campo,2021-01-03,regular,2
100775,Tito Rios Ayuso,2020-09-01,nuevo,1
101632,Luz de Gutierrez,2022-06-27,nuevo,1
105860,Bernabé Zurita,2020-11-05,nuevo,0
106384,Anastasia Carreras Montesinos,2022-02-05,nuevo,0
100470,Candela Ocaña Cabo,2023-05-07,nuevo,0
113599,Ruy Ortuño,2021-02-26,nuevo,0
108630,Samanta Arnal,2023-12-27,nuevo,1
110087,Toribio Córdoba Álvaro,2024-07-22,nuevo,1
113252,Victor Manuel Cipriano Ropero Rey,2021-06-08,nuevo,0
112355,Adrián Cobos Tolosa,2022-01-23,nuevo,0
110099,Álvaro Núñez Fabra,2022-03-14,nuevo,0
114025,Roque del Novoa,2020-12-20,nuevo,0
100599,Gala Millán Carreras,2021-01-30,nuevo,1
104563,Isaura Aragonés Iñiguez,2022-04-12,nuevo,0
107488,Román Matas Machado,2021-01-28,nuevo,1
108514,Olivia Blanca Méndez Dueñas,2022-04-04,nuevo,1
107500,Chus Esparza-Garay,2021-06-12,nuevo,1
104660,Rosendo Boada-Morell,2022-02-11,nuevo,1
101906,Virgilio del Navas,2024-01-21,nuevo,0
105083,Araceli Caro-Villa,2022-02-14,nuevo,0
107991,Amancio Navarrete Ramis,2021-10-25,nuevo,1
104685,Modesta Manuel Mariscal,2022-12-20,nuevo,1
107727,Rufina Sastre Pulido,2022-03-11,nuevo,1
110382,Fortunato Gomila Gutierrez,2021-04-23,nuevo,0
107426,Felipe Marín,2023-12-31,nuevo,0
108013,Augusto Palomares-Cadenas,2020-11-19,nuevo,1
113379,Rafaela del Cañizares,2023-07-29,nuevo,0
112632,Piedad Flavia Armas Prada,2023-06-26,regular,2
104820,Candelario Manu Llanos Pineda,2021-11-13,nuevo,1
108012,Felisa de Sacristán,2022-12-08,nuevo,0
105804,Lorenzo Seco,2021-08-20,nuevo,0
113658,Benita León-Solís,2020-05-15,nuevo,0
108078,Tamara del Hoz,2023-04-20,nuevo,0
108352,Sebastian Alfaro,2024-01-05,nuevo,1
105564,Pili Prada,2020-08-29,nuevo,0
113664,Edgardo Valero Murcia,2021-04-09,nuevo,0
114530,Ibán Márquez Pujol,2024-03-04,nuevo,0
109248,Cristina Morera Huertas,2022-06-24,nuevo,0
102838,Marcio Raúl Arribas Campoy,2024-05-02,nuevo,0
106861,Dionisia del Sevillano,2020-08-06,nuevo,0
108184,Cipriano Blanch,2020-03-30,nuevo,0
103219,Amancio Recio Corbacho,2023-06-12,nuevo,0
103574,Javiera de Galan,2023-10-09,nuevo,1
103133,Benigna Cabañas Ramirez,2021-08-29,nuevo,0
106823,Víctor Sanz Pulido,2022-04-30,nuevo,0
103521,Fidela Vallejo Bárcena,2021-05-23,nuevo,0
114367,Lucio Tomé Moreno,2022-12-29,nuevo,1
102589,Joaquín Pinto Trujillo,2024-06-05,regular,2
103339,Duilio Alegre,2022-12-24,nuevo,1
104696,Mónica Rosselló Mosquera,2023-11-30,nuevo,1
110620,Paloma Carreño Villar,2023-11-30,nuevo,0
103354,Máxima Sanjuan Castellanos,2023-04-08,nuevo,1
104309,Vidal Acosta Guillen,2022-02-11,nuevo,0
101759,Aníbal del Roselló,2020-03-02,nuevo,0
112059,Chema Soto Giralt,2023-09-05,nuevo,0
110764,Emperatriz Miralles Cardona,2022-01-14,nuevo,1
100853,Gertrudis Julieta Almeida Acevedo,2023-11-21,nuevo,0
101495,Dalila del Osuna,2023-04-07,nuevo,0
108774,Abilio Alberola-Duarte,2022-07-14,nuevo,0
108547,Lucas Monreal,2022-06-27,nuevo,0
102465,Jose Angel Gordillo Guerrero,2021-12-31,regular,2
113397,Carmen Amo-Peláez,2022-10-14,nuevo,0
111302,Borja Torres Borja,2022-07-11,nuevo,0
109423,Leire Flor Peinado,2021-09-22,nuevo,1
107863,Eladio Benito Carro,2023-03-17,nuevo,1
107497,Odalys Macías Benavente,2022-09-29,nuevo,0
107921,Florina Vila Lumbreras,2024-03-29,regular,3
105997,Carlota Benito Moll,2021-11-15,nuevo,0
104609,Nadia Bonilla Oliver,2023-11-21,nuevo,0
112118,Constanza Estévez-Sola,2022-09-17,regular,2
109335,Encarna Fabra Barrena,2022-10-20,nuevo,0
113460,Lino Rosa Baeza,2022-08-02,nuevo,0
100501,Trinidad Mir Paniagua,2020-05-07,nuevo,1
112350,Charo Villalobos Grande,2023-01-27,nuevo,0
106146,Custodio Nacio Iglesia Castañeda,2021-01-12,nuevo,1
113489,Eduardo Carbajo Gracia,2024-07-19,nuevo,1
101047,Fabiana Bartolomé Galindo,2021-09-07,regular,2
108930,Graciana Becerra Córdoba,2022-03-08,nuevo,0
102634,Celso del Patiño,2023-09-08,nuevo,0
107513,Samuel Casanovas Company,2023-03-18,nuevo,1
109573,Jennifer Anabel Aguilar Mesa,2023-02-05,nuevo,1
113465,Timoteo Clemente Mateos Acuña,2020-08-19,nuevo,1
108495,Ramiro Hervia Vallés,2021-04-26,nuevo,1
111841,Rebeca Galván Piquer,2023-02-10,nuevo,0
105494,Cipriano Ceferino Neira Guitart,2022-01-15,regular,3
107915,Maximino Asensio Arcos,2023-05-22,nuevo,0
107915,Maximino Asensio Arcos,2023-05-22,nuevo,0
106984,Jose Guillen-Vaquero,2021-02-13,nuevo,1
106204,Flor Larrea Cabanillas,2022-03-14,nuevo,1
100778,Wálter del Niño,2023-02-09,regular,3
104937,Marc Pérez Pedrero,2020-04-15,nuevo,0
114195,Tiburcio Alvarez Gil,2020-03-31,nuevo,0
104020,Bartolomé Ribas Villalonga,2024-02-12,nuevo,0
101195,Cándido Borja Pont,2020-08-18,nuevo,0
112178,Sabina Gabriela Recio Quirós,2023-12-04,nuevo,0
100052,Manu Iborra Busquets,2023-08-09,nuevo,0
104979,Gerardo Manuel Cáceres,2020-07-03,nuevo,0
102305,Vasco Aragón,2020-10-28,nuevo,1
115106,Adriana Porcel Pelayo,2023-02-22,regular,2
109378,Andrés Felipe Lloret Barral,2021-10-27,nuevo,0
114667,María Belén Granados Gordillo,2023-05-15,nuevo,0
101114,Calisto Ferrer-Marquez,2020-07-28,nuevo,0
102983,Hipólito de Carmona,2021-12-31,nuevo,1
100657,Seve Malo Vallejo,2020-10-24,nuevo,1
103255,Luís Ambrosio Font Izquierdo,2022-04-30,nuevo,0
101188,Moreno Dimas Machado Vallés,2022-06-25,nuevo,0
104800,Custodia del Cañas,2022-02-01,nuevo,1
104800,Custodia del Cañas,2022-02-01,nuevo,1
111635,Horacio Linares Grau,2020-09-10,nuevo,0
114332,Benjamín Piquer Espada,2023-01-14,nuevo,1
100566,Lina Bustos Plana,2024-02-28,nuevo,0
104119,Zaida Suárez,2021-02-20,nuevo,0
109471,Nicolás Burgos,2021-03-31,nuevo,0
100841,Tamara de Crespo,2022-06-25,nuevo,0
103889,Ernesto Humberto Montesinos Piquer,2022-11-13,nuevo,1
101643,Aristides Valencia Cárdenas,2022-12-14,nuevo,1
111909,Azahar Marti Leal,2021-10-23,nuevo,0
106181,Manuelita Llamas Salgado,2024-01-25,nuevo,1
108808,Bruno del Reguera,2021-03-06,nuevo,0
102667,Aroa Aliaga Villena,2022-09-04,nuevo,0
101973,América Pedrero,2023-05-27,nuevo,0
108978,Adelina Olivares Córdoba,2024-05-09,nuevo,1
108560,Sarita Cervera Muñoz,2024-03-08,nuevo,1
101150,Gloria Santamaria,2021-08-11,nuevo,0
104784,Patricia Azcona,2020-10-24,nuevo,1
104093,Raimundo Salgado Peñalver,2023-07-09,nuevo,0
112074,Samanta Padilla-Salamanca,2020-12-24,nuevo,1
109226,Plácido Rosales,2020-05-26,nuevo,0
100766,Carmen Vaquero Cánovas,2021-04-27,nuevo,0
105392,Julio Maza Álamo,2021-11-16,nuevo,0
108147,Renato Marcio Báez Aguilera,2023-11-10,nuevo,0
106409,Amancio Erasmo Urrutia Fabregat,2022-12-29,nuevo,0
103873,Malena Segura Perelló,2022-11-30,nuevo,0
112533,Maribel Rodrigo Clavero,2023-03-23,nuevo,0
110074,Albano del Caparrós,2023-11-21,nuevo,0
102621,Sabas Espejo Vall,2022-02-13,nuevo,0
108248,Teresa Gonzalez Royo,2023-04-17,nuevo,0
109758,Nadia Colom Cabrera,2023-06-07,nuevo,1
103027,Rico Castillo,2024-05-06,nuevo,0
105121,Pilar Mesa-Gibert,2020-05-01,nuevo,0
104103,Cleto Chuy Asensio Moll,2021-01-28,nuevo,0
107020,Amanda Pazos Mendoza,2020-07-28,nuevo,0
114702,Consuela Marta Molins Gutiérrez,2021-03-12,nuevo,1
111684,Mar Montes Isern,2022-07-25,nuevo,0
114092,Soledad Pozo Infante,2021-03-08,nuevo,1
106144,Loida Joaquina Rincón Amaya,2022-03-04,nuevo,0
108021,Gaspar Salmerón Conesa,2021-10-10,nuevo,0
108219,Lino Roldan Acosta,2020-12-02,nuevo,1
102686,Lucila Méndez Gual,2024-01-12,nuevo,0
109744,Prudencio José Manuel Cadenas Sabater,2022-10-24,nuevo,1
110121,Benigno Valle-Valencia,2021-07-01,nuevo,1
107347,Nicodemo Verdejo Simó,2022-11-10,nuevo,0
100912,Daniel Florentino Madrigal Vall,2023-10-24,nuevo,0
113973,Consuela Jerez Ferrera,2020-05-21,nuevo,0
113226,Sandra Cuéllar Riba,2021-07-29,nuevo,0
113771,Elodia Sobrino,2022-04-07,nuevo,1
101346,Consuelo Amat Tenorio,2020-03-08,nuevo,0
101445,Joel Marin Perez,2024-08-16,nuevo,0
106102,Toni Ibarra Santana,2023-09-30,regular,2
103500,Jose Llorente Correa,2020-11-28,nuevo,0
107318,Roque Pascual Ortega Mínguez,2022-04-15,nuevo,0
113378,Samu del Galan,2023-10-31,nuevo,1
113119,Raúl Gisbert Cerdá,2020-11-10,nuevo,0
106217,Amarilis Expósito Espada,2021-02-25,nuevo,0
102423,Cloe Puga Alberto,2021-09-05,regular,2
105303,Wálter Alvarado-Múgica,2022-10-31,nuevo,0
102733,Eliana de Ferrán,2020-03-29,nuevo,1
100081,José Mari Carranza Lumbreras,2021-05-01,regular,2
104218,Erasmo Roman Aranda,2022-01-24,nuevo,1
113904,Wálter Mulet Murcia,2020-12-07,nuevo,1
110865,Griselda Romero,2022-08-03,nuevo,1
105113,Luciana Borrell Calderon,2023-02-19,nuevo,0
105113,Luciana Borrell Calderon,2023-02-19,nuevo,0
105275,Ainoa de Iriarte,2024-07-02,nuevo,0
112252,Quirino Cordero Vélez,2020-10-15,nuevo,1
108371,Dafne Sabater León,2024-06-10,nuevo,0
104740,Jose Arregui,2022-03-14,nuevo,0
105291,Chita Campoy Sebastián,2022-09-23,nuevo,0
101573,Plácido Peinado Barreda,2023-07-31,nuevo,1
113497,Alma Clarisa Jódar Batlle,2023-05-05,nuevo,0
100880,Beatriz Arcos Fabregat,2022-06-04,nuevo,0
101579,Felisa Cortés-Herrero,2024-01-28,nuevo,1
106974,Juan José Pedraza-Lasa,2024-03-10,nuevo,0
101510,Federico Vara,2021-02-15,nuevo,1
101897,Herminia Canals,2022-05-28,nuevo,0
107874,Roberta Echeverría Suárez,2020-08-17,nuevo,0
108880,Valentín Roura Santos,2020-03-25,nuevo,0
104113,Chelo Benítez,2023-04-01,nuevo,1
108797,Urbano Kike Salom Malo,2022-06-22,regular,2
101846,Adelia Ropero Aragón,2022-06-18,nuevo,0
105319,Maristela Melisa Reina Báez,2023-01-30,nuevo,0
109437,Tamara Luz Barco,2020-11-24,regular,2
109635,Patricio Maximino Pizarro Catalá,2021-02-17,nuevo,1
107133,Cintia Iriarte-Chacón,2024-06-17,nuevo,0
114867,Paz Julie Paniagua Cuevas,2020-10-16,nuevo,1
105615,Tiburcio Perelló Mateo,2024-04-08,nuevo,1
104743,Jose Ramón de Dominguez,2023-05-29,nuevo,0
101739,Leonardo Batlle Cobo,2024-03-22,nuevo,1
101739,Leonardo Batlle Cobo,2024-03-22,nuevo,1
114428,Zaida Expósito Gutiérrez,2022-01-27,regular,2
113639,Jose Manuel Almeida Vigil,2024-04-16,nuevo,1
107982,Gil Román Moreno Manuel,2023-01-28,nuevo,1
114652,Jose Ramón Nevado-Jaume,2023-09-20,nuevo,0
112621,Curro Badía-Zabaleta,2022-12-11,nuevo,0
106282,Benita Anabel Valbuena Amigó,2024-04-29,nuevo,0
103615,Lino Avilés Ayuso,2020-12-03,nuevo,0
110616,Belen Criado Cid,2021-04-24,nuevo,1
102109,Cosme Dominguez Mancebo,2024-05-22,nuevo,0
106715,Kike Valverde-Zapata,2020-11-07,nuevo,0
108926,Rómulo Aarón Figueras Mariscal,2020-08-25,nuevo,1
114183,Vinicio Viana Belda,2020-04-17,nuevo,0
104697,Marco Calvet Estevez,2020-07-15,regular,2
114908,Aurelia de Viñas,2020-08-30,regular,3
108281,Marita Arenas-Cuéllar,2020-04-04,nuevo,0
109658,Eutropio Priego Almeida,2022-11-16,nuevo,0
104991,Claudio Ayala Lloret,2022-03-02,regular,2
111818,Alcides Piñeiro Redondo,2020-09-30,nuevo,0
113721,Lisandro Dalmau-Galindo,2023-12-05,nuevo,0
108758,Amelia Vizcaíno Juárez,2021-02-03,regular,2
114259,Maximiliano Muñoz Arteaga,2023-05-21,nuevo,1
113346,Sol del Baena,2021-04-09,nuevo,0
104326,Chelo Calzada Miguel,2021-03-20,nuevo,1
103220,Isaac Olivera Pastor,2021-06-26,regular,2
114214,Luisa Sosa Bas,2022-07-20,nuevo,1
107092,Jimena del Corominas,2024-06-15,nuevo,0
113443,Elisa Cándida Galiano Carro,2024-02-08,nuevo,1
101194,Osvaldo de Acevedo,2021-07-23,nuevo,0
100046,Alonso del Pascual,2020-07-15,nuevo,0
114871,Griselda Juárez Milla,2023-12-26,nuevo,0
100977,Zaida Dávila Cepeda,2022-10-21,regular,2
108736,Mariano Clavero Guardiola,2022-09-17,nuevo,0
102964,Ciriaco Domínguez Madrigal,2021-03-20,nuevo,0
101585,Jenny de Anglada,2021-10-26,nuevo,1
114618,Abel Valle Vargas,2021-04-29,nuevo,1
104516,Ángela Elisabet Falcó Ordóñez,2022-01-28,nuevo,0
113294,Gonzalo Salom Querol,2021-06-21,nuevo,1
112196,Martín Duran Valdés,2020-08-31,nuevo,0
101976,Adolfo Fuertes Lozano,2021-06-24,nuevo,1
103913,Pepita Rincón Benavides,2021-11-21,regular,3
111653,Íñigo Arias Rosales,2021-07-27,nuevo,1
114942,Eloísa Gomila,2023-09-17,nuevo,0
104412,Laura Vargas-Jimenez,2023-10-14,nuevo,0
113358,Wilfredo Santiago-Barranco,2021-05-09,nuevo,0
107278,Abigaíl Guzman Roura,2024-01-26,nuevo,0
113145,Patricia Atienza,2024-05-05,nuevo,0
113137,Julio César Guardiola-Manuel,2022-02-23,nuevo,1
112127,Lino Basilio Sans Baena,2020-12-26,nuevo,0
105217,Aarón Casares-Orozco,2020-06-16,nuevo,0
102841,Guadalupe Rius Chacón,2020-12-10,nuevo,0
110514,Gonzalo Antúnez,2023-04-05,regular,2
111201,Yaiza Gordillo Pujadas,2023-04-04,nuevo,0
108290,Perlita Ródenas-Moreno,2023-08-04,nuevo,1
110919,Azahara Bermejo,2020-05-22,regular,2
105203,Segismundo Tejedor-Lorenzo,2022-05-01,nuevo,0
114411,Nicolasa Durán Casares,2023-01-06,nuevo,1
115111,Lupita Rios Montero,2022-01-07,nuevo,0
113009,Serafina Céspedes-Salinas,2024-07-29,nuevo,0
112934,Carmen Mirta Rosado Acevedo,2024-02-22,nuevo,0
109316,Paloma Cal Solís,2022-08-05,nuevo,0
104506,Leocadio Osuna Arnau,2024-07-05,nuevo,0
112780,Tito Hernando Torre,2024-01-09,nuevo,1
100038,Valero Matas Cuenca,2023-10-21,regular,2
100577,Gerónimo Garrido Farré,2021-07-09,nuevo,0
105220,Dionisia Tomas Bayón,2022-07-19,nuevo,1
103989,Emiliana Lara Vélez,2022-11-02,nuevo,0
109059,Matías Danilo Falcón Bou,2022-02-17,nuevo,0
100714,Regina Petrona Borrell Carmona,2020-08-14,nuevo,0
114953,Florinda Lago Canet,2022-04-25,nuevo,1
109989,Visitación Rey Bru,2024-06-28,nuevo,1
104355,Dalila de Mendez,2022-05-14,nuevo,1
104355,Dalila de Mendez,2022-05-14,nuevo,1
102336,Ruth Pino,2023-03-03,nuevo,1
104900,Anna Martinez Pintor,2023-04-22,nuevo,0
105136,Moreno Montoya Batalla,2020-12-29,regular,2
104421,Primitiva Bernat,2020-06-30,nuevo,0
109905,Tatiana Aura Arcos Torres,2024-02-24,nuevo,0
108395,Yaiza Castañeda Ávila,2023-05-04,nuevo,0
100882,Tristán Montero-Orozco,2024-01-11,nuevo,0
104901,Selena Mena Comas,2023-01-01,nuevo,0
100568,Ileana Alba Martí,2022-07-26,nuevo,0
107890,Eloy Andres Tejada,2022-03-16,nuevo,1
113344,Gabriel Pi Pedraza,2020-11-12,nuevo,0
102246,Martin Andrade,2022-11-13,nuevo,1
105225,Jenaro Monreal Luz,2021-09-14,nuevo,0
106889,Jose Angel del Nogueira,2021-10-07,nuevo,0
104166,Cipriano Infante Carbajo,2021-05-08,nuevo,1
108456,María Ángeles Aparicio Calvo,2021-04-14,nuevo,0
114968,Renato Cuervo,2020-04-12,nuevo,1
114410,Elisabet Recio Losada,2023-05-15,nuevo,0
108984,Custodia del Hervia,2023-07-01,nuevo,1
100240,Chita Juárez Domingo,2022-02-09,nuevo,1
105655,Eligia Calatayud,2022-03-17,nuevo,0
110127,Fabio Infante Cazorla,2022-09-16,nuevo,1
114005,Calixta Barco Sanmartín,2021-02-27,nuevo,0
107182,Juan José Piquer Rivera,2021-10-13,nuevo,0
101598,Ani Torrents-Mendizábal,2022-07-12,nuevo,0
111469,Zaida Baños-Olmo,2022-04-04,nuevo,0
109991,Benito Román Manjón Alfonso,2022-08-07,nuevo,0
101902,Vanesa de Adán,2021-02-08,nuevo,0
101181,Olegario Báez Planas,2024-06-17,nuevo,0
114856,Verónica Ródenas Baena,2022-07-03,nuevo,1
107615,Inés Violeta Exposito Iriarte,2022-05-17,nuevo,1
103728,María Izquierdo Armas,2024-08-28,nuevo,1
103728,María Izquierdo Armas,2024-08-28,nuevo,1
103007,Adelaida del Jove,2021-01-29,nuevo,0
109815,Macarena Cristina Almansa Ruiz,2020-11-19,nuevo,0
102782,Violeta Otero Olivera,2022-09-30,nuevo,0
110477,Remedios Calzada Mercader,2020-12-15,nuevo,0
108899,Hilario Sabas Guijarro Correa,2023-02-06,nuevo,0
107461,Violeta Quiroga Tur,2021-01-25,nuevo,1
114524,Modesto Barrena Gargallo,2021-08-11,nuevo,0
112069,Benjamín Cánovas Cerdá,2021-12-11,nuevo,1
114990,Irma Bustamante Mercader,2020-07-20,nuevo,0
102830,Leocadio del Castejón,2020-08-15,nuevo,0
109895,Lucila Duarte-Benítez,2021-08-09,nuevo,0
105609,María Saldaña Ríos,2023-10-29,nuevo,1
105702,Lucho Valenciano Priego,2023-04-30,nuevo,0
108575,Isaac Dan Neira Barrera,2024-03-31,nuevo,1
104220,Jordán Bellido Saavedra,2020-07-02,nuevo,0
112353,Gil Valverde Juliá,2021-04-18,nuevo,1
113342,Araceli Landa Solano,2022-08-31,nuevo,0
113300,Fidela Moles Buendía,2022-08-09,nuevo,0
105872,Natalia Eli Boada Vizcaíno,2024-03-08,nuevo,0
103414,Vito Aragonés Oller,2021-10-28,nuevo,0
105352,Filomena Ponce Cortina,2022-07-28,nuevo,1
100907,Victoriano Cobos Sabater,2022-10-06,nuevo,0
111461,Ramona Toledo Anglada,2021-09-24,nuevo,0
103694,Fulgencio Pi-Alcalá,2024-06-13,nuevo,0
114457,Ariel Mateos Ferrera,2022-05-13,regular,2
103119,Lalo del Céspedes,2021-02-01,regular,2
113812,Magdalena Cañellas Yuste,2024-04-10,nuevo,0
115202,Rosalina Albero-Garay,2023-09-28,nuevo,1
106557,Miguel Piña Sobrino,2023-11-06,nuevo,0
107748,Loida Torrents-Daza,2020-10-31,nuevo,0
105831,Pacífica Blanca Perez,2023-09-28,nuevo,1
112738,Domitila Valenzuela-Pintor,2023-12-18,nuevo,1
106806,Violeta Alicia Benitez Rebollo,2023-12-03,nuevo,0
107566,Cipriano Coca Ayala,2024-02-07,regular,2
109660,Santos Amador Berenguer Padilla,2021-01-16,nuevo,0
100296,Tamara Andrés Perera,2021-12-12,nuevo,0
106746,Sabas de Ricart,2020-06-23,nuevo,0
105169,Sabas Raya-Cárdenas,2022-04-18,nuevo,1
101786,Trinidad Ruiz Ferrero,2024-05-02,nuevo,0
104383,Eutropio Granados Baena,2021-02-10,nuevo,0
107014,María Dolores del Álamo,2020-11-03,nuevo,1
112383,Felipe Moreno Bustamante,2023-11-30,nuevo,0
101285,Ibán Mayo Pablo,2024-05-05,regular,2
107750,Geraldo Martí Castillo,2020-03-27,nuevo,0
101363,Delia Sarmiento-Calleja,2022-09-02,nuevo,0
111258,Iris Florentina Gomila Oliva,2022-04-29,nuevo,0
113163,María Cristina Adadia-Esteban,2024-01-17,nuevo,0
104455,Cristóbal Mínguez Mendez,2021-08-09,nuevo,1
115065,Hipólito Solís Llorens,2023-07-10,nuevo,0
105478,Octavio Cabeza Pérez,2023-08-25,nuevo,0
100550,Maricela Figuerola Contreras,2021-06-28,regular,2
100550,Maricela Figuerola Contreras,2021-06-28,regular,2
111898,Lourdes Escobar Tamarit,2020-08-18,nuevo,1
105774,Roxana Mata Gilabert,2020-12-06,nuevo,0
113216,Bautista Maestre Agudo,2021-11-16,nuevo,0
103575,Odalys Benito Pablo,2023-02-02,nuevo,0
107108,Bernardo Espejo,2020-09-19,nuevo,0
104353,Ruben Sanchez,2020-07-13,nuevo,0
107360,Ágata Elías Marín,2021-09-02,nuevo,1
102649,Jeremías Melero Garzón,2021-12-23,nuevo,0
102587,Noé Vila Villegas,2021-01-19,nuevo,1
108823,Victor Manuel Llopis Valle,2022-06-06,nuevo,0
104890,Florencia Patiño Oliveras,2020-09-10,nuevo,1
113591,Carolina Bastida Corral,2021-05-26,nuevo,0
103161,Tadeo Acevedo Cornejo,2023-07-01,nuevo,0
109254,María Jesús Canales Palomar,2020-04-19,nuevo,1
103183,Zaida Macías Quiroga,2021-03-14,nuevo,0
103481,Patricio Viñas Mariño,2021-09-13,nuevo,0
102378,Chita Claudia Azorin Gómez,2023-08-02,nuevo,1
109390,Marcelo Barranco Pintor,2023-11-28,regular,2
107478,Luciana Zorrilla-Vazquez,2023-05-16,nuevo,0
111371,Dorotea Tello Menéndez,2024-07-25,nuevo,0
108525,Julián Dalmau Manuel,2024-01-24,nuevo,1
107507,Octavio Salgado Fabra,2023-09-23,nuevo,0
110392,Salomé Huertas Garcés,2023-08-17,nuevo,1
106128,Cloe Ojeda,2022-05-12,nuevo,1
106142,Celso Carpio Bayón,2023-01-05,nuevo,0
112580,Odalis Sobrino Pellicer,2024-01-02,nuevo,0
114116,Florentina Aramburu Sedano,2021-10-10,nuevo,0
111542,Cornelio Garcia-Fuster,2020-03-01,nuevo,1
114848,Lorena Elodia Catalá Cárdenas,2021-01-21,regular,2
105873,Luisina Álvarez Rodrigo,2022-10-27,nuevo,1
108494,Vicente Rios Verdejo,2021-10-24,nuevo,1
107511,Benigno Fiol Estévez,2024-04-29,nuevo,1
107886,Brunilda Uribe Carro,2023-07-11,regular,3
110611,María Belén Magdalena Guardia Laguna,2020-05-26,nuevo,0
110173,Kike Perelló Rivas,2024-01-06,nuevo,0
110091,David Carrera Villaverde,2021-03-08,nuevo,1
104956,Hernando Anguita Bayona,2023-04-16,nuevo,0
101614,Eligio Lerma Acosta,2024-02-15,nuevo,0
106076,Ainoa Corbacho-Barrio,2021-01-13,nuevo,1
108490,Evelia del Lorenzo,2021-04-28,nuevo,0
113334,Juliana Meléndez Orozco,2021-02-18,nuevo,1
108970,Emelina Iniesta Zamorano,2021-01-21,nuevo,1
102016,Delfina Robles Villalonga,2022-04-16,nuevo,0
107387,Anita Gabaldón Pi,2024-06-13,nuevo,0
114882,Manola de Avilés,2022-07-23,nuevo,0
105763,Jordán Gelabert Manjón,2022-01-26,nuevo,1
114199,Zoraida Landa Martinez,2020-04-29,nuevo,1
102982,Fabricio del Font,2023-08-16,nuevo,0
102982,Fabricio del Font,2023-08-16,nuevo,0
108375,Hermenegildo de Perales,2023-03-08,nuevo,1
108375,Hermenegildo de Perales,2023-03-08,nuevo,1
109431,Anita de Montesinos,2024-08-13,nuevo,0
113602,Haydée Torrents Torrents,2023-03-17,nuevo,1
100244,Iris Cifuentes,2020-12-04,regular,3
104879,Luz Lumbreras,2023-07-17,nuevo,0
105513,Isaura Nogués Rios,2020-05-27,nuevo,0
100107,Mariana de Peñas,2022-05-28,nuevo,1
113662,Nacho Joaquín Ariño Landa,2023-07-18,nuevo,1
114642,Caridad Camacho Navas,2020-10-22,nuevo,0
113769,Luciano Bas,2020-03-22,nuevo,0
114284,Angélica Vicente,2024-08-16,nuevo,0
113814,Griselda Busquets Ferrando,2022-06-05,nuevo,0
104831,Maximiano Luque Ballester,2023-06-04,nuevo,1
107402,Vilma Jáuregui,2021-04-30,nuevo,0
113179,Ainara Guillén Rius,2024-03-13,regular,2
110261,Julia Roldán,2022-02-18,nuevo,0
104606,Teófila Paola Bosch Soler,2023-01-12,nuevo,1
108374,Fernanda Valdés Acevedo,2023-07-08,nuevo,1
106463,Elba del Otero,2022-08-01,nuevo,0
105713,Juan Francisco Agudo Ledesma,2022-01-25,nuevo,0
103961,Juan Antonio Prada Pla,2021-05-01,nuevo,0
103874,Manola Cazorla Pablo,2022-02-14,nuevo,0
100180,Anunciación Delfina Sureda Bermejo,2020-10-30,nuevo,1
106867,Lalo Almazán Villalba,2023-05-06,nuevo,0
109190,Josefina Jaume Salvà,2020-03-12,nuevo,0
108551,Alcides Alonso Bravo Pazos,2021-01-19,nuevo,0
112410,Casandra Amador,2023-05-27,nuevo,1
104794,Albert Benito Córdoba,2022-01-31,nuevo,0
107733,Salud Ortega,2020-07-30,nuevo,0
111718,Lidia Correa-Caro,2021-06-26,nuevo,0
111171,Pascuala Roda Iriarte,2023-12-18,nuevo,0
112915,Malena Cornejo Casal,2020-10-24,nuevo,0
100030,Jenaro Carbonell,2023-04-11,nuevo,0
102802,Jose de Escrivá,2021-05-20,nuevo,1
102223,Marcelo Barrios Jódar,2024-06-20,nuevo,0
102223,Marcelo Barrios Jódar,2024-06-20,nuevo,0
105900,Perlita Montaña Mata,2023-05-28,nuevo,1
102923,Rita Trinidad Haro Coello,2024-06-21,nuevo,0
114509,Primitivo Rocha-Pla,2024-07-27,nuevo,0
104665,Itziar Luján Lara,2023-03-07,nuevo,0
113348,Ceferino Martin Gomis,2021-02-28,nuevo,0
108426,Cirino Molins Cerdán,2021-04-24,nuevo,1
113802,Clotilde Gisela Garay Domingo,2022-11-04,nuevo,0
101246,Edmundo Piña Acuña,2022-09-29,nuevo,1
107692,Ágata Codina Leon,2024-08-15,nuevo,1
107692,Ágata Codina Leon,2024-08-15,nuevo,1
104054,Ibán Osuna Cortes,2022-12-19,regular,2
113485,Felicidad del Mateo,2020-06-01,nuevo,0
104413,Itziar Torrents Valderrama,2024-06-21,nuevo,0
100109,Bernardo Cuevas Cañizares,2020-05-09,nuevo,0
111610,Hortensia Pintor Montoya,2020-07-30,nuevo,1
105924,Carmelita Florina Albero Gordillo,2022-04-19,nuevo,1
113992,Calista del Cabeza,2022-09-27,nuevo,0
108058,Eliana Rivas Perelló,2022-01-10,nuevo,0
111669,Bárbara Carpio Antón,2022-06-16,nuevo,1
114632,Augusto Marí Narváez,2024-04-05,nuevo,0
106500,Carlos Soto,2023-12-15,nuevo,1
104395,,2024-01-18,nuevo,1
109114,Gregorio Bayo-Flores,2022-08-14,nuevo,0
113189,Alondra Alcázar Seco,2020-07-28,nuevo,1
112918,Osvaldo Molins Riera,2020-11-29,nuevo,0
110475,Yaiza de Valero,2024-06-20,nuevo,1
104349,María Teresa Arévalo Ferrer,2022-12-26,nuevo,0
107232,Leticia Nuñez-Pagès,2020-11-02,nuevo,0
113874,América Tello Peláez,2022-12-09,regular,2
108049,Alejandra Milla Verdú,2023-03-24,nuevo,0
115139,Kike Mulet Robles,2022-09-30,nuevo,0
113469,Graciano Mayoral Alvarado,2020-12-27,nuevo,0
107625,Ciro Villaverde-Yáñez,2021-01-27,nuevo,0
105961,Fortunato Ferrándiz Márquez,2021-06-22,regular,2
110081,África Solana Menendez,2023-03-14,nuevo,0
106862,Marc Cruz Olmedo,2021-01-18,nuevo,1
100974,Filomena Ibarra Agullo,2021-06-29,nuevo,0
105408,Gaspar Amador,2020-05-30,nuevo,0
104300,Martirio Castillo Méndez,2021-11-24,nuevo,0
113230,Félix Benavent Torrecilla,2024-02-22,nuevo,0
103654,Anunciación Casares Llorente,2020-04-24,nuevo,0
111948,Zaira Izquierdo Carreras,2024-03-03,nuevo,1
112607,Joan Puente Castrillo,2021-04-14,nuevo,0
107857,Vanesa Cerezo,2022-05-10,nuevo,0
103089,Adoración Acevedo,2020-04-28,nuevo,0
105901,Lalo Tejera Valencia,2021-02-11,nuevo,0
106115,Valerio Pinilla-Pareja,2022-05-22,nuevo,0
114030,Maricela Fonseca Alvarez,2023-01-07,nuevo,1
114504,Alejo Perera Tur,2022-04-13,nuevo,0
106519,Iker Robles Pizarro,2020-04-14,nuevo,0
100011,Lisandro Rey Riera,2021-05-23,nuevo,0
102648,Valentina Pastor Chamorro,2023-01-02,nuevo,0
113264,Toribio Ramirez Neira,2020-10-05,nuevo,0
101427,Remedios Figueroa Somoza,2022-10-18,regular,2
112567,Alejo Díez-Gallart,2021-12-17,nuevo,0
103266,Ambrosio Figueras Muñoz,2024-01-21,nuevo,1
114416,Fabiana del Alcaraz,2022-10-09,nuevo,0
112401,Aura Peral Dominguez,2021-11-20,nuevo,1
104815,Ciríaco Fonseca,2024-03-18,nuevo,0
108766,Olga Zurita Arrieta,2021-01-26,nuevo,0
110024,María Ángeles Aguado Barral,2023-03-29,nuevo,0
101216,Isabela Ávila Roldán,2021-02-10,nuevo,0
112193,Casandra Jódar Ayala,2023-03-09,regular,3
114422,Saturnino Pastor Roca,2024-05-01,nuevo,0
113785,Abril Bello-Oliveras,2021-08-15,nuevo,0
113867,Dionisia Santamaría,2022-08-08,nuevo,1
113450,León Farré Roman,2021-07-24,regular,2
108611,Ezequiel Roda Gordillo,2023-10-19,nuevo,0
100324,Maricruz Abellán Mercader,2021-03-31,nuevo,0
101345,Isa Tamarit Céspedes,2022-10-18,nuevo,0
101345,Isa Tamarit Céspedes,2022-10-18,nuevo,0
104458,Fabiana Sarmiento Grau,2024-08-14,nuevo,1
112636,Joan Feijoo Morata,2022-04-29,regular,2
100910,Julie Mata-Coello,2022-09-29,nuevo,1
111584,Malena Albero Camino,2021-06-30,nuevo,1
106952,Basilio Cáceres-Márquez,2020-06-24,nuevo,0
103400,Carmelita Bello Palacio,2022-08-24,nuevo,1
100497,Juana Riera,2021-07-02,regular,2
109706,Sebastian Gordillo Lloret,2022-12-08,nuevo,0
113293,Eustaquio Vives,2021-11-23,nuevo,1
110677,Urbano Gonzalez Gabaldón,2024-06-28,regular,2
110227,Vidal Valls Roig,2020-08-27,nuevo,1
113299,Telmo Agullo,2023-08-07,regular,2
103471,Odalys Naranjo Pujol,2021-12-06,regular,2
113673,Ligia Rosado Cañas,2023-12-31,nuevo,0
107380,Judith Mena Neira,2020-05-07,nuevo,0
104366,Almudena Anglada-Cáceres,2022-10-26,nuevo,0
110752,Isa Baena Julián,2023-10-02,nuevo,0
101196,Abel Expósito Morán,2022-09-16,nuevo,1
114909,Eduardo Juan Luis Coll Rovira,2020-07-17,nuevo,0
104954,Bartolomé Silva Prada,2024-04-19,nuevo,1
101424,Domitila María Luisa Navarro Malo,2022-02-06,nuevo,0
105922,Saturnino Juan Luis Sanjuan Piña,2020-08-03,nuevo,0
100257,Benigna Marcos Portero,2023-01-18,regular,3
113120,Jacobo Gerardo Feliu Murillo,2023-03-17,regular,2
109415,Carla del Bautista,2024-03-25,nuevo,0
100289,Xavier Cadenas-Almansa,2020-05-06,nuevo,0
106757,Claudia Escolano Prieto,2020-07-09,nuevo,1
106757,Claudia Escolano Prieto,2020-07-09,nuevo,1
110692,Salomón Hernández,2024-02-02,nuevo,0
108901,Rafaela Gimeno Infante,2022-12-09,nuevo,1
110472,Edgardo Jódar Blazquez,2020-04-27,nuevo,1
108531,Roque Huertas Nicolau,2022-02-07,nuevo,0
104485,Calista Perales Rozas,2024-02-04,nuevo,1
114760,Héctor del Gibert,2023-10-29,nuevo,0
114673,Claudia Giralt-Cerdán,2020-12-18,nuevo,0
106391,Aurora Gonzalo Carretero,2020-04-02,regular,2
107021,Feliciana Milla Maestre,2022-05-04,regular,2
101233,Nerea Gracia Pascual,2020-04-04,nuevo,1
114413,Basilio de Manjón,2022-05-11,nuevo,0
106001,Ana Belén Pineda Sanmiguel,2023-05-13,nuevo,1
102676,Efraín Atilio Miguel Piña,2022-01-08,nuevo,0
101113,José Sarmiento Carmona,2024-04-12,nuevo,0
108411,Alfredo Esteban Tomas Perez,2023-04-08,nuevo,0
107508,Juan José Nicolau Benítez,2023-12-14,nuevo,1
106428,Nacio Serra,2022-02-21,regular,2
106428,Nacio Serra,2022-02-21,regular,2
100268,Encarnación Perelló Mateos,2021-06-20,nuevo,1
111159,Hermenegildo Amaya Vera,2021-06-04,nuevo,1
107002,Agustín Larrea,2021-06-30,nuevo,0
105748,Dorita Jimenez-Tejedor,2021-11-21,regular,2
109227,América Arnaiz,2021-03-01,nuevo,0
113837,Prudencia de Arévalo,2023-09-15,nuevo,1
103049,Ana Ródenas Martorell,2024-02-17,nuevo,0
108204,Esperanza Rocamora-Hervia,2022-07-10,nuevo,1
115241,Felix Coll Chamorro,2020-09-19,nuevo,0
101380,Irene Mónica Pedro Sevillano,2023-05-28,nuevo,1
105614,Begoña Ariño Mendez,2023-05-23,nuevo,1
111966,Loreto Mateu Martin,2020-03-13,nuevo,1
112597,Petrona Cano,2023-03-25,nuevo,0
104760,Hilario Macias Villalobos,2024-02-14,regular,2
110843,Javiera de Santamaría,2020-04-20,nuevo,1
114967,Nerea Santos Benítez,2020-03-22,regular,2
107077,Abilio Gómez Borrego,2021-08-08,nuevo,0
103791,Miguela del Garriga,2023-04-10,nuevo,1
100621,Alejo Blanca Ariza,2022-10-19,nuevo,0
100653,Virgilio Balaguer Gras,2021-02-22,nuevo,0
105684,Ricarda Madrigal Vélez,2021-02-18,nuevo,0
108421,Noelia Vazquez Garcia,2023-11-07,nuevo,0
103474,Máximo Llopis Muñoz,2022-03-09,nuevo,1
112817,Fausto Pineda Priego,2022-04-26,nuevo,0
105441,Ruy Jimenez Peña,2023-06-05,nuevo,0
110834,Adelia Cuevas-Cabañas,2022-02-02,nuevo,1
105020,Carlota Estrada Herranz,2022-02-10,nuevo,1
107725,Albano Farré Cases,2023-09-14,regular,2
112204,Gisela Adán Pascual,2024-03-23,nuevo,0
102517,Gisela Gibert Ballesteros,2023-02-10,nuevo,1
107935,Diego Cebrián Antúnez Pablo,2021-09-21,nuevo,1
111925,Manolo Ponce-Iñiguez,2021-12-22,nuevo,0
107629,Erasmo Losada Garriga,2021-12-03,nuevo,1
113815,Salud Pol Muñoz,2022-09-14,nuevo,0
108543,Ángeles Molins,2024-08-12,nuevo,0
114636,Sabas Peñas Chamorro,2024-02-23,regular,3
110283,Gracia Recio Pujadas,2020-06-06,nuevo,0
103604,Eleuterio Giralt Rey,2023-09-22,nuevo,1
113008,Calisto Cardona-Chamorro,2023-02-06,nuevo,0
114791,Encarna Diego Ibarra,2021-11-22,nuevo,0
105903,Tito Talavera,2022-06-01,nuevo,0
109309,Odalis del Acedo,2022-10-28,nuevo,1
101507,Fanny Almeida,2020-12-13,nuevo,1
106558,Jose Francisco Jose Vallés Gargallo,2024-06-01,nuevo,0
113498,Amado Bernad-Nicolás,2020-10-15,nuevo,0
105689,Sebastián Juliá Menéndez,2021-01-14,nuevo,0
112072,Glauco de Quevedo,2022-01-15,nuevo,0
112857,Custodio Tejero Ripoll,2022-07-31,nuevo,0
111485,Fulgencio Vilalta Escribano,2024-01-14,regular,2
115177,Ema Larrea Carreño,2022-09-03,nuevo,1
104891,Ruth del Arévalo,2024-04-23,nuevo,0
100731,Úrsula Alberdi Duque,2024-06-22,nuevo,0
105993,Seve Moles Bellido,2020-04-30,nuevo,0
112831,Pablo Escamilla Escalona,2021-09-18,nuevo,0
114549,Judith Guerra Tapia,2024-03-03,nuevo,0
108863,Sandra Julie Bonilla Pozuelo,2021-09-07,nuevo,0
101746,Camila Alvarez Mariscal,2022-09-05,nuevo,1
101746,Camila Alvarez Mariscal,2022-09-05,nuevo,1
103854,Cecilio Ayala Almeida,2022-03-03,nuevo,1
114109,Jordi Fernández Enríquez,2024-03-23,nuevo,1
105222,Gema Sancho Blasco,2021-02-05,nuevo,1
115186,Violeta Gargallo Castells,2022-04-02,nuevo,0
102710,Armida Esteban Cuadrado,2021-04-12,nuevo,1
107299,Anselmo Benavides,2020-12-19,nuevo,0
103389,Francisco Javier Montoya Villalobos,2020-05-10,regular,3
112455,Édgar Quintero Muro,2022-05-09,nuevo,0
113513,Amado del Velázquez,2021-03-03,nuevo,1
108920,Celestina Puente Rueda,2021-05-17,nuevo,0
105596,Adelardo Cerdán Coronado,2020-05-02,nuevo,1
113247,Jaime Victoriano Álvaro Somoza,2024-01-30,nuevo,0
108638,Silvio Seguí Anguita,2024-05-28,nuevo,1
103127,Caridad Arnau Farré,2023-01-08,nuevo,0
101157,Sergio Alonso Daza Chaves,2024-08-17,nuevo,1
113456,Teófila Santos Anaya,2024-08-15,nuevo,0
100033,Esteban de Llobet,2020-06-04,regular,2
110507,Toño Perera,2024-05-22,nuevo,0
104702,Elpidio Piñeiro Planas,2022-12-04,regular,2
104702,Elpidio Piñeiro Planas,2022-12-04,regular,2
101337,Miguel Ángel Acedo Téllez,2022-11-08,nuevo,0
114052,Lola Chaves Barberá,2022-12-07,nuevo,1
105788,Marino Prats,2024-08-18,nuevo,0
113337,Isabel Sosa Barco,2023-04-12,nuevo,0
109160,Gracia Benavent Marin,2023-11-19,nuevo,1
101611,Vinicio Ortiz-Piñeiro,2020-07-07,nuevo,1
100940,Charo Priscila Higueras Fernández,2022-08-02,regular,2
107812,Palmira de Llano,2023-10-16,nuevo,0
104024,Vito Gordillo-Aznar,2022-04-05,nuevo,1
112056,Cruz Diéguez Perea,2023-09-24,nuevo,1
111586,Socorro Zorrilla Canals,2020-08-09,nuevo,0
100746,Enrique Cabo Bru,2021-01-17,nuevo,0
104084,Jerónimo Larrañaga Gallart,2023-02-11,regular,2
107439,Isaura Aparicio,2024-04-29,nuevo,0
102878,Lucho José Ángel Feliu Miró,2020-04-11,nuevo,1
105370,Elvira Machado Garriga,2020-03-25,nuevo,0
101742,Guiomar Zamora-Cuéllar,2024-04-19,nuevo,0
109624,Edmundo Fiol Villalonga,2021-12-09,nuevo,0
102652,Genoveva Pereira,2022-08-24,regular,2
105504,Atilio Benet Pablo,2024-02-09,nuevo,0
110980,Vanesa Egea Carro,2022-07-28,regular,2
103003,Reyna Olivé Izaguirre,2022-07-26,nuevo,1
101822,Primitiva Mariscal Corbacho,2023-12-17,nuevo,1
109035,Saturnino Garrido Lucas,2020-09-10,nuevo,0
101331,Valentín Olivé Diez,2024-02-12,nuevo,0
114588,Paulino Ruiz Orozco,2021-04-23,nuevo,1
100958,Paula Larrea Barroso,2021-11-05,nuevo,0
102111,Eladio Costa Donaire,2022-09-12,nuevo,0
106819,Corona Barriga Almansa,2022-01-21,nuevo,1
111977,Anunciación Alberola Carvajal,2020-03-05,regular,2
104692,Enrique Carrasco Piquer,2022-09-09,nuevo,0
101661,Patricio del Bauzà,2024-04-26,nuevo,0
114377,Diego Nicolás Baró Pina,2024-07-21,nuevo,0
113511,Matilde Cañas Robles,2021-12-25,nuevo,0
113511,Matilde Cañas Robles,2021-12-25,nuevo,0
107408,Eloísa Acosta-Olivé,2023-04-29,nuevo,1
112311,Hortensia Nebot Echeverría,2022-04-20,nuevo,0
113866,Teodoro Tamayo Barba,2021-03-31,regular,2
100656,Alba Pacífica Conde Osuna,2020-08-25,nuevo,1
112510,Felipe Miguel Ángel Espejo Herrero,2023-08-22,regular,2
111227,Guadalupe Barco,2021-08-27,nuevo,1
114518,Francisco Jose Adadia Patiño,2021-03-09,nuevo,1
110464,Ismael Garrido Torrijos,2023-03-04,nuevo,0
110464,Ismael Garrido Torrijos,2023-03-04,nuevo,0
114419,Chus Lastra Bernat,2021-04-29,nuevo,0
110937,Miguel Morales Mosquera,2022-05-16,nuevo,0
102200,Anastasio Valenciano Álvaro,2023-03-15,nuevo,1
102961,Aristides Moll Asenjo,2020-04-07,nuevo,1
104641,Ana Belén Malo Vidal,2022-07-30,nuevo,0
107079,Goyo Llorente,2024-01-23,nuevo,0
114354,Augusto Cazorla Bayón,2023-07-13,nuevo,0
112982,Clarisa Virginia Sacristán Pagès,2020-08-29,nuevo,0
105913,Alex Ros Gascón,2020-09-20,nuevo,0
101406,Jose Antonio Dominguez,2021-11-18,nuevo,0
113724,Macaria Mariana Marí Hoz,2021-06-11,nuevo,0
102626,Ester Cazorla-Murillo,2020-04-11,nuevo,0
109937,Luciana Gordillo Tomas,2021-09-16,nuevo,1
113548,Hortensia Carretero Higueras,2021-09-19,nuevo,1
115117,Ruperta Murcia Puga,2020-07-24,nuevo,0
108291,Kike Delgado Aranda,2023-07-24,nuevo,1
103149,Corona Crespo Robles,2024-05-04,nuevo,0
109288,Zaira Arroyo Roura,2023-09-06,nuevo,0
102874,Prudencio del Clavero,2024-02-05,nuevo,0
103917,Alejandro del Robledo,2022-04-14,nuevo,1
114997,Virgilio Morcillo Puente,2022-06-04,nuevo,0
105938,Cándido Baños Alegre,2021-05-26,nuevo,0
107071,Gilberto Sotelo Palomar,2020-10-16,nuevo,0
110169,Mercedes de Duarte,2022-07-10,nuevo,0
100077,Jose Ignacio Borja Castilla,2021-08-06,nuevo,0
105196,Yaiza Recio Ávila,2024-06-15,nuevo,1
107739,Osvaldo de Amigó,2022-08-11,nuevo,1
109321,José Ángel Azorin Garriga,2020-06-24,nuevo,0
114465,Dalila Ariadna Machado Marti,2022-05-20,nuevo,0
104948,Trinidad Elorza Briones,2024-02-10,nuevo,0
100436,Viviana Navarro Campos,2022-08-29,nuevo,1
102261,Miguela Adadia-Millán,2021-01-03,regular,2
102261,Miguela Adadia-Millán,2021-01-03,regular,2
101776,Cristina Rosales Sierra,2021-11-30,nuevo,0
112018,Eulalia Crespo Méndez,2021-05-03,nuevo,0
110716,Rocío Pozuelo Peña,2021-06-12,nuevo,0
100094,Eugenio Sanchez,2021-11-01,nuevo,0
113633,José Luis Lamas-Castañeda,2020-08-14,nuevo,1
110589,Rosaura Zapata Rodriguez,2023-01-08,nuevo,0
104008,Delia Mora Cabanillas,2022-07-06,nuevo,1
107976,Tamara Abascal Jerez,2024-01-14,nuevo,1
110026,Ágata Ros Rivera,2022-03-20,nuevo,0
111743,Matilde Badía-Saez,2022-07-23,nuevo,0
104811,Feliciana de Pujadas,2023-01-25,nuevo,1
103182,María Montes-Español,2024-04-04,nuevo,1
111963,Tiburcio del Esparza,2023-09-10,nuevo,1
101077,Juan José Fernández Palma,2024-03-03,nuevo,0
102339,Lorenzo Bustamante Velasco,2021-05-25,nuevo,1
108705,Aránzazu Losa Hidalgo,2021-02-07,nuevo,0
111039,María Teresa Azcona,2024-02-28,nuevo,0
101886,Alberto Fabregat Gual,2020-11-11,nuevo,0
106378,Perlita Bustos-Andres,2024-02-08,nuevo,0
110255,Sol Flor Ramón,2022-06-25,regular,2
104324,Natalia Royo Zorrilla,2024-07-21,nuevo,0
104950,Xavier Barco Jove,2022-02-10,nuevo,1
113034,Diego Manzano Pintor,2023-04-08,nuevo,1
106594,Maricruz Blanco Flores,2022-06-25,nuevo,0
106594,Maricruz Blanco Flores,2022-06-25,nuevo,0
112949,Carmela Solera,2023-05-04,nuevo,1
110364,Obdulia Jenny Prado Valcárcel,2023-09-18,nuevo,0
102760,Maximiliano Rufino Prada Alarcón,2023-01-05,regular,2
110630,Flavio del Gabaldón,2023-11-03,nuevo,0
105803,Narcisa Cabello,2023-07-28,nuevo,0
104031,Ramona Gomez Casado,2021-11-28,nuevo,0
103353,Luz Arrieta-Roig,2020-10-01,nuevo,1
101438,Jonatan Valcárcel Parejo,2021-12-23,nuevo,1
101234,Marisela Calleja Borrego,2024-08-12,nuevo,0
108675,Fabiana Ángel Gallo,2023-08-17,nuevo,0
104282,Ruperta Francisca Montes Berrocal,2022-07-01,nuevo,1
112402,Néstor Abellán Plana,2022-09-15,nuevo,1
107251,Mercedes Sala-Mena,2021-07-09,nuevo,0
103103,Cornelio Atienza,2020-06-28,nuevo,1
102466,Gala Mar Riquelme Cal,2022-11-26,regular,2
107147,Vera Mariño Corbacho,2023-12-04,nuevo,1
106404,Eustaquio Sotelo Plaza,2023-11-26,nuevo,0
106404,Eustaquio Sotelo Plaza,2023-11-26,nuevo,0
105405,Matilde Pomares,2021-02-22,nuevo,1
107325,Ainara Montserrat Ponce Blázquez,2020-03-12,nuevo,1
100450,Asunción Mercader-Márquez,2023-04-23,nuevo,0
113292,Nazario Cisneros Niño,2020-03-08,nuevo,1
106111,Daniel Jordán Madrigal Redondo,2022-04-19,nuevo,0
103622,Demetrio Manzanares-Carrasco,2023-07-07,regular,2
102318,Paloma Hierro Gil,2022-10-06,regular,2
109603,Nicanor Alberto Iñiguez,2023-10-13,nuevo,0
102186,Atilio Mena Villa,2023-11-01,nuevo,1
104478,Serafina Ruiz Cuéllar,2024-04-15,nuevo,1
101891,Edelmiro Hurtado-Sastre,2021-04-23,nuevo,1
101156,Teo Roig Hernandez,2024-06-02,regular,4
107636,Odalis Viana Campillo,2020-09-13,nuevo,0
113736,Cristian Sanchez,2021-12-29,nuevo,0
110582,Ulises Madrid Corominas,2023-02-14,nuevo,1
101729,Tania Valbuena,2022-06-25,nuevo,1
111321,María Carmen Abigaíl Nicolau Vigil,2021-04-28,nuevo,0
111157,Yolanda de Valbuena,2021-12-15,nuevo,0
102998,Maribel del Sola,2023-06-12,nuevo,1
112453,Amílcar Casares Ferrera,2024-08-16,nuevo,0
105350,Jessica Gibert,2022-05-18,nuevo,0
111676,Baudelio Alsina Paniagua,2023-06-25,nuevo,1
109101,Dani Exposito Vargas,2020-03-08,nuevo,0
104393,Emigdio Girona-Gras,2021-08-02,nuevo,0
108824,Donato Cárdenas Bayón,2023-10-17,regular,3
102504,Adelina Palomares Plana,2023-11-08,regular,2
112623,Pepito Soriano Arce,2023-06-23,nuevo,1
102464,Aureliano Hernando Lloret,2022-09-15,nuevo,0
112089,Encarna del Alvarez,2022-08-01,nuevo,0
102847,Judith Artigas,2020-07-21,nuevo,0
109631,Severiano Murillo Moya,2021-01-11,nuevo,0
105475,Adrián Barbero Casas,2021-01-12,nuevo,0
101613,Victoriano Cuervo-Barriga,2022-07-30,nuevo,0
110684,Eugenio Robledo,2021-06-24,nuevo,1
102192,Nacho Hervás Jódar,2023-06-06,nuevo,1
101730,Maribel Guardiola Campo,2022-08-15,nuevo,0
104825,Anabel Vicens Marí,2021-05-12,nuevo,1
114380,Mar Falcó Teruel,2023-10-14,nuevo,0
111602,Encarnita Ribes Manuel,2021-02-04,nuevo,0
112969,Nuria de Duarte,2023-06-16,nuevo,0
108501,Sara Jimenez Torrijos,2022-04-07,nuevo,0
109995,Dalila Cantón Pacheco,2021-09-04,nuevo,0
106725,Dimas Cid Rosales,2024-01-03,regular,2
115229,Teodora de Espada,2020-12-22,nuevo,0
107294,Albino Conde Verdú,2023-11-23,nuevo,1
107291,Calisto Iñiguez Múñiz,2021-07-16,nuevo,1
112032,Amalia Sacristán Torrents,2024-05-21,nuevo,0
104048,Toni Barbero Molina,2023-09-24,nuevo,0
105949,Rodolfo Abril-Téllez,2021-11-25,nuevo,0
108700,Sosimo Dionisio Montesinos Higueras,2020-04-16,nuevo,1
112647,Ovidio de Araujo,2021-01-30,nuevo,0
107961,Rosa María de Pineda,2021-12-22,nuevo,1
105863,Alejandro Pont Olmedo,2020-07-02,nuevo,1
104241,Jorge Saavedra Ferrando,2022-10-31,nuevo,1
113936,Ángeles Manjón Ballesteros,2022-03-02,nuevo,0
111203,Anunciación Bauzà Sáenz,2021-04-16,nuevo,0
102756,Nidia Cazorla Calzada,2022-10-12,regular,2
102493,Blas de Arnau,2020-08-19,nuevo,0
103140,Valentín de Codina,2024-06-01,nuevo,1
112489,Zoraida Gimeno Monreal,2024-07-01,nuevo,1
112489,Zoraida Gimeno Monreal,2024-07-01,nuevo,1
105958,Heriberto Osvaldo Torrecilla Amo,2021-08-13,nuevo,0
105235,Georgina Gilabert Paredes,2024-03-29,regular,2
114387,Eligio Poncio Ojeda Valero,2022-11-01,nuevo,1
103273,Luna Heras Montserrat,2021-05-29,regular,2
113263,Glauco Múgica-Quero,2020-09-01,nuevo,0
105274,Luís Bru Izquierdo,2020-07-04,nuevo,0
106462,Juan Manuel Gil Barba,2022-09-04,regular,2
102890,Cecilio Salgado-Domínguez,2022-02-05,nuevo,0
114970,Otilia de Peña,2024-04-07,nuevo,1
100789,Pablo Calderón Hervás,2024-05-26,nuevo,1
108962,Virgilio Pinedo Roselló,2024-08-17,nuevo,1
106182,Édgar Arellano,2023-04-17,regular,2
110561,Esteban de Araujo,2024-06-11,nuevo,0
114763,Vito Millán Garcia,2021-03-03,nuevo,0
110243,Tiburcio Criado Alcántara,2023-04-03,nuevo,1
113953,Fidel del Carrasco,2024-07-07,nuevo,1
110780,Ainoa Castejón Castrillo,2024-02-07,nuevo,0
105445,Alicia Bou Morata,2021-08-31,nuevo,1
106713,Anacleto José Carbó Amor,2021-10-25,nuevo,0
103378,Sebastian Valverde-Galvez,2020-03-31,nuevo,0
104528,Dimas Evaristo Carro Durán,2020-03-08,nuevo,0
113303,Graciano Ismael Cid Valera,2022-08-09,nuevo,0
101781,Socorro Evangelina Pozuelo Quero,2022-11-15,nuevo,0
109820,Ana Sofía Alarcón,2022-03-16,nuevo,0
102960,Teresita Enríquez Llamas,2022-04-04,nuevo,1
105583,Luís Matas Riba,2020-05-09,nuevo,0
115041,Maximiliano Real-Jordá,2023-08-09,nuevo,0
100350,Xavier Rubio Bauzà,2023-04-12,nuevo,0
111104,Araceli Mas Donaire,2021-01-28,nuevo,1
114928,Ambrosio Andrés Felipe Herrero Pavón,2020-10-03,nuevo,1
103350,Esmeralda de Pedro,2024-03-05,regular,2
100043,Lupita de Lobato,2023-08-02,nuevo,0
100802,Irene Páez-Morante,2024-01-07,nuevo,0
103530,Toribio Diaz Blanes,2021-06-13,nuevo,0
100982,María Fernanda Calatayud Julián,2024-04-14,nuevo,1
103459,Amancio Agustín Barón,2022-06-29,nuevo,1
106370,Lupita Gomis Sanchez,2024-06-05,nuevo,1
106089,Mirta Solé Juan,2021-11-22,nuevo,0
105174,Candelario Sola,2021-03-12,nuevo,1
113603,Ángel Gaya Cervera,2024-06-13,nuevo,0
108407,Jose Luis Salvà Santos,2021-06-09,nuevo,0
111843,Ariel Mínguez-Hoz,2021-07-18,nuevo,0
108650,Cándida Fabregat Elorza,2024-04-13,nuevo,0
103092,Epifanio Cortes Aragonés,2024-04-06,regular,4
112358,Jennifer Robles Piñeiro,2021-03-11,nuevo,1
108388,Nilda Arroyo Aranda,2023-01-29,nuevo,1
102757,Rosalva Sola Sanchez,2021-12-03,regular,2
107744,María Dolores Sabina López Espada,2021-07-16,nuevo,0
100917,Aura Soriano,2020-05-25,nuevo,0
104618,Régulo de Fonseca,2021-01-04,nuevo,0
101617,Tania Perla Murillo Varela,2021-07-03,nuevo,0
113503,Fito Torrent-Escudero,2020-06-03,nuevo,0
107525,Onofre Barreda-Marín,2023-06-09,nuevo,1
102147,Juan Pablo Arnau Echeverría,2021-10-12,nuevo,0
107747,Severo Bayo Valera,2021-01-14,nuevo,1
101834,Samuel Perera Rivero,2021-12-11,nuevo,1
106437,Teófila Jaén Luján,2022-11-13,nuevo,0
109919,Gustavo Leoncio Caro Román,2022-03-14,nuevo,1
105956,Adán Valentín Abascal,2021-02-22,nuevo,0
114034,Amador Medina Peñalver,2022-04-26,nuevo,0
104715,Octavia Teruel,2023-06-17,regular,2
109249,Aroa Bermejo Sandoval,2023-11-03,nuevo,1
110075,Benita Calzada Molins,2022-02-16,nuevo,0
111194,Isaac Tena-Verdejo,2024-02-05,nuevo,1
100783,Manu Roda Mesa,2021-09-30,nuevo,0
113083,Eligio Múgica Juárez,2022-10-24,nuevo,1
114335,Juan Carlos Cornelio Hoz Casals,2023-09-18,nuevo,1
111086,Serafina Páez Clemente,2022-11-01,nuevo,0
109707,Ester del Cáceres,2022-03-03,nuevo,0
112761,Cecilio Villa Téllez,2022-05-21,nuevo,1
112225,Alonso Conesa Viñas,2021-05-01,nuevo,0
110086,Lola del Olmo,2020-10-26,nuevo,0
109381,Renata Mayo Carranza,2020-06-10,nuevo,1
104839,María Belén Carro,2023-09-21,nuevo,0
102402,Chus Ureña Pina,2021-12-16,nuevo,1
109119,Úrsula Pedrosa Blanes,2024-04-07,nuevo,0
104206,Sigfrido Olmo Gallo,2022-07-23,nuevo,0
104642,Palmira Celia Torre Hervia,2023-06-10,nuevo,1
102153,Andrea Escobar Álamo,2022-03-12,nuevo,1
108440,Buenaventura Durán Mora,2022-10-08,nuevo,1
102948,Toni Vicente Gordillo Borrell,2021-12-02,nuevo,1
109935,Teófilo Amílcar Solana Pedraza,2022-06-26,nuevo,0
107742,Lisandro Diez Tormo,2022-06-30,nuevo,1
103879,Otilia Olivera Fernández,2020-09-10,nuevo,0
112595,Vicenta Amor Rovira Bonilla,2022-03-07,nuevo,0
112361,Azahar Valero-Ángel,2022-04-01,nuevo,1
105800,Marisa Hierro-Campoy,2022-05-07,nuevo,1
111290,Eloísa Reina Mariscal,2022-04-05,nuevo,0
106628,Reynaldo Olivera Bermejo,2022-11-12,nuevo,0
105698,Amaro España-Estévez,2020-04-09,nuevo,0
106766,Demetrio Palmer Moreno,2022-04-04,nuevo,1
103024,Noa Alemán Pellicer,2020-12-14,regular,2
107076,Javi Navarro Tolosa,2022-01-28,nuevo,0
103542,Sancho Cerro Palomares,2023-05-26,nuevo,0
103280,Isabel Corbacho-Oliveras,2023-01-25,nuevo,1
106949,María Dolores Rozas Torrens,2021-10-09,nuevo,0
110765,Chema Vilanova-Tejada,2022-08-07,nuevo,0
114824,Martin Campillo Acedo,2023-03-14,nuevo,0
109085,Paulino Peinado Pinto,2024-06-01,nuevo,0
106071,Florencia Jaume Macias,2020-07-15,nuevo,1
102805,Adelaida Alcalá-Tomé,2024-06-14,nuevo,1
107714,Loreto Collado Baquero,2023-03-21,nuevo,0
102212,Bárbara Galiano-Ávila,2021-08-17,regular,2
113776,Ruth Menéndez Rocha,2024-08-01,nuevo,1
109258,Clara Palomo,2021-06-24,nuevo,0
111406,Leopoldo Puig Gálvez,2020-09-16,nuevo,0
103134,Geraldo Jaén Muro,2023-12-12,nuevo,1
111988,Juan Luis Fuente,2023-06-04,nuevo,0
113530,Ildefonso Pardo Osorio,2024-02-21,nuevo,1
107338,Chucho Acosta Catalán,2021-08-24,nuevo,1
104321,Jorge Villanueva Valenzuela,2022-05-08,nuevo,0
100921,Ernesto Marco Vaquero,2022-01-20,nuevo,1
100921,Ernesto Marco Vaquero,2022-01-20,nuevo,1
102108,Adelardo Evaristo Infante Sarmiento,2020-03-04,nuevo,1
105129,Jose Antonio Amaya Rosselló,2022-01-05,nuevo,0
110022,Jerónimo Robles Luís,2022-04-09,nuevo,0
112931,Crescencia Calatayud Palomino,2021-10-13,nuevo,0
103974,Celestina de Mir,2020-05-24,nuevo,0
105829,Buenaventura Octavio Jaume Suarez,2022-01-09,nuevo,0
103035,Abraham Zamorano-Merino,2024-02-01,nuevo,0
107158,Rodolfo Manjón Pedro,2022-12-26,nuevo,0
110110,Febe Nilda Valero Pulido,2023-11-24,nuevo,0
104664,África Durán Cáceres,2024-04-26,nuevo,1
108019,Agustina Iris Asensio Rosado,2023-01-05,nuevo,1
103287,Elba Riquelme Clemente,2024-02-27,nuevo,1
102368,Ale Figueras Gallardo,2022-05-04,nuevo,1
109532,Amaro Carlito Marin Prat,2020-05-18,nuevo,0
113805,Jesús Amores Quirós,2021-06-05,nuevo,0
100441,Patricio Vázquez Moll,2020-06-28,nuevo,1
113121,Teófila Seco Bastida,2021-12-23,nuevo,1
112521,Cebrián Rubio Valdés,2023-01-09,nuevo,0
107987,Hortensia Canales,2022-02-05,nuevo,0
107987,Hortensia Canales,2022-02-05,nuevo,0
104693,Carolina Clavero,2022-01-31,nuevo,0
113939,Guiomar Patiño Martin,2022-09-25,nuevo,1
108129,Baudelio Merino Bustamante,2022-05-22,nuevo,0
110225,América Galván Esteve,2020-10-30,nuevo,0
101225,Bartolomé Casal Mínguez,2021-03-24,nuevo,0
109759,Leoncio Oliva Alegria,2020-07-07,nuevo,0
102593,Rosaura Correa Jáuregui,2021-08-19,nuevo,0
103248,José Fuertes Quintana,2023-07-04,nuevo,1
102813,María Manuela Valderrama Villalonga,2023-03-11,regular,2
113087,Angelita Santamaría Borrás,2020-04-18,nuevo,1
108825,Custodio de Pizarro,2023-05-19,regular,2
108553,Cristina Páez-Mateu,2023-08-14,nuevo,1
102692,Clímaco Reina Rocamora,2021-06-26,regular,4
104133,Ámbar Vilalta Arnaiz,2022-01-04,regular,2
107268,Rolando del Tormo,2023-03-01,nuevo,1
106573,Adelaida Blanco Puig,2020-08-07,nuevo,0
102250,Lucas Cózar,2020-04-22,nuevo,1
102553,Azeneth Simó,2024-05-03,nuevo,0
108442,Calista Aragonés-Moreno,2020-12-20,nuevo,1
114276,Cristóbal Galiano,2020-10-10,nuevo,1
111877,Jaime Figueras,2021-11-07,nuevo,0
113547,Lalo Diéguez Catalán,2023-07-27,nuevo,0
103650,Marisa Marin Porras,2020-08-18,nuevo,1
100381,Pascuala Durán Quintana,2021-04-05,nuevo,0
110265,Anabel Parejo,2020-03-04,nuevo,0
111067,Mayte Machado Aguirre,2021-05-18,nuevo,0
107964,Nazaret Vázquez Guillén,2021-06-06,nuevo,1
105854,Julio César Pera Fortuny,2021-06-10,nuevo,0
109802,Fabiana Sans-Olmedo,2020-07-25,nuevo,0
101361,Domingo Palau Requena,2022-01-20,nuevo,0
103197,Luisa Loreto Guitart Hernández,2024-06-13,nuevo,0
102038,Azeneth de Alarcón,2023-07-02,nuevo,0
100487,Germán Pulido Vidal,2023-07-21,nuevo,1
110316,Juan Pablo Serra,2020-03-21,nuevo,1
108020,Flor de Estevez,2023-10-21,nuevo,1
100784,Wilfredo Salgado Carbó,2020-05-16,regular,2
108474,Hipólito Llobet-Velázquez,2022-08-16,nuevo,1
106416,Aarón Garrido Cal,2021-06-16,nuevo,0
110484,Mariano Valle,2021-10-16,nuevo,1
103239,Macario Carmona Cañizares,2021-01-02,nuevo,0
112234,Aitor Nazario Beltrán Carpio,2022-05-26,nuevo,1
112234,Aitor Nazario Beltrán Carpio,2022-05-26,nuevo,1
110090,Anna Cerdán Gascón,2021-07-29,nuevo,0
105795,Leandro Leal Martorell,2020-08-18,nuevo,0
109913,Lilia Sanmartín Gallo,2021-10-17,nuevo,1
114462,Alma Hernández Capdevila,2021-12-27,nuevo,1
114462,Alma Hernández Capdevila,2021-12-27,nuevo,1
111694,Rolando de Cervera,2021-03-04,regular,2
112856,Victor Jaén,2023-04-11,nuevo,0
108518,Rebeca Pujol Boix,2021-11-25,nuevo,0
113822,Ildefonso Olmedo Fuentes,2021-12-26,nuevo,0
101916,Sonia Emma Bolaños Cerro,2024-03-22,nuevo,0
108872,Alba del Carpio,2020-04-13,nuevo,1
109554,Desiderio Guillermo Hidalgo Mascaró,2023-05-21,nuevo,0
108166,María Pilar Rebollo Azcona,2021-04-04,nuevo,1
100110,María Carmen Clavero Espada,2021-08-12,nuevo,1
108711,José Aroca Heras,2023-04-30,nuevo,1
103465,Julia Figueras Alvarado,2023-11-23,nuevo,0
102139,Gabino Peláez Rosa,2024-06-17,nuevo,0
109892,Seve Quirós Vara,2022-08-12,nuevo,1
114635,Feliciano Abella-Carrión,2024-02-11,nuevo,0
100743,Irma Irene Valencia Reguera,2022-06-30,nuevo,1
113604,Wálter Silva Castejón,2021-02-25,nuevo,0
111975,Ángeles María José Raya Perelló,2024-01-16,nuevo,0
107646,Teófila Viviana Valentín Gras,2023-03-21,nuevo,0
108626,Gilberto Valdés,2024-01-05,nuevo,1
114605,Borja Olivé Solé,2022-10-22,nuevo,0
114391,Cándida Anguita-Estévez,2024-03-23,nuevo,1
104481,Narciso Perelló Somoza,2021-04-19,nuevo,0
103443,Pancho Acosta Malo,2024-04-26,nuevo,1
111697,Laura Belmonte Lerma,2020-03-01,nuevo,0
104522,Quique Reinaldo Lopez Domínguez,2021-07-22,nuevo,1
102848,Samuel Mariño,2022-10-07,nuevo,0
112674,Feliciano del Rosselló,2020-09-09,nuevo,1
113406,Yaiza de Cortina,2023-08-20,nuevo,0
109490,Desiderio Andres Rebollo,2021-11-25,regular,2
107485,Gustavo Borrás Montalbán,2020-10-14,nuevo,0
105839,Olivia Fiol Alberola,2021-07-06,nuevo,0
107221,Amarilis Mora Campos,2020-05-12,regular,2
107895,Íngrid Rios Baena,2024-08-20,nuevo,0
105415,Dionisia Alberola Díez,2020-06-12,nuevo,0
111074,Griselda Diaz Salinas,2023-05-03,nuevo,1
114001,Hernando de Arteaga,2020-07-18,nuevo,0
106850,Leonardo Daza Morán,2022-10-26,nuevo,0
101835,Amelia Galan Berenguer,2021-08-24,nuevo,0
109851,Elodia Ferrán Criado,2020-07-26,nuevo,0
109239,Eli Ramirez,2023-06-07,regular,2
113070,Herminia Concepción Boada Iniesta,2023-05-09,nuevo,0
106683,Pastora Galvez Peña,2023-10-08,nuevo,0
107476,Paula Gargallo,2022-01-23,nuevo,1
110320,Ruy de Figuerola,2021-06-11,nuevo,1
104802,Rosalina de Pou,2021-07-05,nuevo,0
106195,Angelina Ribera Ferrero,2023-05-21,nuevo,0
114576,Gracia Lloret Landa,2020-06-25,nuevo,0
106129,Paola Cerezo Iborra,2021-05-30,nuevo,1
110502,Obdulia Florentina Uría Huertas,2021-09-05,nuevo,0
113790,Borja Rey,2020-03-10,regular,2
103004,Marta Vicente,2022-05-30,nuevo,1
100024,Carmen Puig Montaña,2021-11-15,nuevo,1
114581,Armida Rosell Díez,2020-11-22,regular,2
103525,Ramón Blanch Ramirez,2022-06-17,nuevo,0
114430,Sigfrido Angulo Pardo,2021-03-31,nuevo,1
105390,Chuy Gomis Colom,2021-11-19,nuevo,1
106109,Eloy Tovar Rivas,2022-06-21,nuevo,0
109364,Sosimo Sanchez Ramírez,2021-11-30,nuevo,0
101310,Tamara del Tejera,2020-08-07,nuevo,0
114961,Marco Cuadrado Montaña,2021-11-16,nuevo,0
108720,José Luis del Manuel,2021-06-10,nuevo,1
103476,Vito Domingo-Maestre,2023-12-16,nuevo,1
100790,Gisela Báez Gomez,2024-01-19,nuevo,1
112340,Ismael Redondo Ribera,2020-03-14,nuevo,0
114288,Quirino de Rueda,2023-01-23,nuevo,0
107564,Evita Larrañaga Galán,2022-01-24,nuevo,0
103285,Bonifacio Noé Andres Mur,2023-04-29,nuevo,0
109575,Nereida Alfaro Gámez,2023-11-11,nuevo,0
102515,Custodia Goicoechea Haro,2021-10-18,regular,2
110116,Cosme Román Blanco,2020-07-07,nuevo,0
104386,Fabricio Palacio,2024-02-16,regular,3
104762,Juan Luis Granados,2023-01-12,nuevo,0
104762,Juan Luis Granados,2023-01-12,nuevo,0
104906,Iker del Montalbán,2021-08-15,nuevo,1
109064,Luz Pineda Navarrete,2021-01-15,nuevo,1
111414,Micaela Castillo Reina,2020-12-24,nuevo,0
114868,Mercedes Socorro Aller Uría,2024-03-22,nuevo,1
112362,Demetrio Elías Varela,2020-03-19,nuevo,0
109267,Luisina Garrido,2021-03-01,nuevo,0
103689,Fermín Ángel Casado,2024-04-03,nuevo,1
101396,Paz Tena Larrañaga,2022-06-28,nuevo,0
108036,Osvaldo del Casal,2023-08-05,nuevo,0
106444,Clarisa Parra Caparrós,2021-10-13,nuevo,0
105007,Jordana Donaire-Ribas,2020-12-26,nuevo,1
106030,Wilfredo Pina Llamas,2022-12-01,nuevo,0
105178,Jenny Cuervo Franco,2021-01-15,nuevo,0
105178,Jenny Cuervo Franco,2021-01-15,nuevo,0
107912,Elena Sacristán-Portillo,2022-12-30,nuevo,0
114732,Ileana Teodora Garcés Barón,2020-11-26,regular,2
105258,Félix Piña-Trujillo,2021-07-04,nuevo,1
106082,Dorita Barragán Aramburu,2022-12-01,nuevo,0
107529,Isidoro Ripoll,2020-05-03,nuevo,1
105741,Sandalio Córdoba Chico,2021-06-27,nuevo,1
108132,Bonifacio Valls Clavero,2024-05-20,nuevo,1
114405,Amada Dalmau Gibert,2024-02-20,nuevo,0
109388,Ángel Barrera Cobos,2021-04-25,nuevo,0
110406,Mario Ruy Barral Torrens,2023-10-17,nuevo,0
106835,Hermenegildo Alcaraz,2021-06-19,nuevo,0
106193,Fanny Maza Puerta,2023-03-12,nuevo,0
109643,Ainoa de Otero,2021-01-17,nuevo,0
106347,Leandro de Armas,2021-10-04,nuevo,0
109852,Amílcar Carmona Castro,2024-02-13,nuevo,0
103302,Severino Cisneros Pintor,2024-06-27,nuevo,0
113305,Amado Ortega Santamaria,2021-05-28,nuevo,0
110676,Carla Llabrés Acero,2021-04-30,nuevo,0
111217,Gabriela del Puga,2020-12-31,regular,2
105407,Zaida Galiano Alberola,2021-02-02,nuevo,0
111317,Iris Alvarez Galvez,2023-07-29,nuevo,1
100713,Herminia Soriano-Blanch,2021-10-31,nuevo,1
104280,Filomena Paz Ribes,2023-12-07,nuevo,0
114362,Sebastian Prudencio Estévez Torrents,2020-11-27,nuevo,0
111430,Alfonso Blanco,2021-09-21,nuevo,0
109657,Octavio Talavera Valero,2020-10-28,nuevo,0
110822,Juliana Cañete Artigas,2024-06-03,nuevo,1
101823,Viviana Saavedra Vallejo,2022-02-13,nuevo,0
109773,Eva María Pedrero Arranz,2021-04-09,nuevo,1
105412,Marcial Angelino Guerra Cózar,2023-11-07,nuevo,0
111218,Silvio Mayoral Escalona,2020-11-27,nuevo,1
106735,Mohamed Peralta-Gual,2023-11-24,nuevo,0
108181,Ale Alvarez Casal,2021-12-20,regular,3
113647,Elpidio Palomo Manrique,2023-06-18,regular,3
114724,Valentín Ribes Rueda,2021-08-04,regular,4
107049,Isidro Larrea Mir,2023-06-19,nuevo,1
101978,Donato Robles Farré,2021-01-23,nuevo,0
112359,Joel Gascón Somoza,2022-12-25,nuevo,0
112665,Juan Luis Mariscal Luque,2023-04-12,nuevo,1
103265,Isidora Seco Farré,2020-11-23,nuevo,0
107074,Lucila Llabrés Almansa,2021-12-07,nuevo,1
104835,Celestino Fiol Duran,2024-05-11,nuevo,1
105062,Florencio Ojeda Cantón,2020-11-11,nuevo,0
100253,Jimena Quirós Torrecilla,2020-04-11,nuevo,0
108856,Lina Maldonado Ochoa,2022-02-11,nuevo,0
102099,Tito Montesinos Ferrer,2020-06-21,nuevo,1
106177,Primitiva Giner,2024-08-23,nuevo,0
111753,Pepita Clavero-Carreño,2022-12-06,nuevo,0
103672,Gabino Tena,2023-07-01,nuevo,0
111220,Nazaret de Landa,2022-12-10,nuevo,0
106348,Jordana Cuadrado Merino,2022-12-21,nuevo,0
100434,Sarita Casares-Hierro,2023-09-23,nuevo,1
104417,Isaías Gelabert Bartolomé,2021-12-22,nuevo,0
114676,Belen Lloret Salinas,2021-12-30,nuevo,0
115051,Calixta del Planas,2022-08-20,nuevo,0
115051,Calixta del Planas,2022-08-20,nuevo,0
109669,Angélica Sánchez Agustín,2021-08-15,regular,2
108974,Arsenio Bayona Cánovas,2023-10-29,nuevo,1
106915,Fulgencio Pazos Jaume,2020-09-24,nuevo,1
112481,Calista Moles Pedraza,2022-09-29,nuevo,0
113523,Paca Lidia Herrera Alcalde,2023-02-28,nuevo,0
102935,Ramón Aguado-Ferrando,2023-01-13,nuevo,0
106493,Rita Orozco,2022-10-04,nuevo,0
114903,Jenny Calixta Barragán Alonso,2022-01-13,nuevo,0
113376,Nazario Cuéllar Hidalgo,2023-04-07,nuevo,1
108684,Malena Valentina Corbacho Ferreras,2024-08-20,nuevo,0
110646,Ileana Clara Mayo Vall,2022-10-05,nuevo,1
113913,Poncio Mena-Enríquez,2020-04-22,nuevo,0
112829,Eva María Pomares Perelló,2022-04-27,nuevo,1
112477,Florencio Macias-Carrión,2022-01-05,nuevo,0
109804,Nacho Osorio,2022-03-24,nuevo,0
113444,Herberto Almeida Pera,2022-06-01,regular,2
107626,Pilar Daza Posada,2020-07-12,nuevo,1
100057,Amaro Guerrero Gilabert,2024-05-02,nuevo,1
103413,Régulo Galván-Bautista,2022-04-20,regular,2
106033,Emma Higueras Carretero,2024-07-02,nuevo,0
102856,Amarilis Zorrilla Ropero,2022-11-21,nuevo,1
106970,Primitiva del Cervera,2023-10-29,nuevo,1
102987,Cayetano Prat Canet,2022-05-02,nuevo,0
104573,Pastor Carbajo Domingo,2023-07-24,nuevo,1
106474,Paulino Jover Chacón,2020-10-08,nuevo,1
109569,Ramona Fabiola Bauzà Martinez,2024-08-16,nuevo,0
112519,Clementina Lorenzo Blázquez,2023-04-19,nuevo,0
110849,Felicia Santamaria,2023-12-26,nuevo,0
106673,Cándida Carreño Robledo,2021-11-07,regular,2
110324,Venceslás Miralles-Taboada,2023-11-22,regular,2
109129,Paloma Pavón Folch,2020-05-10,nuevo,0
112240,Alejandra Pastor-Soriano,2020-08-03,nuevo,1
104723,Julia Calderon Polo,2023-05-19,nuevo,1
108613,Cristian Martin Diego Gibert,2020-08-16,nuevo,0
114491,Lilia Iriarte Osuna,2023-04-14,nuevo,1
104473,Dionisia Escalona-Acedo,2022-03-26,nuevo,1
109872,Priscila Reyes Osorio,2023-08-08,nuevo,0
108452,Gerónimo Santiago,2024-03-29,nuevo,0
102189,Rafaela Yaiza León Cáceres,2023-04-15,nuevo,1
108125,Mohamed del Olivares,2021-10-14,nuevo,1
105782,Elvira del Ayuso,2020-10-29,nuevo,1
104050,Eduardo Hidalgo Garrido,2023-02-10,nuevo,1
110857,Susana Ruano Santana,2020-10-06,regular,2
105941,Elena Saldaña,2020-12-21,nuevo,0
113593,Melchor de Barón,2024-05-14,nuevo,0
111119,Ani Codina Cases,2022-07-16,nuevo,0
107959,Juan Manuel Blázquez Iglesia,2023-11-24,regular,2
103545,Nacio de Llanos,2021-01-30,nuevo,1
113609,Ángeles de Iñiguez,2022-03-10,nuevo,0
113609,Ángeles de Iñiguez,2022-03-10,nuevo,0
100520,Basilio Soler-Rojas,2020-07-06,nuevo,0
101756,Alondra Carrillo,2020-04-07,nuevo,0
104509,Carina Arteaga-Vilalta,2023-05-17,nuevo,1
110820,Ligia Almudena Belmonte Reyes,2022-04-28,nuevo,0
107160,Rita Ramos Silva,2021-01-26,nuevo,1
105264,Mohamed Taboada,2020-09-23,nuevo,0
115101,Juan Carlos Lalo Pizarro Neira,2022-12-08,nuevo,0
107454,Dan Pereira Segura,2024-01-30,nuevo,0
100228,Felipa Requena Ortega,2020-12-28,regular,2
109073,Anna Posada Boix,2024-02-14,nuevo,0
107276,Eligio Cid,2020-03-15,nuevo,0
100666,Arcelia Serrano Valle,2024-05-22,nuevo,1
108886,Joaquina Quevedo Carranza,2020-06-26,nuevo,0
114270,Cornelio Sanmiguel Huertas,2022-02-22,nuevo,0
112215,Maximiano Valenciano Rosales,2022-08-01,nuevo,0
114544,Custodio Murcia Tello,2021-10-01,nuevo,1
110220,Carmela Roma Pérez,2022-12-04,regular,2
110753,Eutropio Suarez-Murcia,2023-08-04,nuevo,1
110511,Hugo Maza Rocha,2023-10-23,nuevo,0
101700,Belen Molina Lladó,2021-08-30,nuevo,0
113514,Nilda Lledó-Benítez,2022-03-29,nuevo,0
101878,Galo Sanjuan Solé,2021-02-08,nuevo,0
113907,Constanza Daza Almagro,2020-12-12,nuevo,1
100514,María Ángeles Jódar Sabater,2024-01-04,nuevo,0
110913,Amado Diez Briones,2023-02-13,regular,2
114681,Nacho Diez Rivas,2020-11-24,nuevo,0
111516,Raimundo Luís Español,2020-08-15,nuevo,0
109984,Maximiliano Mariscal Sevillano,2023-03-02,nuevo,0
107421,Pacífica de Fonseca,2021-04-04,nuevo,1
111096,Teodora Nevado Goicoechea,2022-02-13,nuevo,0
112783,Dolores Salvador Sabater,2023-04-08,nuevo,0
110916,Fabricio Gomila Alcalde,2021-03-26,nuevo,0
108883,María Luisa Blanch-Tirado,2024-04-14,nuevo,0
106434,Isaías Noguera Parejo,2020-11-13,nuevo,0
106148,Nydia Núñez Comas,2024-04-21,nuevo,0
108754,Amador Bermúdez Calatayud,2020-05-19,regular,2
102917,José Luis Peinado Moreno,2021-07-28,nuevo,0
107979,Lupe Palomino Arce,2021-11-21,nuevo,0
100481,Jennifer Solsona Andreu,2022-10-01,nuevo,1
106877,Ibán de Enríquez,2021-06-27,nuevo,0
108015,Adrián Alberto Márquez Pla,2020-10-30,nuevo,0
102578,Emma Cabrera,2024-08-06,nuevo,0
108062,Águeda de Valenzuela,2021-12-02,nuevo,0
114113,Bernarda Pulido Camino,2024-06-22,nuevo,1
114113,Bernarda Pulido Camino,2024-06-22,nuevo,1
108688,Leocadia Balaguer Cerro,2022-07-16,nuevo,1
111779,Florinda Bustamante Guillen,2021-04-24,nuevo,0
111666,Dolores Ribera,2022-04-26,nuevo,0
105273,Alejandra Cano Salvà,2022-11-03,nuevo,0
109317,Arcelia Sebastián Cabeza,2022-06-26,nuevo,1
108980,Pastora Montserrat,2020-11-21,nuevo,0
101597,Patricia Lasa Salcedo,2024-07-19,nuevo,1
112114,Nayara Casanova Clavero,2023-05-20,nuevo,0
103897,Lara de Pereira,2022-11-08,nuevo,0
111944,Luisa Cervera Arranz,2022-08-26,nuevo,0
101350,Águeda Coronado Medina,2024-06-01,nuevo,1
106265,Roldán Sedano Martí,2022-08-03,nuevo,1
107734,Gerónimo del Benitez,2022-04-12,nuevo,1
109774,Otilia Valcárcel Correa,2023-07-02,nuevo,0
103778,Pío Bustos-Ribes,2023-08-12,nuevo,0
111501,Marcio Castro Arnau,2022-08-22,nuevo,0
111771,Amada Adriana Azorin Araujo,2021-12-15,nuevo,1
114301,Fidela Marti Mateos,2020-12-01,nuevo,1
104051,Amanda Exposito,2024-02-19,nuevo,0
114554,Dolores Laguna Anaya,2020-08-27,nuevo,0
111849,Eleuterio de Gargallo,2023-11-11,nuevo,0
105703,Telmo del Artigas,2024-08-19,nuevo,0
108206,Dionisia María Cristina Olmedo Otero,2023-04-25,nuevo,0
112698,Osvaldo Dani Andres Gutierrez,2024-02-29,nuevo,0
102763,Mónica Abellán-Zapata,2020-11-21,nuevo,0
106884,Severo Estrada-Atienza,2022-08-24,nuevo,1
103686,Sol Cuadrado-Calderon,2023-09-06,nuevo,0
105063,Eva Bayo Romero,2021-08-04,nuevo,1
103603,Francisca Torrent Cózar,2020-08-18,nuevo,0
112465,Octavio Adolfo Soler Tenorio,2024-01-16,nuevo,0
110827,Concha Moles Matas,2023-02-08,nuevo,0
101447,Felix Colomer Llanos,2021-12-01,nuevo,1
111491,Plácido Carnero Lozano,2021-02-01,nuevo,0
101021,Milagros Reina,2021-06-22,nuevo,1
100706,Apolonia Lina Santana Piñeiro,2022-12-07,nuevo,0
106873,Jerónimo del Mármol,2022-08-29,nuevo,1
101867,Rosalva Lozano Agustí,2022-12-08,nuevo,1
107919,Judith Quesada Cabello,2023-12-30,nuevo,0
114479,Jeremías Alonso Valderrama,2020-12-28,nuevo,0
107116,Palmira Zamora Escobar,2021-01-03,nuevo,1
107116,Palmira Zamora Escobar,2021-01-03,nuevo,1
112171,Pío del Daza,2021-05-18,nuevo,0
102575,Vasco Montes,2024-07-02,nuevo,0
112568,Leandra del Gomez,2020-09-06,nuevo,0
102957,Josep Vidal Guitart,2021-09-20,nuevo,1
108065,Cristóbal Escalona Pomares,2021-09-19,nuevo,0
103743,Reyna Lladó-Bosch,2023-05-06,nuevo,0
103915,Leandra Vigil-Gonzalez,2021-08-04,nuevo,0
109187,Brígida Higueras Villanueva,2020-08-16,nuevo,0
111335,Concepción Marquez Pintor,2022-10-13,nuevo,0
101420,Pepe Codina,2020-06-02,nuevo,1
101104,Graciano Aguirre,2020-11-22,nuevo,0
108389,Valerio Pacheco Pedraza,2024-01-22,nuevo,1
109547,Ramón Fuentes-Echevarría,2021-07-18,nuevo,1
115102,Candelaria de Fernandez,2021-09-09,nuevo,0
110754,Rolando Sarabia,2022-02-05,nuevo,1
101559,Paulina Río Peláez,2024-05-04,nuevo,1
109724,Ciríaco del Puerta,2021-11-02,nuevo,0
113813,Catalina Barranco Ledesma,2021-12-04,nuevo,0
109792,Paz Guitart Crespo,2020-03-20,nuevo,0
113313,Edu Julio César Lerma Ramón,2021-12-20,nuevo,0
103524,Odalys Palmer-Marcos,2021-06-21,regular,2
104543,Esteban Gallart,2024-03-10,nuevo,0
100035,Luisina Lucas Diéguez,2020-09-01,nuevo,0
103401,Telmo Avilés-Royo,2022-04-19,regular,2
115068,Jesús Natalio Castells Tovar,2020-06-22,regular,2
111176,Gregorio Blanes,2020-03-22,regular,2
110958,Adolfo Quevedo Bellido,2023-05-11,nuevo,0
111132,César Uribe Morales,2023-04-14,nuevo,1
107792,Narciso Peñas Caballero,2021-12-09,nuevo,1
102653,Evita Alvarado Bolaños,2021-08-27,nuevo,0
105329,Valerio Toledo,2022-01-25,nuevo,0
107800,Paz Beltrán Comas,2021-09-21,nuevo,0
107800,Paz Beltrán Comas,2021-09-21,nuevo,0
107896,Darío del Garzón,2023-07-07,nuevo,0
112619,Jacinta Asenjo-Carpio,2023-05-14,nuevo,0
112671,Isidora Ropero Nieto,2023-07-07,nuevo,1
112468,Macaria Badía Saura,2024-06-16,regular,2
107382,Maximino Márquez Alcázar,2020-10-06,nuevo,0
107382,Maximino Márquez Alcázar,2020-10-06,nuevo,0
100293,Iris Rebollo Pedrero,2023-10-15,nuevo,0
102837,África Alba Rico,2023-08-04,regular,3
115055,Trini Terrón Lluch,2021-04-04,nuevo,0
115055,Trini Terrón Lluch,2021-04-04,nuevo,0
108483,Sofía Gras Márquez,2024-08-18,nuevo,0
111996,Nazaret del Marín,2022-12-14,nuevo,0
102871,Abilio Nazaret Núñez Ruano,2023-03-16,nuevo,0
109069,Jose Manuel Cuenca Bayona,2023-06-05,regular,5
109069,Jose Manuel Cuenca Bayona,2023-06-05,regular,5
113741,José Antonio Garmendia Tejera,2021-05-19,nuevo,0
107753,Esmeralda Filomena Corral Céspedes,2024-07-15,nuevo,0
110943,Berto Monreal-Escobar,2021-11-15,nuevo,0
107691,Gil Javi Morata Sevilla,2022-12-14,nuevo,1
108150,Begoña Luisina Muro Coca,2023-04-16,nuevo,0
101536,Elodia Acosta-Trillo,2021-05-22,nuevo,1
101319,Odalis Coll,2020-06-08,regular,2
102731,Emilia Jacinta Julián Saura,2020-03-07,nuevo,1
110610,Dionisia Marco Manzanares,2023-10-14,nuevo,0
108269,Ambrosio del Leiva,2022-10-25,nuevo,0
107230,Alberto Guardia Diez,2023-05-03,nuevo,1
113718,Lupita Tejada Busquets,2020-07-08,nuevo,0
104880,Cruz Montero Blanch,2024-07-08,nuevo,1
110821,Venceslás Gascón Pinto,2024-01-08,nuevo,1
114526,Fito Estevez Olivera,2021-05-19,nuevo,0
111848,Marisela Rubio Corbacho,2024-06-04,nuevo,1
114210,María Fernanda Crespi Nogués,2024-06-28,nuevo,1
102229,Jose Ramón Solé Soria,2023-10-27,nuevo,1
102642,Eustaquio Campillo Pino,2024-01-05,nuevo,0
104419,Virginia Cervera Carballo,2020-12-29,nuevo,0
114045,Cirino Adadia Lobo,2024-07-13,nuevo,0
112928,Segismundo Ariza Gascón,2023-08-08,nuevo,0
108370,Dani Pascual Mulet,2020-03-03,nuevo,1
106388,Moreno Alegre Coronado,2024-05-05,nuevo,0
107406,Galo Zorrilla Baños,2023-03-26,nuevo,1
100357,Nydia del Casal,2022-03-28,regular,2
108447,Cirino Bolaños Navarro,2021-05-24,nuevo,1
111595,Casemiro Bautista Castañeda,2022-05-29,nuevo,0
114956,Augusto Jover Mayo,2024-02-25,nuevo,0
104585,Nerea Cámara Mariscal,2020-05-31,nuevo,0
100838,Perla Ester Ribas Guijarro,2021-12-10,nuevo,0
100267,Olivia Seco Castelló,2024-06-19,nuevo,0
111038,Rosario Mancebo Hervia,2022-09-29,nuevo,0
102007,Otilia Carreras Ruiz,2023-02-04,nuevo,1
112005,Macaria del Durán,2024-06-13,nuevo,0
111259,Isaura Zaragoza,2020-03-03,regular,2
102363,Elvira Fuertes Alemán,2021-05-20,nuevo,0
107448,Isabel Martinez Alberola,2021-06-27,nuevo,0
109797,Alejo Hoz Vilalta,2024-07-12,nuevo,0
112807,Macario Estévez Tamarit,2022-03-20,nuevo,0
111536,Rafa Calderón Zurita,2024-04-30,nuevo,0
106844,Silvio Samu Salinas Torrijos,2022-10-27,nuevo,0
106495,Benito Arrieta-Izquierdo,2022-11-18,nuevo,0
111809,Lina Olimpia Pla Valle,2024-08-18,nuevo,0
100827,Graciano Ayllón-Coronado,2021-05-12,nuevo,0
110130,René Zapata Donaire,2023-08-04,nuevo,0
104254,Baudelio Céspedes Aller,2022-11-14,nuevo,0
106530,Leire de Lago,2022-12-25,nuevo,1
113868,José Rivas Rubio,2022-03-08,nuevo,0
108604,Cosme Barros,2023-05-07,nuevo,0
101442,Osvaldo Valero Calatayud,2020-07-11,nuevo,0
103067,Trini Asenjo-Domingo,2024-08-19,nuevo,0
111941,Hugo Sergio Almeida Mascaró,2020-05-06,nuevo,0
102749,Marcia Trujillo Murcia,2022-06-21,nuevo,1
107956,Prudencio Castells Julián,2022-04-23,nuevo,0
110698,Cristina Bru Coloma,2022-12-22,nuevo,1
103062,Marisa Abella Ferreras,2022-04-07,nuevo,1
100890,Nacio Sanmiguel Duarte,2020-12-03,nuevo,0
114002,Heraclio Acedo Chamorro,2023-08-07,nuevo,0
113039,Claudia Vega Antón,2020-07-02,nuevo,0
106914,Emigdio Arévalo Alfaro,2020-10-26,nuevo,0
101964,María Cueto Roura,2020-12-15,nuevo,0
103126,Renata Casanovas Carnero,2021-01-11,nuevo,0
106356,Román Llabrés Peláez,2024-01-14,regular,3
111110,Casemiro Guijarro Bermúdez,2022-06-18,nuevo,0
101128,Evita Tapia Tenorio,2021-01-24,nuevo,1
114501,Maxi Solano Sacristán,2021-07-09,nuevo,0
113827,Régulo del Sanmartín,2024-02-06,nuevo,0
113467,Charo Rosell Nicolau,2020-07-25,nuevo,0
110100,Martirio Rius Cáceres,2021-01-05,nuevo,0
111299,Maricruz Malo Pizarro,2024-07-09,nuevo,0
108064,Epifanio Gaya-Abascal,2022-09-22,nuevo,0
106689,Julio Pablo Domínguez,2024-03-11,nuevo,0
101544,Serafina Bilbao Herrero,2021-08-24,nuevo,0
103264,Odalys Cadenas Porcel,2024-04-06,nuevo,0
114250,Juana Donoso Aragonés,2023-12-28,nuevo,1
110152,Azahar Cepeda,2020-11-21,nuevo,1
102269,Timoteo Quesada Bru,2023-05-22,nuevo,0
103771,Pepita Alcalá Puig,2020-09-15,nuevo,0
107574,Aroa Torrens Esteve,2023-05-04,nuevo,0
110466,Julia de Valbuena,2023-05-06,nuevo,0
100133,Tadeo Coll Barba,2020-06-07,nuevo,0
109714,Custodio Teruel-Tormo,2022-10-04,nuevo,0
112141,Pascual Moreno Barral,2021-08-17,nuevo,0
100604,Aitana Hervás Barón,2023-05-23,nuevo,1
108765,Graciela Mónica Mate Benavente,2022-11-13,nuevo,1
100844,Adán Mayoral Bartolomé,2020-10-20,nuevo,1
100394,Pelayo Ariel Osorio Herrera,2022-05-29,nuevo,0
114252,Manuel Escamilla Zabala,2023-11-09,nuevo,0
106516,Daniel Enríquez Abellán,2022-07-23,nuevo,1
113709,Cesar del Ortiz,2022-12-30,nuevo,0
114707,Adoración Berrocal Llorente,2021-01-30,nuevo,1
104990,Eusebio Ríos Roda,2023-04-01,nuevo,1
103929,Renata Gomila Planas,2020-03-03,nuevo,0
105512,Desiderio Castañeda Lopez,2022-08-27,regular,2
107465,Vilma Figueroa Lara,2023-05-19,nuevo,0
113130,Timoteo Portero-Calleja,2023-06-27,nuevo,0
113130,Timoteo Portero-Calleja,2023-06-27,nuevo,0
113505,María Luisa Torre,2021-07-12,nuevo,0
113731,Estefanía Pou-Bayo,2021-08-25,nuevo,0
107552,Fátima Luna Narváez,2020-08-13,nuevo,0
102278,Adelia Baeza Rincón,2020-12-13,regular,2
106917,Marita Castrillo Mir,2022-06-13,regular,2
103235,Pastor Folch Neira,2021-09-04,nuevo,0
112731,Manu Isabela Llopis Ferrer,2023-09-17,nuevo,0
103499,Cristian Germán Gracia Nuñez,2020-04-06,nuevo,0
107239,Olalla Mulet Lledó,2022-07-28,nuevo,0
104614,Nacho Pastor Casal Ballester,2022-02-19,nuevo,1
107559,Inmaculada Sanchez-Puerta,2022-05-01,nuevo,0
113206,Seve de Vila,2023-03-25,regular,2
100402,Julie Aurelia Lerma Vives,2023-01-01,nuevo,0
106422,Abril Alfonso Viana,2020-10-25,regular,2
106162,Juan Garriga,2024-01-04,nuevo,1
105728,Flavia Tudela Bravo,2024-06-19,nuevo,0
106487,Nazaret Agustín Pedrero,2024-04-25,nuevo,0
107600,Anunciación Gabaldón Leiva,2021-06-30,nuevo,0
111000,Coral Cardona Cruz,2021-12-22,nuevo,0
114239,Eutropio Carmona Berrocal,2020-10-04,nuevo,1
104681,Nicolás Eduardo Amor Mayoral,2021-10-07,nuevo,0
105009,Odalys Manzano Ballester,2021-10-29,nuevo,0
107785,Marcos del Puig,2022-07-18,nuevo,0
103404,Nieves Carpio Meléndez,2024-02-17,nuevo,1
110055,Teodoro Téllez Ríos,2022-09-15,nuevo,0
103884,Eladio Ramírez Bernal,2021-04-15,nuevo,0
107801,Griselda del Caro,2020-07-16,nuevo,0
107801,Griselda del Caro,2020-07-16,nuevo,0
111085,Fausto del Busquets,2022-09-16,nuevo,1
108904,Eusebio de Calatayud,2023-07-26,nuevo,1
106780,Zaida Borja Valderrama,2022-07-30,nuevo,0
101574,Valentina Duarte Verdejo,2021-12-01,nuevo,0
114532,César Estrada Garriga,2021-02-09,nuevo,1
109685,Nadia Rueda Alemán,2021-01-08,nuevo,1
102424,Lucas Cabañas Calatayud,2024-06-11,nuevo,0
109091,Estefanía Caparrós Adadia,2020-08-24,nuevo,0
105265,Damián del Medina,2020-09-27,nuevo,0
114722,Jenaro Abilio Ferrán Quintero,2021-07-10,nuevo,0
103549,Montserrat Cornejo,2020-06-22,nuevo,0
100254,Celestina de Mascaró,2022-03-22,nuevo,0
108251,Rolando Lucas Cáceres,2020-07-14,regular,2
109598,Dalila Bustos Palomares,2022-05-15,nuevo,0
111731,María Cristina Roma Vicens,2024-06-18,nuevo,1
108271,Amor Amores Córdoba,2020-11-27,nuevo,0
111837,Ignacio Zurita Oliveras,2022-09-19,nuevo,1
114915,Isidora Girona Vaquero,2021-01-29,nuevo,1
113476,Modesto Peiró Prieto,2023-10-29,nuevo,0
105502,Daniela Rivas Aragón,2020-06-12,nuevo,0
114755,Ernesto Quirós Marin,2023-04-25,regular,2
100810,Encarnación de Morante,2022-11-05,nuevo,0
114119,Rufina del Jove,2022-09-10,nuevo,1
106126,Leire Arcos Asenjo,2020-11-25,nuevo,1
109793,Águeda Barrena Velázquez,2024-05-13,nuevo,1
102651,Cándido Gibert-Araujo,2022-07-07,regular,2
108360,Teobaldo de Menendez,2023-05-03,nuevo,0
106638,Carmela María Manuela Carmona Berrocal,2024-05-24,nuevo,1
106638,Carmela María Manuela Carmona Berrocal,2024-05-24,nuevo,1
113434,Máxima Paulina Elías Ramis,2024-07-24,nuevo,1
103191,Gabino Guerrero Priego,2021-11-28,nuevo,0
103621,Yéssica Camacho-Ojeda,2022-01-24,nuevo,1
101703,Clímaco Osuna Marín,2020-11-25,nuevo,1
111309,Rita Acevedo Falcó,2022-03-15,nuevo,0
112413,Eligio Santamaria,2020-05-16,regular,2
103651,Macario Padilla Lopez,2022-04-08,nuevo,0
110391,Jesús Galvez Canals,2022-04-13,nuevo,0
115118,Reina Solís,2024-05-25,nuevo,0
114946,Pía Sanjuan Larrea,2022-11-08,nuevo,0
112795,Amado Lázaro Alarcón Alegria,2023-10-19,nuevo,0
113149,Remigio Geraldo Ramón Cabanillas,2023-03-08,nuevo,0
112104,Teodora Eulalia Roselló Vicente,2023-04-28,nuevo,0
103371,Espiridión Alberola Piñol,2023-10-14,nuevo,0
114634,Emperatriz Aguiló Prats,2023-06-03,nuevo,0
114026,José Ángel de Aragón,2024-01-17,nuevo,0
107810,Nicodemo Jordá Cobo,2023-07-12,regular,2
110567,Juliana Valbuena Dávila,2022-03-09,nuevo,0
112810,José Mari Benavent Montes,2022-04-05,nuevo,0
112504,Angelina Manjón Dalmau,2021-05-01,nuevo,0
111567,Maximiano Trujillo Huerta,2022-09-26,nuevo,1
114894,Miguela de Fiol,2020-03-16,nuevo,0
113532,Eugenia Ferrándiz-Carrera,2020-11-15,nuevo,1
111768,Daniel Ferrándiz González,2021-03-17,nuevo,0
107262,Begoña Almagro Ibáñez,2021-10-23,nuevo,0
100665,Palmira Casals Asensio,2024-01-12,nuevo,0
110732,Gabriel Molina Baquero,2021-04-16,nuevo,1
110264,Danilo Gonzalez Vizcaíno,2022-10-25,nuevo,1
114175,Josefina Bilbao Rosales,2022-04-05,nuevo,0
101737,Teresita Almagro,2020-12-26,nuevo,1
105260,Belen Plaza Hernandez,2023-11-26,nuevo,0
110187,Berta Pera Valcárcel,2021-08-15,nuevo,0
103348,Benigna Torrents Riba,2023-02-28,nuevo,0
101569,Ariadna Viana Casanovas,2023-05-22,nuevo,1
100463,Josefa Boix Sierra,2023-02-23,nuevo,1
100744,Consuela Fernandez Velázquez,2022-10-15,nuevo,0
100223,Anacleto Parra Flor,2021-01-11,nuevo,0
110195,Curro Ripoll Esparza,2022-11-30,nuevo,0
103995,Bienvenida Naranjo Palma,2021-12-01,nuevo,0
101980,Manuela Vega Macías,2024-06-25,nuevo,0
108238,Ismael Lloret Macías,2022-06-06,nuevo,0
100626,Maximiano Palomo Novoa,2020-06-28,nuevo,1
111056,Corona Figuerola Falcó,2022-05-06,nuevo,0
109495,Sofía Luna Mercader,2020-12-25,nuevo,1
111287,Anastasio Batalla Enríquez,2020-06-22,regular,2
112454,Anita Manuel Coll,2021-11-30,regular,2
100345,Anna Romeu Huguet,2022-08-17,nuevo,0
105495,Íngrid Domínguez-Pizarro,2024-04-02,nuevo,1
114934,Mariana Fuentes Amador,2023-08-05,nuevo,0
109220,Toni Guardia,2024-06-23,regular,2
101005,César de Cobo,2023-11-04,nuevo,0
104450,Prudencia Mur Prada,2021-12-17,regular,2
102281,Eufemia Cabrero Luque,2020-03-06,nuevo,0
100457,Jordán Abad Morales,2021-05-30,nuevo,1
112483,Joan Narváez Castelló,2023-10-11,nuevo,0
109560,Cayetano Muñoz Baeza,2022-02-02,nuevo,1
104336,Adalberto Caro Hervia,2021-10-17,nuevo,1
102622,Gisela Mónica Riquelme Rosa,2022-08-24,nuevo,0
100874,Lupita Almansa,2020-12-03,nuevo,0
107493,Teodoro Diez-Talavera,2023-06-13,nuevo,0
114051,Ruth Primitiva Cepeda Colom,2024-07-07,nuevo,0
106946,Blanca Báez Angulo,2021-01-13,nuevo,0
109968,Nadia Garriga,2023-08-22,nuevo,0
114994,Nazaret Amores Montes,2021-11-18,nuevo,1
105115,Juan Miguel Mateo,2024-03-08,nuevo,0
109914,Teobaldo de Ibarra,2020-06-30,nuevo,0
105213,Cecilio Sanjuan Belmonte,2023-04-27,nuevo,0
110568,Eliana Alcalde-Manzano,2022-06-29,nuevo,0
101761,África del Pol,2022-06-21,nuevo,0
100843,Eugenia Pons,2022-03-30,regular,2
113687,Ángel Gámez Andrés,2023-01-12,nuevo,0
113221,Feliciano Mosquera Manzano,2022-10-05,nuevo,0
111199,Manuel Marcos Arribas Merino,2024-06-12,nuevo,1
105200,René Escrivá Priego,2022-07-24,nuevo,1
104804,Sabas Peñalver,2023-12-31,nuevo,0
102903,Natividad Balaguer Castell,2022-03-27,nuevo,0
110374,Trinidad Guadalupe Morcillo Valenciano,2023-01-04,nuevo,0
111703,María Jesús Ocaña Valero,2024-02-27,regular,3
115213,Francisca Fuente Neira,2023-08-07,nuevo,1
108279,Jenny de Garcés,2024-08-19,nuevo,0
106649,Victoria Casado Soria,2021-05-22,nuevo,0
112267,Gloria Becerra Romero,2022-08-18,nuevo,0
113035,Pacífica del Peñalver,2022-10-07,nuevo,1
109262,Cayetana Acevedo Roman,2020-10-30,nuevo,0
108566,Angelita Benavente Martorell,2020-11-03,nuevo,0
103432,Duilio Campo,2023-10-05,nuevo,0
114680,María Carmen Parejo Flores,2022-11-26,nuevo,0
109385,Dani Galo Gomez Cabrera,2020-03-24,nuevo,0
113571,Duilio Espinosa Beltrán,2022-09-16,regular,2
106408,Maximiano de Borja,2021-06-03,nuevo,0
107686,Ariadna Almazán Grande,2023-01-29,nuevo,0
112635,Melisa Viana Pérez,2023-01-27,nuevo,0
104726,Alexandra de Porras,2024-04-14,nuevo,0
101470,Bautista Narváez Mendez,2024-02-19,nuevo,1
105131,Carmela Vizcaíno,2024-04-06,nuevo,1
111776,Ciro Leonardo Nieto Samper,2020-03-13,nuevo,1
110313,Ruperta Agudo,2020-03-18,nuevo,0
107809,Damián Luján Fortuny,2022-06-13,nuevo,0
114916,Dora Tormo Salazar,2021-07-16,nuevo,1
112315,Lola Balaguer Ballester,2022-04-23,nuevo,0
111106,Narciso Lluch Valdés,2020-07-07,nuevo,0
100369,Cristóbal de Corominas,2020-07-03,nuevo,0
113057,Macaria Arribas,2021-06-30,regular,2
103594,Purificación Ramos-Rovira,2021-12-10,regular,2
101416,Heraclio Raya,2023-03-18,nuevo,1
106761,Elisa Aguilar Prat,2022-09-18,nuevo,1
111967,Nicolasa Rubio Vilar,2024-03-14,nuevo,1
112624,Vanesa Cuéllar,2024-03-24,nuevo,1
109159,Calixta Pizarro Pino,2022-11-25,nuevo,0
109159,Calixta Pizarro Pino,2022-11-25,nuevo,0
110547,Anna de Cerdán,2020-12-06,nuevo,0
106339,Cristian del Calzada,2022-11-17,nuevo,0
102826,Flor Romero Batlle,2024-02-19,nuevo,1
109676,Vasco Barriga Aramburu,2021-03-30,nuevo,1
101722,Mariano Narváez-Flores,2021-01-17,nuevo,1
115027,Javier Gibert Vara,2021-05-05,nuevo,1
105325,Emelina Custodia Batalla Anguita,2023-02-26,nuevo,0
104061,Evaristo del Valero,2023-06-14,nuevo,0
115001,Jose Ignacio Modesto Giner Sarmiento,2021-03-04,nuevo,0
101825,Consuela Leyre Álvaro Pavón,2020-08-29,nuevo,0
110941,Marina Guzman Barceló,2020-04-03,nuevo,0
107609,Ramiro Lladó Valbuena,2022-07-13,nuevo,1
112517,María José Octavia Casanovas Marcos,2022-04-30,nuevo,1
112239,Olivia Valderrama Patiño,2021-08-28,nuevo,0
109756,Abigaíl Mas Machado,2021-05-13,nuevo,1
103233,Pascuala Bermudez Saez,2023-05-11,nuevo,0
101919,Donato Roldán Rozas Pino,2020-05-15,nuevo,1
106995,Fito de Escrivá,2022-02-19,nuevo,0
101570,Clementina Pinto Cervera,2022-09-06,nuevo,0
101832,Amaya de Talavera,2022-06-12,nuevo,1
100348,Filomena Múñiz Mayo,2021-09-26,nuevo,0
101243,Jessica Pedraza,2020-05-17,nuevo,1
108261,Marisol Asenjo Llanos,2024-03-26,nuevo,0
111729,Apolinar Cuenca,2020-10-13,nuevo,1
114436,Roberta María Cristina Adán Valencia,2021-04-17,regular,2
112826,Lorena Morales-Valenzuela,2021-12-07,nuevo,1
108179,Graciela Manrique Rios,2020-11-24,nuevo,0
107198,Anselma Camps,2020-05-20,nuevo,0
112352,José Ángel Iglesias Moll,2023-10-13,nuevo,0
113590,Marisa Portillo Blanco,2023-02-05,nuevo,0
108365,Rosa Montesinos Varela,2021-11-20,regular,2
108659,Máxima del Arteaga,2023-03-07,nuevo,0
109644,Íñigo Cabrero Rodrigo,2020-05-21,nuevo,1
112889,María Teresa Benitez Carrión,2024-05-01,nuevo,0
111732,Dan Álamo-Coronado,2024-08-16,nuevo,0
112923,Priscila Ponce Pastor,2022-04-21,nuevo,0
107008,Josué de Andrade,2022-06-09,nuevo,0
113857,Abril Bejarano-Román,2020-08-03,nuevo,0
109850,Ambrosio Verdejo Palomino,2021-01-22,nuevo,1
111011,Amílcar Ribas-Velázquez,2022-03-31,nuevo,0
113579,Duilio Sierra Menendez,2022-11-11,nuevo,0
113579,Duilio Sierra Menendez,2022-11-11,nuevo,0
101223,Juanita Lladó-Sacristán,2024-07-25,nuevo,0
110058,Máxima Moll-Valbuena,2021-01-03,nuevo,0
102135,Nuria Cañizares,2024-05-11,nuevo,0
109297,María Jesús de Garzón,2023-02-04,nuevo,0
114172,Noemí Patiño Tello,2021-07-18,nuevo,0
108488,Carlos Graciano Padilla Gibert,2020-09-22,regular,2
112111,Manuela Riera Sanz,2021-10-19,nuevo,0
112571,Águeda Enríquez-Lozano,2020-05-15,nuevo,1
100510,Albina Sosa Aramburu,2020-05-28,nuevo,0
106299,María Carmen Grau Tena,2024-07-30,nuevo,0
112170,Toño Jimenez Sánchez,2022-07-19,nuevo,0
103987,Antonio del Leal,2024-06-29,nuevo,0
100749,Dominga Mayoral Pedrero,2020-07-25,nuevo,0
105247,Elba de Palmer,2022-05-10,nuevo,0
101260,Gervasio Elías Batlle Puig,2024-04-28,nuevo,0
104719,Jordana Gutierrez Garmendia,2022-09-10,nuevo,1
101889,Tito Bernad-Duarte,2024-08-22,nuevo,0
106346,Amanda Planas-Valle,2022-07-19,nuevo,0
100712,Anabel Oliver Cánovas,2022-11-22,nuevo,1
113665,Sancho Ropero-Miralles,2022-11-30,nuevo,0
114222,María Jesús Mora Becerra,2023-08-17,nuevo,1
108328,Adriana Bastida Alberto,2021-12-07,nuevo,1
105834,Irma Antúnez Amador,2021-04-22,nuevo,0
109626,Aránzazu Polo Tovar,2021-12-09,nuevo,0
113657,Milagros del Nevado,2020-08-19,regular,2
108145,Yolanda Arias,2022-11-08,nuevo,0
104809,Georgina Arribas Verdú,2021-06-02,nuevo,0
103330,Ariel Contreras Jara,2021-08-13,nuevo,0
103294,Vera de Benavent,2020-10-10,nuevo,0
108814,Julie Vigil Valverde,2022-05-16,nuevo,1
112254,Clímaco Contreras Godoy,2023-10-26,nuevo,0
109844,Tomás Andres-Lobato,2021-09-23,nuevo,0
110163,Luisina González-Ferrero,2022-08-03,nuevo,0
106563,Pancho Cerro Río,2022-06-18,nuevo,0
113566,Casandra de Donoso,2024-06-21,nuevo,0
110428,Vera Mendoza Aliaga,2023-06-13,nuevo,1
104866,Eliana Cueto Valbuena,2022-02-20,nuevo,0
105552,Fito Sureda,2024-02-12,nuevo,0
109605,Gabriel Cobos Rodriguez,2021-05-04,nuevo,1
107938,Pepita Bermúdez Antón,2020-07-29,nuevo,0
100105,Paula Manso-Cañete,2023-07-03,nuevo,0
113574,Florinda Pinto Crespi,2022-01-18,nuevo,0
101795,Rubén Bertrán Vives,2023-06-05,nuevo,0
110863,Víctor Vendrell-Verdú,2023-03-28,nuevo,0
114808,Amaro Gomila Santamaria,2021-01-07,nuevo,1
102387,Edelmiro Tudela Alberto,2022-05-27,nuevo,1
106926,Claudia Peña Bustamante,2021-12-15,nuevo,0
104848,Bienvenida Dulce Catalá Zaragoza,2021-08-08,nuevo,1
107273,Adora Bas Cervera,2021-07-15,nuevo,1
105838,Lourdes Royo Oliva,2022-04-28,nuevo,1
113611,Florentino Gimeno Antón,2022-12-18,nuevo,1
101659,Ricardo Badía-Exposito,2020-07-16,nuevo,0
100213,Ema Trujillo Arnal,2021-11-10,nuevo,1
112409,Simón Bautista Álvarez,2024-03-07,nuevo,0
105887,Paula Durán Arranz,2023-01-30,nuevo,1
104420,Natalia Dionisia Chacón Carranza,2024-07-25,nuevo,1
114687,Domingo Ibañez Miralles,2024-08-25,nuevo,0
105194,Eli Nogueira González,2021-08-31,nuevo,0
105736,Luis Murcia Cid,2022-11-10,nuevo,0
101360,Federico de Sainz,2022-05-12,nuevo,1
102167,Lupe Pellicer Duque,2021-05-12,nuevo,1
103111,Vidal de Hurtado,2022-01-08,nuevo,1
105710,Rosario Pozo-Merino,2020-10-14,regular,2
110378,Anabel del Girona,2022-05-28,nuevo,0
100793,Octavio Medina,2023-11-01,nuevo,0
100234,María Cristina Martí Bartolomé,2020-08-19,nuevo,0
112406,Yaiza Duque Mancebo,2024-07-07,nuevo,0
107823,Antonio del Díez,2023-10-21,nuevo,0
101065,Albina Carballo-Quero,2021-08-10,nuevo,0
100210,Araceli Morera Ballesteros,2022-01-14,nuevo,0
111876,Magdalena Izaguirre Elorza,2022-07-16,nuevo,0
111876,Magdalena Izaguirre Elorza,2022-07-16,nuevo,0
111232,Maxi Nerea Sala Diego,2021-12-29,regular,2
108680,Brígida Guijarro-Mariño,2021-01-10,nuevo,0
109893,Matilde Calderón Pino,2024-08-25,regular,3
104499,Maite Ribas-Sobrino,2021-10-27,nuevo,0
113613,Ismael Cobos Vilaplana,2021-08-23,nuevo,0
106460,Carmina Chaparro Guerra,2020-04-09,nuevo,0
102414,Hipólito Armas-Galiano,2023-03-09,nuevo,0
109966,Cristina Blazquez Rocha,2022-01-12,nuevo,0
114565,Calixto Azcona Lago,2022-07-15,nuevo,1
112007,Carolina Guitart Miralles,2022-06-14,nuevo,0
113661,Roberta Medina Rios,2022-07-12,nuevo,0
100872,Pía Cuesta Zabala,2021-12-01,nuevo,0
101264,Sol Acevedo Leiva,2021-06-08,nuevo,0
101619,Urbano Garriga-Poza,2021-10-11,nuevo,0
113894,Dorotea Porras Palomar,2023-09-12,nuevo,1
104346,Narcisa Benítez Recio,2023-07-02,nuevo,0
110459,Baldomero de Jordán,2021-08-07,nuevo,1
102415,Bernardita Santiago Soria,2022-08-29,nuevo,0
113524,Claudio Jose Luis Arroyo Alemany,2020-12-12,nuevo,0
114023,Benita Fábregas,2021-02-19,nuevo,1
106897,Evaristo Aguilera Vélez,2020-05-23,nuevo,0
101221,César Peláez-Puga,2021-09-18,nuevo,0
113362,Hilda Selena Cabanillas Castilla,2021-11-14,nuevo,0
101766,Merche Ayllón-Rodriguez,2023-10-18,nuevo,1
115031,Pío Alcalá Barriga,2023-03-22,nuevo,0
108822,Amparo Noriega Castejón,2023-03-01,nuevo,1
113875,África Ester Escudero Pol,2023-07-04,nuevo,1
102002,Pablo Bas Casado,2023-08-01,nuevo,0
105610,Purificación Arellano Borrell,2022-08-20,nuevo,0
104582,Victor Ruano Roig,2021-07-12,nuevo,1
101486,Adela Alonso Manzano,2020-12-16,nuevo,1
103583,Manu Barba Carrera,2022-10-07,nuevo,1
102524,Julieta Vendrell Cabeza,2023-10-18,nuevo,0
105991,Eva Casado-Iglesia,2022-08-26,nuevo,0
108741,Brunilda Poza Pera,2022-04-25,nuevo,0
113666,Visitación Vicente Pozuelo,2022-10-30,nuevo,0
106827,Severino Roldan,2024-01-10,regular,2
103079,Rosario Blanes,2020-05-18,nuevo,0
104834,Chus Cabrero Cervantes,2023-01-15,nuevo,0
111524,Manuel Milla Nicolás,2024-03-18,nuevo,0
101306,Chus Casanova-Tirado,2022-03-21,nuevo,0
104783,Herminio Boada Ferrera,2024-05-07,regular,3
106207,Florencio Castejón-Seguí,2023-07-10,nuevo,1
114666,Damián Menendez Alcalde,2023-03-30,nuevo,1
104382,Otilia Artigas,2022-05-08,nuevo,1
111869,Bernardo Gregorio Cerdá Vera,2023-03-27,regular,2
112017,Bernardita del Agustín,2022-01-22,nuevo,0
111348,Raúl Morán-Vega,2020-06-09,nuevo,1
108690,Bernardino del Pinilla,2023-07-17,nuevo,1
106244,Rafaela Calleja Giménez,2023-03-26,nuevo,0
109933,Mariano Isern-Cervantes,2020-09-14,nuevo,1
102166,Fabricio Sobrino Escudero,2024-06-08,regular,2
100618,Augusto Vega Parejo,2022-04-12,nuevo,0
115095,Elodia Manzano Fuertes,2023-10-17,nuevo,1
107925,Nicanor Cabo Toledo,2022-03-13,nuevo,1
106685,Claudia Hortensia Palomo Roig,2022-01-01,nuevo,0
108847,Marcial Alcántara Salvà,2022-03-25,regular,2
110632,Mónica Almudena Guillen Adadia,2020-10-11,regular,2
113108,Samu Jordá Echevarría,2021-12-18,nuevo,1
114766,Laura del Adán,2023-02-14,regular,2
102164,Jessica de Tenorio,2023-02-24,nuevo,0
104771,Aránzazu Beltrán Arenas,2023-06-17,nuevo,0
113196,Gastón Azorin Franch,2020-06-17,nuevo,0
115088,Demetrio Bravo Giralt,2022-11-05,nuevo,1
102005,Agustín Sanabria,2022-02-24,regular,2
110495,Paloma Solís Ferrera,2021-06-01,nuevo,1
114880,Rosalina Alberdi-Izquierdo,2024-06-13,nuevo,0
103048,Lucía Cobo Valle,2022-02-26,nuevo,0
108285,Beatriz Anaya Manzano,2023-01-17,regular,2
113806,Encarnita Julián Casas,2022-10-05,nuevo,0
112115,Heliodoro Rivero,2021-01-19,regular,2
111968,Susanita de Rosa,2022-12-17,nuevo,1
106832,Selena Padilla Garzón,2021-06-01,nuevo,0
108521,Pastor Juanito Boix Gárate,2022-01-04,nuevo,1
109467,Regina de Almansa,2022-09-25,nuevo,0
103096,Sandra Sala Vizcaíno,2021-05-21,nuevo,0
114471,Domitila Gaya García,2023-03-29,nuevo,0
103286,Salomón Ferreras Puerta,2022-03-25,nuevo,0
114892,Susana del Cabeza,2022-03-14,nuevo,1
109826,Petrona Toro Estrada,2021-06-19,nuevo,0
107878,Eloísa Espejo Casals,2024-05-29,nuevo,0
101314,Salvador del Royo,2024-08-03,nuevo,1
109896,Telmo Nadal-Yuste,2020-06-10,nuevo,0
106424,María Quero Bellido,2021-05-24,nuevo,1
107667,Amelia Pellicer Poza,2022-08-29,nuevo,1
108704,Viviana Elías Maestre,2020-12-05,nuevo,0
102904,Lola Somoza,2021-09-18,nuevo,0
109058,Felix Salgado Gálvez,2022-09-28,nuevo,0
103334,Zaira Andres Gárate,2020-12-20,nuevo,1
111717,Maximiliano Bonilla Segovia,2024-07-26,nuevo,1
103054,Chema Ledesma Carrillo,2021-02-21,nuevo,0
111511,Mario Ripoll Tamarit,2021-09-30,nuevo,0
105073,Joaquina Talavera-Nevado,2020-09-27,regular,2
109007,Carlota del Viñas,2023-04-06,nuevo,0
110191,Emperatriz Gutierrez Prada,2023-08-31,nuevo,1
109206,Adrián de Osorio,2021-09-05,nuevo,0
102270,Paz Barrio Recio,2021-07-11,nuevo,0
102695,Candela Gras Coloma,2020-10-20,nuevo,0
108496,Iván Losada Nicolás,2024-08-03,nuevo,1
107710,Marisela Múñiz-Villalobos,2024-08-15,nuevo,0
111154,Vera del Fuentes,2023-07-18,nuevo,0
109735,Abel Figueras-Pedraza,2022-04-12,nuevo,0
114085,Marc de Sanz,2022-02-19,nuevo,1
110009,Etelvina Serna Barrios,2021-06-08,nuevo,0
110171,Aurelio Tamayo-Badía,2022-08-09,nuevo,0
108257,Segismundo Cuéllar,2022-06-05,nuevo,0
109432,Ignacio Macias Blazquez,2021-04-21,nuevo,0
104708,Aureliano Neira Cañellas,2020-05-24,nuevo,0
113887,Salomé Gonzalo Tolosa,2020-04-04,nuevo,0
102115,Onofre Mas Ferrera,2021-10-29,regular,2
107827,Damián Vilanova-Planas,2021-06-01,nuevo,0
107627,José Ángel Larrea Ruano,2020-10-02,nuevo,0
101542,Lalo Angelino Collado Sierra,2023-04-05,nuevo,1
106625,Violeta Sonia Fonseca Canet,2023-10-04,nuevo,1
102603,Heraclio Acuña Hoz,2021-05-25,nuevo,0
113367,Sabina Amat Esteban,2020-11-27,regular,2
104608,Jacinta de Gallo,2022-10-29,nuevo,0
110973,Teófilo Romeu,2022-09-09,regular,2
109320,Ciríaco Orozco,2022-12-29,nuevo,0
111225,Amaya Fortuny-Coloma,2023-07-19,nuevo,1
104757,Nieves Hervia Guardia,2022-09-25,nuevo,0
114692,Paula de Alegre,2024-04-03,nuevo,1
105539,José Manuel Anglada Galiano,2023-10-13,nuevo,0
112344,Natalia Arnau Mascaró,2021-06-13,nuevo,0
100521,Eulalia Rivas,2022-07-06,nuevo,0
111453,Jessica Lozano Guijarro,2022-12-13,nuevo,1
111648,Brígida Segura Mancebo,2022-01-06,nuevo,0
114031,Consuela del Polo,2020-12-01,regular,2
114520,Amador Berenguer Gibert,2021-02-02,nuevo,0
101093,Segismundo Montesinos Tapia,2021-07-11,nuevo,1
107094,Anselmo Esteve Cabo,2020-07-04,nuevo,0
108889,Oriana Alemany Calleja,2020-07-12,regular,2
104914,Nieves Zamorano-Vidal,2023-01-31,nuevo,0
106124,José Antonio Portero Matas,2024-06-14,nuevo,0
109264,Arcelia Arenas Báez,2021-12-20,nuevo,0
103772,Concepción Guerra,2024-04-29,nuevo,0
103772,Concepción Guerra,2024-04-29,nuevo,0
111538,Sigfrido Cepeda Fonseca,2024-07-17,regular,2
101110,Isabela Conesa Peiró,2023-02-14,nuevo,0
104656,Héctor Cornejo Acuña,2023-06-04,nuevo,0
110355,Esteban Buendía Cadenas,2023-06-08,nuevo,0
101039,Segismundo González González,2022-10-02,nuevo,0
101039,Segismundo González González,2022-10-02,nuevo,0
107177,María Dolores Luz Verdejo,2023-08-13,nuevo,0
100021,Pía Lerma Calatayud,2022-10-14,nuevo,0
108702,Valentín Norberto Piñol Serrano,2022-08-26,nuevo,1
108137,Heriberto Cerro Guijarro,2021-04-06,nuevo,0
105532,Raquel de Aroca,2021-11-21,regular,2
109414,Tiburcio Torre Caballero,2020-05-30,nuevo,1
100935,Dorita Barrera Crespi,2020-06-10,regular,2
108273,Patricia Rodrigo Frías,2022-04-01,nuevo,0
109283,Camila Riquelme Reguera,2023-11-01,nuevo,0
114084,Francisca Iniesta Solana,2022-03-01,regular,2
114712,Natalio Morillo Salas,2022-02-02,nuevo,0
101727,Marcelo Puerta-Cornejo,2021-08-06,nuevo,1
104491,Heliodoro Santamaria Pera,2021-10-05,nuevo,0
110681,Octavia Barral Neira,2020-10-13,regular,2
111331,Beatriz Nogués Guitart,2021-06-27,nuevo,0
101738,Lilia Sevillano Escrivá,2021-01-08,nuevo,0
113220,Julio César Burgos Cabezas,2023-04-04,nuevo,0
100562,Heraclio Pavón Alcalá,2023-05-30,nuevo,0
107696,Zaida Otero Aguilera,2024-08-24,nuevo,0
114369,Aitana Morell Álvaro,2024-08-07,nuevo,0
112322,Marcela Alberdi Gelabert,2024-02-27,nuevo,0
101163,Angélica Ugarte Galván,2021-01-11,nuevo,0
111301,Nico Barrena,2024-05-23,nuevo,0
110401,Clementina Castelló Llamas,2022-09-11,nuevo,1
112024,Yéssica Candela Pina Casas,2022-01-18,nuevo,0
108080,Victoria Suarez Abella,2022-06-16,nuevo,0
101528,Judith de Ariño,2022-04-02,nuevo,0
109619,Lalo Porta Clemente,2022-11-07,regular,3
114333,Edelmira del Cobo,2023-11-20,nuevo,1
114333,Edelmira del Cobo,2023-11-20,nuevo,1
102931,Araceli Amorós Bartolomé,2022-07-21,nuevo,1
105722,José María Abraham Baeza Carvajal,2023-03-19,nuevo,1
105722,José María Abraham Baeza Carvajal,2023-03-19,nuevo,1
100059,Pascual Posada Antúnez,2021-09-04,regular,2
109080,Buenaventura Piña Lago,2022-04-13,nuevo,1
111979,Diana Rosselló Sola,2024-07-01,nuevo,1
113435,Agustina Santamaría Pinedo,2021-08-04,nuevo,1
104484,Hilario Ferrándiz Bejarano,2020-07-18,nuevo,0
102292,Fortunato Soto Pedro,2020-12-28,nuevo,0
107579,Marciano Pedraza Luís,2023-01-07,nuevo,0
113359,Anastasia de Guardiola,2020-10-16,nuevo,1
108538,Manuel Orozco Uribe,2021-04-23,nuevo,0
109948,Trini Mayoral Barragán,2022-12-20,nuevo,0
114573,Luis Ángel Borja Marquez Fonseca,2021-08-13,nuevo,1
113845,Felicidad Barba-Torre,2023-12-26,nuevo,0
101650,Rosalía Lucía Mendez Plana,2021-10-29,regular,2
108134,Luna Gil Ángel,2021-10-06,nuevo,0
108134,Luna Gil Ángel,2021-10-06,nuevo,0
108118,Ildefonso del Guzmán,2020-05-10,nuevo,0
102725,Leandra Goñi Moreno,2021-11-12,nuevo,0
100939,Donato Pallarès Bautista,2021-08-21,regular,2
104511,Héctor Santamaria Olivares,2024-05-20,nuevo,0
113352,Tristán Crespi Tomé,2024-03-11,nuevo,0
114795,Olga Remedios Vilanova Font,2023-10-25,nuevo,0
115236,Bárbara Muro,2022-02-20,nuevo,1
104695,Abraham Gutiérrez Jove,2022-02-02,nuevo,1
107797,Lourdes Santamaría-Juan,2022-03-28,nuevo,1
107040,Rosa Viana,2022-05-11,nuevo,0
100999,Gema Febe Ordóñez Ávila,2021-03-11,nuevo,0
109384,Lorenzo Melero Barrio,2020-07-12,nuevo,0
104529,Celestino Gomez Burgos,2022-10-04,nuevo,0
103871,Mario Matas Galán,2024-03-27,nuevo,0
103871,Mario Matas Galán,2024-03-27,nuevo,0
111698,Leticia Isabela Roma Gomis,2022-06-24,regular,2
105355,Gala Sevilla-Téllez,2023-08-23,regular,2
114810,Rosendo Salgado-Armas,2023-02-28,regular,3
102908,Jose Francisco Pla,2020-10-19,nuevo,0
111181,Amor del Aramburu,2021-05-26,nuevo,1
110159,Telmo del Rivera,2022-09-19,nuevo,1
103539,Flora Peralta,2021-08-17,nuevo,1
114353,Ulises Torralba Bueno,2021-08-14,nuevo,1
105994,Celestino Alcalá Guillén,2021-05-11,regular,2
114711,Pacífica Murcia,2024-01-16,nuevo,0
100916,Florentino de Carreras,2023-11-20,nuevo,1
114078,Nayara Segura Chaves,2020-06-17,nuevo,0
104416,Federico del Pineda,2020-06-03,regular,2
112197,María Dolores Ochoa-Zaragoza,2020-05-15,nuevo,1
110672,Candela Galindo-Maldonado,2022-10-13,nuevo,0
110512,Manu Vicente Campo,2020-05-19,nuevo,1
101818,Fabricio Rueda Jurado,2024-04-18,nuevo,1
115196,Telmo Cruz Aguado,2022-12-05,nuevo,1
110273,Sabas de Prat,2024-02-06,nuevo,0
103950,Tecla Gordillo Gomez,2021-09-15,nuevo,1
100338,Ezequiel de Mayoral,2023-10-21,nuevo,0
106432,Salomón Gámez Lorenzo,2021-03-13,nuevo,1
102073,Abraham Jaén-Calvet,2023-08-03,nuevo,0
113492,Ramón Pareja Pla,2021-10-16,nuevo,0
105823,Clara Somoza Cabeza,2022-04-17,nuevo,0
110921,Teófila Boada-Redondo,2020-07-14,nuevo,1
105144,Alondra Ferrández Iglesias,2020-04-03,nuevo,1
111985,Carmela Soler,2020-05-07,nuevo,1
103514,Brígida Corral-Cal,2024-05-04,nuevo,0
102816,Alejandro Andres Otero,2021-10-09,regular,2
109125,Felipe Casals Cortes,2023-11-26,nuevo,1
106376,Poncio de Bustamante,2023-10-06,nuevo,0
109923,Agapito Barrera,2023-12-28,nuevo,0
114662,Silvestre Aramburu,2022-03-12,nuevo,1
108234,Lupita Pastora Guerra Ochoa,2022-12-03,nuevo,0
111286,Eduardo Aurelio Barral Carreras,2020-07-28,nuevo,0
108749,Gertrudis Abril Llorente Colomer,2021-03-03,nuevo,0
100767,Ana Sofía Barral Ortega,2023-05-04,nuevo,0
103783,Íñigo Iglesia Blasco,2022-06-07,nuevo,0
111166,Alondra Osuna-Lara,2022-11-18,nuevo,0
101145,Edu de Soto,2022-03-09,nuevo,1
112709,Xavier Calvo Río,2023-02-28,nuevo,0
102511,Joan Téllez Colom,2020-10-29,regular,2
107947,Juan Manuel Rueda Piñeiro,2023-09-07,nuevo,0
102274,Purificación Armas Vila,2022-04-03,nuevo,0
102861,Rita Palau-Franco,2021-06-11,regular,2
101222,Florentina Pellicer Bayona,2020-09-17,nuevo,0
111234,Sabas Teófilo Casado Casanovas,2021-01-20,nuevo,0
104865,Jose Manuel Carro Redondo,2023-09-02,nuevo,0
107873,África Inmaculada Carreño Pastor,2020-09-24,nuevo,0
108404,Hugo Pablo Castilla,2023-07-28,nuevo,1
110712,Rufino Dionisio Francisco Mora,2023-03-31,nuevo,1
107850,Carlos Juan Francisco Cantero Mosquera,2021-06-26,nuevo,1
104925,Fortunata Leandra Bonilla Granados,2024-04-01,nuevo,0
104533,Guiomar Galan Guillen,2022-06-10,nuevo,1
106890,Lupe Montesinos Murillo,2020-12-29,nuevo,1
101673,Rosenda Ibáñez Franch,2021-02-08,regular,2
112426,Gema Maldonado Navarrete,2022-03-05,nuevo,0
107343,Manolo Uriarte,2020-09-09,nuevo,1
114897,Modesto Verdú-Villanueva,2023-05-05,nuevo,0
104056,Maximiano Iglesias Garay,2020-11-18,nuevo,0
112545,Jonatan Rodrigo Muñoz,2022-04-08,nuevo,0
101809,Tristán Mesa Narváez,2020-07-18,regular,2
102276,Julián Godoy Bustos,2020-07-14,nuevo,1
103762,Ruben Planas-Llopis,2024-03-07,nuevo,1
107535,Candela Lucas Niño,2020-04-02,nuevo,0
110971,Pastora Palma Luís,2020-07-25,nuevo,0
110252,Eloísa Estefanía Reguera Pou,2020-06-16,nuevo,0
111677,Lino Monreal Huguet,2021-02-27,nuevo,0
102046,Anunciación Lidia Molins Alfaro,2024-02-08,nuevo,0
113976,Enrique Navas Ribas,2024-05-01,nuevo,0
107309,Marc Vazquez Belmonte,2023-12-08,nuevo,0
105114,Roberta de Blanco,2022-09-27,nuevo,1
101296,Conrado Baños Villalobos,2020-10-30,nuevo,0
108843,Quirino Valbuena Marco,2024-05-01,nuevo,0
104688,Vicenta Bolaños-Zorrilla,2022-09-28,nuevo,0
103953,Josefa Exposito,2023-06-29,nuevo,0
108448,Mónica Almagro Álvaro,2023-12-04,nuevo,0
104318,Vanesa Adán Carpio,2021-06-27,nuevo,0
110432,Máximo Falcó,2020-10-28,nuevo,1
100445,Fortunato de Mendez,2022-06-12,regular,2
105520,Victoria Montserrat Andres Clemente,2020-08-10,nuevo,0
100859,Ángel Marqués-Mateo,2020-07-26,nuevo,0
112747,Prudencia Naranjo Varela,2022-07-30,nuevo,1
104440,Crescencia Molins Gabaldón,2021-03-22,nuevo,1
105322,Adrián Alcalde,2021-10-29,nuevo,0
100842,Victoriano Adalberto Calleja Canals,2024-05-30,nuevo,1
111284,Jenaro Sedano Marquez,2022-12-07,nuevo,1
108829,Jaime Boada Royo,2023-04-13,nuevo,1
108829,Jaime Boada Royo,2023-04-13,nuevo,1
114420,Daniela Laguna,2024-07-02,nuevo,1
111993,Claudia Ferrera Torrents,2023-01-05,nuevo,1
100995,Angelina Mascaró Alegre,2020-04-12,regular,2
107772,María Luisa Tudela-Fiol,2022-11-18,nuevo,0
111943,Juan Francisco Albero-Tamarit,2020-10-07,nuevo,0
101555,Nilo Arcos Arribas,2023-05-01,nuevo,0
110608,Cornelio Solé Arenas,2022-05-01,nuevo,0
101974,Severino Machado Salcedo,2021-12-29,nuevo,1
101952,Abraham Chico-Ureña,2021-11-20,nuevo,0
114679,Miguela Piñol Luna,2024-05-03,nuevo,0
109860,Aurelio Iñiguez,2023-12-26,nuevo,0
115180,Mateo Barros Berenguer,2020-05-01,nuevo,0
111327,Magdalena Borrell Oliveras,2022-10-14,nuevo,1
112144,Pili Acedo-Madrigal,2021-07-06,nuevo,0
102514,Julio César Quique Rodrigo Pera,2023-03-09,nuevo,0
105560,Carmen del Vives,2022-05-08,regular,2
111583,Juan Carlos Porta-Ballester,2023-05-03,nuevo,0
106302,Eugenio Nebot-Figuerola,2023-07-23,regular,2
102836,Olegario Benavente Artigas,2021-12-18,nuevo,0
104701,Paola Tovar Cepeda,2021-06-28,nuevo,0
104701,Paola Tovar Cepeda,2021-06-28,nuevo,0
102446,Mirta Armida Nevado Vázquez,2020-08-30,nuevo,1
102234,Evelia Cabo Fonseca,2022-04-13,nuevo,0
103051,María Del Carmen Sarita Reina Carpio,2023-04-23,nuevo,0
114710,Miguela Crespi Roda,2022-02-15,nuevo,0
100401,Lidia Diego,2022-08-21,nuevo,0
107984,Mireia Guerrero Gelabert,2022-09-24,nuevo,0
114370,Isabela Torrens Benitez,2023-12-06,nuevo,0
105199,Cristian Colomer Lerma,2023-04-25,nuevo,1
111817,Nereida Colomer-Jordán,2022-08-17,nuevo,0
110238,Adalberto Abel Montesinos Arenas,2020-04-01,nuevo,1
108148,Jose Ramón Ariza Alemán,2020-08-21,nuevo,0
101024,Máximo Arregui Guijarro,2022-04-19,nuevo,0
103299,Hugo Expósito-Rocha,2022-12-01,nuevo,0
113915,Hortensia Varela,2022-09-20,nuevo,0
109417,Juana del Roura,2021-11-19,nuevo,1
115197,Íñigo Jose Luis Garzón Valdés,2024-06-19,nuevo,0
114580,Carolina Molins Naranjo,2022-01-07,regular,2
109811,Eligia Concha Ferrero Padilla,2023-10-22,nuevo,0
105895,Augusto Hermenegildo Carrión Puga,2020-04-15,nuevo,1
104242,Jose Antonio Hernando Llorens,2023-09-24,nuevo,1
105425,Rosario Sebastián,2022-07-05,nuevo,1
107078,Nidia Cabo Vara,2022-03-02,nuevo,0
103402,Isidoro Leon Alberola,2023-12-10,nuevo,1
113394,Alejandra Aguirre-Manuel,2023-08-17,nuevo,0
104310,Eloy Burgos,2020-10-05,nuevo,0
104081,Cayetano Duarte Rodriguez,2023-05-21,regular,2
100804,Jose Miguel Córdoba Arana,2023-07-20,nuevo,0
101551,Aura Cabezas Amo,2021-12-07,regular,2
101010,Carla Vara Mayo,2023-01-05,regular,2
106651,Vicente Bernardino Rodrigo Pinilla,2020-08-28,nuevo,0
112271,Antonia Vallejo,2024-03-06,nuevo,1
112271,Antonia Vallejo,2024-03-06,nuevo,1
113637,Julia Botella,2022-12-23,nuevo,0
102738,Guadalupe Arranz Trillo,2020-10-28,nuevo,0
110906,Pascual Barreda Iborra,2024-02-09,nuevo,0
104367,Reina Marqués Gaya,2021-08-10,nuevo,1
104367,Reina Marqués Gaya,2021-08-10,nuevo,1
105096,Calixto Quevedo Andrade,2022-04-24,nuevo,0
100649,Arsenio Vara Grande,2023-09-01,nuevo,0
109145,Feliciana Ballesteros Fernández,2021-02-14,nuevo,1
102863,Teófilo Salamanca Aznar,2022-05-18,nuevo,0
104976,Candela Bernat Sandoval,2022-06-23,nuevo,1
107690,Jorge Victor Manuel Riquelme Corbacho,2022-08-02,regular,2
106400,Fernando Escudero Lluch,2020-05-04,nuevo,0
109286,Eleuterio Gallart,2023-07-10,nuevo,0
113494,Josep Montesinos Cañizares,2022-02-10,regular,2
100551,Cintia Contreras Garcés,2020-12-05,nuevo,0
113816,Jacinto Óscar Galiano Menendez,2021-03-30,nuevo,0
105618,Maxi Celso Calderón Dalmau,2022-07-01,nuevo,0
108280,Vito Mena Román,2020-12-24,nuevo,1
114962,Micaela Montaña Mesa,2024-02-13,nuevo,0
100212,María Belén Boix-Cobo,2021-05-08,nuevo,0
113018,Brígida Olivares-Tejedor,2021-04-08,nuevo,1
106344,Marcia Flor Borrego,2021-01-16,nuevo,1
101782,Asunción Botella,2020-08-20,nuevo,0
111366,Yago Valderrama Gascón,2023-10-16,nuevo,0
103544,Germán Blanca Vilanova,2024-05-10,nuevo,1
108050,Inés de Cabanillas,2022-07-13,nuevo,1
101439,Leandra Bueno Diéguez,2020-10-15,nuevo,1
102516,Calixta Bertrán Segura,2023-08-03,nuevo,0
102869,Nayara Arellano Cabrera,2020-11-15,nuevo,1
102435,Azeneth Mendez Segura,2020-12-18,nuevo,1
105046,Martin Priego,2020-10-03,nuevo,0
104793,Renato Bou Valle,2022-10-04,regular,3
114000,Herberto Amaro Pablo Belda,2020-05-22,nuevo,0
109618,Marcelino Donaire Contreras,2024-02-16,nuevo,0
112188,Rico Vega Morales,2021-01-13,nuevo,1
106799,Obdulia Manrique Duarte,2022-04-03,nuevo,1
106476,Anna Velasco,2021-06-14,nuevo,0
101315,Martirio Barba Pont,2023-01-02,nuevo,0
109683,Segismundo de Dueñas,2022-12-30,nuevo,0
112558,Georgina Chaparro Cuevas,2022-09-27,nuevo,1
109250,Nicolasa Roselló Silva,2021-07-20,nuevo,1
103980,Ciro Canet,2020-06-17,nuevo,0
100013,Encarnita Jurado Palomares,2024-02-17,nuevo,0
107019,Iván Bayona Luna,2024-02-27,nuevo,0
100819,Juan Luis Cuevas Sevillano,2023-02-20,nuevo,1
102785,Carmelo Carranza Arana,2020-08-29,nuevo,0
111418,Domitila Puig,2021-04-24,nuevo,0
113667,Casandra Hervás Riera,2022-05-23,nuevo,0
100454,Otilia Sáez,2021-04-25,nuevo,1
101050,Cristian Lupe Blasco Morata,2022-03-26,nuevo,0
115082,Julio César Elías-Barberá,2024-06-24,regular,2
101657,Cristian Ramón Asenjo Belda,2023-06-06,nuevo,0
103458,Ruperto Lobato,2024-08-20,nuevo,0
107096,Iker de Cuenca,2023-07-05,nuevo,0
113610,Julieta Grande Recio,2020-03-25,nuevo,0
112211,Leonardo Velázquez Folch,2021-03-31,nuevo,1
114921,Juan Pablo Lucena Espejo,2023-03-27,nuevo,1
105140,Jimena Arrieta Catalá,2023-08-11,nuevo,1
104916,Charo Zoraida Marin Marin,2021-12-15,nuevo,0
104916,Charo Zoraida Marin Marin,2021-12-15,nuevo,0
100941,Valerio Barceló Saldaña,2022-06-18,nuevo,0
107234,Mayte Escamilla Carvajal,2020-03-02,nuevo,1
108795,Emilia Calderón Herrera,2021-07-09,nuevo,0
111976,Perlita Agustí Morera,2023-03-29,nuevo,1
108207,Jose Manuel Lerma Blanes,2024-02-24,nuevo,0
112695,Hortensia Valle-Gárate,2021-12-24,nuevo,1
109939,Juan Antonio del Pizarro,2022-01-31,regular,2
104635,Cristóbal Cepeda Tomé,2020-11-27,nuevo,1
114521,Bernardino Blanes Gárate,2022-03-08,nuevo,0
107310,Mamen Salgado Cáceres,2021-05-27,nuevo,1
114366,Vasco Fuertes,2020-06-19,nuevo,0
101401,Ainara Ferrer Jordán,2022-12-05,nuevo,0
110079,Aureliano del Sevillano,2022-08-25,nuevo,1
100031,Faustino Carranza Gómez,2020-11-19,nuevo,0
106364,Juan José Abilio Navas Jove,2022-07-10,nuevo,1
106259,Anabel Tejero,2023-07-07,nuevo,1
113834,Sandalio de Calleja,2021-03-10,nuevo,0
103678,Fermín Mayoral Alarcón,2024-04-21,nuevo,0
112086,Agapito Checa-Cantero,2022-07-05,nuevo,0
100673,Marcio Asenjo Vera,2023-04-26,nuevo,0
110520,Marcelo Dominguez-Fuertes,2022-11-30,nuevo,0
107922,Marc Gárate-Carrasco,2022-07-20,nuevo,0
106818,Haydée de Maza,2021-06-28,nuevo,0
114822,Juliana Vall Busquets,2023-10-18,nuevo,1
105467,Clarisa Zamorano-Alcalá,2023-02-11,nuevo,1
113002,Salud Bravo-Mata,2021-11-04,nuevo,0
108087,Lázaro Otero,2020-07-03,nuevo,1
113186,Rosario Peral Pinedo,2024-03-06,nuevo,1
101109,Felipa Vázquez Franch,2024-02-29,regular,2
111880,Eugenia del Olivera,2020-05-26,nuevo,0
114108,Goyo Cisneros Salcedo,2024-06-07,nuevo,0
103230,Bernardo Cañete Benavent,2020-03-29,nuevo,0
108212,Teodoro Mariscal Larrea,2023-06-16,nuevo,0
109812,Édgar Paredes Castellanos,2021-10-08,nuevo,0
108481,Andrea Company Lucena,2024-06-14,regular,2
103320,Leonardo Iglesias Taboada,2021-05-27,regular,2
111840,Rogelio Cipriano Galván Castro,2020-03-22,nuevo,1
105836,Julieta Martinez Fábregas,2021-02-12,nuevo,1
108072,Ambrosio Suarez Lobato,2021-07-04,nuevo,0
110419,Baldomero del Ocaña,2022-03-13,nuevo,0
112273,Luciana Chico Méndez,2023-06-26,nuevo,0
112500,Iván Rubio Luján,2020-10-28,nuevo,0
102554,Ale del Valverde,2023-04-01,nuevo,0
104776,Consuelo Elías Gisbert,2023-09-25,nuevo,0
106836,María Carmen del Pina,2021-12-30,nuevo,0
102687,Ángela del Cantón,2022-04-10,nuevo,0
107949,Marita Itziar Castañeda Asensio,2021-04-06,nuevo,0
112435,Abilio de Montes,2020-07-14,nuevo,0
101564,Salomón Camacho Angulo,2024-08-20,nuevo,0
106878,Clara Escudero-Pons,2022-09-15,nuevo,0
100556,Eliseo Ariel Sandoval Blazquez,2021-10-21,nuevo,1
103072,María Dolores Azcona Pareja,2024-04-01,nuevo,1
112094,Cristóbal Pancho Granados Suárez,2021-06-12,nuevo,1
113050,Valerio Cobo Parejo,2020-10-06,nuevo,0
104475,Fabricio Carbajo Bru,2022-08-01,regular,2
107948,Olimpia Valentín Vendrell,2020-06-16,nuevo,1
111587,Manola del Palomar,2022-02-23,nuevo,0
104857,Fanny Bernat Verdejo,2023-07-17,nuevo,0
105269,Óscar Andrade Padilla,2020-08-29,nuevo,0
102854,Eufemia Gomila,2020-04-02,nuevo,0
107088,Natalia Muro Macias,2022-04-06,nuevo,0
112897,Olalla Barriga Falcón,2022-09-15,nuevo,0
111831,Adelardo Raya,2022-09-25,nuevo,1
111078,Herminia Balaguer Girón,2020-11-13,nuevo,1
108590,Teodora Peláez Escamilla,2020-10-21,nuevo,0
104602,Tomás Gutierrez Benet,2024-01-29,nuevo,0
114578,Leocadio Ferrero Sabater,2021-09-14,nuevo,1
107388,Lázaro Rueda,2023-05-03,nuevo,0
114365,Duilio del Vilaplana,2023-11-14,nuevo,0
102214,Angélica Pol Arana,2021-03-11,nuevo,0
104930,Genoveva Rios-Canet,2024-05-26,nuevo,1
111332,Francisco Jose Marqués-Pujol,2024-01-10,nuevo,1
112600,Nacho Araujo Perelló,2021-03-03,nuevo,0
112403,Olga Gomila Lago,2020-11-17,nuevo,0
110006,Cebrián Infante Ferrández,2023-07-08,nuevo,1
102112,Miguel Ángel Torres Báez,2022-03-03,nuevo,1
113275,Isaura Pujadas Múñiz,2024-02-24,nuevo,0
108427,Casemiro Diéguez,2021-03-25,nuevo,0
107151,Héctor Chaparro Corominas,2024-06-28,nuevo,0
114131,Custodia Ferrández Crespo,2022-08-04,nuevo,0
108299,María Belén Martín Sainz,2024-06-23,nuevo,0
113231,Marcelo Edelmiro Robledo Rozas,2022-09-26,nuevo,0
107709,Simón Bellido Arteaga,2020-07-23,nuevo,0
107378,Ambrosio Fernández Pina,2023-06-05,nuevo,0
104447,Rita Sureda Gordillo,2023-06-15,nuevo,0
114086,Fortunato de Francisco,2022-10-31,nuevo,0
111662,Selena Sonia Ferreras Pascual,2021-05-04,nuevo,1
108258,Ramón Riquelme-Garriga,2024-01-22,nuevo,0
105027,Bernardino Puga Uriarte,2022-02-28,nuevo,1
100029,Mayte Espinosa Estrada,2022-02-19,nuevo,0
114744,Matías Córdoba Anglada,2023-03-22,nuevo,1
112486,Eusebio Martín,2021-10-31,regular,2
110598,Jessica Castells Fernandez,2022-12-12,nuevo,1
110624,Renata Blanch Heras,2024-04-10,nuevo,0
100356,Blas Hurtado Blanes,2020-04-12,nuevo,0
101430,María Pilar Gargallo Vaquero,2023-08-05,nuevo,0
111489,Belén Buendía,2022-06-09,nuevo,0
112054,Marciano Barrio Arroyo,2023-05-08,nuevo,1
111236,Olalla Valls Tamarit,2023-01-13,nuevo,0
112740,Mónica Esparza Campo,2021-08-19,nuevo,0
107473,Roldán Pastor-Villegas,2021-03-17,nuevo,0
100333,Natanael Arribas Gálvez,2024-07-04,nuevo,0
105644,Eloy Escobar Ordóñez,2021-05-12,nuevo,1
106866,Jessica Múgica Hernández,2022-08-10,nuevo,0
113792,Félix Cepeda Bastida,2023-10-25,nuevo,0
109881,Damián Riera-Gelabert,2022-01-21,nuevo,0
113927,Odalys Maite Castelló Robles,2023-03-13,nuevo,0
104225,Francisca de Camino,2022-06-15,nuevo,0
100965,Rico Baños Quesada,2021-11-30,nuevo,0
111263,Eli Haro Chaves,2022-05-06,nuevo,0
106750,Patricio Barroso Miró,2021-06-13,nuevo,0
100121,Consuela Castellanos Balaguer,2024-07-06,nuevo,0
106795,Darío Llorens Anguita,2024-06-30,nuevo,0
104931,Marina Molins,2024-02-15,nuevo,0
107364,Domingo Viñas-Rincón,2021-03-16,regular,2
105580,Carmela Felicia Bernad Cabañas,2023-06-28,nuevo,0
107845,Gerardo Montero Cabello,2022-07-16,nuevo,1
107845,Gerardo Montero Cabello,2022-07-16,nuevo,1
100329,Encarna Duque Perez,2022-03-19,regular,2
104711,Nacho Ávila Iborra,2021-12-25,nuevo,0
103282,María José de Ponce,2024-06-17,nuevo,0
102371,Eli de Rebollo,2021-02-01,nuevo,1
105523,Diego Miranda Vicens,2023-04-20,nuevo,0
102545,Telmo Vélez Vall,2021-05-27,nuevo,0
111722,Encarnita Torralba Feijoo,2020-09-26,nuevo,0
109633,Renato Santiago Acosta Gaya,2020-12-24,nuevo,0
102886,Florencia Gimeno Folch,2022-07-23,nuevo,1
110425,Judith Chaparro Lillo,2021-02-26,nuevo,1
102179,Fabio Alemany Mas,2023-11-03,nuevo,0
112157,Roxana Saura,2023-07-01,nuevo,1
104899,Maribel Lilia Sanmartín Andrade,2022-02-11,nuevo,0
105154,Chus Morante Pérez,2024-04-13,regular,3
101210,Fidel Carrión,2024-06-29,regular,2
105171,Carmelo Bas,2021-06-23,nuevo,0
115122,Martirio del Sosa,2022-06-24,nuevo,1
109971,María Dolores Company Gual,2021-10-15,nuevo,0
108167,Damián Larrañaga Rubio,2020-07-04,nuevo,0
103124,Anna Requena Bayona,2023-11-13,nuevo,1
112473,Josué Arana Gual,2022-12-08,nuevo,1
101545,Pili Uriarte-Roldan,2021-11-05,regular,2
108188,María José del Quero,2020-05-08,nuevo,0
114814,Teófila Fuentes-Sanz,2022-06-11,nuevo,0
111145,Lucila Valbuena-Marti,2020-12-26,nuevo,0
107417,Federico Román Santiago,2023-11-11,nuevo,0
113439,Ale Guijarro,2020-12-30,regular,2
109994,Celestino Miguel Ángel Molina Marqués,2024-04-08,nuevo,0
110498,Gerardo Fábregas-Uribe,2022-07-17,nuevo,0
114190,Reyes Clemente Mármol,2020-11-01,regular,2
100946,Rosa María de Escribano,2022-11-24,nuevo,1
111114,Joaquina Rius-Piñeiro,2021-04-10,regular,2
104551,Margarita Macias Jimenez,2023-06-09,nuevo,1
113910,Feliciano Tamarit-Adadia,2021-05-20,nuevo,0
112684,Aura Cózar Quero,2022-02-14,nuevo,1
108349,Jordana Alfaro,2023-03-13,nuevo,0
112586,Mayte Noa Calatayud Cañas,2023-04-20,nuevo,0
111730,Marc Dionisio Gimeno Cabezas,2024-04-18,nuevo,0
114826,Soledad Solera Solano,2021-09-13,nuevo,0
101676,Eugenia Tejedor-Domingo,2020-08-14,nuevo,0
109786,Emigdio del Serna,2023-03-12,nuevo,0
101562,Marcelo Claudio Gutiérrez España,2022-07-15,nuevo,0
112034,Adelaida Carreras Fajardo,2022-12-16,nuevo,1
115011,Erasmo del Merino,2023-03-28,regular,2
111018,Geraldo Sabater Fernandez,2024-01-10,nuevo,0
106214,Blanca Peinado Chico,2021-01-18,nuevo,1
110478,Martirio Medina Llobet,2022-08-24,nuevo,0
106045,Ariel del Alcaraz,2024-03-22,nuevo,0
104542,Darío del Bustos,2021-03-29,nuevo,1
101783,Florencio Palomo Martí,2024-01-31,nuevo,0
112249,Maristela del Carpio,2024-04-24,nuevo,0
112249,Maristela del Carpio,2024-04-24,nuevo,0
113963,Pedro del Téllez,2023-02-17,nuevo,0
101096,Oriana del Calderón,2021-03-29,nuevo,0
107614,Chus Rosado-Gutierrez,2024-06-23,nuevo,0
111071,Otilia Ayllón Sala,2023-09-27,nuevo,0
108205,Mercedes Sanjuan-Murillo,2024-04-22,nuevo,1
103288,Edgardo Sierra Luna,2024-05-19,nuevo,0
112871,Evita Ballester Ros,2022-10-28,nuevo,1
100678,Rodolfo Falcón Álvaro,2020-12-31,nuevo,0
106194,Marcelo del Llanos,2021-05-16,nuevo,0
102606,Amílcar Capdevila Salmerón,2020-11-01,nuevo,1
106929,Cosme Sanmartín Lasa,2023-04-27,nuevo,0
106929,Cosme Sanmartín Lasa,2023-04-27,nuevo,0
101393,Cándido Telmo Anglada Ramis,2021-09-19,nuevo,0
108730,Ruperta Rovira Cuenca,2021-01-01,nuevo,0
113475,Eulalia Plaza Lorenzo,2021-11-29,nuevo,0
100753,Concha Javiera Campo Alcántara,2024-03-16,nuevo,0
101712,Vicenta Fernanda Chacón Lorenzo,2022-03-29,nuevo,0
103738,Adalberto Dominguez-Tormo,2022-12-27,nuevo,0
115226,Ciriaco Piñeiro-Amigó,2021-12-14,regular,2
115223,Blanca Ana Belén Naranjo Sandoval,2023-08-23,nuevo,0
113301,Flor Visitación Calzada Borrego,2020-12-27,nuevo,0
103216,Ariel de Pacheco,2022-03-22,nuevo,0
100798,África Encarnación Verdejo Bonilla,2022-12-27,nuevo,0
105366,Baudelio Galvez Román,2023-08-13,nuevo,0
105366,Baudelio Galvez Román,2023-08-13,nuevo,0
101778,Jordi Cordero-Bosch,2024-05-24,nuevo,1
104114,Julián Valle Criado,2022-12-29,nuevo,1
101771,Pía Villanueva,2024-08-19,nuevo,0
114176,Haydée de Salas,2021-12-11,nuevo,1
106935,Elena Lago-Uribe,2022-02-24,nuevo,0
114611,Judith Sánchez,2020-07-18,nuevo,0
114611,Judith Sánchez,2020-07-18,nuevo,0
113273,Alma Falcón Roig,2020-08-04,nuevo,0
107519,Andrés Felipe Guijarro Cerezo,2021-04-19,nuevo,0
106413,Rosalina Villalba Ibáñez,2023-11-14,nuevo,0
103023,Héctor Teo Fuertes Blanca,2023-09-17,nuevo,1
114427,Arturo Izaguirre-Segura,2021-11-14,regular,2
104229,Eugenia Diaz Villena,2021-01-23,nuevo,0
114326,Prudencia Tormo Lloret,2020-09-26,regular,2
103013,María Manuela Fiol Zabaleta,2021-11-20,nuevo,0
114219,Benita Fuster Ferrando,2021-01-27,nuevo,0
106876,Raquel Morell-Perea,2020-09-04,nuevo,1
112727,Nando Vera Batlle,2020-11-27,nuevo,1
105765,Isidro Colom Moraleda,2021-05-16,regular,2
104620,Amílcar de Moles,2021-12-26,nuevo,1
111420,Carmelita Poza Aparicio,2024-08-21,nuevo,0
107277,Sebastian Sánchez Bonilla,2024-05-05,nuevo,0
108569,Leyre Rubio Niño,2023-08-25,nuevo,1
110314,Bernardo Mateu Rosa,2022-09-10,nuevo,1
100528,Marisa Pulido,2023-09-03,nuevo,0
100367,Adalberto Gaspar Lumbreras Puig,2022-11-03,nuevo,0
106099,Jesusa del Plana,2020-12-11,nuevo,1
114296,Manuel Calvet Marti,2022-11-11,nuevo,0
104265,Ana Belén Lopez Rozas,2024-02-04,nuevo,0
104263,Gabriela Arroyo Raya,2020-12-18,regular,2
113302,Jerónimo Manrique-Casas,2023-07-06,nuevo,0
106826,Gabriela Serrano Armas,2022-03-26,nuevo,1
101920,Gaspar Fuertes Torralba,2023-09-06,nuevo,1
100702,Evita Terrón Aragón,2021-12-08,nuevo,1
106171,Isabel Carrera-Mata,2024-05-02,nuevo,0
113191,Miguel Higueras Berenguer,2022-11-18,regular,2
109768,Tiburcio Busquets,2023-04-23,nuevo,1
105019,Feliciana Ramón Sarmiento,2024-04-08,nuevo,1
106871,Javiera Expósito,2023-12-03,nuevo,0
108950,Pelayo Castells Cantero,2024-02-26,nuevo,0
104424,Danilo Jimenez,2020-11-07,nuevo,0
113653,Casemiro Salinas Amorós,2024-01-03,nuevo,1
106863,Víctor Guerra León,2022-11-18,nuevo,0
114307,Jose Carlos Cabeza Crespo,2023-06-08,nuevo,0
104869,Marcia Casares Comas,2024-05-23,nuevo,1
101299,Crescencia Delia Campillo Granados,2023-12-28,nuevo,1
107516,Marc Giralt Valenzuela,2023-02-01,nuevo,0
101353,Reyna Páez,2024-03-04,nuevo,0
102927,Ileana Remedios Posada Salgado,2021-06-14,nuevo,0
109514,Omar Aristides Piña Valcárcel,2021-02-06,nuevo,1
112083,Kike Araujo Sainz,2023-10-05,nuevo,0
101288,Maristela Gallardo-Valcárcel,2020-06-22,nuevo,1
107112,Olivia Peñalver-Caro,2023-04-28,nuevo,0
111727,Jose Miguel Castelló,2024-08-17,nuevo,1
104351,Sabina Llorens-Saura,2022-09-14,nuevo,0
109005,Rosa María Arjona Mariscal,2022-09-20,nuevo,1
103698,Sebastián Botella Armas,2024-08-01,regular,2
102014,José Mari Ureña Menendez,2023-08-07,nuevo,0
112414,Ariel Ramos Gomis,2022-10-10,nuevo,1
104374,Marcial Oller,2024-04-27,nuevo,1
115098,Balduino Aramburu Abad,2020-05-06,nuevo,1
105678,Mar Marqués Téllez,2022-11-08,nuevo,0
110839,Narcisa Rivera Porta,2020-12-08,nuevo,1
108811,Matías Mayo Mata,2022-11-05,nuevo,0
102148,Evelia Gisbert Solé,2024-07-09,nuevo,0
108742,Camilo Anguita Adadia,2023-07-31,nuevo,0
102706,Lucas Infante Heredia,2022-07-06,nuevo,0
105474,Ágata Diéguez Pou,2022-04-13,regular,2
108826,Jacinta Cantón Salcedo,2021-05-11,nuevo,0
102571,Camilo Cárdenas García,2021-03-10,nuevo,0
110490,Marcia Torres,2023-03-12,nuevo,0
107311,Lucila Fajardo Moll,2023-04-06,nuevo,1
114932,Roxana Galiano Lumbreras,2020-09-07,nuevo,0
110398,Rosenda Hernandez,2024-06-14,nuevo,0
111815,Julio Busquets Ortiz,2021-09-28,nuevo,0
112251,Sebastián Ayllón Llobet,2020-08-09,nuevo,0
112859,Eufemia Marta Fonseca Vergara,2020-10-28,nuevo,0
100811,Amalia Pardo Montalbán,2022-07-09,regular,2
107969,Belén Visitación Villalobos Carrera,2021-08-23,nuevo,0
105685,Julio César Merino Hernández,2022-04-16,nuevo,0
108571,Severo Almazán-Cifuentes,2024-07-31,nuevo,0
100313,Chelo Cortes Falcó,2022-12-31,nuevo,0
102074,Andrea Serra Calvet,2020-09-23,nuevo,0
113616,Feliciana Portero Piquer,2024-05-05,nuevo,0
111708,Bibiana Abellán Garay,2023-12-26,nuevo,0
111403,Adelaida Ortuño Galán,2023-04-03,nuevo,0
100886,Julie Oriana Mendoza Cabeza,2020-10-20,regular,2
101478,Juanita Soria Francisco,2022-05-25,nuevo,1
101791,Caridad Carlos Manjón,2022-10-30,nuevo,0
101791,Caridad Carlos Manjón,2022-10-30,nuevo,0
103143,Apolonia Quirós Seco,2022-02-10,nuevo,0
108666,Cándido Pascual Comas,2024-08-10,nuevo,1
102009,Dani Ferreras-Arrieta,2024-08-10,nuevo,0
103455,Aurelia Catalá-Frutos,2022-01-12,nuevo,0
100683,Teobaldo Córdoba,2024-02-11,nuevo,0
103896,Gabriela Bellido Cerro,2023-09-05,nuevo,0
112555,Liliana Trillo,2022-05-19,nuevo,0
111910,Samanta Portero Llorens,2020-12-23,nuevo,1
106956,Albano Quintero Barba,2020-09-05,nuevo,0
112617,Celestino Sala,2022-12-16,nuevo,0
100058,Ofelia Priego Cabrero,2023-04-08,nuevo,1
112456,Rebeca Arnal Figueras,2022-12-01,nuevo,0
114058,Herminia Otero-Calatayud,2023-12-23,nuevo,0
107290,Petrona Pizarro Colom,2020-08-13,nuevo,0
102400,Inmaculada Bermejo Villar,2021-08-26,nuevo,1
108743,Odalis Puga Barragán,2023-02-24,nuevo,1
114988,Marcia de Arenas,2020-05-09,nuevo,0
104127,Verónica Gárate,2022-01-07,nuevo,0
109237,Melania Fábregas Llanos,2022-08-02,nuevo,0
112420,Macarena Rosalinda Cerezo Román,2022-11-13,nuevo,0
109640,Gervasio Blasco Rico,2024-01-06,nuevo,1
101469,Dani Nicolás Durán Barceló,2021-09-14,nuevo,1
105762,Adelina Boix Tamayo,2023-09-13,nuevo,1
101417,Ciro Navas Galiano,2022-01-10,nuevo,1
100471,Fulgencio Torres Amores,2023-07-07,nuevo,0
102359,Isa Cánovas,2023-11-07,nuevo,1
102723,Danilo Taboada,2024-04-24,nuevo,0
107599,Bernabé Roman Riquelme,2024-06-28,nuevo,0
106887,Concha Brunilda Gárate Arco,2023-01-16,nuevo,1
107718,Eugenio Castell,2023-08-26,nuevo,1
113281,Fanny Manso Almazán,2020-03-05,nuevo,0
113208,Gabriel Julián Teruel Pla,2022-06-16,nuevo,0
109150,Florencio Pons Tamarit,2023-07-21,nuevo,1
104526,Ramón Tolosa Campos,2024-06-05,nuevo,1
104611,Ariel Portero Jiménez,2022-09-25,nuevo,0
111512,Jose Antonio Jordán Lucena,2023-04-24,nuevo,0
112546,Benigna Sarmiento González,2023-08-21,nuevo,0
106042,Ainoa Español Lozano,2023-06-02,nuevo,0
114461,Teodoro del Barros,2024-07-08,nuevo,0
103870,Luz de Pascual,2020-09-06,nuevo,0
109186,Segismundo de Lara,2020-04-11,regular,2
114933,Pascual Sancho Tejero Ribera,2022-01-11,regular,4
113414,Marciano de Briones,2022-10-17,nuevo,0
106787,Raquel Javiera Puente Bayona,2023-01-12,nuevo,0
107164,Natalia Cantero-Adadia,2022-11-10,nuevo,1
109214,Noé Pujadas Baró,2023-07-28,nuevo,0
110953,Piedad Carballo Segarra,2022-11-08,nuevo,1
114460,Nazaret Elvira Mora Talavera,2024-02-02,nuevo,0
104675,Ibán Casares Sarmiento,2024-02-14,nuevo,0
101056,Chema Laguna Vigil,2023-12-06,nuevo,0
102282,Teresa Alemany Grande,2022-09-12,nuevo,0
111392,Adelia Estévez Márquez,2023-04-28,nuevo,0
112909,Macaria del Carro,2020-06-28,regular,2
108159,Gloria Villa Anguita,2020-11-24,nuevo,0
108241,Claudio Porta Rosa,2024-01-02,nuevo,1
101925,Ámbar Tamayo Mateos,2022-09-11,nuevo,0
106380,Raimundo Toro Alvarez,2021-08-13,nuevo,0
104908,Petrona Mercader-Sanabria,2021-07-19,nuevo,0
111686,Melchor Talavera Llorens,2022-12-14,nuevo,0
114079,Itziar Godoy Cal,2021-08-29,nuevo,0
101076,Griselda Domingo Fernandez,2021-05-12,nuevo,0
101116,Chelo Segarra Fonseca,2023-05-25,nuevo,0
103937,Daniel Ferrero Leon,2023-07-02,nuevo,1
103534,Miguel Mas Gallart,2022-03-28,nuevo,0
111032,Ángeles Conesa Mir,2022-03-06,regular,2
108342,Reyes Machado,2022-08-09,nuevo,0
100461,Trinidad Catalá Blanch,2021-06-19,nuevo,0
103033,Mayte Hervás-Cantón,2022-12-24,nuevo,0
104208,Lola de Parra,2021-11-10,nuevo,0
106714,Dominga Montenegro Roselló,2022-11-25,nuevo,1
113886,Graciela de Carbonell,2024-05-30,nuevo,0
106399,Alejandra Torres Frías,2022-05-23,nuevo,1
112280,Milagros Espinosa,2023-05-28,nuevo,1
105842,Edelmira Marti Carbonell,2024-01-09,nuevo,0
107143,Albina Girona Galiano,2024-08-15,nuevo,0
101453,Crescencia Águila Estévez,2022-04-22,nuevo,0
102150,Patricio Menéndez Castilla,2023-12-15,nuevo,1
100320,Paola Chamorro Amigó,2020-03-10,regular,2
104970,Noelia Cobo Oliveras,2024-04-12,nuevo,1
108095,Marcial Reguera Arranz,2023-09-20,nuevo,0
106770,Manuelita Cadenas Madrigal,2024-01-19,nuevo,1
101923,Cayetano Machado Cabrero,2023-12-27,nuevo,0
110791,Silvia Miriam Dalmau Amador,2023-05-25,nuevo,0
113843,Flor Acero Casanovas,2023-09-02,nuevo,1
110011,Toni Artigas Verdejo,2021-03-11,nuevo,1
112560,Aránzazu Pina-Tolosa,2020-12-06,nuevo,1
108028,Adolfo Gracia Francisco,2020-11-21,nuevo,1
109925,Jeremías Hernando Uría Torrens,2023-12-23,nuevo,0
114701,Yésica del Losa,2023-11-05,nuevo,1
102130,Paco Valenzuela-Estévez,2020-04-02,nuevo,0
107622,Chita Roberta Vélez Benito,2021-08-20,nuevo,0
106479,Pastor de Villa,2021-08-18,nuevo,1
106301,Ramón de Isern,2022-04-02,nuevo,0
108992,Josué Gomez Villaverde,2020-06-29,nuevo,0
112301,Amarilis Reguera Marco,2021-01-12,nuevo,0
109181,Segismundo Corral Bejarano,2022-05-23,nuevo,0
112789,José Mari Sanmartín Navarrete,2021-03-29,nuevo,1
102510,Urbano Bosch Goñi,2020-05-27,nuevo,0
101053,Angelita Jaén Montenegro,2020-06-22,nuevo,0
108048,Emilia Ferrando Sarabia,2021-03-28,nuevo,0
106153,Cirino Vara,2022-01-26,nuevo,0
101682,Anita Robledo Ribera,2023-04-08,nuevo,0
110674,Pepita Briones-Zorrilla,2021-09-04,nuevo,0
104068,Rita del Miralles,2024-03-18,regular,2
105025,Alfredo Montserrat,2021-09-20,nuevo,0
101457,Eutropio Marcelo Valderrama Pastor,2022-09-26,nuevo,0
106820,Heliodoro de Armas,2022-10-26,nuevo,1
106820,Heliodoro de Armas,2022-10-26,nuevo,1
100362,Eugenio Seguí Cobos,2023-03-27,nuevo,0
113174,Toño Adán Poza,2022-05-16,nuevo,1
114929,Lupe Morcillo Oliver,2023-05-23,nuevo,0
109333,Irene Juanita Ramis Diez,2022-07-20,nuevo,0
108916,Bartolomé Luís Juan,2023-12-17,nuevo,0
108916,Bartolomé Luís Juan,2023-12-17,nuevo,0
103146,Ángela Carbajo Castellanos,2022-09-19,nuevo,0
108876,Iván Camino Ibarra,2023-02-10,nuevo,0
100506,Goyo Avilés,2020-05-18,nuevo,0
110816,Román Serra Alcaraz,2021-12-31,nuevo,0
107888,Aroa Georgina Silva Galvez,2021-05-05,nuevo,0
113879,Miguela Suarez Escobar,2023-11-13,nuevo,0
110748,Xavier Soto Figuerola,2021-12-03,nuevo,1
112214,Carina Bayo Vicente,2021-03-22,nuevo,1
112443,Sara del Ureña,2021-04-01,nuevo,1
100541,Sebastian Torrents,2023-05-16,nuevo,0
104236,Milagros Llanos Esteve,2024-06-03,nuevo,0
105508,Cayetano Fernando Baró Velasco,2021-01-29,nuevo,0
113882,Vilma Sotelo Catalá,2020-04-15,nuevo,1
113905,Victoriano Cifuentes-Esparza,2021-05-22,nuevo,0
112436,Sara Amor Valencia Montoya,2024-05-06,regular,2
114066,Lucas del Iniesta,2024-05-19,nuevo,0
100755,Candelas Vázquez Gutiérrez,2022-02-02,nuevo,0
108455,Lourdes Royo-Clavero,2023-06-24,nuevo,0
102004,Corona Córdoba Tamarit,2023-05-16,regular,2
108830,Judith Bernal Diego,2023-10-19,nuevo,0
102543,Anita Matas Saavedra,2022-12-02,nuevo,0
106074,Manuelita Celia Fabregat Sáez,2021-10-15,nuevo,1
102919,Jose Miguel Landa Rosado,2022-06-30,nuevo,0
114762,Faustino Chuy Huguet Ródenas,2021-11-17,nuevo,0
105219,Bernarda Coello,2022-08-24,nuevo,0
107054,Jeremías Linares,2023-08-11,nuevo,1
100238,Gabriel Rivero Morillo,2022-05-20,nuevo,0
104272,Ámbar Villanueva Bello,2023-10-09,nuevo,0
105876,Ángeles del Sans,2024-08-26,nuevo,0
107590,Amelia Quirós,2022-01-27,nuevo,0
100101,Reinaldo Núñez,2020-11-20,nuevo,0
110656,Jacinta Arias Garzón,2022-04-27,nuevo,0
111223,Paca Macías-Boix,2024-03-30,nuevo,1
109947,Soraya Alemany-Urrutia,2020-04-07,nuevo,0
111915,Josefina Morante Ferrer,2023-01-09,nuevo,0
105363,Emiliana Cid Checa,2023-11-22,regular,2
104767,Vasco Sobrino Alberto,2022-05-04,nuevo,0
111007,Jesús Teruel Ayllón,2022-03-11,nuevo,1
104881,Jose Miguel Gallart Castillo,2021-07-20,nuevo,0
109725,Celia Carballo-Cardona,2023-03-02,nuevo,0
100602,David Cabrera,2023-06-15,nuevo,1
112137,Abilio de Escamilla,2020-04-05,regular,2
113899,Amador Tejada Barrio,2021-01-31,nuevo,0
106183,Gabriela del Requena,2020-03-16,nuevo,1
111882,Claudio René Larrea Batalla,2022-05-13,nuevo,0
102432,Melisa Almansa Falcó,2021-11-02,nuevo,0
108855,León Serrano Zurita,2022-01-28,nuevo,1
101045,Curro Higueras Ordóñez,2020-05-23,regular,2
114204,Luisina Amor Casanova Oliva,2022-10-08,nuevo,0
101558,Pía Collado Castell,2021-04-18,nuevo,0
105010,Rosario Grande Dávila,2023-08-25,nuevo,0
101488,Roberto Villalba,2024-04-19,nuevo,1
106578,Segismundo Barceló-Enríquez,2022-03-04,nuevo,0
110898,Samanta de Egea,2024-05-21,nuevo,0
114327,Margarita Teodora Ródenas Barriga,2020-05-01,nuevo,0
109211,Amador Gomila-Paniagua,2022-03-10,nuevo,0
102116,Florentino Anaya,2021-08-31,regular,2
105796,Consuela Pedrero-Mena,2021-12-13,nuevo,0
113838,Urbano Coloma Pombo,2021-06-12,nuevo,1
107581,Pánfilo de Cañas,2023-02-25,nuevo,0
108413,Pacífica Pavón,2020-04-30,nuevo,1
105492,Martin Villena Bravo,2021-09-18,nuevo,0
110933,Concha Rufina Roma Llobet,2021-01-07,nuevo,0
100619,Flavio Pellicer Carrasco,2023-09-08,nuevo,1
114386,Virginia Galván Exposito,2020-07-22,nuevo,0
108665,Camilo Peláez-Bonilla,2021-10-18,nuevo,0
108216,Celso Roque Figueras Llanos,2024-07-04,nuevo,0
115224,Toño Marcelino Roma Meléndez,2020-12-24,nuevo,0
103397,Galo Barrera Falcón,2020-09-01,nuevo,0
101601,Espiridión Llano Vidal,2021-05-05,nuevo,0
110763,Conrado Costa Gonzalo,2022-01-19,regular,2
113531,Marciano Téllez Barragán,2024-04-04,nuevo,1
101616,Violeta Huerta Gaya,2023-10-21,nuevo,0
101753,Eva María Gibert-Bautista,2024-08-05,nuevo,1
109038,Ceferino Albert Cañas Peña,2024-06-16,nuevo,0
102041,Carla Valentina Gil Fabra,2020-06-28,nuevo,0
102084,Anunciación Amelia Chico Gras,2022-12-02,nuevo,0
110871,Paulino Chaparro Moya,2023-05-11,nuevo,0
100547,Guillermo Jimenez Cueto,2021-05-23,nuevo,0
106200,Inocencio Perales Baquero,2020-09-12,nuevo,0
111161,Ligia del Cordero,2021-03-19,nuevo,1
109941,Mamen Blazquez Castelló,2022-02-22,nuevo,0
113881,Alfonso Calvo Mariscal,2022-10-22,nuevo,1
105148,Raúl Ramírez Palacios,2020-07-04,nuevo,1
112863,Adelardo Atienza,2022-06-25,nuevo,1
100676,Paloma de Vizcaíno,2021-12-31,nuevo,0
102546,Emilio Gisbert Borja,2022-10-06,nuevo,1
104372,Edelmiro Rozas-Revilla,2023-12-29,nuevo,1
112960,Amor del Montero,2021-04-20,nuevo,0
104000,Araceli Graciela Caro Tomas,2022-04-22,nuevo,1
114789,Leocadia Alcántara,2020-04-06,nuevo,1
106015,Alexandra Lago Galván,2023-05-23,nuevo,0
105097,Jovita del Sanchez,2021-02-16,nuevo,0
107170,Guiomar Rosa Soria,2023-11-24,nuevo,0
100176,Rosalina Mayo-Royo,2022-11-09,regular,2
114831,Juan José Cabezas Fábregas,2020-06-11,regular,3
102209,Silvio Pareja Carretero,2022-04-01,nuevo,1
103610,Hilda Marco Fiol,2020-06-21,nuevo,0
112373,Cosme de Sanabria,2024-06-16,nuevo,0
114012,Nélida Quintero Sedano,2020-09-22,nuevo,0
103788,Basilio Luna-Barrena,2021-11-17,nuevo,1
115023,Ana Lillo Catalán,2022-05-12,regular,2
115023,Ana Lillo Catalán,2022-05-12,regular,2
111012,Josué Páez Benet,2022-02-19,nuevo,1
106459,Casemiro Agustí Sosa,2023-02-13,nuevo,0
107111,Adora Pol Cisneros,2023-04-16,nuevo,0
102226,Graciela Prats-Mayol,2022-12-01,nuevo,0
103050,Asunción Gracia,2020-12-23,nuevo,0
100297,Fito Portillo Piquer,2020-06-09,nuevo,0
101127,Adelina Ferreras,2023-12-10,nuevo,1
108740,Timoteo Ordóñez-Redondo,2021-11-03,nuevo,0
114823,Claudia Campillo,2023-02-04,nuevo,1
111359,Tadeo Arnau Sanchez,2021-05-19,nuevo,0
102442,Marta Reguera Ibañez,2021-02-24,nuevo,0
113383,Julián Marquez,2023-10-23,nuevo,0
113383,Julián Marquez,2023-10-23,nuevo,0
107584,Marcio Borrego Nadal,2023-05-20,nuevo,0
101323,Eusebia Fuentes Carbó,2022-07-02,nuevo,1
101604,Fernanda Martínez Llorens,2024-04-24,regular,2
104211,Lidia Tomás Ureña,2023-04-05,nuevo,0
112109,Pedro Yuste Ríos,2023-03-26,nuevo,0
113416,Mar Iñiguez Pujadas,2020-07-25,regular,2
101344,Isidora Perera-Navas,2021-06-08,nuevo,0
101344,Isidora Perera-Navas,2021-06-08,nuevo,0
104066,Corona Acuña Vélez,2023-11-05,nuevo,0
106905,Cipriano Daza-Pombo,2021-05-09,nuevo,0
101295,Ulises Vallejo Casanova,2024-01-11,nuevo,1
105008,Bienvenida Baeza Cuenca,2023-08-23,nuevo,1
106070,Rosa María Carrillo Llorens,2022-04-15,nuevo,0
106387,Mayte Jara Peña,2023-04-29,nuevo,0
114562,Nicodemo del Méndez,2024-01-10,nuevo,0
111028,Daniela Jáuregui,2022-08-08,nuevo,0
111013,Rosa Paz González,2023-10-09,nuevo,0
104072,Dulce Galvez Jimenez,2024-07-02,nuevo,0
101508,Ciro Trillo,2023-10-07,nuevo,0
109021,Victoriano Ríos,2023-02-05,nuevo,0
101560,Coral Arias Llopis,2022-07-11,nuevo,1
109247,Marc Larrañaga Lobato,2023-01-11,nuevo,0
105578,Alexandra Alcalá Mínguez,2020-04-07,nuevo,1
109470,Patricio Barroso,2020-07-17,nuevo,1
107741,Aureliano Valverde Lorenzo,2023-11-14,nuevo,0
114604,Bárbara Zoraida Gelabert Sáenz,2023-12-11,nuevo,0
114147,Germán Nevado Mata,2022-01-31,nuevo,0
101837,Coral Patiño Peinado,2023-03-18,regular,2
105612,Amando Pascual Roda,2022-08-28,regular,2
114248,Paula Rosalinda Rodriguez Gómez,2024-01-04,nuevo,0
108669,Ignacia Guardiola González,2023-10-25,nuevo,1
105336,Esperanza Mariño,2020-03-29,nuevo,0
101355,Adolfo Perales Asensio,2023-03-31,nuevo,1
114987,Eva María Goicoechea Bayón,2022-09-29,nuevo,0
104142,Pastor Bautista Manrique Goñi,2022-12-12,nuevo,0
109376,María Carmen de Ferrer,2023-06-02,nuevo,0
108201,Juan Pablo Barroso Ramos,2023-01-13,nuevo,1
114274,Patricia Balaguer Villaverde,2024-07-27,regular,2
104845,Horacio de Alfonso,2020-05-02,nuevo,1
104724,Genoveva Calvo Carlos,2020-07-26,nuevo,0
106261,Paola del Ibáñez,2023-02-27,nuevo,1
113956,David Santamaria Bolaños,2020-05-25,nuevo,0
106907,Valeria Cabello Bernat,2020-03-03,nuevo,0
103281,Marciano de Blanes,2022-10-27,nuevo,1
104033,Bienvenida Delgado-Córdoba,2020-08-03,nuevo,0
106721,Isaías Carlos Casas,2021-01-30,nuevo,1
101236,Graciano Sandoval,2023-01-29,nuevo,0
108787,Toño Padilla Mercader,2021-10-25,nuevo,1
108671,Nacho Angulo Uriarte,2024-05-10,nuevo,0
106603,Paulino Torres Roig,2020-06-21,nuevo,1
106603,Paulino Torres Roig,2020-06-21,nuevo,1
110969,Venceslás Solana-Santiago,2021-04-16,nuevo,0
114941,Carolina Rocamora Sanmiguel,2022-07-22,nuevo,0
102252,Sancho Adán Crespo Guardiola,2023-07-02,nuevo,1
101026,Trinidad Prieto,2022-11-20,nuevo,1
112110,María Del Carmen Costa Perez,2020-06-27,nuevo,1
107862,María Cristina Zabaleta Ramirez,2020-09-07,nuevo,0
106650,Gabriela Barba Royo,2023-12-09,nuevo,0
114845,Epifanio Esparza Monreal,2022-09-20,nuevo,1
110899,Borja Flores Bustos,2024-06-29,nuevo,0
107568,David Valbuena Poza,2020-10-19,regular,2
103398,Luciano Solís-Vilar,2021-02-10,regular,2
100314,Cleto Rubio Jara,2023-06-09,nuevo,0
100637,Primitiva Armas Mesa,2022-09-11,regular,2
106150,Modesto Olivera Anglada,2020-10-18,nuevo,0
108903,Belen Pi,2023-07-19,nuevo,1
109680,Manu Abril Armengol,2020-04-21,regular,2
110193,Pacífica de Paredes,2021-12-01,nuevo,0
114805,Genoveva de Haro,2024-07-14,nuevo,0
111622,Leonel Juan Tejero,2020-05-06,nuevo,0
112729,Rosa Álamo Pablo,2024-01-04,regular,2
101153,Delfina Pintor Alberola,2020-11-23,nuevo,0
102971,Adrián Cid-Quintanilla,2022-08-15,regular,2
110660,Bonifacio Oliva Baquero,2023-09-29,nuevo,0
114879,David Ibañez-Canet,2023-11-13,nuevo,0
102585,Zaira Juliá Chaparro,2024-01-30,nuevo,0
111200,Emilia Margarita Cortés Velasco,2023-03-06,nuevo,0
103886,Bernarda Pozo-Fuente,2021-02-24,nuevo,0
114960,Ángel Taboada-Aragonés,2022-09-14,nuevo,0
112002,Sara Amador Figueras,2020-06-26,nuevo,1
110565,Jordán Roman Alsina,2021-07-15,nuevo,1
104772,Jacinto Ruano Figueras,2024-04-29,nuevo,0
114188,Maximiano Baena Pazos,2021-06-25,nuevo,0
111914,Erasmo Vila,2024-01-28,nuevo,0
106698,Matilde Torrecilla Ferrández,2021-12-02,nuevo,0
107483,Lupita Cornejo Royo,2022-08-28,nuevo,0
101245,Mercedes Toledo,2022-12-22,nuevo,0
111681,Elisa Cecilia Benet Goicoechea,2020-08-04,nuevo,0
113471,Cristian de Chacón,2023-07-12,nuevo,0
112151,Rosalva Lucas-Miguel,2022-05-23,nuevo,0
107132,Brígida Alberola Bartolomé,2020-08-20,regular,2
106059,Tatiana Nadal Peral,2021-11-04,nuevo,0
101841,Estrella Esmeralda Moll Baeza,2023-08-26,nuevo,0
114161,Pánfilo Macías Ariño,2020-06-27,nuevo,1
101565,Victor Manuel Losa Bustamante,2024-05-06,nuevo,0
103674,Diego Zabaleta Serna,2022-10-13,nuevo,0
114522,Flavio Expósito Ribera,2020-07-27,nuevo,0
113488,Luciana Arjona,2020-08-05,nuevo,0
104699,Carlota Aparicio-Arribas,2023-12-19,nuevo,0
103008,Etelvina Valentín Barros,2022-07-17,nuevo,0
103008,Etelvina Valentín Barros,2022-07-17,nuevo,0
103321,Javier de Barrena,2022-08-21,nuevo,0
105193,Elena Esteban Jaén,2023-11-13,nuevo,1
102273,Eufemia Valeria Cuesta Galindo,2022-02-24,nuevo,1
114633,Amílcar Agullo Guijarro,2022-03-26,nuevo,0
106158,Valentina Blázquez,2023-06-20,nuevo,0
104255,Nilda Nidia Galán Ripoll,2022-06-25,nuevo,1
104774,Consuela Jimenez-Clemente,2022-07-16,regular,2
104774,Consuela Jimenez-Clemente,2022-07-16,regular,2
106576,Demetrio del Borrell,2023-11-24,nuevo,0
111160,Paz Vilalta Barreda,2021-09-20,nuevo,1
104710,Ambrosio Canals Bonet,2023-02-03,nuevo,1
100848,Vasco Quevedo Elorza,2023-01-09,regular,2
110422,Edelmiro Tenorio Jover,2021-07-12,nuevo,0
108164,Jerónimo del Barrio,2021-02-14,regular,2
105545,Marisol Querol Peñalver,2020-11-28,nuevo,0
105527,Lalo Luis Ángel Ibarra Alemany,2021-11-09,nuevo,0
100839,Maribel Criado Corbacho,2021-04-20,nuevo,0
105462,Adelardo Pereira Asenjo,2021-08-05,nuevo,1
112602,Fermín Izaguirre Lasa,2022-07-28,nuevo,0
108874,Gustavo Morell Orozco,2021-11-23,nuevo,0
107252,Manola Alberdi Acosta,2020-07-13,nuevo,0
110375,Jordán Alcázar Julián,2023-08-03,nuevo,0
104598,Eustaquio Bernad Cabrera,2020-04-19,nuevo,0
105917,Teófilo Mascaró Carreras,2023-07-25,nuevo,0
101418,Vicente de Casals,2021-11-04,nuevo,1
105786,Marcos Vila Cid,2021-02-23,nuevo,0
108405,Imelda Casares Múñiz,2024-07-16,nuevo,0
103849,Brígida Vera Royo Conde,2021-06-13,nuevo,0
100605,Camila Domingo Gilabert,2023-04-13,nuevo,1
109723,Itziar Yuste Bou,2020-07-13,nuevo,0
113832,Magdalena Santamaria Franco,2022-08-11,nuevo,1
102079,Alberto Cuesta,2020-03-07,nuevo,0
110088,Olga Flores Alsina,2023-11-09,nuevo,0
107226,Gabriel Sancho-Valencia,2021-08-06,nuevo,0
102312,Concepción Hierro Perera,2022-04-22,nuevo,1
109419,Samanta Alberola Viana,2022-09-24,nuevo,1
104344,Francisco Bou Cepeda,2024-02-12,nuevo,0
101472,Máxima Rodrigo Orozco,2024-05-01,nuevo,1
108643,Corona Dalmau-Ferrer,2021-01-03,nuevo,0
101983,Chus Pastor Hidalgo Checa,2023-12-22,nuevo,0
110772,Albert Sanmartín Tejera,2024-03-27,nuevo,1
104467,Reina Zorrilla Calleja,2023-10-01,nuevo,0
100200,Manolo Sáenz,2024-08-08,nuevo,1
106677,Vera de Elías,2022-03-03,nuevo,0
100486,Palmira Becerra Aguilar,2021-07-08,nuevo,0
106976,Aristides Sedano Somoza,2022-10-20,nuevo,0
103271,Raquel Manuelita Paz Revilla,2024-07-28,nuevo,0
104725,Alejo Quevedo Núñez,2022-04-27,nuevo,1
105729,Guillermo Juan José Asenjo Llabrés,2021-01-12,nuevo,0
102824,Gala Aranda Barbero,2022-09-20,nuevo,1
104552,Fausto Castell Cueto,2020-09-21,nuevo,0
110108,Édgar Gabriel Sáez Tamayo,2020-08-19,nuevo,0
105337,Rita Cisneros Sanmiguel,2022-09-25,regular,2
103246,Mariana Catalán Acedo,2021-04-01,nuevo,0
104454,Vicente Alvarado Novoa,2023-06-06,nuevo,0
110605,Aristides Vazquez Blázquez,2021-05-27,regular,2
105818,Eufemia del Pla,2021-10-14,nuevo,0
111907,Itziar del Palmer,2021-02-11,nuevo,0
103750,Álvaro Avilés Giménez,2022-12-31,regular,2
103750,Álvaro Avilés Giménez,2022-12-31,regular,2
102203,María Saura Andrés,2023-02-01,nuevo,1
108614,Jacinto Vilanova Carreño,2022-03-03,nuevo,0
112699,Vicente Lara Mariño,2024-01-13,nuevo,0
102795,Tristán Mármol Benitez,2024-03-18,nuevo,1
111270,Zoraida Maura Cantón Robledo,2024-05-11,nuevo,1
112722,Trini Cañizares Donoso,2020-09-28,regular,3
110735,Priscila Quirós,2021-09-22,nuevo,1
100525,Tiburcio Torralba-Orozco,2023-06-02,nuevo,0
110900,Olimpia Chaparro Palmer,2024-06-26,nuevo,0
114412,Gustavo Cabrera,2022-01-15,nuevo,0
100948,Agapito Verdejo Larrea,2021-04-24,nuevo,0
112003,Lisandro Ceferino Narváez Mancebo,2024-08-07,nuevo,0
109151,Moreno Manuel Cuervo Naranjo,2024-06-21,nuevo,1
112318,Gerónimo del Bayón,2021-03-15,nuevo,1
101281,Jose Carlos Vilanova Zamorano,2022-01-02,nuevo,1
109586,Petrona Castro Jover,2024-06-26,nuevo,1
100123,Santos de Lerma,2021-04-12,regular,2
105886,Lupe Raya Luz,2020-11-26,nuevo,0
107429,Leopoldo Tur Peralta,2024-07-10,nuevo,0
109133,Maxi Duque Agustín,2023-09-25,nuevo,0
112045,Edelmiro Cazorla Gordillo,2021-11-05,nuevo,1
114008,Lalo Arnau-Briones,2020-07-06,nuevo,0
102303,Salvador Torre Orozco,2021-10-13,nuevo,0
112750,Quirino Bernal,2020-06-06,nuevo,1
114059,Natanael Ballester Valentín,2021-09-08,nuevo,0
111683,Wilfredo de Sanz,2022-07-07,nuevo,1
109776,Aurelia Prada-Molins,2023-11-11,nuevo,1
105821,Toño Jover,2024-06-28,nuevo,1
110706,Estefanía Villaverde Noguera,2020-10-05,nuevo,0
101006,Teodora Martina Estévez Jordá,2024-01-29,nuevo,1
103461,Alexandra Palomino Seco,2021-03-29,nuevo,0
107504,Lorena Granados Castilla,2022-07-09,nuevo,0
112147,Graciano Prats Galiano,2024-03-27,nuevo,0
113998,Nacio Sandoval Prats,2021-08-13,nuevo,0
103056,Segismundo Sáenz,2023-03-18,nuevo,0
113842,Victoria Daza Muro,2024-06-02,nuevo,1
103567,Pedro López,2020-07-06,nuevo,0
110987,Georgina Solano,2021-08-02,nuevo,0
102133,Maximino Feliu-Martí,2021-06-10,nuevo,0
100502,Severo Álvaro Barrena,2023-07-15,nuevo,1
113793,Sol Palomino Abella,2021-06-27,nuevo,0
113345,Ester Cobos,2022-06-14,nuevo,0
103186,Elodia Tello Benet,2020-03-06,nuevo,0
106154,Angelita Nicolás-Hoz,2022-10-05,nuevo,1
108701,Paulino Piñol Gallart,2022-02-26,nuevo,0
100230,Clotilde del Lara,2024-05-22,nuevo,0
109223,Cándida Cases-Millán,2022-01-17,nuevo,0
104002,Samanta Barrena Saavedra,2023-06-30,nuevo,1
114747,Alma Catalá Olmo,2021-08-17,nuevo,0
114232,Donato Pardo Viana,2023-01-31,nuevo,0
112360,Samanta del Lopez,2020-11-03,nuevo,1
109553,Pacífica Padilla Mosquera,2022-07-02,nuevo,0
109743,Omar Bermejo Torralba,2024-02-02,nuevo,0
104588,Ciríaco Solano Blanes,2021-05-12,regular,2
104222,Nicolasa Amigó Tomé,2024-08-01,nuevo,0
104306,Cristian Tejada Cañete,2020-05-27,nuevo,1
109533,Ciriaco Álvaro Lopez,2020-12-18,nuevo,0
109533,Ciriaco Álvaro Lopez,2020-12-18,nuevo,0
102751,Rolando Lledó,2024-06-13,nuevo,1
114631,Tamara Nogués Amaya,2022-03-15,nuevo,0
100596,Celestina Olivé-Medina,2022-12-03,nuevo,1
107211,Gala Tejera Milla,2020-07-09,regular,2
104377,Edmundo de Aragonés,2022-08-16,nuevo,1
102945,Hilda Alberdi-Pi,2023-01-19,nuevo,0
106759,Soraya Cueto Aliaga,2020-07-22,nuevo,1
114456,Severo Martinez Colom,2020-04-06,nuevo,0
102719,Poncio Alvarez-Moreno,2024-06-15,nuevo,1
103363,Anastasia Barreda Ferrando,2021-03-30,nuevo,1
111617,Abilio Heredia Polo,2024-02-13,regular,2
111858,Diego Cañete Roldan,2021-10-14,nuevo,0
105825,Vicenta Roberta Royo Carreño,2023-04-07,nuevo,0
115198,Aurora Guillen Bautista,2020-12-19,nuevo,1
115162,Evita Arias Riba,2022-03-17,nuevo,0
105231,Maite Calatayud Andrade,2021-04-10,nuevo,0
109342,Emilia Porta Casas,2023-12-18,nuevo,0
109704,Trini Lopez Tirado,2023-05-14,regular,3
106747,Aura Vallejo Fabregat,2020-06-20,nuevo,1
104162,Iris Sedano-Jiménez,2022-05-13,nuevo,0
113276,Filomena Rodrigo,2021-02-11,nuevo,0
115161,Nando Morillo-Lucas,2020-10-03,nuevo,0
106879,Berta Saez,2023-05-06,nuevo,0
108937,Marco Aramburu Sancho,2022-02-16,nuevo,0
112811,Ruth de Carballo,2022-03-08,regular,2
105323,Gerónimo Real Cabrero,2020-09-02,nuevo,0
105562,Dora Viña Alonso,2020-09-30,nuevo,0
109272,Morena Cerro Cerro,2021-12-25,nuevo,0
108724,Anacleto Mulet Marti,2020-11-16,nuevo,0
113683,Adelardo Valero,2024-02-06,nuevo,0
113799,Dionisia Eligia Barragán Gallo,2023-10-20,nuevo,0
113863,Víctor Epifanio Morata Campo,2024-03-01,nuevo,0
113268,Luna Torrens Zaragoza,2021-08-05,nuevo,0
114582,Rosa María Bonet Anguita,2021-06-16,nuevo,1
108834,Severino Blanca Castilla,2024-03-01,nuevo,0
104868,Apolinar Lerma Plana,2024-05-16,nuevo,1
113748,Jordán Caballero Medina,2022-02-10,nuevo,0
109074,Edmundo Olmo Ramón,2022-06-29,regular,2
101018,Griselda Lobato,2023-12-27,nuevo,0
108373,Chus Escobar Amor,2021-07-14,nuevo,1
108331,Porfirio Bautista Vizcaíno,2020-04-15,nuevo,0
108272,Ricardo Alberola,2020-12-11,nuevo,1
108272,Ricardo Alberola,2020-12-11,nuevo,1
101929,Mar Roca Quesada,2021-06-09,regular,2
113487,Águeda Canet Donoso,2024-04-26,nuevo,0
100351,Pili Vergara Plana,2020-10-19,nuevo,0
106704,Prudencio Cañellas Mercader,2024-06-15,nuevo,0
113287,Regina Collado Arjona,2021-02-17,nuevo,1
100224,Asunción Carvajal Iglesia,2022-07-15,nuevo,0
106031,Adora Miguela Flor Bautista,2020-04-08,nuevo,1
114555,Héctor Salcedo Aragón,2021-08-18,nuevo,0
103436,Francisca Montaña,2022-04-27,nuevo,0
103436,Francisca Montaña,2022-04-27,nuevo,0
114660,Edu Arcos Frutos,2023-07-26,nuevo,0
114156,Javiera Blazquez Barral,2023-08-18,regular,2
102501,Elisa del Jaén,2020-08-16,nuevo,0
108972,Rosario Nacio Maldonado Angulo,2024-01-21,nuevo,1
110039,Natalio Velázquez Cabrero,2023-01-29,nuevo,1
100565,Cruz del Guillen,2023-04-24,nuevo,0
101583,César Grande-Saura,2021-12-14,nuevo,0
105546,Natalio Adadia Elorza,2024-06-02,nuevo,0
102176,Lucio Márquez-Castillo,2021-03-07,nuevo,1
110305,Marciano Reig Agullo,2022-08-26,nuevo,0
109456,Nilo Gastón Elías Mármol,2024-02-03,nuevo,1
104980,Cornelio Castilla Vera,2022-07-03,nuevo,1
104980,Cornelio Castilla Vera,2022-07-03,nuevo,1
103934,Florencia Viñas-Maestre,2024-01-04,nuevo,0
112405,Manu Navas Belmonte,2024-02-02,regular,2
107357,Crescencia Azeneth Campillo Alberola,2022-02-27,nuevo,0
102708,Aurora Diego Arribas,2021-01-03,nuevo,1
111100,Bernabé Farré Falcó,2023-04-10,nuevo,0
101934,Samu Acosta Miranda,2022-09-13,nuevo,0
101934,Samu Acosta Miranda,2022-09-13,nuevo,0
111987,Germán Pavón Hernández,2023-12-30,nuevo,0
105212,Eliana Carro Echeverría,2023-04-19,nuevo,0
115134,Rubén Chus Sevilla Pont,2022-07-17,nuevo,1
114009,Melania Morán Gisbert,2024-04-19,nuevo,0
113787,Ester Merino-Tello,2022-07-08,nuevo,0
103536,Isidora Pozuelo,2020-07-22,nuevo,1
108586,Mercedes Larrea,2023-07-13,nuevo,0
110036,Daniela Fuente Morcillo,2023-07-31,nuevo,1
102398,Antonio Gabino Sáez Goñi,2023-05-24,nuevo,0
106658,Demetrio de Ferrando,2021-02-04,regular,2
103740,Paulina Puga Vila,2021-08-06,nuevo,0
112153,Vicente Uriarte Peñalver,2022-05-09,nuevo,1
107526,Alcides Cerdá Montaña,2022-10-14,regular,2
100822,Cayetano de Aguiló,2022-06-16,nuevo,0
102064,Aureliano Cañellas Salgado,2024-04-11,nuevo,1
113266,Martina Duarte Luna,2022-12-03,nuevo,1
111387,Teófila Cantón Pera,2023-06-09,nuevo,0
100082,Nico Borrell Cano,2022-02-27,nuevo,0
105420,Jerónimo Uría Expósito,2023-06-01,nuevo,1
114359,Lucía del Chacón,2021-05-01,nuevo,0
114429,Abril Garay Alonso,2021-04-30,nuevo,1
110284,Cristina Bermúdez Catalá,2023-08-09,nuevo,0
102698,María Dolores Porta Frutos,2023-02-15,nuevo,0
100832,María España Laguna,2022-05-19,nuevo,0
104575,Ligia Alba Giner,2021-02-12,nuevo,0
103827,Alonso Pallarès Solé,2022-05-02,regular,2
105925,Carmelita Palma,2023-07-23,nuevo,0
111136,Luciano de Durán,2020-11-05,nuevo,0
101398,Fabio Pomares Anguita,2023-05-29,nuevo,1
110934,Aurelio Mauricio Baquero Ballester,2022-10-25,nuevo,1
102834,Bernabé Andres Leiva,2020-06-19,nuevo,0
114584,Rogelio Donaire,2022-12-23,nuevo,0
114481,Moisés Navarro Dueñas,2022-02-06,nuevo,0
107407,Calista Dominguez Benavent,2021-01-06,nuevo,0
114843,Eva María Nogués Ángel,2020-12-20,nuevo,1
109351,Clementina Prada-Huguet,2021-05-26,nuevo,1
113779,Eva Aragón Machado,2020-10-05,nuevo,0
107749,Constanza Becerra Landa,2024-04-29,nuevo,1
100049,Arturo Arranz-Guardiola,2020-09-03,nuevo,0
109506,Álvaro Barceló-Valls,2021-12-22,nuevo,0
107860,Lisandro Esteban,2022-07-15,nuevo,0
111896,Lope Ariño Parra,2022-04-03,nuevo,1
106513,Natalio Moliner Barreda,2023-04-29,nuevo,0
111879,Leticia Roldán,2020-07-10,nuevo,1
107900,Marina Juliana Enríquez Lamas,2020-12-30,nuevo,0
114015,Celestina Donaire Mateos,2021-02-01,nuevo,1
106358,Trinidad Cuervo-Barrios,2023-01-01,nuevo,0
104096,Lázaro Velázquez Gallego,2023-03-03,nuevo,1
102690,Josep Arteaga,2023-12-16,nuevo,1
101190,Rafael Aragonés-Rebollo,2020-07-23,nuevo,0
114489,Lorena Manu Gual Moles,2022-01-12,regular,2
104846,Araceli Múñiz Gárate,2020-07-17,nuevo,0
105211,Claudio Casanovas Dueñas,2023-06-27,nuevo,0
103991,Lalo Gabino Guerra Puente,2024-07-08,nuevo,0
102374,Genoveva Cabrera-Barriga,2022-08-30,nuevo,1
111464,Vicenta Santos-Benítez,2022-06-08,nuevo,0
105677,Hermenegildo Salomón Calleja Contreras,2021-04-27,nuevo,0
110025,Diego Calisto Alvarado Perez,2023-04-07,nuevo,0
102759,Camilo Martín Ramón,2024-07-15,nuevo,0
110317,Mariano Morales Uriarte,2023-12-20,nuevo,0
106608,Visitación Gargallo Almazán,2021-09-24,regular,2
110123,Régulo Curro Fajardo Ramos,2023-08-06,nuevo,0
114788,Valerio Gascón Sanchez,2022-10-25,nuevo,0
102489,Cayetano Guillermo Marqués Molins,2020-07-07,nuevo,1
102580,Fernando del Recio,2024-04-02,nuevo,1
110155,Anastasio Prado-Palomo,2022-12-27,nuevo,1
112605,Marta Fernández Boix,2022-09-26,regular,2
103881,Modesto Federico Román Mascaró,2022-07-30,nuevo,0
110287,Cristian Tirado Olivera,2023-11-21,nuevo,0
109192,Arcelia Izaguirre Carranza,2023-08-22,nuevo,0
112745,Dalila Barriga Viña,2020-09-14,nuevo,0
104935,Néstor Borrego,2020-06-12,nuevo,0
110326,Carmela Porta Cerdá,2023-12-27,nuevo,0
114298,Tatiana Garcia-Cobos,2023-10-31,nuevo,0
108486,Herberto de Alonso,2021-10-13,nuevo,0
102210,Chuy Aparicio Valbuena,2021-12-19,nuevo,0
102210,Chuy Aparicio Valbuena,2021-12-19,nuevo,0
105236,Hortensia Cordero Vilalta,2022-12-10,nuevo,0
103946,Eloy Mendez Viña,2020-11-28,nuevo,0
112272,Aureliano Marco Valenciano,2020-11-03,nuevo,0
110070,Máximo Francisco Gámez Sánchez,2020-05-27,nuevo,0
102165,Víctor Benet,2022-08-24,nuevo,0
102887,Ale Acero,2023-02-21,nuevo,0
108325,Maite de Cortina,2021-06-08,nuevo,1
111243,Ariel Checa-Guzman,2023-06-24,regular,2
111243,Ariel Checa-Guzman,2023-06-24,regular,2
100517,Amador Pérez-Martin,2023-10-09,nuevo,1
113840,Tiburcio de Pulido,2022-03-25,nuevo,0
105667,Candelario Vera Maestre,2022-06-09,nuevo,1
100173,María Del Carmen Castejón Verdejo,2022-07-25,nuevo,0
100640,Hermenegildo Feijoo Isern,2024-05-25,nuevo,1
108197,Marisol de Salvador,2022-03-06,nuevo,1
113508,María Jimenez Sanz,2021-08-12,regular,2
113493,Juan Francisco Fuster Alfonso,2023-12-04,nuevo,0
107225,Eladio Quintana Sebastián,2021-02-28,nuevo,0
108242,Amado Asenjo-Araujo,2020-09-05,nuevo,1
105066,Eric Pacheco Real,2023-02-01,nuevo,0
101144,Rosendo Grande-Arenas,2021-08-21,nuevo,0
111189,Luciano Tejera-Reina,2022-11-06,regular,2
107436,Daniel Tejera Garzón,2023-04-13,nuevo,0
114925,Víctor Duque Angulo,2021-09-29,nuevo,0
113040,Marina Soto Bautista,2023-10-21,nuevo,0
113211,Amelia Ribes Buendía,2022-09-23,nuevo,0
111857,Nieves del Porras,2024-01-09,nuevo,0
109200,Odalys Almagro,2021-01-20,nuevo,1
103687,Valero de Tolosa,2022-02-26,nuevo,0
106228,Loreto Real Montesinos,2022-07-22,regular,2
105701,Máxima Sanjuan Pujol,2022-03-25,nuevo,0
111787,Baltasar Baena Duran,2024-02-08,nuevo,0
114095,Amílcar Muñoz,2020-10-07,nuevo,0
104538,Camila Ariza Taboada,2022-09-04,nuevo,0
103516,Vasco Alberto Valenzuela,2022-03-07,nuevo,0
103516,Vasco Alberto Valenzuela,2022-03-07,nuevo,0
110043,Hermenegildo Anguita Álvaro,2023-02-13,nuevo,0
100835,Aroa Duque Echevarría,2022-11-15,nuevo,0
102487,Xavier Cerdán Bernal,2022-06-22,nuevo,0
111619,Fabiola Carlota Segarra Escribano,2020-03-11,nuevo,0
115093,Teresita de Ros,2020-04-28,nuevo,0
110599,José Mari Salas Aragón,2023-11-14,nuevo,1
113740,Armida Pavón Ramis,2020-12-22,nuevo,1
103487,Candelario Tenorio Baena,2023-03-14,regular,2
103487,Candelario Tenorio Baena,2023-03-14,regular,2
105468,Heriberto Cobos,2024-08-06,nuevo,0
100066,Néstor Rozas Franch,2020-07-11,nuevo,0
108423,Roberta Carrasco Prada,2024-05-29,nuevo,0
108086,Basilio Santamaría,2020-05-01,nuevo,0
110570,Jerónimo Tomas Carbajo,2021-08-26,nuevo,0
102025,Ruben Nogueira Prado,2024-05-18,nuevo,0
101873,Visitación Bautista,2022-02-07,nuevo,0
100355,Ceferino Venceslás Elías Prado,2022-07-25,nuevo,0
105361,Marisela Leyre Iglesia Navas,2023-08-09,nuevo,0
101768,Judith Sanmartín Escudero,2021-04-03,nuevo,0
112870,Lilia Bueno Querol,2023-03-22,nuevo,1
109755,Sebastian Ayala Tejada,2020-11-15,nuevo,0
106406,Emiliana Caparrós Roura,2021-10-20,nuevo,1
104763,Manuel Dimas Tejedor Bernal,2022-06-28,nuevo,0
101165,Consuela Ferreras Robles,2021-08-16,nuevo,1
112610,Felicia Sancho Patiño,2020-05-28,nuevo,0
103396,Daniela Carmona-Cadenas,2022-08-23,nuevo,0
111362,Mariana Terrón Sarmiento,2020-06-20,regular,3
108732,Rosalva Roura Oliveras,2024-07-25,nuevo,0
104569,Mar Lloret Zamora,2020-03-06,nuevo,1
114944,Florentina Cid Cózar,2022-04-03,nuevo,0
103128,Nélida Constanza Carrillo Crespi,2021-10-16,regular,2
113272,Noa Marti Girón,2021-09-16,nuevo,0
106947,Rosa Gárate Espada,2022-10-04,nuevo,1
100310,Mayte Aguado Barón,2022-11-25,nuevo,1
107760,Francisca Aguilar Fernández,2022-05-11,nuevo,0
109217,Sebastian Cosme Palmer Carrasco,2021-06-14,nuevo,0
114622,Ignacio Calvet Carpio,2024-06-19,nuevo,0
113265,Ámbar Toro Monreal,2021-03-05,nuevo,1
108862,Jeremías Vilalta Taboada,2022-03-12,nuevo,0
109027,Irene Saldaña,2020-08-26,nuevo,0
110325,Edu Florencio Tejada Cánovas,2022-03-22,nuevo,0
108524,Ester Flora Cózar Grau,2023-02-02,nuevo,1
103588,Camila Bautista Diez,2023-07-27,nuevo,0
107780,Manolo Vicente-Piña,2021-09-17,nuevo,0
102584,Albino Páez Niño,2024-08-28,regular,2
107989,Eustaquio Fidel Vaquero Navarrete,2020-08-18,nuevo,0
102771,Lino Roig Sureda,2020-04-03,nuevo,1
104813,Jose Ramón Luján Perez,2021-04-24,nuevo,0
111202,Fanny Sola Mir,2022-02-24,regular,2
114305,Víctor Nebot Rocamora,2022-08-20,nuevo,1
105088,Francisco Jose Verdugo Gascón,2020-08-02,nuevo,1
100325,Silvio Damián Valero Sarmiento,2021-05-24,nuevo,0
105172,Oriana Coral Catalá Peláez,2021-11-21,nuevo,1
105649,Cecilio Edgardo Fuentes Beltrán,2024-05-01,nuevo,1
106744,Luisina Goicoechea Beltrán,2024-01-18,nuevo,0
111324,Gloria Julián Neira,2024-02-08,nuevo,0
103210,Adolfo Calatayud,2024-03-08,nuevo,1
109662,Ariel Guardiola Escribano,2021-06-27,nuevo,0
103906,Begoña Nicolás Querol,2022-09-10,nuevo,0
112842,Hermenegildo Franco,2023-03-05,nuevo,0
101293,Saturnina Luján Mateo,2023-06-28,nuevo,0
105639,Lupita Armas Bou,2021-09-21,nuevo,1
114977,María Belén Ignacia Jódar Núñez,2024-01-08,nuevo,0
108828,Mariana Mora Seco,2022-06-18,regular,2
109241,José Antonio Carbonell Ferrán,2022-12-17,nuevo,1
102380,Vilma Vives Puente,2021-04-16,nuevo,0
112866,Fabiana Miguel Pascual,2023-01-28,nuevo,0
109863,Onofre Ramiro Salgado Pera,2021-04-30,nuevo,0
103635,Leire Alcalde-Boada,2020-06-11,nuevo,1
104170,Trinidad Arribas,2020-09-20,nuevo,0
109016,Aura Recio Nicolás,2020-06-22,nuevo,1
106659,Susana Alma Arce Acero,2020-03-27,nuevo,1
113245,Eladio del Sans,2022-01-09,nuevo,0
103429,Sandra Linares,2023-03-24,nuevo,0
101102,Plinio Prat Torrents,2022-06-17,nuevo,0
109126,Odalis Milagros Armas Agustí,2022-10-21,nuevo,1
115154,Custodio Corbacho Peral,2022-07-18,nuevo,1
114850,Álvaro Gallart Jove,2022-11-20,nuevo,0
103251,Luis Ángel Almansa-Hervás,2023-10-19,nuevo,0
104410,Lupe Valera Bernad,2022-09-27,nuevo,1
104141,Angelita Ascensión Márquez Iriarte,2022-03-31,nuevo,0
103558,Evelia Montaña Manrique,2024-04-17,nuevo,0
107666,Hermenegildo Navarrete Becerra,2021-02-20,regular,2
100710,Zoraida de Castrillo,2021-05-04,nuevo,1
100119,Adelia del Hurtado,2023-03-03,nuevo,0
102023,Esther Montaña Carreño,2020-03-30,nuevo,0
104599,Apolonia Clemente Estrada,2021-01-28,nuevo,1
107848,Francisco Javier Romero Caparrós,2023-04-24,nuevo,0
114716,Celso Wilfredo Segarra Collado,2022-02-24,nuevo,1
106131,Febe Tapia Catalán,2021-01-11,nuevo,1
112559,Iker Larrea-Arce,2023-02-17,nuevo,0
106953,Nicolasa Crespo Cabo,2022-11-29,regular,2
113499,Flor Mulet Salmerón,2021-06-07,nuevo,0
102375,Adelina Cerdán Seguí,2020-04-02,nuevo,0
114993,Victoria Quevedo Mateos,2020-03-07,nuevo,1
112232,Rosalva Colom Figuerola,2020-12-01,regular,2
113005,Lilia Pizarro,2023-04-08,nuevo,0
105228,Nicolasa Trinidad Lamas Gibert,2020-11-26,nuevo,1
111058,José Manuel Escrivá-Arcos,2023-04-02,nuevo,0
106607,Máxima Hernando Velasco,2023-04-26,nuevo,1
104682,Juliana Ferreras Acero,2021-09-02,nuevo,0
111156,Germán de Gárate,2021-11-15,nuevo,1
108699,Eutimio Moles Catalá,2021-12-27,regular,2
105004,Virginia Jordán Miró,2021-03-22,nuevo,1
110997,Juan José Pinilla Piñeiro,2023-02-08,nuevo,0
108067,Dimas de Sureda,2024-04-22,nuevo,0
102858,Azahar Iniesta Quintanilla,2020-08-20,regular,2
104274,Danilo Lucio Carretero Almansa,2023-07-13,nuevo,0
105740,Asdrubal Pardo,2021-11-02,nuevo,0
113086,Pili Figueras Rubio,2022-04-30,nuevo,0
109464,Carlito Cordero-Andreu,2021-05-24,nuevo,1
114971,Ramona Montserrat,2020-11-07,nuevo,1
105471,Guadalupe Neira-Lobato,2022-12-21,nuevo,0
105817,Carlos Marín,2022-12-23,nuevo,0
101159,Florinda Ponce Vicens,2022-04-17,nuevo,1
111378,Jordana Palomino Iniesta,2020-06-11,nuevo,1
109234,Milagros de Alcázar,2024-06-01,nuevo,1
100088,Otilia Santamaria Carbonell,2024-03-09,nuevo,0
107631,Nerea Casares-Pintor,2024-02-01,nuevo,0
104164,Miguel Cuenca Cabrera,2023-04-13,nuevo,0
103383,Victor Rufino Paredes Valderrama,2022-07-17,nuevo,1
110309,Omar Velasco Arregui,2021-04-20,nuevo,0
110270,Modesta Clara Rodríguez Madrid,2021-06-16,nuevo,0
100404,Joan Conesa Zabala,2024-05-29,nuevo,0
115149,Herminio Abril Barrena,2020-03-24,nuevo,0
103351,Ciriaco Narváez Comas,2022-01-18,nuevo,1
112967,Tomasa Toro Puente,2022-10-01,nuevo,0
112070,Amparo Bárcena-Salinas,2020-07-25,nuevo,0
113654,Elisabet Ros,2022-03-21,nuevo,0
106379,Fausto Sebastián Céspedes Oller,2020-04-23,nuevo,0
102242,Custodia Barriga Serrano,2022-05-29,nuevo,1
109323,Jafet Pou Poza,2022-02-03,nuevo,0
111093,Josué Villa Falcó,2022-10-08,nuevo,0
106553,Caridad Guardia Castell,2023-02-05,nuevo,0
108139,Albert Casal Verdejo,2022-05-05,nuevo,1
110216,Candelas de Belda,2020-12-16,nuevo,1
106311,Dulce Varela Huerta,2022-09-30,nuevo,0
101028,Samanta Nieto Miguel,2021-05-30,nuevo,0
115103,Eduardo Rincón Alberola,2024-05-07,nuevo,1
103804,Celia Peñalver Julián,2021-03-16,nuevo,1
105518,Telmo Llorente Guzmán,2022-07-02,nuevo,0
102437,Héctor Alcolea Feijoo,2024-06-15,nuevo,0
104690,Morena de Cardona,2021-02-02,nuevo,1
110509,María Valderrama Carreño,2024-08-19,nuevo,0
105299,Andrés del Segarra,2022-02-15,nuevo,0
101279,Benita Benavente Pastor,2023-10-29,nuevo,0
108472,Paulino del Oliveras,2022-06-09,nuevo,0
106857,Teobaldo Bosch Canet,2021-07-16,nuevo,1
102043,Elisabet Bas Alcalá,2023-04-05,nuevo,0
110053,Aitana Ana Catalá Zamorano,2024-06-14,regular,2
106655,Camilo del Ayuso,2023-05-31,nuevo,1
106075,Ramón del Sureda,2022-12-25,nuevo,1
105158,Jerónimo Cerdán,2022-08-12,nuevo,0
108894,Lupe Cantón,2022-05-14,nuevo,0
101426,Marcelino Bas,2022-06-11,nuevo,0
105028,Verónica Aroca Ruano,2020-12-03,nuevo,0
105282,Óscar Pelayo-Tena,2024-01-28,nuevo,0
109567,Nacio Mínguez,2023-04-29,nuevo,0
101503,Simón Chamorro Coello,2021-03-14,nuevo,0
115160,Jose Francisco Sobrino Matas,2021-07-02,nuevo,1
101991,Aránzazu Yuste Aguilar,2020-12-20,nuevo,0
101991,Aránzazu Yuste Aguilar,2020-12-20,nuevo,0
112754,Jacinto Albero Cervera,2024-08-03,nuevo,0
114134,Virginia Calzada Tejero,2021-02-12,nuevo,1
113364,Rosario Narváez Zorrilla,2022-10-11,nuevo,0
106065,Adoración Perera Barberá,2024-08-20,nuevo,1
100679,Nazario Vilaplana Rovira,2022-01-25,nuevo,0
106674,Amor Real Zamorano,2022-05-27,nuevo,1
105852,Emilio González Losa,2023-08-30,nuevo,0
107195,Nazaret del Ángel,2024-01-03,nuevo,0
110812,Edgardo Hervia Carpio,2024-05-07,nuevo,1
105266,Oriana Domingo-Cabanillas,2022-10-23,nuevo,1
114940,Kike Silvestre Carnero Hernández,2020-12-20,regular,2
108785,Elpidio Benito Acero,2023-05-30,nuevo,0
109682,Adoración Paredes Goicoechea,2022-07-27,nuevo,1
105054,Natividad Guijarro Aguiló,2021-11-01,nuevo,1
105216,Ciro Rosell Lucena,2023-03-01,nuevo,0
101851,Paulina de Prada,2020-05-20,nuevo,1
106523,Corona Cueto Vega,2022-07-26,nuevo,1
101071,Encarna Cantero Pinilla,2020-11-03,nuevo,0
111685,Mirta Peñas Bueno,2021-01-03,nuevo,0
106785,Ofelia Graciela Morcillo Mascaró,2024-05-13,nuevo,0
107975,Jenny Izquierdo-Alfonso,2023-12-03,regular,2
102481,Efraín Martínez Poza,2024-02-17,nuevo,0
112945,Lara Sarabia Saez,2023-05-20,nuevo,0
103393,Mireia de Enríquez,2022-07-24,nuevo,0
113580,Gerardo Rodríguez Cabezas,2020-03-14,nuevo,0
101100,Toribio Chacón-Beltran,2021-12-30,nuevo,0
105485,Javier Campillo,2021-01-30,nuevo,1
112279,Benigno de Garzón,2023-07-08,nuevo,0
109451,Ciro del Barberá,2021-08-25,regular,2
113298,Vera Gonzalo-Anguita,2022-11-07,nuevo,1
100419,Lupe Sotelo Jódar,2020-08-23,nuevo,0
112415,Dionisia Huertas Marí,2023-01-10,nuevo,0
105820,Piedad Julián Giménez,2020-10-18,nuevo,0
109212,Cayetana Maxi Tudela Donoso,2024-02-02,nuevo,1
101948,Andrés Felipe de Martín,2023-12-16,regular,2
108779,Nieves Beltrán Domínguez,2021-05-27,nuevo,0
103337,Agustín Galiano Murillo,2022-12-22,nuevo,0
102300,Jacinta del Sanchez,2022-11-22,nuevo,0
109512,Anunciación Cecilia Busquets Abad,2022-11-12,nuevo,1
109515,Loreto Peñalver Cases,2023-02-01,nuevo,0
115220,Emperatriz Bolaños Giralt,2022-11-25,nuevo,1
100209,Calixta Acosta Vera,2021-05-26,nuevo,1
108609,Julio Santos Benet Molins,2022-06-18,nuevo,0
103683,Primitiva Juliá Mate,2022-05-09,regular,2
109049,Cruz Viana Cerro,2022-05-10,regular,2
108542,Elvira Morillo Ortuño,2020-04-30,nuevo,1
115121,Calisto Barba,2022-06-24,nuevo,1
100529,Olga Tamarit,2021-04-05,nuevo,1
105330,Anabel Llabrés-Poza,2021-08-19,nuevo,1
100780,Florencio Mosquera Aguiló,2024-01-24,nuevo,0
100723,Cornelio Salvador Pérez Díez,2022-07-05,nuevo,0
114379,Ramiro del Carbó,2022-10-08,nuevo,1
109878,Jose Manuel Trillo,2020-09-30,nuevo,0
107314,Alejandra Cerro Ballester,2023-11-21,nuevo,0
101861,Elisa del Teruel,2020-08-28,nuevo,0
113213,Demetrio del Aguirre,2021-12-07,nuevo,0
114884,Aroa Márquez Gargallo,2022-05-08,nuevo,0
113195,Pacífica de Taboada,2024-06-21,nuevo,0
114136,Primitiva Haro Carranza,2023-01-03,nuevo,0
101993,Corona Luís Torrents,2023-06-05,nuevo,0
102333,Augusto Villaverde Armengol,2021-08-11,nuevo,1
110851,Noelia Arnaiz Olmo,2023-03-08,nuevo,0
106340,José Ángel Bermúdez Paredes,2021-08-03,nuevo,0
110293,Miguel Ángel Salvador,2024-03-18,nuevo,1
109195,Áurea del Mir,2024-08-27,regular,2
111035,Nacho Hierro-Gibert,2024-01-31,regular,2
108841,Urbano Iglesia,2022-03-18,nuevo,0
106118,Hilario Galindo Sanz,2022-04-21,nuevo,0
103460,Selena Zabala Doménech,2023-08-04,nuevo,1
108198,Omar Hidalgo,2023-02-22,nuevo,1
106568,Rebeca Diego,2024-05-31,regular,2
113777,Duilio Gregorio Solís Gomis,2023-05-23,nuevo,1
111709,Lisandro del Cepeda,2022-03-08,nuevo,0
108619,Laura Aragón Cañizares,2021-02-02,regular,2
114223,Elisa Galan Carrasco,2023-09-02,nuevo,1
109692,Mohamed Montenegro Manzano,2022-02-10,nuevo,1
105493,Paco Pino-Herranz,2022-08-17,nuevo,0
108995,Alex del Neira,2023-06-27,regular,2
104519,Julián Novoa Madrigal,2024-01-15,nuevo,0
111416,Martin Santos Recio,2020-12-29,nuevo,0
109377,Guiomar Pereira Ballesteros,2022-02-07,nuevo,0
105139,Itziar Bermejo Plaza,2023-01-14,nuevo,1
106756,Jordana Bosch-Lillo,2021-10-19,nuevo,0
111629,Ligia Estela Gomis Navarrete,2022-10-30,regular,2
112975,Samanta Pintor Giralt,2022-11-16,nuevo,0
100258,Cruz de Alfaro,2024-05-12,regular,2
115164,Juan Bautista Cervantes-Bautista,2020-12-14,nuevo,0
111748,Adora Coll Vilalta,2024-07-13,nuevo,1
113420,Martín Bonilla Torrents,2023-09-13,nuevo,0
112423,Tamara Uribe Acedo,2021-08-13,nuevo,1
106932,Jose Manuel Sandoval Tudela,2022-10-12,nuevo,1
109973,Benigna Rosa Delgado Jódar,2022-02-17,nuevo,0
113757,Lucila Mata,2021-12-11,nuevo,1
103626,Eva Tomás,2020-09-24,nuevo,0
100703,Jacinta Sainz Marco,2024-05-31,nuevo,1
103190,Candelaria Castillo,2023-04-10,nuevo,0
100504,Saturnina Gema Alfonso Aguirre,2022-08-30,nuevo,1
114931,Berto Alemany,2024-04-30,nuevo,0
113743,Emperatriz Rodrigo Farré,2024-07-25,nuevo,0
105442,Godofredo Sala Corominas,2024-06-14,nuevo,0
102557,Juliana Uribe Agullo,2022-03-18,nuevo,0
100849,Susana de Olmedo,2021-01-03,nuevo,0
100849,Susana de Olmedo,2021-01-03,nuevo,0
102249,Micaela Herrero Manso,2020-07-06,nuevo,0
109382,Amanda Frutos Cuéllar,2020-07-18,nuevo,0
105617,Vidal de Zamora,2022-02-17,nuevo,0
109052,Herminia del Ángel,2021-06-07,nuevo,0
100373,Leandro Cortés Soriano,2022-07-13,regular,2
113801,Estela Mulet Ruano,2021-06-18,nuevo,0
105318,Modesto de Gil,2023-01-05,nuevo,1
111036,Javi Company,2020-08-22,nuevo,1
105488,Desiderio Artemio Fajardo Vergara,2021-04-25,nuevo,0
105304,Socorro Torrents Jáuregui,2024-05-17,nuevo,1
104053,María José Ayuso,2024-07-11,nuevo,0
103938,Aitana de Nicolau,2021-09-13,nuevo,0
106253,Dimas Barranco Guerra,2023-01-08,nuevo,1
108458,Dorotea Vendrell Batlle,2022-12-31,nuevo,0
112704,Remedios Amat Mateo,2023-10-26,nuevo,0
111143,Susana de Olivera,2022-09-13,nuevo,1
104077,Lorena Giménez Manzano,2021-09-16,nuevo,1
100998,Emiliana Montoya Jiménez,2023-02-17,nuevo,1
104333,María Luisa Batlle,2020-12-28,nuevo,0
112702,Juanito de Bejarano,2022-06-09,nuevo,1
101177,Jafet Leiva Fuente,2022-12-20,nuevo,0
115078,Manuel Bayona Viana,2021-06-01,nuevo,0
100552,Guadalupe Candela Soria Lucas,2021-03-03,nuevo,0
104841,Eric Casanovas-Rivero,2021-11-21,nuevo,0
112506,Teo Agustí Montero,2024-05-16,nuevo,0
104373,Evangelina Bonilla Barranco,2021-09-05,nuevo,0
103498,Nuria Ródenas Izaguirre,2024-03-04,nuevo,0
108409,Darío Mateu,2023-11-09,nuevo,1
108256,Purificación Folch Ruano,2023-12-04,nuevo,1
108061,Gracia Córdoba Villalonga,2024-07-28,nuevo,1
101408,Graciano Bilbao-Calderón,2023-07-30,nuevo,1
112958,Anabel Jurado Rivero,2024-06-24,nuevo,0
113091,Bernardo Paniagua Alberdi,2021-10-05,nuevo,0
105177,Renata Morales Mate,2020-08-13,nuevo,1
105830,Gabriela Encarna Pardo Arrieta,2022-05-07,nuevo,0
106063,Claudio Río Roca,2022-09-06,nuevo,1
113250,Brunilda Remedios Cárdenas Amo,2023-08-02,nuevo,0
110342,Álvaro Urrutia-Ángel,2022-08-13,nuevo,0
106776,Teodosio Joaquín Figueras Méndez,2023-11-24,regular,3
103589,Santos Zurita Lucas,2022-01-15,nuevo,0
111908,Josefa Ayuso Martorell,2020-12-26,nuevo,1
110658,Rosalva Guijarro Álvaro,2022-03-23,nuevo,0
100694,Maximiliano de Leon,2022-08-31,nuevo,0
102534,Silvestre Eloy Guerra Lobato,2021-04-03,nuevo,0
105012,Perlita Sarmiento Tena,2024-07-07,nuevo,0
103444,Vicente Franch Arce,2020-07-03,nuevo,0
100983,Irene Mínguez,2023-08-23,nuevo,1
108392,Fanny del Mascaró,2021-10-30,regular,3
105944,Ana Sofía Checa Cabrera,2023-09-01,nuevo,0
114668,Sara Cabello Blazquez,2022-03-21,nuevo,0
104223,Joel Villar Cantero,2020-03-25,nuevo,0
100092,Eloísa del Alberto,2023-09-19,regular,2
105653,Manu Delgado-Bellido,2023-06-28,regular,3
102267,Eleuterio Manso,2023-04-15,nuevo,0
111142,Rita Galván Oliveras,2022-04-12,nuevo,0
112552,Guiomar Vidal Paniagua,2022-04-19,nuevo,0
109879,Blanca Dafne Bastida Piñeiro,2022-03-14,nuevo,0
109944,Natalio Palau Ordóñez,2024-03-02,nuevo,0
100262,Gracia Córdoba Roura,2020-11-19,nuevo,0
114454,Abril Fortunata Tormo Ortega,2022-07-01,nuevo,0
103338,María Dolores Lago-Cobos,2022-12-05,nuevo,0
108262,Fermín Lucas Olmo,2022-12-13,nuevo,1
105498,Ámbar Villanueva Amor,2021-04-11,nuevo,0
110167,Ascensión Abellán Manrique,2023-06-14,nuevo,1
104017,Mohamed Barriga Rojas,2022-02-01,nuevo,0
103627,Encarna Estrada Morales,2023-10-20,nuevo,1
109521,Gonzalo Barrena-Carreras,2022-06-30,nuevo,1
100446,Ana Belén de Villena,2022-12-31,nuevo,1
106753,Donato Llopis Pereira,2021-06-09,nuevo,0
105112,Ibán Jose Ramón Jáuregui Carreño,2023-12-14,nuevo,0
105966,Leonel Soriano Guitart,2021-07-01,nuevo,1
107821,Olimpia Carranza-Nieto,2021-09-30,nuevo,0
107841,Fernando Otero Gelabert,2020-09-29,nuevo,1
113033,Vito Planas Rodríguez,2023-01-09,nuevo,0
103556,Emigdio Acevedo-Albero,2022-12-02,nuevo,1
102195,Isa Maza-Bermejo,2023-08-04,nuevo,1
108460,Esmeralda Rocha Cadenas,2022-01-25,nuevo,1
107339,Alex Bolaños,2023-06-22,nuevo,1
113311,Ximena Porcel Alegria,2023-01-09,nuevo,1
103368,Salomé Torrents Mendoza,2023-02-22,nuevo,1
111744,Rosalinda del Gras,2022-05-11,nuevo,0
102868,Adelia Mateo Ramón,2022-04-29,nuevo,0
102527,Marisela Gimeno Cañete,2023-06-28,regular,2
110337,Rosenda Lago Dueñas,2023-07-26,nuevo,0
108146,Fabricio Seguí Pagès,2024-02-28,nuevo,1
113682,Apolonia Jordá Cerdán,2024-04-29,nuevo,0
110612,Martin Cuenca Giralt,2020-09-13,nuevo,0
101169,Lupita Sobrino-Cerdá,2023-03-31,nuevo,0
107945,Pepito Rueda Gomis,2022-06-02,regular,2
104145,Teresita Amorós Almansa,2022-05-27,nuevo,0
108309,Serafina Nebot Piña,2023-05-25,nuevo,0
108309,Serafina Nebot Piña,2023-05-25,nuevo,0
105150,Graciela Burgos Azorin,2021-09-19,nuevo,1
105150,Graciela Burgos Azorin,2021-09-19,nuevo,1
100085,Eladio Miralles Alberola,2023-11-30,nuevo,1
103150,Pancho Ramis Cifuentes,2020-06-25,nuevo,1
113115,Mamen Olmedo Recio,2022-06-21,nuevo,1
100881,Crescencia Molins-Galván,2021-02-24,nuevo,1
106748,Ibán Carrillo Saavedra,2022-08-29,nuevo,0
109636,Amaro Montaña Catalá,2024-03-17,regular,2
106536,Mariana Garriga Escamilla,2021-01-29,nuevo,0
107573,Jose Antonio Sandoval Carpio,2021-06-02,regular,2
114876,Leonardo Dani Rosales Aguado,2022-09-20,nuevo,1
109404,José Luis Carbó Feliu,2023-12-16,nuevo,1
101468,Francisco Javier Teruel Gomez,2022-10-25,nuevo,0
111360,Francisco Javier Losa Cal,2024-01-21,nuevo,0
105642,Leonor Bonet Luna,2024-02-22,nuevo,1
106538,Martina Franch,2021-10-02,nuevo,1
111305,Alexandra Vendrell Marti,2022-12-23,nuevo,0
100453,Benigno Isaac Mariscal Linares,2023-07-24,nuevo,0
104327,Nicanor Rico Alemán Alfonso,2023-07-28,nuevo,1
104045,Angelita Pont Nadal,2020-03-28,nuevo,1
113048,María Teresa Sainz Bou,2023-02-12,nuevo,0
104138,Francisco Javier Pellicer Salom,2021-12-10,nuevo,1
103040,Ascensión Castell,2022-02-26,regular,2
109444,Mireia Guerrero,2020-03-05,nuevo,1
113786,Ciro Montesinos Cabeza,2021-03-08,nuevo,1
105591,Octavia Pla-Tirado,2023-07-09,nuevo,1
105591,Octavia Pla-Tirado,2023-07-09,nuevo,1
105826,Anita Guerrero Valbuena,2021-06-21,nuevo,1
108296,Olegario Escribano,2021-03-08,nuevo,0
110636,Marc Fonseca Román,2022-07-08,nuevo,0
100580,Flor Jessica Sureda Céspedes,2023-04-06,nuevo,0
105237,Candelario Fernandez Morera,2022-11-01,nuevo,1
106572,Valentín Goñi Moles,2022-08-17,nuevo,0
115028,Dionisio Sevilla-Anglada,2022-02-23,nuevo,0
107175,Lorenzo Requena-Gilabert,2021-01-12,nuevo,0
107468,Pepita Ani Sacristán Arenas,2022-01-14,nuevo,0
114733,Cirino Vito Lobo Salas,2023-08-07,nuevo,0
111952,Carolina Merino Aguado,2021-07-19,regular,2
111451,Dorita García-Carrillo,2023-08-27,nuevo,1
105588,Marco Antonio Dominguez Varela,2022-10-05,nuevo,1
112231,Édgar Hilario Blasco Mercader,2022-05-04,nuevo,0
102468,Odalys Nuñez-Pereira,2023-02-10,nuevo,0
104158,Agapito Arco Clemente,2023-12-08,nuevo,0
106350,Natalia Ayllón Mendoza,2020-08-24,nuevo,0
112391,Noa Alonso Macias,2022-01-05,nuevo,1
109526,Ximena Toledo Miró,2022-10-21,nuevo,1
100414,Renata Zaragoza,2021-09-12,regular,2
100403,Eligio Oller Muñoz,2023-12-26,regular,2
104429,María Fernanda Boada Castillo,2023-12-12,nuevo,0
102085,Zaida Torrents Pavón,2020-05-23,nuevo,0
103058,Isaías Solano Hierro,2023-04-16,nuevo,0
113550,Maribel Córdoba Cueto,2021-01-30,nuevo,1
111632,Felipe Ribes Domingo,2020-12-26,nuevo,1
107061,Telmo Cebrián Sarmiento Quiroga,2024-01-01,nuevo,0
100165,Gertrudis Andres Echevarría,2021-02-17,nuevo,0
109523,Andrés Felipe Batlle Mascaró,2023-05-01,regular,2
113597,Armida Azcona Escamilla,2021-01-07,nuevo,0
113906,Tomás Colom Escalona,2024-02-11,nuevo,0
104303,Reyes Esteban Iriarte,2023-09-28,nuevo,0
110115,Cristóbal Giménez Abellán,2023-10-26,nuevo,1
111613,Amaya Neira Aragonés,2022-03-02,nuevo,0
103318,Casandra Rueda Castillo,2020-12-25,nuevo,0
113914,Soledad Montoya Tovar,2022-09-10,nuevo,0
107866,Perlita Bienvenida Ballesteros Lillo,2023-03-09,regular,2
107583,Valeria Somoza Rocha,2022-11-30,nuevo,0
109179,Francisco Jose Arroyo Palomino,2024-05-02,nuevo,0
103935,Juan Francisco Cordero Guillén,2022-01-12,regular,2
106852,Horacio Carrillo Arroyo,2020-03-10,nuevo,0
101848,Purificación Tejedor Aramburu,2024-02-25,nuevo,0
112654,Sandra Rivero Torrecilla,2022-11-02,nuevo,0
101335,Margarita Canales Portillo,2024-01-04,nuevo,0
111942,Ramiro Almansa Paredes,2022-10-07,nuevo,0
113739,Rafaela Palma-Vicens,2024-05-06,regular,2
110689,Ismael Mohamed Moliner Riquelme,2020-08-31,regular,2
109528,Marta de Machado,2023-10-09,regular,2
100754,Juliana Cañas Tello,2020-09-06,nuevo,1
103065,Sol Rubio Palau,2022-05-17,nuevo,0
113502,Eulalia Méndez Bueno,2024-05-29,nuevo,0
106998,Benigna de Carreño,2022-01-22,nuevo,0
107537,Rodrigo Ayala Lumbreras,2023-06-20,nuevo,0
109602,Edu Arana Arranz,2022-04-11,nuevo,1
100707,Fermín Espada Duque,2021-09-30,nuevo,1
103492,Salomé Solano-Querol,2020-07-27,nuevo,0
114417,Isidro Vidal-Santamaria,2020-08-26,nuevo,0
114083,Yolanda Francisco,2021-07-01,nuevo,1
104574,Nicolasa Bejarano Pastor,2022-10-14,nuevo,0
112348,Íngrid Colom Coello,2024-08-20,nuevo,0
107632,Vera Estrada,2020-10-14,nuevo,1
110670,Isaura Expósito Macías,2022-09-20,nuevo,0
107707,Jafet Pascual-Rubio,2023-10-13,nuevo,0
107055,Modesto Uriarte Corral,2023-12-02,nuevo,1
105581,Marino de Luz,2022-01-24,nuevo,1
108158,Ciríaco Palmer Villena,2020-03-15,nuevo,0
106841,Alexandra Ferrero Rosa,2021-06-23,nuevo,1
103152,Maura Nevado Pastor,2020-10-09,nuevo,1
114918,Benigna de Canales,2022-10-24,nuevo,1
106524,Andrés Leocadio Arregui Vargas,2021-06-16,nuevo,0
114574,Nicolasa Manzanares Blasco,2021-05-06,regular,2
103800,Vito Kike Peláez Vigil,2021-05-11,regular,3
104023,Azahar Benavent Oliva,2023-11-21,nuevo,0
110208,Trinidad Albero Batalla,2022-04-26,regular,2
110208,Trinidad Albero Batalla,2022-04-26,regular,2
113521,Renato Cruz Cardona,2023-11-17,nuevo,1
101075,Abilio del Verdú,2022-07-01,nuevo,0
110403,Efraín Rosales Camino,2021-06-05,nuevo,1
110781,Nicodemo Plinio Gracia Ponce,2021-12-02,nuevo,0
103439,Leyre Elisa Zabaleta Calvet,2023-05-14,nuevo,0
109480,Abilio Barral Salazar,2023-04-24,regular,2
114505,Reyna Cuervo Sanmiguel,2023-04-28,nuevo,1
102430,Paola Estévez Salvador,2024-07-07,nuevo,0
100247,Marta Camino Morales,2021-03-15,nuevo,1
103816,Hortensia Giralt Girona,2020-11-28,nuevo,1
111115,Alonso Ferreras Ayuso,2023-12-24,nuevo,0
103633,Dominga del Lledó,2024-05-18,nuevo,0
110373,Encarnacion Donoso Casanovas,2022-03-15,nuevo,0
102263,Cirino Gomez Alberola,2023-01-04,nuevo,0
102247,Jose Angel de Anaya,2022-11-26,nuevo,1
100836,Noa Juliá Piñeiro,2021-08-30,nuevo,0
105065,Angélica Eufemia Mulet Ramirez,2020-06-09,nuevo,0
106203,Vito Bernardo Gomis Río,2024-01-27,nuevo,0
100433,Daniela Paredes Gual,2022-08-28,regular,2
108381,Chus Aguado Chamorro,2023-12-15,nuevo,0
101174,Dionisio Tenorio Piña,2021-08-28,nuevo,0
109235,Joan Marín Ferrando,2021-12-20,nuevo,0
106438,Maxi Girón Ballester,2023-07-04,nuevo,1
109627,Eusebio Castelló-Palomar,2021-06-06,nuevo,1
104657,Fortunato de Simó,2021-02-07,nuevo,0
109256,David de Montenegro,2022-04-01,regular,2
109970,Felicia Marcos Palmer,2021-11-04,nuevo,0
107926,Tamara Cervantes Saavedra,2024-08-03,nuevo,1
105290,Anacleto Leal Montero,2020-07-16,nuevo,1
103758,Emigdio Hierro Alonso,2023-12-23,regular,2
108099,Vasco Vazquez,2020-08-18,regular,2
110444,Lupe Cruz Palau Isern,2021-10-03,nuevo,0
110260,Tatiana Escolano Real,2023-06-03,regular,2
100251,Álvaro Arrieta Vilanova,2020-07-27,nuevo,0
108232,Juliana Salamanca,2021-01-27,nuevo,0
107953,Buenaventura Raúl Moles Cano,2022-05-31,nuevo,0
107898,Mamen Bru Ibañez,2023-12-21,nuevo,0
115230,Eusebio de Espada,2021-11-12,nuevo,0
107335,Imelda Torrens Quintana,2021-09-24,nuevo,0
102794,Che de Escribano,2021-09-29,nuevo,0
107796,Artemio Pozo-Ramirez,2020-05-26,nuevo,0
113278,Azahar Manzano,2020-05-01,nuevo,1
103408,Amor Fabregat,2023-05-15,nuevo,1
114772,Cintia Barón,2022-09-24,nuevo,1
107423,Amarilis Guiomar Artigas Galindo,2021-07-07,nuevo,0
114165,Natanael Segura-Pineda,2023-09-06,regular,2
110948,Jose Francisco Teodosio Bárcena Paniagua,2021-04-24,nuevo,0
105630,Calixta Sastre Juan,2023-10-23,nuevo,0
104003,Octavia Borrás Gomis,2022-10-08,nuevo,1
112954,Mauricio Tomas Pomares,2023-01-20,nuevo,1
104754,Nilo del Gomila,2023-12-04,nuevo,0
111600,Leire de Tamarit,2020-08-29,nuevo,0
104197,Tatiana Villa Pi,2024-04-23,nuevo,1
103682,Rosaura Boix-España,2023-03-10,nuevo,1
103020,Manu Jara Fuster,2021-04-06,nuevo,0
104311,Montserrat Valenzuela Millán,2024-04-12,nuevo,0
107449,Filomena Tamara Roca León,2021-10-22,regular,2
108420,Marco Plaza Baños,2024-06-20,nuevo,0
103986,Porfirio Sainz Sandoval,2023-10-20,nuevo,0
110296,Jose Ignacio Bayona-Arias,2023-01-27,nuevo,0
102570,Armida Jaén-Roda,2021-07-24,nuevo,0
112840,Ciriaco Egea,2020-08-09,nuevo,0
104278,Emigdio Camino Borja,2022-08-05,nuevo,1
103667,Severiano Vives Millán,2020-06-30,nuevo,1
111242,José Manuel Ferrández-Gilabert,2023-09-26,nuevo,0
111242,José Manuel Ferrández-Gilabert,2023-09-26,nuevo,0
102447,José Mari Alcolea Cabanillas,2023-07-18,nuevo,1
106822,Ildefonso Victoriano Revilla Pinedo,2021-05-23,nuevo,1
106521,Cirino Reig,2022-08-21,nuevo,1
115016,Reyes Delgado,2023-10-24,nuevo,0
103173,Severo de Ojeda,2022-09-09,regular,2
101224,Florentino Reguera Díaz,2024-03-02,nuevo,0
100545,Octavio Bas Redondo,2022-11-12,regular,2
101205,Belén Cazorla Sarmiento,2021-05-07,nuevo,0
107243,Desiderio Suarez Llorens,2022-03-18,nuevo,0
102638,Mar Alberto Verdejo,2023-08-24,nuevo,0
112953,Fortunato Silva Amorós,2024-04-03,nuevo,1
112721,Griselda Victoria Benet Ibañez,2020-04-09,nuevo,0
113584,Ignacia Gual Borja,2022-07-04,nuevo,1
100878,Aureliano Pino Manrique,2023-02-11,nuevo,0
104380,Lidia Palomares Huguet,2023-04-23,nuevo,0
103909,Emilio Feliu Ramis,2023-03-18,regular,2
107689,Julia Gaya Checa,2022-08-20,nuevo,1
106497,Dulce Azorin Serrano,2023-08-14,nuevo,0
113442,Custodia Melero Tomás,2020-12-11,nuevo,0
114910,Norberto Carreño Casals,2020-03-24,regular,2
108076,Leire Goñi Álvaro,2021-08-04,nuevo,0
106965,Teodoro Prado Chaves,2023-11-17,nuevo,0
106480,Feliciano Donoso Ariza,2021-08-25,nuevo,0
104712,Concepción Saavedra,2023-07-16,regular,3
111674,Angelina Noelia Nogués Pla,2022-02-04,regular,2
112872,Adrián de Bastida,2021-09-01,regular,2
102683,Julio César Riquelme Lumbreras,2023-07-21,nuevo,1
111957,Balduino Roselló-Montoya,2021-01-26,nuevo,1
102509,Chucho Baeza Tur,2022-01-31,regular,2
104315,Teobaldo Mateo-Sarmiento,2024-06-26,nuevo,0
109807,Francisco de Tejedor,2022-08-28,regular,2
111053,Zoraida América Ferrera Mateos,2021-09-21,nuevo,0
105357,Rafaela Barrera Collado,2024-03-29,nuevo,0
106640,Sergio Ordóñez Cañellas,2024-03-06,nuevo,1
105973,Marino Llamas Cordero,2021-03-29,nuevo,0
103735,Melania Bejarano-Blanco,2023-06-14,nuevo,0
113045,Gerónimo Lozano Pavón,2024-01-02,nuevo,1
107788,Maristela Taboada-Carrillo,2020-05-25,nuevo,0
113289,Eliseo Escobar Sanchez,2021-05-30,nuevo,0
101877,Teresa Valderrama Alcántara,2021-02-15,regular,2
111757,Alex Marcos Mosquera,2023-06-13,nuevo,1
105263,Aura Ayala Valderrama,2023-09-24,nuevo,1
105160,Candelario Bermudez,2020-06-30,nuevo,1
112846,Liliana del Piñol,2022-01-04,nuevo,0
109610,Nerea Hernandez Anguita,2022-04-28,nuevo,0
100760,José Alondra Yáñez Alcolea,2022-06-14,nuevo,0
105482,Ignacio Losada Jáuregui,2021-04-16,nuevo,1
100655,Jimena Cózar Llorente,2020-11-05,nuevo,1
105813,Silvia Peiró Posada,2021-03-27,nuevo,1
105289,Lina Herranz,2020-07-17,nuevo,0
102893,Samu Palomino-Rivas,2022-07-14,nuevo,0
105637,Maxi Gordillo-Zamora,2020-10-29,nuevo,0
103045,Febe Gordillo-Marqués,2020-09-16,regular,2
110566,Luisa Ramona Sosa Pedro,2021-07-28,nuevo,1
107319,Amado Tormo Leon,2021-10-15,nuevo,1
106160,Miriam Trujillo Batalla,2023-06-14,nuevo,0
108994,Regina Evita Solana Duran,2022-03-03,nuevo,0
106023,Luis Ángel Casemiro Diéguez Espejo,2020-04-19,nuevo,1
105093,Leyre Casanova Morante,2021-02-22,nuevo,1
113686,Espiridión Nuñez,2020-08-03,nuevo,1
112841,Dorita de Quintana,2021-12-25,nuevo,0
101132,Gregorio Diéguez Arnaiz,2021-03-05,nuevo,1
103660,Olga Águila,2021-12-01,nuevo,0
113937,Mayte Garzón,2024-05-19,nuevo,0
113937,Mayte Garzón,2024-05-19,nuevo,0
102664,Socorro del Castillo,2021-02-04,regular,2
114260,Eufemia del Bustos,2022-06-05,nuevo,0
105379,Sandalio Fuentes Alemán,2021-07-05,regular,2
105534,Sebastián Clemente Urrutia Rios,2020-09-01,nuevo,0
114995,Chuy Belda Soriano,2022-03-17,nuevo,0
111391,Jose Luis Portero Frías,2020-10-29,nuevo,0
111391,Jose Luis Portero Frías,2020-10-29,nuevo,0
113201,Reyna Gimeno Frutos,2021-12-20,nuevo,0
108391,Javiera Lara Cózar Peñas,2024-02-06,nuevo,1
109691,Severo Gascón Bonet,2020-06-05,nuevo,1
102881,Maricela Pedrosa Duran,2023-01-11,nuevo,0
105840,Concepción Ferrer Corbacho,2022-12-21,nuevo,0
103382,Amaya Juliá Espejo,2023-08-17,nuevo,0
104958,Severiano Sanabria Salinas,2020-09-04,nuevo,0
111062,Teodosio Mascaró Peral,2020-03-23,nuevo,0
105721,Ale Oliva Olmedo,2024-06-06,nuevo,0
113153,Teresa Villegas Mariscal,2022-02-07,nuevo,0
100943,Cristina Pérez Castellanos,2021-01-05,nuevo,0
103236,Jose Carlos Blasco Canet,2023-01-24,nuevo,0
103258,Maribel Ros Prat,2023-07-09,nuevo,0
111763,Quique de Mir,2022-10-06,nuevo,0
111502,Nieves Guillen,2022-06-13,nuevo,1
100309,Isidora Pepita Mulet Cañete,2022-03-10,nuevo,0
101566,Herminia del Blanca,2022-05-13,nuevo,0
106728,Leoncio Urrutia-Sebastián,2023-12-29,nuevo,1
102136,Milagros Céspedes Alegre,2023-06-11,nuevo,1
109823,Graciana Quevedo Olivé,2020-11-15,nuevo,0
113680,Domingo Querol Alonso,2021-10-24,nuevo,0
108973,Domitila Solsona Patiño,2022-02-08,nuevo,1
108993,Ramiro Abril Huertas,2021-05-02,nuevo,1
112734,Susanita Crescencia Mercader Calderon,2024-06-24,nuevo,1
107394,Ascensión Mármol-Alvarado,2024-08-10,nuevo,0
102277,Loreto Cardona Guerrero,2022-01-22,nuevo,0
107073,Martina Real Carranza,2020-09-07,nuevo,0
112275,Pablo Fermín Ponce García,2023-01-25,nuevo,0
102624,Ruperto del Bou,2023-10-17,nuevo,0
110000,Alcides Gomila Pombo,2023-09-13,regular,3
114255,Segismundo Yáñez Muro,2023-05-24,nuevo,0
100232,Germán Sevillano,2020-09-03,nuevo,1
108344,Yaiza Arteaga Cabrero,2022-07-16,nuevo,1
100738,,2021-03-23,nuevo,1
114966,Dani Soto Jódar,2022-10-09,nuevo,1
108804,Saturnino de Giralt,2022-12-14,nuevo,0
108217,Ruben Agustín Estrada,2020-03-04,nuevo,0
113440,Jose Antonio Luz Canet,2022-02-19,nuevo,0
110371,Leonor Uribe Amorós,2021-08-02,regular,2
114563,Paulino del Prado,2021-12-11,nuevo,0
105706,Adela Bilbao Cobo,2023-08-23,nuevo,1
108810,Jaime Zurita Artigas,2020-11-04,nuevo,1
105936,Valerio Campo Castejón,2022-12-09,nuevo,1
106496,Nazario Gallego Peñalver,2024-05-18,nuevo,1
100756,Benjamín Arribas Caro,2021-12-19,nuevo,0
108539,Loreto Carro Serrano,2020-10-08,nuevo,1
114610,Adelaida Acedo Torralba,2024-01-05,nuevo,0
108120,Eulalia Ortuño Vila,2023-11-06,nuevo,0
113752,Juanito Grande Izaguirre,2020-06-30,nuevo,0
106201,Saturnina de Cortés,2021-09-30,nuevo,0
109920,Araceli Godoy Bayona,2024-03-19,nuevo,0
100070,Edelmiro Aparicio Sastre,2021-11-14,nuevo,0
105368,Demetrio Barragán Pera,2023-12-23,nuevo,0
108085,Isaías Castejón Baeza,2024-02-11,nuevo,0
108085,Isaías Castejón Baeza,2024-02-11,nuevo,0
105683,Susanita Roig,2022-11-20,regular,2
101681,Trinidad Casas,2021-09-08,nuevo,0
111065,Julieta Rovira-Peralta,2020-12-05,nuevo,0
105962,Rodrigo Cañellas Rueda,2023-12-19,nuevo,0
102604,Consuela Valls Galán,2022-02-02,nuevo,0
107869,Goyo Villalobos,2022-12-26,nuevo,0
109165,Maxi de Llamas,2021-06-19,nuevo,1
112068,Martín de Puerta,2023-06-17,nuevo,0
114101,Santiago de Quevedo,2021-05-19,nuevo,0
102284,Ciro Maestre Taboada,2022-07-03,nuevo,1
103733,Belen Sacristán-Tur,2021-04-06,nuevo,0
110051,Aristides Carreras Cobos,2024-01-19,nuevo,0
114654,Álvaro Hernández Coello,2022-10-07,nuevo,0
106621,Nélida Barranco Vallés,2021-04-16,nuevo,0
108777,Rosalva Santamaria Calleja,2020-08-18,nuevo,1
105128,Juan Pablo Reyes Toledo,2020-04-30,nuevo,1
101546,Omar Ureña Coca,2023-04-25,nuevo,1
100740,María Pilar de Priego,2023-10-03,nuevo,0
112123,Alejandro de Luz,2020-11-14,nuevo,0
111481,Yago del Tejera,2024-05-27,nuevo,0
106985,Concepción Canales Albero,2020-10-04,nuevo,0
106796,Alfredo Sanjuan-Llorente,2020-07-30,nuevo,0
103519,Isaura Fortuny Carbajo,2024-01-17,nuevo,0
113146,Julieta Galvez Sala,2021-04-22,nuevo,1
100774,Pastor Iván Porcel Balaguer,2021-05-17,nuevo,0
100866,Ágata Esparza,2021-11-15,nuevo,0
105201,Jennifer Rey-Saldaña,2023-02-10,nuevo,0
112292,Pascual Madrigal Capdevila,2020-04-13,nuevo,0
100642,Cecilia Herrero Trillo,2021-12-03,nuevo,1
111820,Amor Riba Cardona,2020-11-19,nuevo,0
108887,Salomé Garrido Albero,2022-02-07,nuevo,0
103204,Víctor Aitor Domínguez Busquets,2020-11-04,regular,2
107289,José Gabaldón Rosselló,2023-05-02,nuevo,1
105205,Teodosio del Mendizábal,2022-09-02,nuevo,1
114895,Marianela Huguet Santos,2021-06-16,nuevo,0
106924,Micaela Trujillo Rodríguez,2022-05-27,nuevo,0
101309,Andrea Segura Fernández,2023-10-09,nuevo,1
101309,Andrea Segura Fernández,2023-10-09,nuevo,1
111055,Josefa de Gonzalez,2021-08-09,nuevo,0
111527,Clotilde Lupe Tejedor Prieto,2021-03-11,nuevo,1
114907,Cándida Aliaga Iñiguez,2021-02-04,nuevo,0
110878,Begoña Piedad Arnaiz Perez,2023-01-29,regular,3
113646,Bruno Maximino Cervantes Vera,2022-09-13,nuevo,1
103310,Azeneth del Barba,2021-05-19,nuevo,0
100364,Marciano Durán Vaquero,2021-06-28,nuevo,0
103724,Josefa Lopez Andrés,2021-03-01,nuevo,1
107671,Gertrudis Sierra Recio,2021-10-19,nuevo,1
104727,Tomás Carrera Salazar,2023-11-06,nuevo,0
102941,Nacio Ocaña,2022-06-28,nuevo,0
101642,Demetrio Valderrama Varela,2024-04-29,nuevo,0
113691,Rosalía Porcel Dalmau,2020-03-02,regular,2
112561,Erasmo Arrieta-Palomares,2021-04-22,regular,2
101173,Alma Montero Merino,2020-09-18,nuevo,0
114213,Selena Ureña Arnaiz,2024-03-25,nuevo,0
106086,Aitor Gerardo Caballero Robles,2021-09-25,nuevo,0
113381,Elodia Goicoechea Ledesma,2020-09-02,regular,2
109513,Yago Hierro,2022-05-24,regular,2
103365,Maristela Cornejo Bernal,2020-10-03,nuevo,0
114167,Febe Batalla Mendizábal,2021-09-23,regular,2
101411,Soledad Almazán-Salvador,2024-03-07,nuevo,1
110792,María Alarcón Moles,2024-06-19,nuevo,0
106667,Adelaida Escrivá,2023-12-03,regular,2
100816,Lope Miguel Sastre Luz,2023-05-19,nuevo,0
106501,Rodrigo Somoza Morera,2022-08-26,nuevo,1
107323,Julio Barros Hernandez,2021-07-04,nuevo,0
102132,Rolando Barral-Amigó,2020-12-31,nuevo,0
101798,Laura Torrijos,2023-08-06,nuevo,0
107728,María Teresa Valencia Morcillo,2020-04-11,nuevo,1
104576,Maximiano Rodriguez Feliu,2021-08-04,nuevo,0
105191,Alondra Barberá Guillen,2021-02-19,nuevo,0
108168,Eulalia Segovia Sarabia,2022-02-12,nuevo,1
103123,Verónica Pedraza Antón,2021-01-20,nuevo,1
104276,Emelina Villanueva Bauzà,2023-05-16,nuevo,0
114423,Fito Reinaldo Cepeda Benítez,2024-06-09,nuevo,0
103090,Valero Almazán Patiño,2024-01-27,nuevo,0
114317,Mateo Gual Soto,2022-12-05,nuevo,1
109981,Jose Antonio Soto Girona,2023-11-21,nuevo,0
105254,Tere Buendía Español,2021-08-17,nuevo,0
112630,Claudia de Riera,2021-07-12,nuevo,0
101533,Amor Bauzà Alcázar,2022-06-05,nuevo,0
108727,Cosme Amador Vera Sainz,2023-04-04,nuevo,0
102832,Jose Antonio de Izquierdo,2023-06-22,nuevo,1
108270,Fabricio Lluch-Amor,2020-06-02,nuevo,1
114291,Florencio Cid Torres,2020-11-01,nuevo,1
109346,Hortensia del Casal,2021-06-22,nuevo,0
114973,Guiomar de Falcón,2022-01-14,nuevo,0
108798,Sarita Torrijos,2024-08-06,nuevo,0
101300,Ángela Puente Hernández,2020-07-20,nuevo,0
106274,Miguel Ángel de Llorens,2022-11-08,nuevo,1
105500,Primitiva Chaparro Riera,2023-08-26,nuevo,1
109582,Chus Canales Gargallo,2021-08-30,nuevo,1
111120,Marcial Cerezo,2022-03-13,nuevo,0
112466,Amor Aragón Capdevila,2022-03-07,nuevo,1
101481,Mauricio Quiroga Parra,2020-09-22,regular,2
101602,Victor Manuel Cabeza Quesada,2022-02-15,nuevo,0
105092,Germán Rodriguez Feijoo,2022-03-20,nuevo,1
107068,Porfirio Molina Chacón,2020-11-26,nuevo,0
109599,Isaías Fuentes Rebollo,2023-09-20,nuevo,1
103662,Ana Belén Ramón Fuster,2022-08-24,nuevo,1
114875,Alonso Tejedor Carpio,2020-11-07,nuevo,0
104826,Sigfrido Alemán Álamo,2021-06-25,nuevo,0
105681,Dolores Lamas Bartolomé,2024-01-05,nuevo,0
100398,Mohamed Ibarra Cantero,2023-11-08,nuevo,0
112078,Paloma Galván Laguna,2024-05-17,nuevo,0
102507,Natanael Seguí Pedrosa,2023-02-20,nuevo,1
110240,Roberto Arregui Montoya,2023-06-05,nuevo,0
109544,Raquel Serna Arévalo,2022-07-27,regular,2
103011,Jose Carlos de Amorós,2024-07-05,nuevo,0
111344,Ignacia del Gaya,2022-09-28,nuevo,0
100724,Flavio Flor Fonseca,2021-03-10,nuevo,0
100301,Zaida Español Bustos,2023-11-03,nuevo,1
113077,Manuelita del Losa,2023-08-29,nuevo,1
114181,Paulino Barranco,2021-01-12,nuevo,1
107329,Pánfilo Galvez Chico,2023-04-27,nuevo,0
104186,Dominga Piña Cuéllar,2022-09-30,nuevo,0
114006,Gastón Varela Falcó,2020-05-01,nuevo,0
113997,Ezequiel Egea Segarra,2023-12-29,nuevo,0
114318,Leopoldo Lobato Arévalo,2021-08-06,nuevo,1
104583,Viviana Llorens,2023-08-02,nuevo,0
114121,Quique Gil Vázquez Calleja,2023-02-25,nuevo,0
107368,Maura Fábregas Bravo,2022-07-29,nuevo,1
109484,Saturnina Llorens-Palomo,2021-09-09,nuevo,1
115242,Olegario Bárcena Almeida,2022-08-18,nuevo,0
107434,Purificación Peinado Font,2022-12-08,nuevo,0
112883,Alfredo del Manjón,2022-09-22,nuevo,0
106966,Silvio Fajardo Calvet,2023-06-07,regular,2
101213,Pascuala del Rocamora,2023-01-30,nuevo,0
107056,Sonia Mascaró Cantón,2023-12-01,nuevo,0
108484,Judith Bustos Pazos,2024-02-18,regular,2
112778,María Manuela del Sabater,2020-05-21,nuevo,1
111326,Bernardino Esteban-Fuertes,2020-07-13,nuevo,1
108966,Flavio del Almeida,2022-07-28,nuevo,0
111174,Olivia Pinto,2021-04-19,nuevo,1
105428,Mario Tormo Requena,2022-05-16,nuevo,0
112615,Angelita Rovira,2023-04-15,nuevo,1
111358,Lara Cándida Briones Barbero,2021-03-17,nuevo,0
107217,Dan Aguilera Juliá,2022-06-01,nuevo,1
105995,Emiliano Sevillano Ríos,2021-05-11,nuevo,0
103768,Ildefonso de Sala,2023-06-10,nuevo,0
104273,Jenaro Fidel Osuna Aguilera,2022-05-10,nuevo,0
115054,Eli Robles-Mancebo,2020-05-21,nuevo,1
108655,Rita Alegre Abril,2023-02-06,regular,2
100787,José Ángel Cervera Diéguez,2020-08-13,nuevo,0
109799,Nuria Débora Castillo Castells,2020-12-23,nuevo,0
109940,Leopoldo Ruben Isern Valle,2023-04-22,nuevo,0
110710,Rodrigo Ochoa-Galván,2020-11-11,nuevo,1
107854,Jimena del Campillo,2022-05-19,nuevo,1
113768,Socorro Grau Perera,2023-10-02,nuevo,1
102906,Salomón del Ripoll,2021-08-22,nuevo,0
104627,Basilio Baeza Cordero,2023-12-16,nuevo,0
100997,Fortunato Cruz-Folch,2020-05-12,nuevo,1
112885,María Luisa Calatayud Dueñas,2022-10-06,nuevo,0
115060,María Belén Vázquez Manrique,2022-08-14,nuevo,0
107247,Pancho Verdugo,2022-04-09,nuevo,0
106251,Chus Martínez Mariscal,2024-03-29,nuevo,0
113160,Sosimo Palomares,2021-06-11,nuevo,0
108056,Gertrudis Granados-Batalla,2020-09-19,nuevo,1
114839,Jose Carlos Bermudez Peña,2021-10-20,nuevo,0
105524,Ciriaco Ordóñez Perea,2023-01-05,nuevo,0
111645,Poncio Vara Rivas,2023-01-12,nuevo,1
107506,Manuela Benavente-Ripoll,2020-11-05,nuevo,0
100157,Ágata Amelia Villanueva Cisneros,2023-10-04,regular,2
114399,Evelia Torrent,2022-09-19,nuevo,0
103086,Pía Mármol-Berrocal,2021-08-08,nuevo,0
112256,Heliodoro Boada Vilaplana,2021-04-30,nuevo,1
101553,Nicolás Ismael Montero Chamorro,2022-02-13,nuevo,1
113901,Berto Carballo Alcázar,2023-05-05,regular,2
110095,Cesar Nuñez Solano,2022-08-27,nuevo,0
100496,Rico Guardiola Garcés,2021-09-19,nuevo,0
102322,Eva María Puerta Mancebo,2020-04-13,nuevo,0
100913,Esperanza Ferrández Lorenzo,2020-12-09,nuevo,0
109391,Sarita Orozco Arnau,2021-01-05,nuevo,0
100152,Wálter Marciano Mur Sanchez,2021-06-18,nuevo,0
109124,Godofredo de Rebollo,2022-12-02,nuevo,1
111207,Horacio Comas Losada,2021-02-04,nuevo,1
112520,Francisca Cózar Ochoa,2021-05-25,regular,2
103002,Claudia Suarez Alcaraz,2020-05-21,nuevo,1
109616,Hermenegildo Morcillo Pera,2021-02-11,nuevo,1
106962,Sabina Viana Calderon,2022-04-21,nuevo,0
114041,Carlito Huerta,2021-09-06,nuevo,1
102884,María Belén Puerta-Serra,2023-04-01,nuevo,1
103721,Aurelia Chico Seguí,2020-09-02,nuevo,1
107128,Elisabet Alicia Rios Lorenzo,2020-08-04,nuevo,0
100889,Macaria Anguita Agustín,2023-03-25,nuevo,0
105472,Sofía Tena,2023-01-07,nuevo,1
103202,Gervasio Tejera Aragón,2021-08-08,nuevo,0
110072,Dora Hidalgo,2022-09-18,nuevo,0
104824,Moreno Garcés Baquero,2024-08-13,nuevo,1
104705,Magdalena Agustí Piñol,2023-07-04,nuevo,1
100344,Fermín Pulido Valls,2024-05-18,nuevo,0
104137,Brunilda Campos Lucena,2023-04-13,nuevo,1
111211,Amando Amo-Girón,2024-03-23,regular,2
103189,Íñigo Castelló,2023-04-07,nuevo,0
104523,Gabriela Priego Cañas,2023-07-11,nuevo,0
102224,Onofre Tomé Escobar,2024-04-26,nuevo,0
102224,Onofre Tomé Escobar,2024-04-26,nuevo,0
102122,Che Malo-Morcillo,2023-10-10,nuevo,1
106859,Lorenzo Escobar-Uriarte,2020-11-12,nuevo,0
110783,Hermenegildo Ibañez Toledo,2021-03-02,nuevo,0
110044,Armida Pulido Valencia,2022-03-12,nuevo,1
110625,Aurora Vigil Rius,2023-05-24,nuevo,0
109841,Emigdio de Tello,2023-11-18,nuevo,0
107367,Melchor Gomila Raya,2020-06-18,nuevo,0
112683,Marcelino Comas Roldán,2022-07-13,nuevo,1
104735,Bernardita Zapata Pujadas,2024-01-06,nuevo,0
113116,Edelmira Blázquez-Plana,2023-01-08,nuevo,0
101466,Tania Castillo Fernandez,2023-11-04,nuevo,0
104594,Ileana Pla Muro,2024-07-07,nuevo,0
103566,Nidia Parra,2022-01-03,nuevo,0
105841,Julio Montesinos Sacristán,2020-06-11,nuevo,1
100284,Vanesa Cadenas Nicolás,2023-06-06,nuevo,0
114441,Cándido Quevedo Miralles,2023-02-21,nuevo,0
106176,Gervasio Olmedo Andres,2021-03-26,nuevo,0
113935,Serafina Rebeca Velasco Morell,2021-05-01,nuevo,1
104152,Matilde Magdalena Aguilera Barrio,2024-01-09,nuevo,1
115048,Manu Rosell Pagès,2020-05-10,nuevo,0
111463,Josefina Higueras Sanjuan,2022-06-18,nuevo,0
107377,Teresa Valenzuela Fiol,2022-01-31,nuevo,0
108871,Renata Tomé Simó,2020-05-16,nuevo,0
114464,Cruz del Piquer,2022-06-30,regular,2
109113,Milagros Nebot Casares,2023-01-18,nuevo,1
103162,Nazaret Bou Llano,2024-02-09,nuevo,0
102631,René Iglesia Salvador,2023-07-17,nuevo,0
112306,Sol Arnal Rovira,2021-07-30,nuevo,0
113259,Abril Vega,2021-08-08,nuevo,0
110399,Pepita Ferrándiz Pujol,2023-09-13,nuevo,0
101204,Maximiliano Valera Pagès,2021-03-27,nuevo,0
114201,Tadeo Manzanares Segura,2023-09-01,nuevo,0
110552,Felix Adelardo Puente Noriega,2023-02-16,nuevo,1
100617,Reyes Viviana Higueras Gonzalo,2022-07-15,nuevo,0
103115,Anastasia Cifuentes Menéndez,2023-08-06,regular,2
113421,Zaida Miranda Granados,2022-09-08,nuevo,0
107482,Graciano Palomino-Huerta,2022-05-23,nuevo,0
110338,Almudena Dionisia Vaquero Gimenez,2021-09-05,nuevo,0
102729,Consuela Arias Arias,2020-08-03,nuevo,0
114705,Lilia Reig Moraleda,2023-02-23,nuevo,0
112823,Juan Francisco Cuervo Saavedra,2021-07-11,nuevo,0
110275,Nuria Saldaña Palacios,2024-03-21,nuevo,1
101358,Fabiana Valderrama Borrego,2020-03-15,regular,3
109938,Mauricio Vilar-España,2021-01-15,nuevo,1
107799,Arturo Tamayo Echeverría,2022-08-06,nuevo,0
112006,Jordana Sureda Pellicer,2024-07-16,nuevo,1
113928,Elpidio Rafael Olmo Ochoa,2024-08-14,regular,2
101591,Natanael Ferrer-Marqués,2024-04-22,nuevo,0
115114,Juan Bautista Ariel Isern Coca,2023-09-12,nuevo,1
103141,Áurea Alonso Izquierdo,2024-04-10,nuevo,0
100548,Jordana Parra Nebot,2024-01-05,nuevo,0
107119,Lope Duilio Vilalta Casares,2024-02-15,nuevo,1
112038,Sofía Donoso,2022-10-31,nuevo,0
114414,Aníbal Bustos Lastra,2021-01-27,nuevo,0
100027,Genoveva Sierra Vall,2022-01-16,nuevo,0
101068,Visitación Mur,2021-11-14,nuevo,0
103919,María Barrena Leal,2021-03-31,nuevo,1
106605,Olegario Olmo-Antón,2022-08-12,nuevo,0
105530,Tiburcio Arce Gonzalez,2024-07-25,nuevo,0
106679,Donato Torrijos Donaire,2023-09-02,nuevo,0
105399,Chucho Botella Garrido,2022-04-12,nuevo,0
113238,Jesús Calvet Saavedra,2021-06-20,nuevo,0
108082,María José Perera Rocamora,2022-05-10,nuevo,0
109980,Edelmiro Nieto,2020-09-10,regular,2
114753,José Mari Royo Rozas,2024-02-03,nuevo,1
100438,Ildefonso Vives,2021-05-19,nuevo,0
114269,Marisela Rodríguez Girón,2024-07-24,nuevo,0
114180,Juan Pablo Cañete Tomás,2020-11-19,nuevo,0
105270,Camilo Lillo Segarra,2024-07-21,nuevo,0
101862,Nieves Uriarte Barrera,2023-05-29,nuevo,0
110841,Maura Collado Colomer,2021-05-30,nuevo,1
108317,Vicente Sanmartín Malo,2024-01-12,nuevo,1
102707,Agustina del Falcón,2020-03-31,nuevo,0
113214,Melchor de Vallés,2023-09-13,nuevo,0
108519,Benita Ramirez Chaparro,2022-06-17,nuevo,1
108519,Benita Ramirez Chaparro,2022-06-17,nuevo,1
105326,Dorotea Leticia Morata Carbonell,2020-04-07,regular,2
106958,Jose Carlos Portero Gargallo,2023-04-29,regular,2
111973,Rocío Moles Blanes,2023-02-28,nuevo,0
111482,Juan José Paco Borrell Beltran,2021-05-17,nuevo,0
109474,Marciano Aníbal Bertrán Fernandez,2021-08-06,nuevo,0
104012,Faustino Llorens Torrijos,2022-02-15,nuevo,1
113941,Juan Sanchez Ángel,2024-08-08,nuevo,0
100535,María Arias Carreño,2021-06-06,nuevo,0
114324,Cecilio Huguet,2021-10-19,nuevo,0
100586,Lalo Briones-Blanch,2020-11-25,nuevo,0
111025,Jordana Cornejo Domínguez,2022-01-29,nuevo,1
109046,Adelia Aragón Diego,2021-07-29,nuevo,0
113977,Febe Cabo Losa,2022-10-02,nuevo,1
111873,Isidro Rosendo Blanch Valenzuela,2022-01-31,regular,2
108888,Dafne de Seco,2021-08-04,nuevo,1
106465,Juan Carlos Escamilla-Amo,2024-04-20,nuevo,0
112194,Nazaret Elorza Cadenas,2023-12-22,nuevo,0
114510,Calixto Hernandez Suarez,2020-09-17,nuevo,0
101917,Mamen Carpio Pedro,2022-07-18,nuevo,0
113754,Sara Sainz Ramón,2024-05-03,regular,3
108108,Celestina Ortuño Luna,2022-10-23,nuevo,1
114792,Sancho Prats-Roura,2023-10-16,nuevo,1
101911,Vidal Carrasco Mosquera,2020-07-27,nuevo,1
109194,Eli Pacheco Quesada,2023-03-27,nuevo,1
110035,Esperanza Solsona Toledo,2023-01-01,nuevo,0
101134,Morena Romeu Riquelme,2020-09-20,nuevo,1
110135,Judith Quevedo Burgos,2021-04-30,nuevo,1
111592,Eleuterio Nevado Casares,2023-05-27,nuevo,1
101318,Brunilda Padilla Pozo,2022-01-08,nuevo,0
104369,Eliseo Sandoval Carrión,2021-01-17,nuevo,0
108314,Benjamín Palacios Posada,2021-02-07,nuevo,1
111900,Felipe Mayo Figueroa,2020-11-08,nuevo,0
108982,Bruno Roselló Calleja,2023-07-14,nuevo,0
107326,Jesusa Nilda Ribera Llamas,2022-03-27,nuevo,1
106081,Estefanía Santamaria Bermejo,2020-05-28,nuevo,0
110426,Lucila Fernández Sanmiguel,2024-06-05,regular,2
102602,Ágata Nieves Ugarte Lago,2022-05-30,nuevo,0
106569,María Fernanda Ferrer Olivares,2020-08-06,nuevo,1
102174,Porfirio Vazquez Fernandez,2021-12-30,nuevo,0
103606,Íngrid Chaparro-Comas,2023-08-30,nuevo,0
106430,Noé Cañellas Perera,2021-11-17,nuevo,0
107996,Camila Pina Solsona,2022-01-13,nuevo,1
103769,Julio César Mariano Muñoz Piquer,2024-04-12,nuevo,0
105078,Esperanza Iriarte Aramburu,2023-09-16,nuevo,0
108275,Mateo Anacleto Cerdá Alsina,2020-06-27,nuevo,0
104632,Armando Arenas Gomila,2022-09-11,regular,2
114901,Pastora Villalobos-Río,2020-07-20,nuevo,0
100241,Ernesto Urrutia-Piña,2021-11-22,nuevo,0
110150,José Antonio Santos Mulet Cobos,2022-07-12,nuevo,0
108748,Juan Pablo Tejero,2021-06-20,nuevo,1
107603,Palmira de Ojeda,2022-07-11,nuevo,1
108898,Olalla del Antúnez,2020-11-10,regular,2
101868,Amaya del Tejero,2023-02-18,nuevo,0
109141,Virgilio Atienza Diéguez,2023-01-03,nuevo,0
108579,Herberto Juan Luna Padilla,2022-03-29,nuevo,1
108579,Herberto Juan Luna Padilla,2022-03-29,nuevo,1
102522,Duilio Fábregas Nieto,2022-12-14,nuevo,0
110256,Lidia Barberá Guillen,2024-05-15,nuevo,1
101821,Candela Sanmiguel Huertas,2021-06-14,nuevo,0
102411,Salvador Garcés Almagro,2020-07-23,nuevo,0
108244,Sarita Jara-Páez,2023-03-03,nuevo,1
105188,Nayara Berrocal Uriarte,2022-01-12,nuevo,1
110437,Martín Baeza,2024-03-05,nuevo,0
104566,Urbano Carballo Malo,2022-05-04,nuevo,1
107943,Tania Luna-Manzano,2024-07-23,regular,2
112813,Nicolás Bartolomé Prado,2022-08-25,nuevo,1
106392,Saturnina del Olmedo,2021-04-18,regular,2
102119,Belén Gomila Espada,2021-09-27,nuevo,1
103780,Odalys Farré Alemany,2023-08-17,nuevo,0
104962,Claudia Jerez-Terrón,2022-02-21,nuevo,1
102810,Agustina Leire Arévalo Lillo,2021-02-20,nuevo,1
100499,Anselmo Herrero Cueto,2023-11-28,nuevo,0
114375,Luciano Villalonga Blázquez,2020-08-08,nuevo,0
113072,Natalia Laguna Luján,2023-04-06,regular,2
108618,Clemente Tomás Valencia,2022-12-14,nuevo,0
104285,Calisto Bernad Ugarte,2022-04-03,nuevo,0
110578,Silvestre Ferrando Porras,2023-08-31,nuevo,1
109314,Alcides Ildefonso Izaguirre Cañete,2022-07-13,nuevo,0
100229,Agustín Soria-Alonso,2024-07-17,nuevo,0
115052,Cristina Cardona Torre,2024-06-27,nuevo,1
110172,Isaac Mur-Valls,2023-07-16,nuevo,0
102742,Santiago de Viana,2021-01-09,nuevo,1
114978,Florencio Cisneros-Coloma,2023-07-21,nuevo,0
106002,Encarna Gallart,2023-03-13,nuevo,1
105719,Leopoldo Lozano-Hoz,2024-05-30,nuevo,0
110609,Lupita Arnaiz,2022-08-10,nuevo,0
105584,Cipriano del Rivero,2022-09-14,nuevo,0
113124,Jose Ramón Pineda Cañizares,2022-03-12,nuevo,0
113215,Norberto Marcos Benet Almeida,2020-03-24,nuevo,0
109050,Malena del Juárez,2024-04-08,nuevo,0
101129,Asunción Ponce Murcia,2021-03-23,nuevo,0
110803,Patricio Quevedo-Valencia,2024-03-19,nuevo,0
101707,Ulises Goñi Barral,2021-04-23,nuevo,0
107451,Maximiano Almazán,2024-03-08,nuevo,0
103154,Florina Maza Armengol,2020-07-12,nuevo,1
109847,Sebastián Sebastián Fajardo,2022-01-10,regular,2
111088,Marisela del Mínguez,2022-05-19,nuevo,0
114958,Eugenio Ribes Báez,2021-09-06,nuevo,0
106241,Julieta Correa Ríos,2023-02-15,nuevo,1
107105,Maite Pedraza Ariza,2021-08-26,nuevo,1
114914,Erasmo Quevedo Salinas,2020-04-21,nuevo,0
102722,Bernarda Pavón Calzada,2023-10-24,nuevo,1
107446,Balduino Zabala León,2020-09-26,nuevo,0
107894,Ciro Amat Quero,2021-08-26,nuevo,1
115008,Manuelita Pont Aliaga,2023-06-05,regular,2
111865,Ainoa Huguet Alarcón,2021-12-29,nuevo,0
108043,Tomasa Trillo Tomas,2020-05-19,nuevo,1
110147,Rita Gutierrez Sosa,2024-08-21,nuevo,0
115150,Violeta Linares Riba,2020-12-05,nuevo,0
114812,Aurora Oliva Iniesta,2023-04-07,nuevo,0
112029,Guillermo Germán Lladó Armengol,2020-12-20,nuevo,0
112983,María Del Carmen Carbonell Porras,2023-12-10,nuevo,0
112368,Belen Tapia-Puig,2024-01-19,nuevo,0
111275,Imelda Aguilera,2020-05-14,nuevo,0
113841,Melchor Sarmiento-Blazquez,2020-07-12,nuevo,0
106055,Loida López Guillén,2023-10-12,nuevo,1
110491,Julia Gracia Berrocal,2024-04-17,nuevo,0
113478,Brígida Rebollo Cano,2023-10-05,nuevo,0
102551,Porfirio Valenzuela,2023-06-02,nuevo,1
113849,Martina del Abascal,2023-01-05,nuevo,0
107441,Caridad de Sainz,2024-03-07,nuevo,0
106769,Cornelio Manzano Arce,2023-04-04,nuevo,1
110084,Ale Gisbert Alcalde,2023-02-19,regular,2
113811,Maximino Ayala Barceló,2023-03-02,nuevo,0
106450,Dan Ros Bastida,2023-12-14,nuevo,0
112711,María Cristina Benet Ruiz,2020-12-08,nuevo,1
115133,Cebrián Calzada Galan,2022-09-09,nuevo,0
102645,Angelina Huerta Román,2024-03-19,nuevo,0
113618,Rosaura Castro Coloma,2023-10-04,nuevo,0
104488,Perlita Vidal Español,2020-11-10,nuevo,0
102062,Ruperto Pelayo Borrás Rodriguez,2023-11-09,nuevo,1
104646,Anselmo Angulo Solís,2020-09-16,nuevo,0
114619,Gala Miralles Barreda,2022-04-28,nuevo,0
114669,Asunción Valera Pellicer,2023-07-21,nuevo,0
115049,Wálter Domingo,2021-04-03,nuevo,0
114017,Joaquina Yáñez,2022-11-29,regular,2
107266,Lucio Téllez Isern,2021-02-24,nuevo,0
104175,Vicenta Duran Chaves,2022-01-23,nuevo,0
112511,Chucho Rincón,2022-02-11,nuevo,1
112970,Aurelio Atienza Manrique,2024-06-06,nuevo,0
109285,Concepción Landa Marco,2023-04-11,nuevo,1
108544,Belen del Villar,2021-07-31,nuevo,1
112404,Íñigo de Martin,2020-09-19,nuevo,0
100984,Ariadna Alberto Azorin,2022-11-06,nuevo,1
110558,Micaela Nydia Porta Vila,2022-09-02,nuevo,1
105481,Etelvina del Menendez,2023-01-10,nuevo,0
104798,Borja Valls Cano,2020-10-26,nuevo,1
110004,Samanta Bilbao,2023-08-22,regular,2
103663,Salud Agullo Campoy,2020-12-06,regular,2
114334,Adora Salmerón-Quintana,2023-10-06,nuevo,1
106948,Plinio Aurelio Gárate Arnau,2022-08-25,nuevo,0
104658,Fabricio Blázquez Uriarte,2023-02-21,nuevo,0
106415,Leonardo Palomar Álvaro,2024-03-10,nuevo,1
103151,Porfirio Corral Valcárcel,2023-08-01,nuevo,0
109762,Aarón Toledo,2020-08-23,nuevo,0
109255,Raimundo Ortuño,2024-04-06,nuevo,0
104814,Laura Espejo,2024-05-14,nuevo,0
105970,Osvaldo de Sanchez,2024-05-03,nuevo,1
102940,Adelia del Zamorano,2023-04-22,nuevo,0
101341,Tadeo Riquelme Morcillo,2024-03-23,nuevo,0
101392,Rodolfo Huguet Gibert,2022-04-02,nuevo,0
113669,Inmaculada Fabiana Pujadas Ródenas,2024-02-13,nuevo,1
109607,José Luis Gascón Fabra,2023-06-21,nuevo,0
113451,Felipe Juan Bautista Solsona Cuervo,2020-08-07,regular,2
111433,Aureliano Ibáñez Mate,2020-12-03,nuevo,0
111554,Soledad Gimeno,2023-07-11,nuevo,0
106147,Tania Baños Carreño,2024-08-13,nuevo,1
101413,Fernanda Llorente Borrás,2023-10-18,nuevo,1
102257,Casemiro Rosado Garmendia,2022-12-11,nuevo,1
111505,Basilio Lobo Ibáñez,2023-10-20,nuevo,0
111150,Celia Narváez-Miguel,2021-12-06,nuevo,1
106121,Malena de Artigas,2022-12-18,nuevo,0
102213,Hernando Aramburu-Lopez,2023-07-24,nuevo,0
105604,Ignacio del Sevillano,2024-02-09,nuevo,1
106005,Fabiana Carbó Castellanos,2023-04-18,nuevo,0
105418,Samuel Santos Antúnez Gimenez,2020-10-16,nuevo,1
104939,Jesús Navarro Bartolomé,2021-04-05,nuevo,0
103625,Nydia Cáceres Palacio,2022-10-10,nuevo,0
103159,Narciso Amílcar Gordillo Azorin,2023-06-16,nuevo,0
104268,Modesto Torrecilla,2020-07-19,nuevo,0
100464,Fabián Baeza Pinilla,2021-10-15,nuevo,0
101755,Manuela Lupe Llamas Arranz,2023-12-06,nuevo,0
109574,Seve Dimas Rodrigo Cerezo,2020-10-24,nuevo,0
109369,Roxana María Ángeles Arenas Palacios,2024-03-22,nuevo,0
106381,Fortunato Morillo Casals,2023-09-17,nuevo,1
103830,Aníbal del Sevillano,2022-02-02,nuevo,0
100379,Dani Sanz,2022-08-18,nuevo,0
110389,Julio Alcalde Rivas,2020-06-22,nuevo,0
101336,Íñigo del Murcia,2024-06-24,nuevo,1
115085,Amancio Ruano-Carbó,2020-09-05,nuevo,0
102717,Emilia Cisneros Mayoral,2022-01-23,nuevo,0
109983,Dan del Roldan,2021-11-23,nuevo,0
111644,Débora de Acero,2023-03-18,nuevo,0
114065,Sabas del Blasco,2021-11-07,nuevo,0
110080,Ambrosio Costa-Cruz,2021-06-14,nuevo,0
106323,Maura Anabel Palomar Carmona,2021-01-13,regular,2
109576,Aurora Manjón Ordóñez,2021-08-09,nuevo,0
112609,Herminio Vallejo-Aguiló,2023-07-15,nuevo,0
101895,Amílcar Anguita Antúnez,2022-07-08,nuevo,0
104662,Natanael Barragán Giralt,2022-06-21,nuevo,1
110066,Vito Armengol Rius,2021-04-05,nuevo,1
107770,Cesar Peral Miralles,2023-10-26,nuevo,0
107091,Gabino Espejo Acevedo,2021-12-15,nuevo,1
106222,Andrea Márquez Ávila,2023-10-06,regular,2
111496,Sabas Cabañas-Piñol,2024-05-05,nuevo,0
110998,Santiago Ricart-Fernández,2023-08-25,nuevo,0
107038,Gloria Montenegro Giner,2020-12-24,nuevo,0
113204,Eligia Mora Bastida,2021-09-18,nuevo,1
110438,Eulalia Mas,2024-06-29,nuevo,0
111863,Amaro Ferrández Badía,2022-12-11,nuevo,0
108975,Felipe Jaume Ariza,2023-01-16,nuevo,0
113509,Guadalupe Soto,2024-06-20,nuevo,0
103993,Blas Valero Valls,2024-05-01,nuevo,0
106692,Nazaret Vilar-Santamaria,2024-08-08,nuevo,0
101031,Sarita Gallo Vega,2023-06-27,nuevo,1
102221,Elvira Sancho Egea,2021-02-10,nuevo,0
112037,Narcisa Carreras Jáuregui,2021-05-02,nuevo,1
114331,Matías Falcón Marquez,2023-05-09,nuevo,0
103794,Isidoro Santamaría Buendía,2022-12-24,nuevo,1
111357,Ariadna Zabala Marquez,2021-02-18,nuevo,1
110884,Purificación Carbó Meléndez,2024-04-21,nuevo,0
104328,Anastasia Santamaría,2022-11-15,regular,2
113308,Visitación Prat Alegre,2022-06-24,nuevo,0
108303,Yéssica Ripoll Llopis,2023-03-24,nuevo,1
114771,Eli Bayona Tovar,2024-01-21,nuevo,1
113694,Débora Mate Niño,2020-04-18,nuevo,0
105732,Belén Blanca Ruano Palomar,2020-06-28,nuevo,1
102918,Jovita Sanmiguel Huerta,2020-07-05,nuevo,0
105587,Genoveva Arce Hidalgo,2021-05-21,nuevo,1
113148,Isabela Rosa-Batalla,2020-03-08,nuevo,0
106327,Aurelio Ugarte Beltrán,2023-02-19,nuevo,0
101516,Evaristo Bayona Barón,2020-05-16,nuevo,1
114721,Marianela Caballero Pellicer,2020-11-06,nuevo,1
114118,Juan José Roma,2023-08-01,nuevo,0
113952,Pascuala Valera-Moles,2022-12-25,nuevo,1
102264,Blas Mulet Llorens,2022-11-05,nuevo,1
104480,Jordi Luque Quintero,2020-03-16,nuevo,0
104240,María de Salinas,2020-03-22,nuevo,0
113232,Rico Orozco-Daza,2023-08-14,regular,2
113066,Teo Hernandez Font,2023-06-22,regular,3
100894,Balduino Cano Montenegro,2020-06-24,nuevo,0
101491,Natanael Corominas Salom,2024-06-25,nuevo,0
112515,Calista Saavedra Arnaiz,2023-07-24,regular,3
112893,María Carmen Soler Prats,2023-10-22,regular,2
108517,Eulalia Lozano Gutierrez,2022-06-29,nuevo,0
102934,Sebastian Vega Saldaña,2020-06-29,nuevo,0
114312,Santiago Juan Cabezas,2020-10-18,nuevo,1
101130,Remedios Arranz Acosta,2020-07-01,nuevo,0
100732,Cayetano Vicente Valero,2020-12-10,nuevo,0
103085,Georgina del Robledo,2020-07-01,nuevo,0
107298,Carolina del Calleja,2023-05-03,nuevo,0
104589,Aureliano Ródenas-Vergara,2020-11-16,nuevo,1
102796,Berto Aparicio-Bonilla,2022-03-26,regular,2
107602,Jose Luis de Beltran,2023-06-20,nuevo,0
100799,Azahara Larrañaga-Escudero,2022-03-15,nuevo,0
106233,Ángeles Villena Espejo,2023-04-20,nuevo,0
100735,Bibiana Cuesta Pagès,2023-01-15,nuevo,0
109017,Consuelo Carretero Iglesias,2023-11-13,nuevo,1
102245,Severiano Gracia Lozano,2020-05-11,regular,2
100179,Adelaida Maricruz Valentín Guzmán,2021-09-29,nuevo,0
101175,Ricarda de Alegre,2020-09-20,nuevo,0
100791,Eleuterio Huguet Llorente,2022-01-07,regular,3
112492,José Chacón Mariño,2021-05-16,nuevo,1
100199,Belen Antón Barreda,2022-06-16,nuevo,0
110631,Eli Palacios,2021-10-21,nuevo,0
107676,Porfirio del Diego,2020-08-05,nuevo,0
100549,Asunción Santamaria Mas,2023-07-04,nuevo,0
103340,Simón Anglada Salgado,2024-07-13,nuevo,0
109564,Ligia Fábregas Luna,2022-12-30,nuevo,0
107466,Tristán Marin Puente,2020-07-09,nuevo,0
112203,Chus de Aliaga,2022-12-21,nuevo,0
114512,Emelina Valls Robles,2020-12-05,nuevo,0
112832,Rolando Madrigal Saez,2023-05-25,regular,2
107534,Bibiana Téllez,2023-10-05,regular,2
100067,Brígida Colomer Cabrera,2023-09-25,nuevo,0
104713,Anabel Fernanda Cabezas Aguirre,2020-09-22,nuevo,1
105215,Aurelia Granados-Gras,2023-07-23,nuevo,0
113525,Tadeo Pi Cabo,2021-09-11,nuevo,0
105034,Benita Mancebo-Fuentes,2020-04-25,nuevo,0
110554,Patricio Gisbert Diéguez,2020-10-03,nuevo,0
102573,Feliciana Etelvina Laguna Pedraza,2021-04-16,nuevo,0
110633,Adriana Manrique Montaña,2024-08-25,nuevo,0
111177,Felicia Amaya,2020-12-14,nuevo,0
100623,Brígida Cortina Arco,2021-12-15,nuevo,0
106223,Nidia Belda Rius,2022-03-20,nuevo,0
100788,Nacio Galván-Catalá,2022-07-15,nuevo,0
103333,Conrado Tomas Escolano,2021-06-04,nuevo,1
114985,Ricardo Duran-Vicente,2023-11-06,nuevo,0
106009,Arsenio Araujo,2023-06-14,regular,2
108335,Luis Ángel Huerta Botella,2021-03-27,regular,2
113628,Rebeca Blázquez,2023-06-21,nuevo,0
110929,Elisa Uría Borrell,2020-12-15,nuevo,0
109026,Javier Vendrell-Cervantes,2023-01-29,nuevo,1
100516,Quique Otero,2022-01-19,nuevo,0
100479,Emigdio Lasa Sevillano,2023-09-09,nuevo,0
104477,Tatiana Perales Morcillo,2021-06-26,nuevo,1
112756,Anita Elías Zabala,2024-08-18,nuevo,1
112924,Marita Tejedor Fábregas,2021-11-23,nuevo,0
106900,Eleuterio Matas Gonzalo,2021-07-21,nuevo,1
101034,Claudio del Pablo,2023-09-07,regular,2
109681,Pastor Blanca Sáez,2024-05-13,regular,2
102599,Salud de Díaz,2021-11-27,nuevo,0
101515,Eusebia Suárez Barba,2022-11-19,regular,2
106192,Modesto Suárez,2021-01-02,nuevo,0
111288,Celestino Maldonado Puente,2020-03-08,nuevo,0
107238,Saturnina Artigas Bustos,2022-09-07,nuevo,0
105754,Rafael Nadal,2024-03-17,nuevo,1
114185,Rafaela Román Ojeda,2023-12-13,regular,3
113395,Gonzalo Benavente Bautista,2021-11-18,nuevo,1
108237,Ruperto Murillo,2020-08-13,nuevo,1
108537,Josep Cordero Olivé,2021-04-25,nuevo,0
105522,Albina Juárez Carretero,2021-11-17,nuevo,0
101463,Tristán Porcel Gutierrez,2021-09-15,nuevo,1
107916,Maristela Elías Caparrós,2021-01-07,nuevo,1
101872,Amparo Cámara Paredes,2024-01-24,nuevo,0
112685,Jordán Asenjo Soriano,2022-09-13,nuevo,1
107210,Alex Casanovas Acero,2020-04-07,nuevo,0
113985,Simón Ávila,2022-04-25,nuevo,1
107350,Merche Collado Montalbán,2021-06-08,nuevo,0
104624,Dorita Batlle Solana,2024-02-02,nuevo,1
114899,Simón Cabañas Comas,2022-07-24,nuevo,1
104819,Débora Morán,2020-09-22,nuevo,0
100221,Aurelia Miralles Casals,2024-07-15,nuevo,0
112957,Gerardo del Cuervo,2020-11-22,nuevo,1
114719,Faustino Pizarro-Simó,2023-12-17,nuevo,0
102477,Flora Cózar Espejo,2020-06-23,nuevo,1
104249,Anna Hervia Almagro,2021-05-15,nuevo,0
111884,Melania Pardo Hernandez,2020-09-27,nuevo,1
114261,Agustín Heredia Escudero,2022-03-16,regular,2
114022,Pía Linares Quintana,2023-11-22,regular,2
106488,Ainoa Medina Casanova,2022-07-21,nuevo,0
109782,Gastón Delgado Julián,2024-03-09,nuevo,0
110093,Candelario Páez Carmona,2024-02-09,nuevo,0
105651,Rafael Rivero Perales,2020-10-07,nuevo,0
114169,Susana del Huerta,2024-05-08,regular,2
111228,Ruben Leal Carvajal,2021-10-28,regular,2
108053,Herminio Heraclio Sáez Toledo,2021-04-23,nuevo,1
114311,Evelia del Calzada,2023-04-11,nuevo,0
102882,Nico Ibarra Corbacho,2021-04-08,nuevo,0
101678,Gil Doménech Mateo,2020-06-02,nuevo,0
106061,Amelia Huerta Martín,2022-02-01,regular,3
100902,Vilma Llano-Quiroga,2022-04-17,regular,2
111867,Elías de Guzmán,2022-12-05,regular,2
114835,Hilario Botella-Palomino,2023-09-22,nuevo,1
102297,Eugenio Donaire Aroca,2021-07-30,nuevo,1
109144,Melisa Alberola Lucena,2023-02-11,nuevo,0
108489,Bartolomé Iglesia Marti,2023-07-07,nuevo,1
109350,Elena Amorós Becerra,2021-12-08,nuevo,1
109149,Severo del Carpio,2024-02-18,nuevo,0
113110,Juanita del Armengol,2021-01-24,nuevo,0
111497,Guiomar Sobrino Gual,2022-01-23,nuevo,1
106773,Juanito Amador Casal,2022-06-03,nuevo,0
112300,Olga Romero Lledó,2023-10-03,nuevo,1
107258,Maristela Grande Salvador,2022-12-15,nuevo,0
102581,Guiomar Román-Girón,2021-11-07,nuevo,0
107967,Teodora Rivas-Carreras,2024-07-22,nuevo,0
114768,Bienvenida Ponce Hidalgo,2023-06-11,nuevo,1
111545,Juanita Padilla Huertas,2023-02-21,nuevo,0
110157,Reyes Solís Montaña,2023-02-18,nuevo,0
109708,Emilio Quintero Cabo,2020-08-27,nuevo,1
109708,Emilio Quintero Cabo,2020-08-27,nuevo,1
105255,Noé Egea Mena,2024-03-31,nuevo,1
100682,Nereida Jódar,2020-05-10,nuevo,0
114506,Nieves Somoza Arnal,2024-04-23,nuevo,0
103160,Prudencio España Bartolomé,2020-11-16,nuevo,0
111293,Pastor Codina-Álamo,2022-04-15,nuevo,1
102988,Mercedes Beltran,2020-12-25,nuevo,0
104909,Wálter Diego Andrade,2021-11-24,nuevo,0
101883,Francisco Jose Araujo Cabeza,2023-01-30,nuevo,0
109907,Buenaventura Jiménez,2022-05-26,regular,2
101941,Andrea Abellán-Noriega,2022-07-31,nuevo,0
103297,Renato Gilabert Fábregas,2023-04-11,regular,2
103535,Inmaculada Riba Aguilar,2021-08-22,nuevo,0
105975,Manola Vall,2023-03-27,nuevo,0
103730,Manuelita Mendez Parra,2022-05-24,nuevo,1
100491,Francisco Javier Gomila Mendoza,2023-05-25,regular,2
105709,Samuel Benítez-Matas,2023-08-02,regular,2
101182,Guadalupe Grande Tormo,2023-01-06,nuevo,1
101376,Nazaret Lamas,2022-09-09,regular,2
105015,Rebeca Leocadia Osuna Marco,2024-03-20,nuevo,0
100627,Maite Manrique-Sastre,2020-07-01,nuevo,0
104759,Esperanza Mancebo Godoy,2021-02-16,nuevo,0
110731,Albino Benito Peralta,2021-01-13,nuevo,0
111893,Luisa Sanmartín,2022-09-05,nuevo,1
111386,Jordi Hernando-Garcia,2024-03-12,nuevo,0
104181,Jimena Nogués-Goicoechea,2021-05-06,nuevo,0
111754,Anastasia Arjona Balaguer,2021-04-12,nuevo,0
113025,Gracia Andrés Escolano,2021-04-16,nuevo,0
102888,Abril Ámbar Neira Acuña,2024-08-06,nuevo,0
108877,Hector del Torralba,2022-11-04,nuevo,0
104540,Ascensión Cornejo Carrillo,2022-09-01,nuevo,0
111108,Leoncio Reig Heredia,2023-12-25,nuevo,0
106672,Edelmiro Badía Montesinos,2023-04-04,nuevo,0
106454,Anunciación del Iriarte,2021-03-06,nuevo,1
101367,Aurelio del Arana,2020-06-03,nuevo,0
102640,Aitana Canals,2021-10-12,regular,2
114742,Luciana Suárez Narváez,2023-04-29,nuevo,1
105603,María Carmen Asensio Palomino,2023-04-17,regular,3
114077,Esmeralda Vega Abellán,2022-03-21,nuevo,0
105731,Noa de Melero,2020-07-07,nuevo,0
107205,Aitana Arjona Arévalo,2021-06-28,nuevo,0
105297,Anacleto Maxi Batalla Borja,2021-06-09,nuevo,1
110747,Rosendo Ibarra Giménez,2021-10-23,nuevo,1
102939,Mar Ruperta Rocamora Almazán,2020-11-12,nuevo,0
110629,Azahar Rubio Rodríguez,2020-05-08,nuevo,0
113942,Celestino Corominas Casal,2024-08-16,nuevo,1
108891,Gertrudis Cervera,2024-06-02,nuevo,0
105980,Eric Montaña,2020-04-29,nuevo,0
104535,Damián Bernal Peral,2023-12-05,nuevo,0
110503,Sandalio Rosales Muñoz,2023-07-20,regular,2
107670,América Peláez-Galan,2023-12-18,nuevo,0
107608,Gaspar Zorrilla Cortina,2022-04-16,nuevo,1
112476,Hilario Poza Patiño,2022-07-22,nuevo,0
113111,Chuy Echeverría Palomares,2021-04-18,nuevo,0
111651,Amelia de Reguera,2022-09-08,nuevo,1
115132,Rafael Losada Juan,2023-03-12,nuevo,0
106682,Rosa Fuertes Llamas,2021-09-11,regular,3
105429,Gerardo Vera Bayona,2021-09-07,nuevo,0
105267,Guadalupe Casanovas Bravo,2020-03-03,nuevo,0
110950,Tatiana Escobar-Salgado,2020-12-28,nuevo,0
101785,Chema Perelló-Barroso,2020-09-26,nuevo,0
107117,Rosario Benjamín Carretero Oller,2021-03-01,nuevo,0
100495,Francisco del Vaquero,2022-05-30,nuevo,0
109424,Fabio Palmer Cerdán,2021-03-28,nuevo,0
112938,Selena Rios Ballesteros,2022-02-24,nuevo,1
102039,Coral Prado Martinez,2024-01-05,nuevo,0
104042,Adán Juan Carlos Díez Valenciano,2022-07-20,nuevo,0
102898,Quique Cervantes Aguilera,2024-07-01,nuevo,1
108559,Flor Morillo Atienza,2021-11-21,nuevo,0
113552,Marisa Pulido Acosta,2022-07-04,nuevo,1
110877,Tadeo Trillo Cuevas,2020-12-20,nuevo,0
110224,Nando de Caballero,2023-09-07,nuevo,0
112553,Rosaura Blanes Viñas,2020-09-22,nuevo,0
102654,Rosa María Calatayud,2021-08-25,nuevo,0
110711,Jacinta Diego Doménech,2022-07-27,nuevo,0
108515,Lucas Figueras Bosch,2020-06-25,nuevo,0
102032,Azahara Catalán-Andrés,2022-12-16,nuevo,0
105090,Andrés Felipe Abascal Méndez,2021-04-21,nuevo,0
100814,Aníbal de Catalán,2024-05-03,nuevo,0
107236,Moreno Galindo-Mulet,2023-08-27,regular,2
106281,Apolinar Almeida Maza,2021-06-20,nuevo,0
114337,Jenaro Maldonado Menéndez,2022-06-01,nuevo,1
101080,Nereida Godoy,2021-08-27,nuevo,0
102227,Roldán Reig Gelabert,2022-12-20,nuevo,0
112132,Pánfilo Sabas Seguí Castilla,2023-12-17,nuevo,0
114236,Fanny Tenorio,2024-04-01,nuevo,0
111621,Amada Estrada Solera,2021-05-29,nuevo,0
103262,Anita Marí Belda,2023-12-31,nuevo,0
105650,Chucho Isern Gilabert,2023-03-11,nuevo,0
103863,Loreto Prado-Amador,2023-12-19,nuevo,0
102937,Sancho Gordillo Campos,2023-02-14,nuevo,1
111671,Reyna Bolaños,2021-06-30,regular,2
107081,Florencia Rueda-Aller,2023-01-30,nuevo,0
103918,Iván Hierro Pardo,2022-10-24,nuevo,0
112673,Nacio Benavent,2022-11-16,nuevo,1
100306,David García Camacho,2023-07-11,nuevo,1
104057,Zoraida Micaela Juárez Campillo,2023-12-26,nuevo,1
114815,Quirino Cervera Pellicer,2020-08-14,nuevo,0
103000,Albina Galan Llabrés,2020-07-10,nuevo,0
109911,José Ángel Jáuregui Montenegro,2020-07-06,nuevo,0
101232,Claudio Arévalo-Solé,2020-03-23,nuevo,1
102314,Iris Crescencia Angulo Pomares,2020-07-15,nuevo,1
112227,María Pedrosa,2023-06-12,nuevo,0
112336,Fabián Custodio Folch Flores,2021-11-05,regular,2
113284,Martina Baena Manuel,2023-01-10,nuevo,0
104322,Angélica de Roselló,2023-07-17,regular,2
109031,Fabio Marín Seguí,2023-09-08,nuevo,0
112884,Anastasia Ribas Palacios,2021-05-02,nuevo,0
112884,Anastasia Ribas Palacios,2021-05-02,nuevo,0
106471,Dionisio Santamaria Gallart,2023-04-12,regular,2
104775,Josep Vicente Pons,2021-07-27,nuevo,1
104775,Josep Vicente Pons,2021-07-27,nuevo,1
107501,Narcisa de Serra,2022-07-22,nuevo,0
113131,Leandro Jordán Puga Carretero,2023-05-19,nuevo,0
103900,Felix Milla Niño,2022-12-26,nuevo,1
103568,Juan Carlos Cerdán Enríquez,2023-04-13,nuevo,1
105453,Leire Vergara Manso,2024-01-08,nuevo,0
108023,Moreno Yuste Valentín,2022-11-24,nuevo,1
115195,Ana Domingo-Noguera,2022-05-31,nuevo,0
112312,Mateo Tristán Vallejo Ródenas,2021-01-20,nuevo,0
104271,Adán Gomila,2022-07-19,regular,3
108532,Abraham del Seco,2023-07-12,nuevo,0
104087,Felicia Colom Ariza,2023-07-31,nuevo,1
106664,Carlota Piñol Castrillo,2021-06-29,nuevo,0
110105,Ligia del Cal,2023-11-16,nuevo,0
112651,Seve Alcántara Lucena,2022-02-25,regular,2
100589,Roxana Carmona Cadenas,2022-02-09,nuevo,1
103366,Lope Maldonado Alegre,2021-08-11,nuevo,0
102671,Florina Mateu,2023-08-17,regular,2
105516,Cebrián Valls Abellán,2022-08-10,regular,2
113398,Asdrubal Castejón,2024-05-08,nuevo,0
102396,Armando Velasco Arcos,2021-06-07,nuevo,0
105507,Cruz Pera Planas,2020-05-14,nuevo,0
102171,Anastasio Larrañaga Gascón,2021-10-31,nuevo,0
114609,Hipólito del Uriarte,2020-10-13,nuevo,1
108135,Jose Antonio Ribas Arnau,2023-12-15,nuevo,1
110805,Marciano Diego Pujol,2023-05-12,nuevo,1
109082,Áurea Quintanilla Pont,2021-11-21,nuevo,0
115007,Clementina Prieto Porta,2020-03-05,nuevo,1
109392,Victor Guzmán-Botella,2021-05-14,nuevo,0
113629,Rosa María de Caballero,2022-02-28,nuevo,0
105674,Tiburcio Andrade Pulido,2023-06-10,nuevo,0
102775,Rocío Bonilla Almeida,2020-08-25,nuevo,0
107621,Abigaíl Cañete Conesa,2020-03-07,nuevo,0
106560,Felix Terrón Pizarro,2021-03-28,nuevo,0
110357,Felicia Barros-Blazquez,2024-04-04,nuevo,0
108457,Fausto Peral Peiró,2022-10-14,nuevo,0
110019,Valentín del Zorrilla,2023-03-24,nuevo,1
114585,Liliana Robles Raya,2024-07-03,regular,2
105799,Rosalinda Trujillo-Zabaleta,2020-03-12,nuevo,0
105983,Selena del Oliveras,2023-07-01,nuevo,1
105883,Vicente Terrón Serra,2021-11-09,nuevo,1
109805,Manolo Tejero Sanjuan,2021-08-05,nuevo,0
112128,María Andrade-Abellán,2020-03-10,nuevo,0
102182,Amalia de Tejera,2021-11-12,nuevo,0
111606,Zoraida Duran,2024-05-26,nuevo,1
101474,Rosenda Olmedo Losa,2020-05-23,nuevo,0
106104,Joel Fulgencio Alsina Urrutia,2024-08-03,nuevo,1
109083,Ruy Valenzuela Infante,2022-03-02,nuevo,0
109695,Alcides Heredia,2024-03-27,nuevo,1
114769,Aura Amador Jara,2021-03-15,nuevo,0
114769,Aura Amador Jara,2021-03-15,nuevo,0
100422,Macario Agustín Gordillo,2022-03-10,nuevo,1
102307,Concepción Catalán,2020-08-19,nuevo,1
100172,José Guardiola Goicoechea,2024-01-15,nuevo,0
103957,Corona Salamanca,2022-06-01,nuevo,0
105607,Casemiro Plana,2022-12-27,nuevo,0
114395,Celso Cabrera Álvarez,2023-10-19,nuevo,1
108463,Tatiana Ibarra Ortega,2024-03-07,nuevo,1
101726,Irene Carina Múñiz Arroyo,2021-07-04,nuevo,1
108939,Eulalia Escamilla Pardo,2021-03-21,nuevo,1
110603,Eusebio Jódar Guerrero,2022-03-06,regular,2
109036,René Burgos Echeverría,2020-12-18,nuevo,0
115129,Sabina Iglesia,2020-04-01,nuevo,1
109435,Alexandra Torrents,2023-04-02,nuevo,1
100905,Aurora Angulo Barrera,2020-04-25,nuevo,0
103495,Cloe Eli Blazquez Calderón,2023-02-07,nuevo,1
108347,Edelmiro Fernández Garriga,2021-03-24,nuevo,1
110587,Marcela Pavón Prado,2023-03-12,nuevo,1
107798,Dominga Ros Robles,2023-06-05,nuevo,1
107397,María Cristina Burgos Noguera,2022-04-14,nuevo,1
107397,María Cristina Burgos Noguera,2022-04-14,nuevo,1
112999,Hortensia Martí Ferrándiz,2022-12-18,regular,2
102081,Tomás Zaragoza Vidal,2020-05-19,nuevo,0
107929,Tania del Feijoo,2022-12-29,regular,2
111631,José Alma Bermúdez Delgado,2024-01-07,regular,2
107934,Reyna Valbuena Fernández,2020-08-18,nuevo,0
110236,Pepito Carnero Galván,2022-05-07,nuevo,0
111064,María Jesús Lupe Mateu Fabra,2023-11-23,nuevo,1
107212,Fidel Oliveras Caballero,2020-11-12,nuevo,1
104678,Santos Gálvez Oliver,2023-02-22,nuevo,1
105210,Paloma del Molina,2023-08-27,regular,2
102647,Leonor Garmendia Cobo,2020-04-24,nuevo,0
111894,Nazario Sacristán Vaquero,2023-01-06,regular,2
111369,Raimundo Barba,2022-05-21,nuevo,1
112230,Alexandra Pagès Poza,2022-12-29,nuevo,1
112461,Juliana Ledesma Gargallo,2023-11-29,nuevo,1
110957,Fabián Bravo Noriega,2024-08-18,nuevo,1
106366,Nélida Beltrán Flor,2020-11-23,nuevo,0
112027,Sigfrido Anselmo Sans Cueto,2020-12-16,nuevo,1
102156,Olga Baró Llopis,2022-11-07,nuevo,0
111346,Griselda Velázquez-Matas,2024-07-02,nuevo,0
107371,Soraya Giménez Campos,2021-02-11,nuevo,0
113853,Ileana Aragonés Palomares,2023-11-20,regular,2
107838,Itziar de Feliu,2024-04-27,nuevo,1
103716,Claudio Chuy Catalá Cuéllar,2022-03-05,nuevo,0
108112,Hilda de Campillo,2021-06-15,nuevo,1
112910,Valero Company Ibáñez,2023-06-23,regular,2
103623,Armando Esparza Salcedo,2023-06-12,nuevo,0
104517,Maricruz Vives Ortuño,2023-07-05,nuevo,0
107355,Belen Burgos Salas,2021-08-15,nuevo,1
108751,Fulgencio Palomino Quintana,2022-08-05,regular,2
101437,Ágata Cadenas Rocamora,2023-04-11,nuevo,0
100508,Darío Pascual Blasco Porta,2023-11-09,nuevo,0
105276,Flora Millán Novoa,2020-08-26,nuevo,0
105664,Toribio Carpio,2023-02-07,nuevo,0
105403,Fortunata Joaquina Lladó Pastor,2022-06-08,nuevo,1
105931,Natalio Villalba Almeida,2020-09-20,nuevo,0
108948,Brunilda Mármol,2020-05-26,nuevo,0
102340,Alejandra Vizcaíno,2020-03-25,nuevo,0
110250,Rosalva Irma Acevedo Dueñas,2023-02-14,nuevo,0
112784,Patricia Varela Saavedra,2024-05-07,nuevo,0
107681,Olalla Boix Peralta,2022-09-07,nuevo,0
111972,Sofía Perales Almansa,2024-07-01,nuevo,1
111749,Tania del Mendizábal,2024-03-29,nuevo,0
108694,Geraldo Águila Sanz,2023-09-14,nuevo,0
100644,Mohamed del Planas,2021-04-19,nuevo,0
109961,Iris Rosalinda Cánovas Cobos,2023-12-22,nuevo,1
101540,Máximo Luna Cuesta,2021-02-24,nuevo,0
109122,Benjamín Mate Aliaga,2022-10-31,regular,2
101212,Fortunata Company Diaz,2023-09-07,nuevo,1
112243,Prudencia Saez,2020-07-30,nuevo,0
114212,Chucho Cifuentes-Bonet,2020-03-30,nuevo,0
108865,Evelia Lladó,2024-01-20,regular,2
106107,Yaiza Pacheco,2021-07-03,nuevo,0
105616,Dorotea Tolosa Pedrosa,2020-05-07,nuevo,0
113698,Modesta Noemí Gallardo Villar,2021-07-04,nuevo,1
101465,Clementina Paniagua-Rodríguez,2024-04-25,regular,2
101193,Paula Reina Pulido,2022-07-20,nuevo,0
103591,René Cabanillas,2021-12-09,nuevo,0
110073,Pacífica Salamanca Mayoral,2020-04-14,nuevo,0
106361,Sofía Mármol-Pareja,2022-07-22,nuevo,1
108698,Alba Murcia-Linares,2020-10-20,nuevo,0
112664,Diego Arana,2024-07-27,nuevo,0
106720,Domingo Calvo Bustamante,2020-07-21,nuevo,0
100507,Herminia Feijoo Gallo,2023-03-19,nuevo,1
111513,Marcelo de Ferrero,2021-05-20,regular,2
112844,Amado Marin Velázquez,2021-01-20,nuevo,1
109661,Anabel Trillo Adán,2024-06-07,nuevo,0
109986,Martina Verdejo Cañas,2021-12-09,nuevo,1
101774,Etelvina Nieto Campos,2020-11-22,nuevo,1
100273,Dora Peña Carrillo,2021-05-17,nuevo,0
114595,Daniela Busquets-Perales,2021-12-18,nuevo,1
103619,Rafa Rosa Segovia,2020-09-05,nuevo,1
102382,Feliciana Mena Segovia,2022-03-22,nuevo,0
107009,Efraín Maza-Coloma,2023-07-16,nuevo,0
113621,Tamara Arias Rios,2023-08-16,nuevo,0
104634,Luis Ángel Guitart Carro,2020-03-21,nuevo,0
108505,Nando Franco Robles,2023-09-06,nuevo,0
100747,Luis Palma Saldaña,2021-10-30,nuevo,0
107708,Nazaret Sara Canals Rincón,2020-06-17,nuevo,0
103570,Aroa Guardia Peláez,2020-06-25,nuevo,0
108983,Carlos Águila Roman,2024-05-29,nuevo,0
112594,Clarisa Arenas,2024-05-29,nuevo,1
108558,Nacho Guzman Linares,2024-05-15,nuevo,0
106449,Jose Miguel Ordóñez Chaparro,2024-06-19,regular,2
105600,María Teresa del Falcó,2020-07-31,regular,2
111402,Américo Bertrán Díaz,2023-12-30,nuevo,0
112421,Lucila Vilalta Martinez,2020-11-28,nuevo,0
108573,Rafael del Pintor,2020-10-18,nuevo,1
110974,Balduino Gomez Tamayo,2024-03-08,nuevo,0
101913,Lina del Ojeda,2020-12-11,nuevo,0
109559,Cesar Salazar Silva,2021-05-31,nuevo,0
100600,Florentino Lluch Luís,2020-09-03,nuevo,1
103893,Isidora Mariño Rico,2022-09-25,nuevo,0
105541,Laura Iniesta Lorenzo,2020-08-30,nuevo,0
101653,Fidela Carpio Medina,2022-07-06,nuevo,0
108107,Albino Torre,2024-04-02,nuevo,0
101894,Adrián Abad-Ricart,2021-07-05,nuevo,1
111555,Isidoro Mínguez,2023-03-18,nuevo,0
106503,Berta Morillo Juliá,2021-10-10,nuevo,1
104363,Isaac Andrade,2023-10-21,nuevo,0
115209,Vicente del Goicoechea,2021-06-07,nuevo,1
100376,Palmira Acevedo,2023-08-15,nuevo,1
101967,Maximiliano Joaquín Rius Laguna,2022-10-20,nuevo,0
103958,Isa Tomasa Juan Losa,2023-02-09,nuevo,0
113679,Simón Tomás Ponce Monreal,2022-02-21,nuevo,0
105697,Albino Tirado Barba,2021-06-13,nuevo,0
101244,Jose Merino Neira,2022-03-14,nuevo,0
112854,Zoraida Quevedo Montalbán,2021-01-01,nuevo,0
112542,Sol Río,2021-06-22,regular,2
109491,Evelia Mascaró López,2022-04-14,nuevo,1
100942,Wilfredo Alcolea Plana,2022-07-12,nuevo,0
110742,Ovidio Alberdi-Mata,2020-04-03,regular,3
103347,Cloe Anna Vidal Rosell,2023-03-15,nuevo,1
102658,Samuel Manuel Casado Vázquez,2020-07-13,nuevo,0
115219,Amor Rozas Gallart,2022-05-14,nuevo,0
110156,José Manuel Jordá Vazquez,2021-06-25,nuevo,0
105327,Itziar Verdejo Ugarte,2021-09-26,nuevo,0
110183,Zoraida Huguet-Alvarez,2021-06-03,nuevo,1
106579,Olegario Baños Pascual,2020-12-14,nuevo,0
102800,Loida Abril Zorrilla,2023-09-07,regular,2
104307,Eligia Portero Solsona,2023-10-04,regular,2
111266,Amor Tormo Rosales,2023-05-31,nuevo,1
113096,Clotilde Etelvina Jerez Villalba,2024-06-17,nuevo,0
107245,Mohamed Martín,2021-04-29,nuevo,1
100299,Guiomar Fábregas Castillo,2023-09-21,regular,2
109242,Clímaco Guitart Dominguez,2023-11-13,nuevo,0
112706,Simón Franch Pont,2021-11-25,regular,2
103824,Ramona de Sabater,2020-10-02,nuevo,1
114035,Saturnino Isaías Cortes Bustamante,2022-03-17,nuevo,0
107978,Albina Barrera Solsona,2022-02-21,nuevo,1
104040,Odalis Carreras Montalbán,2020-11-16,nuevo,0
110185,Dolores Oliva Quevedo,2023-04-29,nuevo,0
111998,José María Ángel Vara,2021-07-03,nuevo,1
101500,Irma Manzano Terrón,2022-08-31,nuevo,0
103513,Rosario Ariel Martín Aragón,2023-04-24,nuevo,0
108845,Roberta Bauzà Murcia,2021-09-17,nuevo,1
106829,Adoración Romeu Blanca,2021-12-17,nuevo,1
107131,Gaspar Clavero Aroca,2020-09-24,nuevo,0
111447,Sofía Beltrán Caballero,2024-07-01,nuevo,1
109543,Jose Angel Urrutia Andreu,2024-01-19,nuevo,1
104086,Amancio Ferreras-Gual,2024-05-08,nuevo,1
100243,Olimpia Pilar Arroyo Adadia,2023-03-06,nuevo,0
113533,Calixta Torrecilla Folch,2024-02-17,nuevo,1
101645,Merche Llano Taboada,2020-09-16,nuevo,0
107372,Adoración Cerro Morante,2021-04-16,nuevo,0
109819,Sara Diaz,2020-06-28,nuevo,0
105595,Felix Guzman,2020-11-05,nuevo,0
111673,Daniela Anselma Cruz Guerra,2022-04-11,nuevo,0
110664,Nadia Jacinta Cabrero Feijoo,2020-08-05,regular,2
105232,Evaristo Valcárcel Cordero,2024-02-23,nuevo,0
102077,Morena Canales-Antúnez,2021-01-15,nuevo,1
104104,León Portillo Azorin,2023-07-31,nuevo,0
107494,Marc Sánchez Casanovas,2020-11-15,nuevo,0
109044,Melania Yésica Gabaldón Huertas,2022-04-07,nuevo,0
105969,Daniela Yáñez Gonzalo,2022-09-24,nuevo,1
113011,Asunción Lillo Serra,2023-10-15,nuevo,0
112485,Socorro Gutierrez,2021-04-16,regular,2
103967,Santiago Tolosa Carlos,2022-11-10,regular,2
110779,Manuelita Reyna Batlle Martinez,2022-12-02,regular,2
115234,Griselda Ruiz Palau,2022-12-23,nuevo,0
114607,Sonia de Larrañaga,2021-07-11,nuevo,0
106755,Consuelo España Martín,2024-07-07,nuevo,0
110329,Agustín Conesa Fábregas,2024-04-09,regular,2
109459,Noé Sebastián Hernández,2021-07-09,nuevo,1
112950,Haydée Rocamora Ramirez,2023-07-10,nuevo,0
104079,Ana Laguna Llano,2023-08-28,nuevo,0
107755,Maite del Cadenas,2021-11-05,nuevo,0
108833,Alicia Catalá Amat,2022-02-19,regular,3
108833,Alicia Catalá Amat,2022-02-19,regular,3
102779,Gloria Benítez Rebollo,2021-02-02,nuevo,1
104604,Modesto Sevilla-Almazán,2023-05-26,regular,2
104933,Paula Río Vives,2024-03-14,nuevo,0
101986,Camila Arce Lumbreras,2024-05-17,nuevo,1
103862,Erasmo Carnero Calzada,2022-12-03,nuevo,1
107775,Manu Machado-Galan,2021-10-15,nuevo,0
107775,Manu Machado-Galan,2021-10-15,nuevo,0
100326,Teobaldo Gomila,2022-12-31,nuevo,0
114612,Begoña Mínguez Cortes,2021-12-25,nuevo,1
106395,Zacarías Iker Arribas Río,2021-03-11,nuevo,0
104055,Valentina Lerma Cabrera,2023-04-29,nuevo,0
102238,Marcial del Casas,2022-06-23,nuevo,1
105230,Clarisa Costa Sancho,2023-09-16,nuevo,1
104572,Gala Cuéllar Puga,2023-04-04,regular,2
108977,Segismundo Gustavo Solera Céspedes,2022-07-04,regular,2
107455,Leonor Arranz,2022-05-25,nuevo,1
101269,Dorita Corral Aparicio,2021-05-05,nuevo,1
100865,Jimena Flores-Juan,2022-09-19,nuevo,1
104943,Marciano Cid Llorente,2023-02-04,regular,2
102254,Luis Guiomar Posada Vázquez,2021-09-05,nuevo,0
106011,Cayetana de Casal,2022-07-05,nuevo,0
106912,Socorro Carretero Vicente,2024-08-03,nuevo,1
111033,Isidro Cózar Ferrándiz,2022-06-28,nuevo,0
106999,Leoncio Ramirez Peralta,2022-06-21,nuevo,1
100372,Félix Solano Solís,2024-02-05,nuevo,0
111377,Juana de Ribes,2021-12-31,regular,2
107941,Cosme del Uría,2024-04-08,nuevo,0
100610,Tecla Valero,2023-08-19,nuevo,1
104652,Wilfredo Díez Tenorio,2023-01-02,nuevo,0
113028,Feliciano Murcia Ugarte,2022-05-31,nuevo,0
108873,Darío de Adadia,2023-08-12,nuevo,0
112140,Nerea Flavia Vallés Patiño,2020-04-30,nuevo,0
115021,Juan Antonio Macías-Pedrero,2020-09-04,nuevo,0
111702,Fito Mercader Guardiola,2021-05-15,nuevo,0
102365,Américo Avilés Cobos,2020-09-01,nuevo,0
107767,Chus del Bustamante,2020-03-12,nuevo,0
107149,Carlos Arregui Ferrán,2023-01-19,nuevo,0
109104,Goyo Ortiz Menéndez,2022-03-12,regular,2
103790,Efraín Vall Quirós,2021-07-28,nuevo,0
111361,Gabino Valenzuela Company,2021-01-27,nuevo,1
105582,Lino del Vila,2020-03-05,nuevo,0
112446,Carmelita Roig Marin,2024-06-25,nuevo,0
105061,Ana Sofía Montaña Taboada,2022-01-16,nuevo,0
101532,Hilda Estrada Jerez,2023-05-04,nuevo,1
101532,Hilda Estrada Jerez,2023-05-04,nuevo,1
113710,Silvia Corral Leiva,2022-10-29,nuevo,0
108672,Ani Porta Mayo,2023-07-12,regular,2
100663,Tomás Manso-Vilalta,2023-08-30,nuevo,0
111125,Abigaíl Mulet Talavera,2022-10-27,nuevo,0
110591,Luisina Agullo Exposito,2021-02-02,nuevo,1
109312,Isidora de Burgos,2024-03-14,nuevo,0
102777,María Dolores Prada,2022-05-09,nuevo,0
104536,Calixto Fuertes Aranda,2021-09-15,nuevo,0
107190,Horacio Noguera Español,2021-06-16,nuevo,0
110096,Daniel de Ugarte,2022-03-27,nuevo,0
105574,Felicidad Quesada-Alberdi,2023-06-18,nuevo,1
106136,Victoriano Serna Niño,2022-11-11,nuevo,0
104428,Rómulo Zorrilla Navas,2022-04-02,nuevo,0
105248,Roque Acuña Olmo,2022-01-20,nuevo,0
114103,Enrique Arellano Nieto,2024-04-07,nuevo,1
103982,Felipa Ribes Solano,2022-12-05,nuevo,0
107826,Esther Amada Jaén Porta,2023-12-29,nuevo,0
102670,Julia de Mata,2021-10-05,nuevo,1
103978,Federico Herrera Llopis,2023-10-09,nuevo,0
100280,Verónica del Abril,2022-04-25,nuevo,0
114836,Amador Valverde Navarro,2023-12-03,nuevo,0
108719,Gerardo Salas Arjona,2020-09-21,nuevo,0
107453,Victor Taboada Rebollo,2021-10-18,nuevo,0
105198,Marisela Asunción Jaén Vega,2022-03-10,nuevo,0
113891,María Castejón Peña,2024-04-24,regular,2
114508,Luisina Ortiz Amores,2023-01-25,nuevo,1
104156,Chema Rebollo Iglesias,2022-08-06,nuevo,0
111804,Espiridión Soler,2023-01-23,nuevo,0
104884,Jeremías Onofre Alegre Calderon,2023-08-29,nuevo,1
105808,Maribel Rosario Nadal Fonseca,2022-09-01,nuevo,0
103810,Francisca Mariscal Silva,2022-07-21,nuevo,1
108714,Domingo Moliner Santamaria,2021-07-17,nuevo,1
109587,Hilario Diez,2022-04-23,nuevo,1
104684,Maite Hidalgo-Duarte,2023-08-29,nuevo,0
110581,Evaristo Nieto Rosales,2021-06-28,nuevo,1
113105,Ana Belén Salinas,2020-04-26,nuevo,0
105594,Severo Roig-Palomo,2023-04-24,nuevo,0
111229,Gilberto Frutos Valenzuela,2023-12-13,nuevo,1
106898,Goyo de Grande,2021-07-17,nuevo,0
104564,Amílcar Marcos Valverde,2021-03-23,nuevo,0
108377,Samu Quirós-Sedano,2022-03-10,nuevo,0
109637,Baltasar Escudero Tenorio,2020-09-25,regular,2
114345,Daniel Noguera Múñiz,2022-04-02,nuevo,0
101270,Jose Luis Moya-Robledo,2022-10-22,regular,2
102351,Rosaura Pablo-Bárcena,2022-01-29,nuevo,1
108746,Esteban Macias Solano,2022-05-05,nuevo,0
101385,Armando Bonet Carbonell,2022-09-26,nuevo,0
109738,Norberto Pascual Guillen,2023-07-09,nuevo,1
109037,Alonso de Villegas,2023-02-09,nuevo,0
105857,Haydée Ainara Botella Tejera,2022-05-14,nuevo,0
100298,Conrado Baños Polo,2024-04-27,nuevo,0
108636,Amarilis Manrique Lucas,2020-11-16,nuevo,0
113707,Juan José Pou Salmerón,2024-02-09,nuevo,0
104643,Fabio Rafa Querol Montaña,2021-05-21,nuevo,0
104643,Fabio Rafa Querol Montaña,2021-05-21,nuevo,0
110215,Florentina Bauzà-Mendizábal,2024-03-25,nuevo,0
102078,Angelina Cerdá Salas,2021-04-23,nuevo,0
109736,Isidro Parra Pinedo,2021-10-23,nuevo,1
112422,Eleuterio Heras Clavero,2020-10-07,regular,2
102230,Baldomero Santiago,2022-05-09,nuevo,1
102843,Gabriela Goicoechea Galindo,2023-03-18,nuevo,1
102538,Belén Alberdi-Diez,2021-07-01,nuevo,0
100195,Marcos Arellano Escolano,2023-09-02,nuevo,0
112912,Gema Valenzuela Juan,2024-05-23,nuevo,0
107363,Encarna Ropero Cantón,2023-12-04,nuevo,0
106637,Nicolasa Irma Olivé Estrada,2023-04-14,nuevo,0
107499,César Valencia Catalán,2020-09-30,nuevo,0
111278,Tadeo Calzada Mínguez,2022-02-25,nuevo,0
104043,María Belén Paola Blanco Gonzalo,2023-07-26,nuevo,1
106554,Irma Judith Coloma Batalla,2020-05-19,nuevo,0
113651,Guadalupe Fuster Bernal,2021-04-15,nuevo,0
105506,Amor Ildefonso Batalla Alcázar,2024-05-09,nuevo,0
106855,Miguela Solera Pedrosa,2021-01-27,nuevo,0
106762,Luciano Virgilio Burgos Palacios,2022-07-28,nuevo,0
105301,Anabel Lloret Vila,2023-11-08,nuevo,1
112015,Nando Aller Valera,2021-02-26,nuevo,1
100321,Gloria Bertrán Olivé,2022-02-24,nuevo,0
107136,Galo Cervera Araujo,2021-06-22,nuevo,1
101372,Bienvenida Ángel Sevillano,2023-01-14,nuevo,0
111958,Claudio Colom Peláez,2021-04-23,nuevo,1
111958,Claudio Colom Peláez,2021-04-23,nuevo,1
102655,Fátima Garcés,2022-08-18,nuevo,0
109100,Jose Francisco Jaume Martinez,2020-07-31,regular,2
110874,Modesta Piñol Lerma,2021-11-20,nuevo,1
103399,Nicodemo Castellanos Peral,2020-03-24,regular,4
108533,Bernardo Bustamante-Romeu,2024-03-10,nuevo,0
109964,Marisol Carbonell Caballero,2023-12-13,nuevo,0
114658,Cleto Grande Sala,2022-10-12,nuevo,1
114640,Abigaíl Narváez Doménech,2023-10-26,nuevo,1
113076,Amanda Valverde Bayona,2022-03-10,nuevo,0
100927,Lorena del Arroyo,2023-12-31,nuevo,0
100245,Amelia Fabregat Comas,2021-06-13,nuevo,0
107470,Dionisia Zorrilla Vendrell,2022-12-26,nuevo,0
108208,Luciano Abad Palmer,2021-03-06,nuevo,1
100144,Jose Francisco Bustos Mas,2022-12-04,nuevo,0
105984,Mario Quevedo Bermúdez,2020-08-10,regular,3
108152,Evaristo de Pujadas,2022-03-18,nuevo,0
102364,Simón Miró-Pelayo,2020-03-10,nuevo,0
100130,Priscila Tejada Marí,2020-03-26,nuevo,0
101162,Jacinta Matilde Barberá Moles,2022-08-03,nuevo,0
110796,Miguel Luís Luz,2023-06-07,nuevo,1
115244,América Cal-Mas,2023-04-20,nuevo,1
105954,Martina Salom-Alcántara,2022-03-30,nuevo,1
100288,Ale Cardona Cisneros,2020-03-31,nuevo,0
114653,Maribel Alemán Criado,2023-11-26,nuevo,1
105309,Rosalina Pablo Campos,2023-09-02,nuevo,0
113674,Juan Santiago Folch,2022-07-16,nuevo,1
108682,Arturo Mayol Navarro,2023-12-10,nuevo,0
101171,Cirino de Roura,2023-09-01,nuevo,0
113539,Nieves de Robledo,2020-11-15,nuevo,0
109542,Clarisa Morante,2024-07-16,nuevo,1
106793,Gabriela Eusebia Peiró Novoa,2022-07-13,nuevo,0
111400,Candela del Díaz,2024-03-03,nuevo,0
101860,Vera Alcántara Alcántara,2020-06-05,nuevo,1
113140,Toribio del Álamo,2023-01-30,nuevo,0
110290,Ana Belén Coloma Gonzalez,2020-07-16,nuevo,1
106782,Bartolomé Escalona,2023-05-11,nuevo,1
109858,Alfredo Girón Torrijos,2021-06-29,nuevo,0
112079,Nereida Ojeda Millán,2020-10-01,regular,2
103122,Merche Figueras Coloma,2024-04-19,nuevo,0
108580,Remigio Vázquez Puerta,2020-04-15,nuevo,0
101312,Cecilia Moliner,2022-03-12,nuevo,0
101033,Reyna Collado Cobo,2021-04-14,nuevo,0
108340,Baldomero Alcalá,2024-03-19,nuevo,0
110395,Melchor Pellicer Luján,2020-07-27,nuevo,0
106383,Berto Dimas Torrent Santana,2023-08-17,nuevo,0
107911,Gustavo Sanmartín Cuervo,2022-12-16,nuevo,1
100932,Silvio Quintero-Guerrero,2021-02-18,nuevo,1
100692,Feliciano Villalonga Ferrández,2021-06-22,nuevo,0
110288,Pili del Gargallo,2023-01-04,nuevo,0
106365,Zaira Lluch Pallarès,2024-02-09,nuevo,1
101910,Verónica Azcona Miranda,2022-08-02,nuevo,1
109022,Pánfilo Valcárcel-Tamarit,2023-12-01,nuevo,1
113889,Isa del Pomares,2024-08-20,nuevo,1
114714,Rosalía Armas Carpio,2023-04-06,nuevo,0
100045,Ana Belén Jódar,2023-10-25,nuevo,0
103940,Crescencia del Arranz,2023-03-16,nuevo,1
108478,Marcial Marino Pulido Aznar,2020-11-09,nuevo,0
108478,Marcial Marino Pulido Aznar,2020-11-09,nuevo,0
107109,Susanita de Macías,2022-11-30,nuevo,0
109593,Amanda Vicente Baró,2023-10-09,nuevo,0
104320,Antonio de Álvarez,2024-05-11,nuevo,0
102966,Aarón Mulet Tello,2022-01-24,nuevo,0
103970,Berta de Diéguez,2024-08-29,nuevo,1
109380,Felisa Cueto,2022-04-18,nuevo,1
114272,Malena Gimeno Tur,2023-02-05,nuevo,0
113407,Marina Jaume Perera,2024-08-21,regular,2
107479,Paulino Bolaños Ródenas,2023-07-24,nuevo,0
106309,Estrella Calvo,2022-05-03,nuevo,1
104160,Teresita de Campo,2021-01-25,nuevo,1
103093,Perlita Gómez Córdoba,2021-12-28,nuevo,0
113315,Begoña Duran Lobato,2021-11-07,nuevo,0
107955,Adelaida Llobet,2023-03-22,nuevo,0
105556,Mayte Andrade Marquez,2022-05-23,nuevo,0
103983,Bernardino Puga Pedro,2022-01-28,nuevo,0
110310,Celia Guitart Juárez,2023-06-12,nuevo,1
106941,Bibiana Ugarte Almeida,2023-07-16,nuevo,1
101405,Aroa de Luz,2020-04-09,nuevo,0
103196,Bonifacio de Nevado,2020-08-22,nuevo,1
109808,Marina Nerea Rivas Sans,2022-11-25,nuevo,0
110657,Santos Sevillano Calderon,2022-01-05,nuevo,1
110122,Evaristo Pedrero Serrano,2024-07-14,nuevo,0
100970,Alfonso Jacinto Asensio Frutos,2021-06-28,nuevo,1
112633,Borja Maestre Verdejo,2023-05-11,nuevo,0
106544,Vera Moya-Donoso,2021-12-07,nuevo,0
109118,Bibiana Polo Cobos,2022-01-06,nuevo,1
102844,Jafet Sevilla Peña,2020-10-11,regular,2
102852,Luisa Botella Pera,2023-07-02,nuevo,0
112825,Arcelia Novoa Sala,2020-03-23,nuevo,0
113256,Ale Vall Izquierdo,2023-10-21,nuevo,1
105957,Corona Mir,2024-07-27,nuevo,0
111021,Baltasar del Maza,2021-08-31,nuevo,0
112418,Amada Echevarría Rivero,2022-01-17,nuevo,1
104472,Adelaida Mate Meléndez,2020-08-08,nuevo,1
110139,,2020-04-28,nuevo,0
112497,Aureliano Sosa Castejón,2021-02-21,nuevo,1
101790,Jose Coloma,2023-08-21,nuevo,1
102060,Melisa Losa Torrijos,2024-02-01,nuevo,1
107144,Dorotea del Sanz,2023-11-16,nuevo,1
110057,Domitila Matas Lucena,2021-03-02,nuevo,0
101903,Omar Bru Cuervo,2023-10-21,nuevo,0
104687,Pánfilo Landa Iñiguez,2023-07-16,nuevo,0
110529,Amparo Montserrat Arnal,2022-05-02,regular,2
108091,María Belén del Aguilar,2021-03-24,nuevo,0
104923,Adelia Cuevas-Cabrera,2023-10-13,nuevo,0
106786,Loreto Nogueira Sáez,2022-12-11,nuevo,0
113854,Eugenia Albero Báez,2020-03-30,nuevo,0
109549,Baldomero Font,2021-05-24,nuevo,0
100076,Trinidad Contreras Cervantes,2022-09-13,nuevo,0
102346,Ágata Romeu-Gilabert,2023-09-21,nuevo,1
106448,Íngrid Téllez Solís,2021-09-08,nuevo,1
108431,Noé Gallardo Querol,2023-08-25,nuevo,0
108623,Gabino Nicolás Jara,2023-04-27,nuevo,0
104587,Merche Fábregas Tur,2022-04-29,nuevo,1
114984,Natanael de Bermejo,2024-06-18,nuevo,0
110030,Amílcar Canals Palomo,2023-05-17,nuevo,1
109698,Ruperto Mena Doménech,2023-10-19,nuevo,0
112692,Marcela Valbuena Jerez,2021-01-29,nuevo,1
101554,Graciana Cáceres,2020-04-20,nuevo,0
105875,Máxima Calzada Riba,2020-07-22,nuevo,0
108433,Saturnino Ibarra,2023-12-18,nuevo,0
108976,Wálter Salas,2021-03-23,nuevo,0
114019,Fabio Corral Mora,2023-10-02,nuevo,1
115183,Vito Sancho Alonso Vázquez,2023-05-03,nuevo,0
109170,Severino Aguilar Girona,2020-10-07,nuevo,0
114452,Delia Puig-Bermejo,2020-11-05,nuevo,0
105696,Íngrid Flores-Conesa,2022-06-27,nuevo,1
102942,Jesús Guillermo Galan Querol,2020-06-23,nuevo,0
110356,José Ángel Salazar Ruiz,2022-06-01,nuevo,0
110393,Petrona Machado Álamo,2022-02-19,nuevo,0
112544,Jose Ramón Nicolau-Beltrán,2021-07-08,nuevo,0
101621,Francisco Javier Vilar Rodrigo,2023-10-06,nuevo,0
107906,Miguel Pérez Miralles,2022-11-22,nuevo,1
110960,Antonia Manrique Robles,2022-12-09,nuevo,1
109550,Soraya Bermudez-Guardiola,2023-02-01,nuevo,0
112625,Mario del Pol,2022-07-08,nuevo,0
106783,Luna Gabaldón,2021-08-20,nuevo,0
112724,Josep Peñalver,2022-05-12,nuevo,0
113678,Calista Carranza,2022-10-12,nuevo,0
110416,Odalis Aguado-Salmerón,2021-11-18,nuevo,0
101610,Vicenta Amanda Botella Acosta,2024-04-04,nuevo,0
103097,Efraín Llobet Cid,2020-10-23,nuevo,0
102416,Ani María Carmen Perea Alberola,2023-11-08,nuevo,0
110904,Belén Vallés Tena,2024-04-01,nuevo,1
102018,Encarnita Vara Murcia,2022-08-03,nuevo,1
102972,Espiridión Márquez Estevez,2020-04-25,nuevo,1
103247,Ale Barco Ortuño,2021-09-14,nuevo,0
100125,Chita Maricruz Díaz Luís,2023-02-24,nuevo,0
101107,Esther Ortuño Vega,2024-03-22,nuevo,1
101815,Leopoldo Barreda Vega,2022-07-19,nuevo,0
112139,Zaira Toledo-Capdevila,2024-08-14,nuevo,0
114266,Eutimio Pujol Ferrer,2022-02-09,nuevo,0
108791,Paulina Maldonado Alfaro,2020-07-10,nuevo,0
102124,Jordana de Royo,2022-07-24,nuevo,1
106304,Zoraida Bonilla Estevez,2021-07-01,nuevo,0
106304,Zoraida Bonilla Estevez,2021-07-01,nuevo,0
110886,Priscila Sarmiento,2021-02-08,nuevo,1
111134,Omar Ros Alberola,2020-03-01,nuevo,1
108971,Aitor Duran-Novoa,2022-10-15,nuevo,0
115047,Rosalina Carlos Pozo,2021-09-30,nuevo,0
102198,Eusebia Bayo-Canet,2024-08-24,nuevo,0
104052,Claudia Alba Maldonado Nicolás,2023-12-18,nuevo,0
101217,Bernardino Zamora Lucas,2021-08-19,nuevo,0
107702,Judith Cobos Narváez,2021-05-29,nuevo,0
100726,Anabel del Acero,2022-03-04,nuevo,0
109171,Mercedes Tejada Monreal,2024-05-05,regular,2
100809,Segismundo Nebot Galván,2020-08-25,nuevo,0
111660,Saturnina Barco-Bellido,2023-04-19,nuevo,0
110836,Inocencio Sierra-Manuel,2022-06-08,nuevo,0
104907,Rosalina Fabra,2021-11-02,nuevo,0
110989,Bernardita Alberto Artigas,2022-09-06,nuevo,1
115208,Marcos Olmo-Dalmau,2021-08-10,nuevo,1
103963,Cristian Araujo Pons,2023-07-05,nuevo,1
112055,Gracia Valbuena Andres,2023-08-06,nuevo,0
102672,Marisa Mesa Costa,2024-05-06,nuevo,0
109899,Felix Ponce,2020-11-22,nuevo,0
109428,Manuelita del Palau,2024-02-20,nuevo,1
109418,Martirio Muro Alcalde,2024-05-28,nuevo,0
101765,Reinaldo Pomares Macías,2023-04-02,regular,2
111130,Heliodoro Caparrós,2022-06-06,nuevo,0
100608,Visitación Barberá,2020-05-04,nuevo,1
109800,Natividad Adoración Haro Jover,2024-03-02,regular,2
110085,Nazaret Morata-Amigó,2021-06-21,regular,2
103218,José del Rey,2020-06-07,nuevo,0
105738,Toribio Carreras Coello,2020-03-30,regular,2
108480,Fausto Yáñez Cañete,2020-03-25,nuevo,0
102054,Seve Leiva-Alberto,2021-06-07,nuevo,0
103165,Odalis Manjón,2023-08-28,nuevo,0
110910,Dionisio Gomis Arrieta,2021-06-11,nuevo,1
111920,Lola Leticia Amo Caro,2023-11-22,nuevo,0
113852,Severo Riquelme Lastra,2024-05-19,nuevo,1
101658,María Belén Arco Polo,2020-09-15,regular,2
108070,Rita Olimpia Anaya Martín,2020-12-25,nuevo,1
108645,Aarón Damián Porras Luján,2020-05-30,nuevo,0
102711,Adolfo Tudela-Peral,2024-03-09,nuevo,0
114273,Rosendo Llobet Cañizares,2024-06-17,nuevo,0
107550,Desiderio Arribas,2023-07-24,nuevo,0
104267,Delfina Valverde Lluch,2023-09-07,nuevo,0
106716,Lara Miguel Company,2021-04-17,nuevo,1
100423,Julia Carvajal Benítez,2021-04-08,regular,2
105317,Damián del Silva,2023-05-04,regular,2
108850,Elpidio del Delgado,2023-03-12,regular,2
109674,Marina Tania Andrés Nadal,2022-08-24,nuevo,0
102846,Nayara Vara-Benet,2024-08-17,nuevo,0
104067,Melchor Roselló,2024-02-04,nuevo,0
113720,Chita de Quero,2023-01-07,nuevo,0
105245,Miriam Serra Solano,2020-10-13,nuevo,1
101002,Edu Matas Benavides,2023-05-05,nuevo,0
104199,Encarnación Navarrete Querol,2022-02-16,nuevo,1
102419,Rubén Quevedo,2022-04-26,nuevo,0
112159,Aitana Gisela Vaquero Ariño,2024-03-21,nuevo,0
103576,Delfina Iniesta-Quintero,2021-01-11,regular,2
106727,Víctor Ibañez Pascual,2021-10-09,nuevo,1
103848,Vasco Bermúdez,2024-01-10,nuevo,0
100962,Iván del Rodríguez,2020-06-22,regular,3
109993,Luna Nuñez Donoso,2020-09-15,nuevo,0
110837,Fanny Arnal Izquierdo,2024-04-28,regular,2
100955,Virginia Angulo Roca,2023-03-30,regular,2
100955,Virginia Angulo Roca,2023-03-30,regular,2
100758,Esmeralda Real Molina,2021-05-04,nuevo,1
105314,Ambrosio Mercader Cervantes,2024-07-25,regular,2
102285,África Ángela Tovar Sarmiento,2021-07-14,nuevo,0
113078,Caridad Menendez Cantero,2020-10-30,nuevo,0
111504,Ester de Conesa,2024-05-04,nuevo,0
104828,Rosalinda del Clemente,2023-12-17,nuevo,0
113791,Roxana Roda Valencia,2023-01-20,nuevo,1
103908,Candelaria del Portero,2023-09-04,nuevo,0
107024,Pepito Morata-Sevilla,2022-03-13,nuevo,1
101957,Jose Cantón Ayuso,2021-02-10,nuevo,0
109344,Fabiola del Garrido,2022-11-12,nuevo,1
110651,Jafet Torrents Galván,2022-11-28,nuevo,0
113782,Victor Arana Acuña,2023-05-27,nuevo,0
102403,Eladio Simó Guillen,2022-12-27,nuevo,0
101074,Teodosio Espinosa Sanabria,2024-06-16,regular,2
106525,Cornelio Catalá-Acedo,2021-07-28,nuevo,1
113248,Josefina Agustí-Ayala,2023-01-18,nuevo,0
108096,Rico Salazar Castejón,2020-05-26,nuevo,0
111598,René Manrique Lillo,2020-07-04,nuevo,0
113582,Dimas Boada-Cantón,2020-12-01,nuevo,1
111636,Quique Machado Gonzalo,2021-10-25,nuevo,0
112428,Elba Velázquez,2021-07-01,nuevo,0
101004,Adelaida del Solís,2024-01-29,nuevo,0
107659,Eutropio Egea Martínez,2023-02-08,nuevo,1
114174,Haydée Barbero-Estévez,2023-11-21,nuevo,0
107567,Marisol Corbacho Muro,2021-07-06,nuevo,1
109678,Prudencio Agustín Tomas,2021-09-30,nuevo,0
114381,Renata Zapata Capdevila,2022-06-01,regular,2
105369,Néstor Gonzalo,2023-09-09,nuevo,0
112570,Leticia Ferrera Abascal,2023-10-09,nuevo,1
109604,Domitila Perez Luís,2023-01-28,regular,2
106290,Pascuala de Colom,2021-05-04,nuevo,0
111337,Octavia Elba Pedrosa Arco,2021-11-04,nuevo,1
114064,Felicia Bernarda Montesinos Verdú,2022-07-20,nuevo,0
115156,Sancho Abril,2024-07-01,nuevo,0
100986,Herminia de Gomis,2020-05-19,nuevo,0
111506,Bernardino del Borja,2021-07-20,regular,2
111913,Eligio Ribas Márquez,2020-07-26,nuevo,0
107385,Florencia Verdugo-Fábregas,2021-01-22,nuevo,1
110831,Nicanor Aranda-Daza,2020-05-25,nuevo,0
114225,Vidal Viana-Benavente,2023-09-14,nuevo,0
114347,Dorita Guijarro Asensio,2024-03-09,nuevo,0
115199,Eusebia Delgado Ródenas,2024-08-23,nuevo,0
109461,Aroa Maldonado Arévalo,2021-08-13,nuevo,1
102463,Eligio Marquez Bernat,2022-11-26,nuevo,0
100269,Lorenzo Jaime Nebot Pi,2024-04-03,nuevo,1
107963,Mayte Rubio Torralba,2023-05-29,nuevo,0
103581,Josué Ferreras Uría,2021-05-07,nuevo,1
100072,Rosenda Encarnación Llopis Roda,2022-01-25,nuevo,1
113625,Candelaria Barberá Luz,2020-12-28,nuevo,0
112649,Azucena del Castro,2023-01-04,nuevo,0
111986,Carla Avilés Camacho,2021-09-25,nuevo,0
102822,Adolfo Renato Acevedo Camps,2020-12-03,regular,2
113975,Rufino del Carro,2022-01-27,nuevo,0
100590,Anabel Bas Bonet,2023-11-16,nuevo,1
113795,Emma Galindo-Vicente,2023-04-07,nuevo,0
111479,Aurelia Carbajo,2024-02-03,nuevo,0
112084,Marco Abella Paz,2021-06-05,nuevo,0
103759,Albert Armengol Muro,2021-04-04,nuevo,0
106846,Abilio Barberá Falcó,2021-07-10,nuevo,1
102029,Wilfredo Hernando Sandoval,2021-05-04,nuevo,1
108870,Nicolás Sedano Olivares,2020-05-02,nuevo,0
110687,Berta Aller Aguilera,2024-02-28,nuevo,1
114494,Clarisa de Boada,2022-04-15,nuevo,0
105455,Nayara Domínguez Palau,2024-04-29,regular,2
110286,Victoriano Borrell Castañeda,2020-08-12,nuevo,0
112120,Macarena Bas Checa,2022-04-25,nuevo,0
114493,Adrián Gordillo Páez,2022-03-18,nuevo,1
112390,Ramona Rozas Pelayo,2023-04-09,regular,2
102433,Elodia Franco Ponce,2023-08-15,nuevo,0
104648,Carmelo Peña,2021-11-20,nuevo,0
108470,Georgina Alberola Ramis,2020-05-30,nuevo,0
110424,Charo Abril Bautista,2021-01-10,regular,3
100897,Eli Rosales Exposito,2024-08-26,nuevo,0
112814,Remigio del Pla,2021-03-08,nuevo,1
101588,Sebastián Zaragoza Barberá,2021-08-02,nuevo,0
106687,Ruben Virgilio Rovira Montaña,2023-02-06,nuevo,0
101720,Asdrubal de Cabañas,2022-01-21,nuevo,1
106101,Angelita Valbuena-Prada,2021-08-26,regular,2
103807,Jose Angel Martín Cuevas,2024-05-25,nuevo,0
108807,Ruth Ibañez Chaves,2023-09-25,nuevo,0
111945,Jordana Villaverde Amigó,2024-05-06,nuevo,0
103962,Diego Escolano,2020-10-24,nuevo,0
110394,Albina del Taboada,2021-12-19,nuevo,0
107037,Patricia Tena Cobos,2022-09-21,nuevo,0
113180,Federico de Giner,2022-11-02,nuevo,0
100891,Rosa María Caparrós Valcárcel,2022-07-16,nuevo,1
114036,Gregorio Zurita-Franco,2023-07-06,nuevo,0
104007,Maite Rocha Leal,2023-05-24,nuevo,1
104940,Sancho Caparrós Vives,2024-02-24,nuevo,0
114817,Hernando Vilalta Palacio,2020-10-09,nuevo,0
111777,Amada Porras Iborra,2023-01-31,nuevo,0
105899,Maximiano Andreu Miranda,2022-01-08,nuevo,0
111712,Timoteo Baquero-Martinez,2024-01-16,regular,3
112424,Hipólito Remigio Gracia Carreras,2024-08-14,nuevo,1
111745,Teodosio Higueras Machado,2020-10-30,nuevo,0
100585,Martina Alondra Tur Angulo,2024-03-26,nuevo,0
103933,Inmaculada Serra Canet,2024-06-19,nuevo,0
101261,Che Azcona-Gras,2023-12-20,nuevo,0
110856,Belén Estévez Sierra,2020-03-05,nuevo,0
100311,Ibán de Ibarra,2021-07-24,regular,2
101717,Arturo Ferreras Coloma,2023-11-17,nuevo,0
106010,Mónica Cuervo Lucena,2023-04-25,nuevo,0
102053,Vicenta Castañeda Arroyo,2020-06-16,nuevo,0
110808,Maura del Carreras,2023-02-19,nuevo,0
104669,Ana Sofía Salom Borrell,2023-02-24,nuevo,1
104299,Emma de Fiol,2020-08-10,nuevo,0
106647,Macario Montaña,2023-06-17,nuevo,0
103784,Marianela Martin,2021-10-16,nuevo,1
101009,Concha Frías Benet,2023-12-27,nuevo,0
107348,Aarón de Castell,2020-05-16,nuevo,1
113445,Xiomara Múgica Coloma,2020-05-19,nuevo,0
114890,Cayetano Coloma-Muro,2021-12-07,nuevo,0
108384,Chuy Barrera Montenegro,2021-02-12,nuevo,0
110500,Ambrosio Conesa Criado,2020-09-29,nuevo,1
104060,Luciana Llabrés,2023-02-04,nuevo,1
108722,Paula Giralt Azorin,2023-03-08,nuevo,0
100091,María Cristina Vila Martínez,2021-04-19,nuevo,1
101988,Jorge Mendoza Bueno,2021-06-09,nuevo,0
112746,Ester Mariscal Estevez,2022-01-21,regular,2
112217,Joaquina Taboada Solsona,2020-09-05,nuevo,0
112166,José Manuel de Marin,2023-04-28,nuevo,1
107280,Macario Vallejo Frutos,2024-05-09,nuevo,1
112499,Ágata Salvador Carbó,2020-11-08,nuevo,0
111274,Augusto Cabrero Borrell,2021-09-10,nuevo,1
113519,Florentino Medina,2024-01-13,nuevo,1
114777,Edmundo Miguel Palmer,2021-09-25,nuevo,0
109518,Rufina Benitez Escalona,2023-06-05,nuevo,1
113517,Noa Camila Colom Cervera,2023-05-17,nuevo,1
113402,Pastora Losada-Camps,2022-01-11,nuevo,0
102926,Natividad de Valenciano,2021-04-14,nuevo,1
110363,Gaspar de Zorrilla,2021-08-11,nuevo,1
108186,Diana Alemán León,2021-02-04,nuevo,0
108186,Diana Alemán León,2021-02-04,nuevo,0
105885,Asunción Piñol Menendez,2022-07-03,regular,2
102342,María Manuela Huerta Téllez,2021-09-18,nuevo,0
111793,Gil Portero Aliaga,2020-05-08,nuevo,1
114302,Vasco Cuevas,2022-06-05,nuevo,0
100628,Sebastian Grande Izquierdo,2022-09-19,nuevo,1
110448,Quirino Roselló Casanova,2022-07-01,nuevo,0
107546,Reinaldo José Manuel Alsina Frutos,2023-06-22,nuevo,0
110114,Macarena Cantero Almagro,2024-07-14,nuevo,1
104766,Óscar Lerma Alberto,2022-11-02,nuevo,1
112682,Francisco Catalá Garcés,2021-09-23,nuevo,0
114952,Javier Reyes Arellano,2022-10-29,nuevo,0
113147,Nicodemo Salmerón Diaz,2023-07-10,nuevo,0
100129,Esmeralda del Tirado,2023-11-12,nuevo,0
112430,Áurea Dueñas Alemany,2022-05-08,nuevo,0
114770,Narcisa Martinez Silva,2020-09-13,nuevo,1
104183,Leonel Morcillo Morales,2021-12-06,nuevo,0
107300,Salvador Jover-Botella,2021-03-05,nuevo,0
106996,Natividad Guzmán Acero,2022-07-17,nuevo,1
102399,Juliana Calatayud Martínez,2021-02-09,nuevo,0
113948,Matías Vigil Bárcena,2020-09-20,nuevo,1
101187,Vicenta Roman Duran,2023-03-16,nuevo,0
110915,Mohamed Cerdán Criado,2023-06-30,nuevo,1
115124,Fulgencio Acevedo Bravo,2020-06-18,nuevo,0
105315,Rufina de Toro,2020-09-12,regular,3
109221,Anunciación Pareja Palomar,2021-04-13,nuevo,0
104248,Emma Lledó,2021-06-16,regular,2
114872,Bonifacio Cepeda-Toro,2022-07-23,nuevo,1
109108,Teófilo Campo Gonzalo,2024-03-19,nuevo,0
109498,Basilio Fajardo Palomares,2022-05-18,nuevo,0
101097,Candelas Roman Pozo,2023-06-18,nuevo,0
106654,Blanca Llano Fabra,2022-07-02,nuevo,0
101274,Rafael Español,2022-07-10,nuevo,1
105699,Dolores Vera Guzman,2022-07-14,nuevo,0
110384,Raimundo Codina Cid,2023-10-01,nuevo,1
108729,Victorino Jurado Miró,2020-08-14,nuevo,0
106798,Filomena Sáenz-Pulido,2022-11-15,nuevo,0
109591,Jimena de Pagès,2020-10-01,nuevo,0
106616,Ángel Barberá Peláez,2023-04-21,nuevo,0
103359,Jovita del Múñiz,2022-01-26,nuevo,0
107756,Eloísa Villa-Alegria,2024-01-28,nuevo,0
100184,Sabas Jacobo Piña Moles,2023-11-11,nuevo,0
112302,Haydée Terrón Avilés,2020-06-04,nuevo,1
111756,Vidal Marí Bellido,2022-09-02,nuevo,0
106514,Anabel Izquierdo,2024-03-09,nuevo,0
104568,Alexandra Arnau,2022-06-24,nuevo,0
106604,Raúl Perez Zorrilla,2023-05-15,nuevo,0
112917,Fanny Cañas Olmo,2023-03-10,nuevo,0
101962,Natalio Camacho,2021-08-03,nuevo,0
104993,Noelia de Escolano,2021-10-19,nuevo,0
104892,Angelina de Marí,2021-06-26,nuevo,0
108040,Eugenio Ayuso Busquets,2020-10-24,nuevo,0
105870,Elisa Escolano Otero,2024-04-17,nuevo,0
109571,Anselma Aitana Carballo Llabrés,2020-08-15,nuevo,0
114765,Águeda Luján Almazán,2021-12-28,nuevo,0
106227,Juan Montoya Lloret,2023-06-11,nuevo,1
111706,Feliciano Silvio Torrens Cañete,2021-05-12,nuevo,1
111022,Heliodoro Rosales Castañeda,2023-03-03,nuevo,0
101252,Lucas Ramos,2024-02-24,nuevo,0
103177,Gervasio Riba Galindo,2022-04-27,nuevo,1
103360,Paulino Requena Salas,2022-05-23,nuevo,0
113392,Dorita Español-Aguilar,2020-06-16,nuevo,0
109996,Tiburcio Sanmartín,2024-01-03,nuevo,1
112886,Leocadio Duran Bosch,2020-04-02,nuevo,0
114011,Nacio Robles Vizcaíno,2022-07-05,regular,2
107412,Amaro de Parra,2022-03-03,nuevo,0
107539,Rodolfo del Raya,2020-11-22,nuevo,0
110595,Renato de Gonzalo,2023-02-04,nuevo,0
101052,Cirino Ferrero Ballester,2023-08-08,regular,2
109222,Adalberto Alcalde-Blanes,2022-07-31,nuevo,0
108465,Florencia Hoyos Maza,2021-01-07,nuevo,1
104764,Felipa Esparza Romeu,2022-10-05,nuevo,0
101875,Teófilo Soriano-Fuster,2023-09-20,nuevo,1
109279,Pili Coloma Acevedo,2024-06-29,nuevo,0
110726,Iris Lorenzo,2024-02-23,nuevo,0
107283,Begoña Caballero,2021-04-08,nuevo,0
109009,Vanesa Revilla-Tejero,2020-11-22,nuevo,0
111854,Amparo Mercader,2020-09-05,nuevo,0
104323,Guadalupe del Cerdán,2020-05-27,nuevo,1
109449,Rosendo Ledesma-Agudo,2022-09-04,regular,2
105832,Godofredo Tamarit Cortes,2021-08-24,nuevo,1
112631,Carmelo del Ramirez,2021-12-31,nuevo,0
110482,Jenaro Bru Fabregat,2020-05-23,nuevo,0
111842,Carina Susana Mascaró Machado,2020-08-25,nuevo,0
113652,Sosimo Pulido Canales,2022-09-02,nuevo,0
112108,Severo Belmonte Lumbreras,2021-08-16,nuevo,0
104486,Régulo Quintero Campos,2023-10-24,nuevo,0
111588,Octavio Raimundo Andreu Velasco,2022-11-05,regular,3
108616,Florina Solé Zapata,2023-01-12,nuevo,0
103925,Gala Olivia Fonseca Ballester,2023-09-27,nuevo,0
114757,Nicanor del Guijarro,2022-04-23,nuevo,1
109934,Fidela Caro-Delgado,2020-10-03,regular,2
111490,Víctor Peñalver,2022-02-02,nuevo,1
107851,Elisa Herrero Osorio,2023-08-30,nuevo,0
112577,Isidora Herrera Becerra,2020-08-19,nuevo,1
103114,Lara Olmedo Poza,2024-03-18,regular,3
103304,Rosalinda Cabo-Villar,2021-07-30,nuevo,0
109537,León Albero Luján,2023-02-21,nuevo,0
101691,Rafael Novoa-Cases,2021-11-15,nuevo,1
110298,Alondra Felisa Vall Jove,2020-10-02,nuevo,0
105049,Martín Abella Galan,2021-11-04,nuevo,0
110481,Édgar Rubio Feliu,2021-06-15,nuevo,0
103309,Alejandro Tomas-Garzón,2021-10-15,nuevo,0
101505,Mar Abril Balaguer,2024-01-30,nuevo,0
101505,Mar Abril Balaguer,2024-01-30,nuevo,0
101807,Bárbara Galván Noriega,2022-12-06,nuevo,0
103872,Ibán Amo,2022-10-12,nuevo,0
110348,Román Salvà Caparrós,2020-06-15,nuevo,1
110348,Román Salvà Caparrós,2020-06-15,nuevo,1
103792,Julio Cabeza Campoy,2021-04-27,nuevo,0
114827,Florentina Cabeza Zurita,2023-10-19,nuevo,0
112039,Salud Portero Ropero,2023-12-22,nuevo,0
110833,Godofredo Barco Mercader,2022-07-01,nuevo,0
101718,Teodoro Pardo Saavedra,2020-05-03,nuevo,0
102697,Marcial Bastida Perelló,2021-10-11,regular,3
101849,María Ángeles Puga Salvà,2021-02-23,nuevo,0
104513,Lola Benavente-Agudo,2024-07-27,nuevo,1
113134,Jenaro Solsona Salas,2024-06-25,nuevo,0
106623,Josefina Morillo Solano,2022-04-21,nuevo,1
110537,Reyna Sanz,2024-06-11,nuevo,1
100143,Ángeles Cortes-Busquets,2024-07-06,nuevo,0
112598,Margarita Posada Falcó,2022-03-23,nuevo,1
106993,Samanta Palacios Cañizares,2022-04-20,nuevo,0
110496,Tristán Trillo-Frías,2021-07-22,regular,3
115076,Fátima Ferreras Aragón,2023-08-30,regular,2
101118,Jessica Teresa Frutos Giménez,2024-02-25,nuevo,0
101757,Balduino Guzman Bayona,2020-06-27,nuevo,1
100498,Mireia Chaves Saura,2020-08-19,nuevo,0
106752,Ariel del Carbonell,2024-01-28,nuevo,0
100871,Calixto Bellido Sainz,2021-02-09,nuevo,1
103358,Raimundo Milla Cobos,2021-03-08,nuevo,0
109105,Amor de Castejón,2020-03-31,nuevo,0
107679,Palmira de Garrido,2023-11-20,nuevo,1
100722,Toño Campoy Noriega,2021-06-04,nuevo,1
100887,Régulo Calixto Esteve Manjón,2020-10-29,nuevo,1
114948,Hilario Leonel Tamarit Frutos,2022-05-24,nuevo,1
111413,María Manuela Alfonso Sola,2024-02-14,nuevo,0
112935,Sarita Sierra-Samper,2022-10-12,nuevo,0
108348,Rubén Bas Salcedo,2024-01-20,nuevo,0
109713,Constanza Jove Mora,2022-03-28,nuevo,0
108103,Eugenio Quero-Leal,2024-03-01,regular,3
112830,Severo Benito Montaña,2020-05-13,nuevo,1
100315,Marina Narcisa Cuéllar Alberola,2022-04-30,nuevo,0
113934,Gerardo del Mendizábal,2022-01-27,nuevo,0
111625,Roberta Duarte Guardiola,2021-03-27,nuevo,1
104205,Paloma Bosch Casanovas,2022-03-24,nuevo,0
105851,Flor Olivera Alcalá,2024-06-01,nuevo,0
106130,Mateo Salinas Polo,2021-08-03,nuevo,1
105448,Esteban Gil Gordillo,2023-06-03,nuevo,0
103130,Coral Vélez Mate,2023-03-24,nuevo,0
101997,Atilio Pont Huertas,2022-06-05,regular,2
111546,Juan Bautista Silva Vargas,2023-03-02,nuevo,1
103969,Saturnina Losada-Arjona,2024-02-23,nuevo,0
112297,Ariadna Arellano Mulet,2020-10-31,nuevo,0
100337,Olegario Vilanova Cortés,2021-04-01,regular,2
112298,Reyes Chelo Andreu Merino,2022-08-22,nuevo,0
113041,Porfirio Heras Coll,2021-07-03,nuevo,0
110782,Visitación Cuervo Figuerola,2024-01-20,regular,3
110782,Visitación Cuervo Figuerola,2024-01-20,regular,3
102986,Jose Ignacio Cuenca Valenciano,2020-08-21,nuevo,0
104621,Juan Manuel Alba Espada,2024-01-21,nuevo,1
106532,Estrella Ramis-Becerra,2023-08-04,nuevo,0
110237,Malena Feliu Bosch,2024-03-18,nuevo,0
103559,Leonor Ángel Conde,2024-08-21,nuevo,0
114197,Gema Cases Abellán,2021-02-27,nuevo,1
103417,Dolores Portero,2022-08-21,nuevo,1
100308,Ofelia Alcalde-Guerrero,2022-02-21,nuevo,0
106620,Clementina María Fernanda Pavón Quevedo,2023-03-16,nuevo,1
106620,Clementina María Fernanda Pavón Quevedo,2023-03-16,nuevo,1
112085,Gil Palau Font,2021-09-02,nuevo,0
100349,Azeneth Alondra Farré Ferrando,2021-01-25,nuevo,1
105919,Noé Botella Ródenas,2021-08-08,nuevo,1
107244,Herberto Pozo,2024-08-07,nuevo,1
114799,Claudia Parejo-Jove,2021-12-17,nuevo,0
104483,Urbano del Arcos,2023-12-21,nuevo,1
112371,Leoncio Mayoral,2024-06-17,nuevo,0
109422,Vidal Federico Francisco Farré,2021-04-20,nuevo,0
108264,Nydia Camila Samper Caballero,2021-03-07,nuevo,1
112296,Carmina de Giménez,2021-11-24,nuevo,0
106856,Clotilde Alcántara Alcalá,2022-02-06,nuevo,0
112668,Encarnacion Cabañas Prats,2022-11-22,nuevo,0
111137,Abilio Villaverde Olivé,2022-10-25,nuevo,0
112688,Ximena Zaragoza,2022-07-28,nuevo,0
110453,Mercedes Ávila Bautista,2020-09-07,nuevo,0
101667,Eugenia Cáceres Gallart,2022-06-29,nuevo,0
107580,Juan Carlos Diaz Salmerón,2024-05-15,nuevo,0
105571,Goyo Cáceres Pacheco,2023-01-08,nuevo,1
114911,Flora Montesinos Sedano,2024-01-07,nuevo,0
100053,Rufina Castells Briones,2020-09-17,nuevo,0
110346,Melisa Catalá Fonseca,2023-06-21,nuevo,0
106264,Matías de Riera,2023-10-18,nuevo,0
101446,Lourdes Belen León Páez,2021-10-11,nuevo,0
113542,Noé del Guardiola,2021-04-17,nuevo,0
113568,Ana Sofía Rocamora Báez,2023-06-28,nuevo,0
101696,Lisandro Morán Gras,2023-09-11,nuevo,1
101575,Laura Tolosa Isern,2022-07-20,regular,2
111533,Elena Perez-Uría,2024-02-02,regular,2
104406,Anacleto Bermúdez Galiano,2021-11-27,nuevo,0
101631,Obdulia Vélez,2023-06-13,nuevo,0
113094,Cecilio Cervera Quesada,2024-01-04,regular,2
101882,Jorge del Solera,2023-11-04,nuevo,0
105075,Galo Montero Diéguez,2024-06-21,nuevo,0
105510,Maura Castro,2024-07-06,nuevo,0
113751,Úrsula Pedro Aller,2024-03-17,nuevo,0
110538,Francisco Javier Páez Torrents,2024-04-11,nuevo,0
109041,Lucio Ortega Castañeda,2021-06-14,nuevo,1
111060,Belén Castell Lago,2023-10-26,nuevo,1
112502,Carmelita Belda Yáñez,2021-01-23,nuevo,1
100187,Emiliano Barrios Piñeiro,2022-05-09,nuevo,1
110023,Albano Verdú,2024-07-14,nuevo,0
105559,Soraya Almeida Tena,2020-06-16,nuevo,0
107186,Celestino del Grau,2020-05-01,regular,2
114404,Melisa Luís,2024-04-26,nuevo,1
114397,Rufina Cabezas Clemente,2020-09-06,nuevo,0
106588,Anastasia Teodora Tejera Riba,2024-08-08,nuevo,0
101235,Teresa Encarnación Prado Montalbán,2022-12-31,nuevo,1
110880,Jacobo Bayona Baquero,2020-07-30,nuevo,0
103916,Mireia Izaguirre Jara,2023-12-26,nuevo,1
100447,Rosa María Toro Arnal,2021-01-13,nuevo,0
100845,Martirio María José Lobato Zurita,2023-08-15,nuevo,0
105202,Lino Lamas-Sanabria,2023-08-15,nuevo,0
113701,Armida Sonia Pino Carbonell,2020-04-29,nuevo,0
112000,Pascual Giner Patiño,2020-07-31,nuevo,1
102441,Mercedes del Casal,2022-10-18,regular,2
103104,Adelina Román Cuéllar,2023-01-17,nuevo,1
107693,Úrsula Zabala Goicoechea,2020-04-22,nuevo,0
109719,Áurea Gibert Codina,2024-04-16,nuevo,0
106975,Óscar Aguilera Cabanillas,2020-11-20,nuevo,1
106095,Judith Palau Aguilar,2023-11-12,nuevo,1
109487,Cándido Sanchez Montesinos,2020-09-12,regular,2
102154,Dan Juan José Cañas Arroyo,2020-05-13,regular,3
105519,Lino Alberola,2022-06-18,nuevo,0
112472,Ainara Roura Hernández,2023-03-06,nuevo,1
105068,Ainara Llanos Benítez,2024-03-28,regular,4
113144,Gabriela Yuste Sánchez,2020-12-03,nuevo,0
111992,José Antonio Iriarte Múgica,2024-04-07,nuevo,0
112971,Carmina Contreras,2021-06-19,nuevo,0
100777,Félix Cases-Angulo,2021-03-04,regular,2
108418,Odalis Cornejo-Lladó,2024-02-17,nuevo,1
114477,Salomón Lozano,2021-05-07,nuevo,1
106325,Elisabet Prats Nuñez,2022-08-29,nuevo,0
104921,Reina Ayala Mármol,2023-08-05,nuevo,0
113555,Macarena Pujadas,2020-08-12,nuevo,0
109183,Lupe Perea Cabello,2024-03-02,nuevo,0
114786,Leonardo Amores-Bru,2023-06-20,regular,4
110979,Tania Agullo Cabeza,2023-02-17,nuevo,1
103137,Milagros Santamaría Sierra,2022-09-14,nuevo,1
113114,Emperatriz Solé Ramis,2024-05-18,nuevo,0
105463,Xiomara Pombo Cerdá,2021-06-10,nuevo,1
103184,Jonatan Segovia-Iniesta,2020-09-10,nuevo,0
112930,Carolina Álvarez Navarro,2023-02-02,nuevo,0
107523,Gloria Ordóñez-Gonzalez,2024-03-04,nuevo,0
112357,Eladio Inocencio Campos Roselló,2021-11-08,nuevo,1
103200,Jose Antonio Aramburu Marin,2020-09-19,nuevo,1
111782,Olivia Santamaría Alba,2024-05-18,nuevo,1
101290,Nydia Ferreras Palomar,2024-07-08,nuevo,1
114818,Adela Moles Valcárcel,2021-04-05,nuevo,0
114862,Toño Cabo Salom,2020-10-25,nuevo,0
111579,Encarnación Parra Riba,2022-07-31,nuevo,1
107543,Andrés del Medina,2021-12-30,nuevo,1
101880,Olegario Sancho Cueto,2023-01-25,nuevo,0
113228,Sigfrido Ocaña,2024-03-14,nuevo,1
110386,Julie Tur Sola,2021-12-18,nuevo,0
105458,Ale Enríquez Cañas,2020-09-12,nuevo,1
102149,Paloma Bermudez Molins,2021-11-20,regular,2
104132,Emperatriz Palomares Hernández,2024-06-26,nuevo,0
101037,Eleuterio Hernán Suárez Marcos,2023-10-16,regular,2
114838,Albano Abascal-Camps,2020-07-18,nuevo,1
104135,Marita Cornejo Zamora,2024-04-12,nuevo,1
100650,Blas Marquez,2021-10-30,nuevo,1
109276,Nilda Cánovas Peña,2023-12-05,nuevo,1
106712,Lourdes Solsona,2023-10-21,nuevo,1
100862,Amor Abril Ibañez Prado,2021-01-10,regular,2
109096,Valerio Vera-Escribano,2023-01-04,nuevo,0
100192,Jonatan Arroyo Herrero,2021-05-14,nuevo,0
108302,Albina Matas Casado,2021-05-12,nuevo,0
106027,Ibán Rodriguez Fernandez,2021-10-23,nuevo,0
101943,Clementina Casal Costa,2020-05-03,nuevo,0
104332,Amor Capdevila Manzano,2020-06-05,nuevo,1
113796,Águeda Baquero Hurtado,2022-05-30,nuevo,0
108776,Pastor Jaume Rebollo,2020-09-25,nuevo,1
107973,Reinaldo Gabaldón Garcia,2022-06-26,nuevo,0
114959,Ismael Guadalupe Luque Guzman,2022-05-06,nuevo,0
115002,Ileana Toro Osorio,2021-02-19,nuevo,0
111543,Abril Reig Vera,2021-01-01,nuevo,0
102776,Delia Cánovas,2023-01-11,nuevo,0
104146,Delfina Ríos Galvez,2023-04-20,nuevo,0
102618,Ámbar Benitez Sarmiento,2023-11-21,nuevo,0
102412,Zaida Jover Cabeza,2021-06-20,nuevo,0
101095,Clemente Aitor Arjona Andres,2021-06-16,nuevo,0
101547,Esther de Gimenez,2022-02-25,nuevo,1
104590,Sabas Miguel Guzman,2023-04-07,nuevo,1
106035,Víctor Nando Soler Mayo,2020-03-24,nuevo,1
110540,Eva Mendoza Vara,2024-02-29,nuevo,0
106954,Dalila del Plaza,2024-04-01,nuevo,1
103136,José Manuel Francisco Checa,2020-12-29,nuevo,0
103857,Luciano Acosta Vazquez,2021-02-28,nuevo,0
114361,Teresita Calvo Río,2022-04-08,nuevo,0
106420,Anacleto Cerdá Larrañaga,2022-12-23,nuevo,0
103806,Leandra Ariadna García Amador,2021-11-28,nuevo,0
113578,Filomena Roman Aparicio,2021-11-09,nuevo,1
110300,Celestina Fonseca Abad,2022-10-18,nuevo,1
107432,Pascuala Arregui Ballester,2021-01-13,nuevo,0
106775,Natalio Camps Espada,2022-07-22,nuevo,0
113685,Ofelia Novoa Alvarado,2021-03-20,nuevo,0
100465,Javiera Donaire,2023-04-04,nuevo,0
101258,Severiano Benito,2024-07-31,nuevo,1
110021,Mariano Peláez Elías,2021-08-14,nuevo,0
102260,Hilda Palma Morales,2022-10-25,nuevo,1
105631,Isabela Zamora Díez,2022-04-01,nuevo,0
115079,Sebastian Vergara Ferreras,2022-02-24,nuevo,0
106232,Lorenzo Erasmo Angulo Porcel,2024-05-23,nuevo,1
107383,Alba Tomas,2021-06-25,nuevo,0
110991,Marcos Moliner Jaume,2022-10-19,nuevo,0
112851,Flavia Escalona Balaguer,2024-07-27,nuevo,0
101263,Lorenzo Rosell Valderrama,2023-04-08,nuevo,1
114024,Odalys Dominguez Morera,2021-11-21,regular,2
107213,Maricruz Amo Villalba,2024-07-16,nuevo,0
100976,Eliana Páez Reig,2022-04-12,nuevo,0
111141,Clímaco Saturnino Montero Marín,2024-07-01,nuevo,0
105867,Leoncio Navarro Perea,2022-05-16,nuevo,0
109134,Ester Zorrilla Flores,2023-09-28,nuevo,1
106583,Isaura Guitart Valle,2024-07-31,regular,3
102388,Águeda Armas Angulo,2020-06-14,nuevo,0
115141,Gloria Bárcena Ferrer,2021-03-18,nuevo,0
105022,Hipólito Lorenzo Benito,2023-04-19,nuevo,0
107130,Ale Ropero Pallarès,2024-08-23,nuevo,0
114390,Serafina Ballester Vélez,2023-05-10,nuevo,0
103883,Hernán de Donaire,2020-05-29,nuevo,1
106056,Bibiana Toro Anglada,2020-09-02,nuevo,0
114154,Miguela Calvo Martínez,2024-05-24,nuevo,0
113865,Jacinto Parejo,2024-08-15,nuevo,0
111087,Roldán de Águila,2023-12-22,nuevo,1
103876,Jose Antonio Aroca-Salcedo,2024-04-04,regular,2
102790,Silvestre Romeu-Rios,2024-05-31,nuevo,0
109137,Ildefonso Rojas Arce,2022-04-09,nuevo,0
114659,Armida Pujol Arce,2024-08-07,nuevo,1
101858,Sabina Estevez Checa,2022-01-29,nuevo,0
113507,Victor Moraleda Pol,2020-04-18,nuevo,0
104109,Alejo Pérez Lladó,2021-12-10,nuevo,0
105214,Paz Salcedo-Bello,2021-08-22,nuevo,0
108282,Dafne del Cortes,2022-02-10,nuevo,1
103256,Manuel Gomis Santana,2023-06-25,nuevo,0
107324,Wálter Sanz Blázquez,2021-12-31,nuevo,0
102691,Vicente Amador Bayo,2021-04-08,nuevo,0
107390,Augusto Soler Almeida,2023-05-12,nuevo,0
104628,Rebeca del Vilanova,2022-02-28,nuevo,1
111599,Leocadia Cornejo Cardona,2023-03-25,nuevo,0
101320,Feliciana Manso Oller,2022-02-12,nuevo,0
111951,Ovidio Menendez Milla,2021-12-09,nuevo,0
105163,Toni Ignacio Tejedor Guijarro,2023-10-27,nuevo,0
111296,Vicente Gimeno Aragonés,2021-01-14,nuevo,1
114309,Abilio Pina Ródenas,2022-11-17,nuevo,1
101136,María Navas Angulo,2022-09-21,nuevo,1
104530,Maximiano Daza-Sevilla,2021-07-02,nuevo,0
103506,Geraldo Pareja Carretero,2024-04-02,nuevo,0
104750,Teófilo de Julián,2022-11-14,nuevo,1
107087,Aureliano Revilla Piñol,2024-05-07,nuevo,0
109942,Haroldo Cabo Higueras,2024-08-01,nuevo,0
110550,Dan Segovia Castells,2021-08-17,nuevo,0
110746,Gil Sola Dueñas,2023-02-23,nuevo,1
110746,Gil Sola Dueñas,2023-02-23,nuevo,1
106337,Wilfredo Niño Pulido,2020-11-20,nuevo,0
113560,Roque Gallo Losada,2024-02-08,nuevo,0
106983,Ricarda Rosell Llorente,2021-09-12,nuevo,1
110067,Juan Francisco del Artigas,2022-03-26,nuevo,0
113260,Godofredo Ramos Garcés,2020-09-26,nuevo,0
102506,Concha Ibáñez Molins,2023-07-10,nuevo,0
102905,Gilberto de Tapia,2024-01-01,nuevo,0
100571,Fabiana Baños Ugarte,2023-01-15,nuevo,1
101449,Primitivo Casals Agudo,2022-03-23,nuevo,1
103415,Cipriano Cayetano Gómez Carretero,2024-03-12,nuevo,0
112547,Oriana Bernat Bolaños,2024-06-26,regular,2
111196,Rosalinda Cañizares Huguet,2023-07-14,nuevo,1
109291,Tadeo Asenjo Colomer,2022-09-04,nuevo,0
113004,María Dolores Carballo Uriarte,2020-06-26,nuevo,0
106838,Evangelina Torralba Cal,2024-02-23,nuevo,0
103227,Samuel Zamora-Tejero,2024-02-08,regular,2
115165,Nacio Carrera,2023-12-14,nuevo,1
104384,Elodia Felipa Valbuena Castell,2023-07-03,nuevo,1
109230,Edu Pagès Molina,2021-10-01,nuevo,1
107846,Benigna Garriga Adán,2024-04-05,nuevo,0
103540,Ricarda Agudo Pi,2023-11-25,nuevo,0
110996,Trinidad Huertas,2023-05-08,nuevo,0
113962,Margarita Quevedo Adadia,2023-04-07,nuevo,0
113962,Margarita Quevedo Adadia,2023-04-07,nuevo,0
102828,Pascuala Vigil Taboada,2023-03-22,regular,3
105781,Eloísa Cuevas Neira,2024-08-18,nuevo,0
104997,Hernando Ruiz Alarcón,2023-02-22,nuevo,0
101339,Bernardo Hoyos Leal,2020-08-14,regular,2
103263,Fabiana Luna Tejedor,2021-03-15,regular,2
107877,Marco Marco Aller Saavedra,2024-06-18,nuevo,0
111231,Guillermo Pineda Barreda,2024-01-11,regular,2
106839,Mireia Echeverría Pintor,2020-05-31,nuevo,0
105742,Leyre Sobrino Salamanca,2024-01-18,nuevo,0
100651,Alexandra Díez Rivera,2020-03-24,nuevo,1
106040,Andrés Alba,2021-08-25,nuevo,0
102259,Alejandra Marisela Mateu Martinez,2021-08-14,nuevo,1
105396,Antonia Vives-Juan,2021-09-09,nuevo,0
113606,María Teresa Belen Grau Bayón,2020-05-08,nuevo,1
107083,Domitila del Querol,2022-07-17,nuevo,0
112091,Guiomar Ramirez-Francisco,2024-02-21,regular,2
103522,Martin del Cañellas,2020-09-01,nuevo,0
112457,Adalberto Sanjuan Santamaría,2022-10-29,nuevo,0
104479,Amaro Calvo Daza,2022-04-09,nuevo,1
105661,Felicidad Vilalta,2023-03-13,nuevo,1
113557,María Fernanda Vallés-Cuervo,2021-07-25,nuevo,0
100068,Vilma Muñoz Gámez,2023-08-01,nuevo,1
114999,Gisela Larrea,2020-04-20,nuevo,0
112332,Fortunata Hoyos-Canals,2024-04-08,regular,2
107610,Yésica Murcia Barreda,2021-08-09,nuevo,0
101259,Kike Velázquez Agudo,2021-10-26,nuevo,1
112425,Victor Manuel Sebastian Soto Larrañaga,2020-06-19,nuevo,0
113270,Tamara Vicens Coello,2020-12-17,nuevo,0
100992,Santiago Porta Pinedo,2021-11-11,nuevo,0
103505,Sara Guardia-Luz,2020-03-06,nuevo,0
108306,Rafaela Sanjuan Tapia,2021-09-12,nuevo,0
100920,Simón Ramos Martí,2022-11-25,nuevo,1
100166,Agustina de Mármol,2022-11-06,nuevo,1
110257,Loreto Gallo Duque,2022-05-20,nuevo,1
113307,Javier Cruz Quero,2021-05-15,nuevo,0
109142,Julia Cabeza Roda,2024-02-04,nuevo,0
104595,Porfirio Gabaldón Heredia,2023-10-12,nuevo,0
114220,Inocencio Benitez Villaverde,2020-04-12,nuevo,0
102851,Aníbal Emilio Escribano Gisbert,2024-07-05,nuevo,0
111319,Débora Dávila Aragón,2023-01-11,regular,2
112645,Vicente Sigfrido Pi Echeverría,2023-09-26,nuevo,0
104461,Adolfo Palomares Roselló,2022-06-23,nuevo,0
113587,María Fernanda Barbero,2022-11-01,nuevo,1
106624,Regina Chaparro Malo,2020-08-31,nuevo,0
109307,Joel Menéndez-Quesada,2021-05-19,nuevo,0
113061,Francisco Javier Montesinos Batlle,2023-03-07,nuevo,0
108491,Lidia Torrijos-Pinto,2024-01-17,nuevo,1
109868,Glauco Pujol Mulet,2021-12-30,nuevo,0
102736,Dulce Amaya,2021-08-28,nuevo,0
105670,Bernardita Perez Salvà,2022-08-08,nuevo,0
104989,Encarna Montesinos-Revilla,2021-03-05,nuevo,0
114020,María Dolores Corominas Prats,2023-05-09,nuevo,0
102379,Sancho Checa Villena,2021-02-11,regular,2
102379,Sancho Checa Villena,2021-02-11,regular,2
110800,Reynaldo Diez Narváez,2020-06-08,nuevo,0
104173,Amor Manuel Grande,2023-07-08,nuevo,0
108093,Alejandra Ocaña Mercader,2020-11-21,nuevo,1
112447,Nacho de Montserrat,2022-06-11,nuevo,1
102104,Geraldo Borja Leiva,2022-12-23,nuevo,1
102104,Geraldo Borja Leiva,2022-12-23,nuevo,1
103760,Herminia Escudero Blázquez,2021-11-19,nuevo,0
112131,Melchor Baró Aguilar,2022-01-25,nuevo,1
101838,Perlita Roda Almeida,2023-07-16,nuevo,1
112496,Melisa de Cuadrado,2022-02-16,nuevo,0
112936,Tito de Ordóñez,2021-02-13,nuevo,1
112705,Trini Xiomara Simó Sáez,2022-10-08,nuevo,0
105711,Severo Medina Arranz,2022-01-11,nuevo,1
108800,Abril Ropero Mendez,2021-11-30,nuevo,1
104501,Victorino de Carbonell,2021-07-24,regular,3
101094,Borja de Fiol,2021-11-26,regular,3
110400,Iván Marí Bosch,2022-05-08,nuevo,0
106719,Estela Ledesma Pareja,2021-01-16,nuevo,0
111180,Primitivo Español Múñiz,2020-09-15,nuevo,0
108961,Encarnacion Ferrándiz Juan,2023-10-18,nuevo,1
100161,Sofía Martín-Muñoz,2020-06-09,regular,2
100204,Paz Gallego Gomis,2021-02-16,nuevo,0
106484,Salomé Calixta Agudo Puig,2023-08-15,nuevo,0
103941,Inmaculada Ibarra-Isern,2023-11-22,nuevo,0
104934,Hilda Amat Salmerón,2021-10-07,nuevo,1
112033,Teobaldo Sanz Guardiola,2023-03-30,nuevo,0
107648,Lisandro del Gilabert,2023-11-13,nuevo,0
101231,Vanesa Palacio Águila,2024-04-21,nuevo,0
109167,Benigno Cañizares Real,2022-12-03,nuevo,0
103047,Ainoa Salas Sanmiguel,2024-03-16,nuevo,0
107958,Isidro Ávila Bello,2020-03-18,nuevo,0
102916,Felipa Borrego Marín,2020-10-07,nuevo,0
114145,Palmira Casas Vallés,2021-10-13,nuevo,1
104252,Angélica Barreda,2020-09-17,nuevo,0
106112,Teo de Flor,2024-02-02,nuevo,1
106205,Ana Belén Goñi Ocaña,2020-05-15,nuevo,0
102726,Rosenda Ferrándiz Pascual,2023-06-29,nuevo,0
104291,Porfirio Pazos-Conesa,2021-09-13,regular,2
104335,Fabián Rojas Ferreras,2022-04-20,nuevo,1
100384,Cruz Rivas Perez,2024-04-20,nuevo,1
107486,Moreno Puga,2020-11-13,nuevo,0
100858,Rodolfo Feliu-Ríos,2020-12-27,nuevo,0
100371,Néstor Reyes Velasco,2022-10-31,nuevo,0
106540,Itziar Dávila Mariño,2022-05-17,nuevo,1
102562,Pili Barroso Pineda,2023-04-05,nuevo,0
103802,Perla Pavón,2021-08-05,nuevo,0
105456,Sancho Gómez Toledo,2022-09-26,nuevo,0
112796,Ruperta Viviana Milla Losada,2021-10-14,nuevo,0
106860,Reinaldo Pellicer Cabrera,2024-02-09,nuevo,0
110600,Estrella Rosaura Morata Diego,2023-01-02,nuevo,1
113520,Anna del Ávila,2020-05-30,nuevo,0
114950,Telmo Olegario Villa Valenciano,2024-07-28,nuevo,0
105945,Leyre Uriarte Riba,2023-01-05,nuevo,0
100616,Zoraida Daza Uriarte,2020-09-22,nuevo,0
102576,Lidia Múgica Prats,2023-09-09,nuevo,1
100054,Marino Hoyos Marquez,2023-12-16,nuevo,1
111099,Guiomar Reyes Castelló,2021-04-09,nuevo,0
103341,Norberto Beltrán Vera,2024-01-15,nuevo,0
111791,Maricruz Tejada-Ribes,2024-04-14,nuevo,0
109898,Conrado del Trillo,2024-01-04,nuevo,0
114117,Gervasio Solera Lucena,2023-02-13,regular,2
112064,Sebastian Lago Valencia,2024-01-28,nuevo,0
110435,Carmina de Gimenez,2022-04-09,nuevo,1
114336,Ricardo Taboada-Manuel,2022-12-23,regular,2
105877,Abigaíl Morillo,2022-05-08,regular,2
111514,Leticia Mur Yuste,2022-01-08,nuevo,0
108996,Emilio Benito Pol,2022-02-25,nuevo,1
101813,Aroa de Alemán,2023-08-15,nuevo,0
100991,Rico Rosales Torrent,2024-06-11,nuevo,0
110787,Azahar Ballesteros Ramón,2023-04-08,nuevo,1
113064,Moisés Santos Andrade,2021-02-13,nuevo,0
108412,Anna Estévez,2020-03-10,nuevo,1
102943,Humberto del Fabra,2022-07-10,nuevo,1
109481,Aitor Casanova Atienza,2021-02-06,nuevo,0
103164,Ileana Varela Aparicio,2023-08-14,nuevo,0
104679,Abel Ibáñez Domínguez,2022-03-25,nuevo,1
102619,Florina Blázquez Castro,2021-07-27,nuevo,0
103613,Paloma Carballo Ibarra,2024-01-02,nuevo,1
108236,Esther Medina Muñoz,2023-01-16,nuevo,0
107872,Leandro Aliaga Olivares,2022-01-21,nuevo,0
112444,Virgilio Bravo Cabrero,2024-04-29,nuevo,0
103793,Chus Escribano Zurita,2022-03-09,nuevo,0
109696,Amarilis Losada-Perera,2021-11-02,nuevo,0
110516,Prudencio Serra-Gascón,2024-04-26,nuevo,0
110046,Segismundo Fabregat-Gámez,2021-12-06,nuevo,0
103440,Lola Asunción Zamora Adán,2023-05-16,nuevo,0
101893,Cruz Agudo Esteban,2020-05-26,nuevo,0
115010,Wilfredo Carreño-Chacón,2023-09-03,regular,2
114531,Bruno de Lerma,2020-09-16,nuevo,1
105256,Reynaldo Bosch Viñas,2021-06-24,nuevo,0
114111,María Jesús Jimenez Donoso,2024-01-19,nuevo,0
105168,Teófila Bauzà Mendoza,2022-06-04,nuevo,1
101506,Felicidad Ferrando Iglesias,2021-01-28,nuevo,1
113755,Prudencia Aliaga Lladó,2023-05-25,nuevo,0
100671,Chucho Gil Izquierdo,2022-11-21,nuevo,1
109472,Belén Jover,2024-01-08,regular,2
111807,Charo Angulo Prats,2021-01-08,regular,3
100898,Florina Ibarra,2020-04-26,regular,2
103307,Basilio Sarabia,2024-02-03,nuevo,0
106240,Juan Francisco Ponce Cases,2022-08-23,nuevo,0
102891,Elisa Bermúdez Fuster,2024-02-13,nuevo,0
106004,Nilo Campoy Colomer,2022-11-04,nuevo,1
107740,Raimundo Tomás Bayona,2022-07-05,nuevo,0
111859,Carmen Menéndez Casas,2022-01-29,nuevo,0
111273,Ricarda Cabrero Vives,2020-08-27,nuevo,0
108398,Ester Beltran Ferrándiz,2021-08-28,nuevo,0
100003,Gregorio Gutiérrez-Salom,2022-04-10,nuevo,0
109962,Porfirio Pineda,2022-11-08,nuevo,0
113244,Guadalupe Hernandez Badía,2022-12-07,nuevo,0
106080,Poncio Posada Larrea,2023-03-20,nuevo,0
100532,Pastora Carreras Mármol,2020-05-31,regular,2
113431,Cosme de Carpio,2021-12-21,nuevo,0
108182,Serafina Miró,2021-12-15,nuevo,0
114870,Atilio Rueda-Martin,2020-08-23,nuevo,1
106477,Ale Cuesta Cabezas,2024-04-06,nuevo,0
113898,Nydia Benet Escribano,2020-08-12,nuevo,0
113202,Ibán Villalba-Agustí,2023-01-09,regular,2
108924,Zacarías Carballo Mancebo,2023-04-28,nuevo,0
103407,Brunilda Badía Sanjuan,2020-06-19,nuevo,0
105992,Juliana Soto Segovia,2023-01-16,nuevo,1
106329,Lola Briones Sarabia,2022-05-30,nuevo,0
110771,Catalina Bustamante Solana,2022-12-11,nuevo,1
102566,Natalio Fernández,2022-10-23,regular,2
102582,Priscila Uribe Escribano,2022-05-18,nuevo,0
112713,Fortunata Aroca Díaz,2023-07-17,regular,2
108386,María Manuela Soler-Sanmiguel,2023-09-12,nuevo,0
102608,Rosenda Carreño Montero,2021-03-10,regular,2
110885,Remigio Carrera-Mate,2021-06-03,nuevo,0
114754,Alfonso Falcó Beltran,2020-08-05,nuevo,0
109448,Anna Lara Noguera,2020-10-24,nuevo,0
102105,Nacio Joel Corral Domingo,2022-04-03,nuevo,0
114486,Itziar Bosch Aller,2021-01-23,nuevo,1
114254,Zoraida Figuerola-Reyes,2022-05-23,nuevo,1
104995,Reyes de Hurtado,2020-05-01,nuevo,0
105058,Valeria Paloma Romeu Tamarit,2023-08-06,nuevo,1
100659,Matías Soriano Baena,2020-07-09,nuevo,0
104435,Adelardo Juan Carlos Puig Hervás,2022-03-29,nuevo,0
114787,Ernesto Ale Trujillo Barbero,2024-06-13,regular,2
103817,Ceferino Victor Manuel Feijoo Company,2024-05-31,nuevo,1
106774,Anunciación Gárate-Terrón,2020-05-04,nuevo,0
113168,Sancho Alejandro Domínguez Puga,2023-10-07,nuevo,0
109814,Manola Antón Pizarro,2024-08-25,regular,2
114685,Azeneth Espinosa,2022-08-25,regular,2
107261,Yésica Maite Cardona Enríquez,2021-10-20,nuevo,1
103905,Abel Pellicer Gil,2023-12-07,regular,2
111111,Mohamed Cano Abad,2023-04-03,nuevo,0
113871,Santos Amaya Borja,2020-10-07,nuevo,0
109289,Mireia Palmer Catalá,2020-04-20,nuevo,1
106812,Alejandra Aguiló Tirado,2022-11-23,nuevo,0
111210,Alejandro Giralt Mena,2023-08-20,nuevo,1
109360,Moreno Montenegro Carrera,2020-05-13,nuevo,1
103701,Urbano Alejo Martín Villa,2023-07-30,nuevo,1
111878,Abril de Villalobos,2021-10-06,nuevo,0
101789,Edmundo Valero-Rozas,2024-05-07,nuevo,0
113229,Saturnino Jose Manuel Agullo Gárate,2024-08-21,nuevo,0
106315,Bernabé Pozuelo,2024-05-09,nuevo,0
103646,Vanesa Hidalgo Heras,2022-08-10,nuevo,1
101777,Eduardo Abella Sosa,2023-11-20,nuevo,0
100193,Evangelina Quesada Morata,2020-09-13,nuevo,0
109013,Danilo Arcos,2021-04-22,nuevo,1
110653,Flora Ricarda Cabrera Soria,2022-01-09,nuevo,1
113399,Paloma Figuerola Armas,2024-08-28,nuevo,0
114896,Isabela Garcés,2021-12-16,nuevo,0
105389,Fátima Escamilla Alberto,2021-03-16,nuevo,1
110702,Reyes Garmendia Olivera,2022-11-21,nuevo,0
104952,Natividad Pera Barragán,2021-03-30,nuevo,0
102688,Ainara del López,2022-11-26,nuevo,0
104391,Hernando de Rosell,2024-06-23,nuevo,1
104928,Florina Alcalde-Taboada,2022-01-10,nuevo,0
105553,Trinidad Rosales Rius,2023-11-12,nuevo,0
112142,Dionisio Echevarría Carballo,2020-10-18,nuevo,0
100239,Noelia Guiomar Montenegro Sanmiguel,2021-04-09,nuevo,0
114440,Álvaro Quero,2022-01-11,nuevo,0
110649,Víctor Quintanilla Tello,2024-03-27,nuevo,1
106902,Federico Bonilla Ochoa,2022-12-26,nuevo,0
111375,Dominga Falcón Agullo,2022-01-25,nuevo,1
108981,Jacobo Jover Cabello,2024-07-30,nuevo,0
108981,Jacobo Jover Cabello,2024-07-30,nuevo,0
109138,Jose Manuel Narváez Iniesta,2023-05-23,regular,2
114923,Ernesto Monreal-Mercader,2021-02-17,nuevo,0
108641,María Del Carmen Sobrino Agustín,2020-11-11,nuevo,0
105098,Rosalía Giner,2024-03-21,nuevo,0
114075,Leoncio de Llano,2023-07-23,nuevo,0
111607,Gaspar Sandoval Valdés,2022-05-19,nuevo,0
115059,Abraham Ibán Domingo Calzada,2022-04-07,nuevo,0
103553,Florina Donaire Pulido,2024-05-13,nuevo,1
100022,Hilario Guillermo Blazquez Herrero,2023-06-10,nuevo,0
100022,Hilario Guillermo Blazquez Herrero,2023-06-10,nuevo,0
103361,Severiano Andres Tirado,2021-08-30,nuevo,0
108329,Julie Lucas Frutos,2020-03-20,nuevo,1
105629,Clotilde Soriano Bertrán,2023-10-10,nuevo,1
107752,Pepito Zabala Salas,2021-06-18,nuevo,0
105784,Hermenegildo Castejón Barrena,2020-06-18,nuevo,0
104508,Águeda Fiol Losada,2022-10-29,nuevo,1
113167,Ileana Murcia Andrés,2024-03-29,nuevo,0
100147,Ileana Pavón Olivé,2021-02-13,nuevo,1
111467,Octavio Agustí Pons,2023-11-01,regular,2
102295,Teobaldo Victor Pozuelo Navarro,2021-07-10,nuevo,0
113317,Vidal Amor Flores Román,2020-09-02,nuevo,0
107179,Mariana Barba Nadal,2023-08-12,nuevo,0
109929,Sofía Pedrosa Vives,2021-11-29,nuevo,1
114849,Aurelio Márquez Río,2024-08-11,nuevo,0
111184,Lourdes Viña,2020-04-08,nuevo,1
114761,Leocadia Mata-Sedano,2024-06-27,nuevo,0
112926,Jaime Guerrero Redondo,2023-03-29,nuevo,0
108691,Teófilo Rozas Portillo,2024-04-07,regular,2
107082,Dorotea Calzada Escobar,2022-10-05,nuevo,0
104734,Chus Chacón-Mora,2021-09-24,nuevo,0
104734,Chus Chacón-Mora,2021-09-24,nuevo,0
108913,Alberto de Girón,2023-06-24,regular,2
104385,Lope Simó Carballo,2021-04-05,nuevo,1
110665,Amparo Gibert Diego,2022-01-27,nuevo,1
114285,Flavio Gallart Becerra,2020-07-14,nuevo,0
112019,Pepita Julián,2020-05-21,regular,2
104546,Abraham Mur Azorin,2020-11-26,nuevo,0
100597,Marisa Viña Durán,2021-11-26,nuevo,1
114163,Edmundo Cuadrado Manzanares,2023-08-05,nuevo,0
110945,Victoriano Campoy Ayllón,2024-05-09,nuevo,0
105165,Chus del Carpio,2020-05-24,nuevo,0
114245,Eligia Collado-Conde,2021-04-03,nuevo,0
101648,Crescencia Mayoral Sans,2022-04-21,nuevo,0
106816,Ximena Oliva-Nevado,2020-09-18,nuevo,0
102701,Aitana Perea-Aroca,2022-07-01,nuevo,0
101701,Andrés Felipe Baquero Arana,2020-04-10,nuevo,1
102774,Tomás Daniel Pavón Bauzà,2021-11-17,nuevo,0
106969,Pepe Fuentes Cañas,2024-02-06,nuevo,0
108144,Pelayo Manzano Solé,2023-02-17,nuevo,0
106220,Jafet Benítez Tovar,2022-12-01,nuevo,0
100087,Aurelio Quintanilla Revilla,2021-03-04,nuevo,1
110501,Marisa Corominas Cañellas,2024-03-23,nuevo,0
114388,Abigaíl Conesa Vicens,2024-05-03,nuevo,0
112730,Roberto Santamaría Herrero,2023-07-21,nuevo,1
113638,Rafaela Alcalá Hernandez,2022-08-31,nuevo,0
113638,Rafaela Alcalá Hernandez,2022-08-31,nuevo,0
102595,Miriam Río,2021-02-24,nuevo,0
110810,Alondra Zorrilla Isern,2022-12-19,nuevo,0
101030,Luciana Berenguer-Ariño,2022-11-01,nuevo,0
100137,Eli Cueto Bayón,2023-02-14,regular,3
106973,Vinicio Landa,2022-02-25,nuevo,0
111630,Ovidio Quirós Ferrero,2024-01-16,nuevo,0
107025,Lucho Carranza Córdoba,2024-03-20,nuevo,0
102855,Obdulia Bernal-Gonzalo,2022-12-18,nuevo,0
101201,Amílcar Montes Godoy,2023-04-01,nuevo,1
109764,Cleto Rosario Lillo Peñalver,2022-09-25,nuevo,1
108759,Isabela Catalá Duarte,2022-06-10,nuevo,0
111983,Cleto Peláez-Batlle,2022-10-23,nuevo,0
106297,Pilar Azcona Ródenas,2021-10-06,nuevo,0
103928,Anselma Corbacho Cervantes,2024-05-06,nuevo,0
110106,Maricruz Baena Zabala,2024-02-26,nuevo,0
113760,Emigdio Ponce Berenguer,2023-07-22,nuevo,0
108469,Loreto Ródenas Bayona,2022-02-14,nuevo,0
103607,Calisto Leal Aguirre,2022-11-28,nuevo,1
113892,Clementina Valentín Requena,2021-12-17,nuevo,0
102331,María Manuela Bibiana Rivero Tamarit,2021-06-23,nuevo,0
102188,Encarnita Cabezas,2021-10-19,nuevo,1
100196,Emiliano Baena,2024-02-11,nuevo,0
105060,Lidia Puerta Llorens,2020-08-20,nuevo,0
100803,Édgar Cornejo Tomás,2020-07-20,nuevo,1
102669,Jorge de Nicolás,2024-05-08,nuevo,1
100242,Anselma Alarcón Somoza,2023-04-23,regular,2
102069,Antonia Montesinos,2021-09-27,nuevo,0
110709,Ale Román Amorós Juliá,2020-07-04,nuevo,1
113634,Filomena Mendoza Rocha,2022-04-13,nuevo,1
100645,Edmundo Sandalio Hidalgo España,2021-01-27,nuevo,1
109117,Cecilio Sanz Egea,2022-11-27,nuevo,1
105104,Amando del Baquero,2020-07-18,nuevo,0
101638,Tomasa Olimpia Garmendia Enríquez,2020-05-17,nuevo,0
107553,Carlos Carlos Monreal,2023-03-25,nuevo,0
108313,Maxi Piñeiro Querol,2024-08-24,nuevo,0
103075,Natalia Gárate-Morell,2020-05-16,nuevo,0
109015,Hortensia Valdés Navas,2021-07-20,nuevo,1
107297,Isidoro Requena,2022-11-01,nuevo,1
103279,Guiomar de Cuesta,2022-04-02,nuevo,0
108004,Emigdio Bernat-Ballesteros,2021-03-10,nuevo,0
110328,Victor Manuel Gimeno Medina,2021-05-11,nuevo,0
104971,Mirta de Varela,2023-11-11,nuevo,0
111069,Valentín Dueñas-Arcos,2023-12-03,nuevo,0
108327,Román Hernández Valero,2021-11-18,nuevo,1
106916,Diego Nebot Gálvez,2020-07-15,regular,2
110869,Angelita Campos Lastra,2023-11-29,nuevo,0
107830,Félix Jimenez Serra,2024-06-28,nuevo,1
100063,Sergio Natalio Tenorio Flores,2023-10-20,nuevo,0
112309,Sosimo Alcides Sacristán Cañete,2020-03-29,nuevo,0
112364,Fernando Gordillo-Gómez,2023-08-03,nuevo,1
114488,Valentín Niño-Collado,2020-10-07,nuevo,0
115171,Noemí Josefina Amigó Abella,2021-10-08,nuevo,0
111267,Raquel Agudo-Galván,2024-02-29,regular,2
108934,Emiliana Arcos Coloma,2021-08-20,nuevo,0
105308,María Belén Alcalde Vergara,2022-02-28,nuevo,0
112377,Dimas Fonseca Galindo,2023-03-06,regular,2
103642,Feliciana Borja-Azcona,2023-08-12,nuevo,1
112853,Josefina Elvira Lledó Pelayo,2023-12-06,nuevo,0
112679,Humberto Puente Aguado,2022-01-15,nuevo,0
103259,Xiomara del Carretero,2022-04-09,nuevo,0
101874,Lucio Mendoza Planas,2022-10-06,nuevo,0
104745,Iker Ramírez Millán,2021-08-12,nuevo,0
109910,Íñigo Reguera Martínez,2021-06-19,nuevo,0
102913,Tecla Vallés Jáuregui,2022-10-16,nuevo,0
104028,Narcisa Novoa Valcárcel,2023-04-08,nuevo,0
105489,Moisés Jerez-Exposito,2021-12-09,nuevo,0
113454,Rufina del Gaya,2023-01-14,nuevo,1
108025,Ángela Nevado Álamo,2024-08-27,nuevo,1
107787,Alexandra del Plana,2022-02-02,nuevo,1
114415,Itziar Baños Planas,2021-01-26,nuevo,0
106865,Rómulo Santamaría Silva,2021-08-22,nuevo,0
100490,Petrona Villanueva,2022-05-15,regular,2
108686,Raquel Reig Quesada,2020-06-01,nuevo,1
100691,Rebeca de Amo,2024-03-23,nuevo,0
100603,María Manuela Pons,2020-05-04,nuevo,1
110104,Duilio Gonzalez Barco,2021-07-20,nuevo,0
101015,Ana Belén Vilanova Vallejo,2024-02-01,nuevo,0
101994,Amaya de Codina,2023-03-09,nuevo,0
110559,Olimpia Aragón Berenguer,2022-08-11,nuevo,1
107611,María Manuela Prats Núñez,2021-03-14,nuevo,1
105284,Lourdes Valera Mascaró,2022-08-06,nuevo,1
104371,Rosaura Barrena Coca,2023-04-27,nuevo,1
111772,Manola Arteaga,2020-06-15,regular,2
101362,Florencio Mármol Martin,2024-05-17,regular,2
110890,María Dolores Bartolomé Guillén,2021-02-13,nuevo,0
101527,Violeta Izquierdo Rojas,2021-11-12,nuevo,0
112984,Noemí Viñas Barral,2023-04-06,nuevo,0
101630,Edmundo del Ros,2021-10-19,regular,3
101552,Diego Julián Cañizares,2024-05-21,nuevo,0
114080,Ovidio Severo Pinto Sánchez,2023-04-05,nuevo,0
115080,Donato de Quero,2022-04-26,nuevo,0
101338,Prudencio Exposito Gomez,2022-12-30,nuevo,0
103902,Pacífica Tello Sierra,2021-01-10,nuevo,0
105042,Epifanio Gras Gaya,2024-06-02,nuevo,1
108253,Griselda Manzanares-Marí,2023-12-17,nuevo,0
110443,Anunciación Sala-Francisco,2021-09-15,nuevo,0
111365,Hortensia Huerta Batlle,2020-08-02,nuevo,0
105040,Encarna Adán Marí,2020-06-26,nuevo,1
102347,Sarita Cerdá Salinas,2023-04-20,nuevo,0
114470,Elisabet Baños Monreal,2021-09-17,nuevo,1
105486,Darío Cañizares Guerrero,2020-09-19,nuevo,0
113820,Aarón Huguet Perelló,2021-05-09,nuevo,0
105695,Rosalva Quero Salcedo,2023-06-30,nuevo,0
105120,Jennifer Barriga Tomás,2023-04-17,nuevo,0
105167,Santos Tirado Pino,2023-06-07,regular,2
101135,Estefanía Hernandez,2023-06-30,nuevo,0
108343,Adelaida de Campillo,2021-02-20,nuevo,0
110799,Quirino de Carrión,2020-12-17,nuevo,0
110279,Carmela Gibert Aroca,2021-11-07,nuevo,0
110452,Gustavo del Herrero,2020-12-24,nuevo,1
104018,Fulgencio Escudero Vila,2023-01-27,nuevo,1
110410,Cleto Arnau-Blanes,2023-08-05,nuevo,0
114561,Íñigo Báez Pelayo,2022-11-23,nuevo,1
102425,Nereida Huerta Palma,2020-04-17,regular,3
104139,Espiridión Santos Niño,2023-07-08,nuevo,0
100860,María Jesús Rubio Tejedor,2021-02-26,nuevo,1
102963,Mauricio Pla Cabrero,2021-03-12,nuevo,1
108090,Matías Josep Pagès Calvet,2023-10-01,nuevo,1
115144,Patricio Fábregas Herrera,2023-03-03,nuevo,0
112031,Samuel Real Lucena,2020-06-04,nuevo,1
113335,Mariano Valentín Diaz,2024-05-21,nuevo,0
114614,Moreno Hervás Casanova,2023-07-16,regular,2
101365,Hipólito Acero,2021-04-28,regular,2
113772,Haroldo Iglesia Marí,2020-03-20,regular,2
110795,Che Rocha,2023-02-26,nuevo,0
102102,Begoña Lola Requena Font,2021-01-14,nuevo,0
101819,Severo Borja Galiano,2023-10-28,nuevo,0
100370,Andrés Felipe Escamilla Serna,2023-04-03,nuevo,0
104938,Santos Giner Fábregas,2022-02-06,nuevo,0
105286,Charo Manjón-Mayol,2023-12-28,nuevo,0
108368,Eligia Dafne Sebastián Borrell,2023-12-23,nuevo,1
112616,Concepción Marqués Peñas,2020-05-25,nuevo,0
107072,Febe Delgado Viña,2023-04-09,nuevo,0
102094,María Ángeles Vergara Olmedo,2022-03-12,nuevo,0
107818,Calixta Mate Múñiz,2020-07-16,nuevo,0
101921,Fidela Cabezas Zabaleta,2024-06-01,nuevo,0
100083,Asdrubal Arroyo Agustí,2022-10-28,nuevo,0
107332,Herminio Alemán Cerdá,2022-08-03,nuevo,0
107305,Silvestre Salom-Santamaría,2022-04-17,nuevo,0
100817,Ámbar Mendoza Borrell,2023-12-22,regular,3
112057,Diana Ibarra,2023-03-12,nuevo,0
104397,Inmaculada Torralba Rosa,2024-05-26,nuevo,0
108476,Jose Manuel Victorino Rocha Ros,2022-04-01,nuevo,0
106125,Dora Sancho-Bosch,2022-09-07,nuevo,0
104121,Eduardo Cabo Canales,2020-12-23,regular,2
112379,Bernarda Carlos Roca,2021-06-27,nuevo,0
113821,Adelardo Linares Zabala,2022-02-04,nuevo,0
101814,Basilio de Olmedo,2023-04-23,nuevo,0
101272,Calixto Alcázar,2020-07-11,nuevo,1
108752,Irene Barceló Amores,2022-05-24,nuevo,1
108752,Irene Barceló Amores,2022-05-24,nuevo,1
102995,Haroldo del Salvà,2023-07-14,nuevo,0
102995,Haroldo del Salvà,2023-07-14,nuevo,0
111851,Norberto Zabala Clavero,2021-08-18,nuevo,0
106410,César Elorza Gallart,2024-07-27,nuevo,1
112919,Josefa Rafaela Sarmiento Cifuentes,2024-05-27,nuevo,0
102643,Flavia Pagès Alegria,2023-09-05,nuevo,0
109281,Jose Ignacio Baquero,2022-07-02,nuevo,1
112062,Guillermo Olivé Agullo,2021-09-18,nuevo,1
102306,Rosalina Clemente-Salvà,2021-01-23,nuevo,0
111336,Aurelia Campo Castañeda,2022-05-28,nuevo,0
113643,Eugenia de Donoso,2022-01-04,nuevo,1
104196,María Luisa Amat Carballo,2023-10-13,nuevo,1
113007,Sarita Luisina Tenorio Ballesteros,2022-06-12,nuevo,1
103850,Sancho Torrecilla Novoa,2023-04-28,nuevo,0
113065,Heriberto Fulgencio Cañizares Trujillo,2024-05-24,nuevo,0
114905,Olalla Fuertes Mendizábal,2021-06-27,regular,2
114905,Olalla Fuertes Mendizábal,2021-06-27,regular,2
110607,Victorino Martin Cañas,2022-06-29,nuevo,0
103555,Natalio Pelayo Martinez,2020-12-28,nuevo,0
102196,Ismael Carbajo Camino,2024-06-20,regular,2
102601,Candelario Cantero,2024-06-29,nuevo,0
106164,José Carvajal Planas,2020-04-21,nuevo,1
101519,Omar de Anglada,2020-12-19,nuevo,0
110952,Consuela Quero,2021-09-11,nuevo,0
111407,Teófila Ferrán Ballesteros,2022-03-18,nuevo,0
106310,Jeremías de Heredia,2024-04-15,nuevo,0
105756,Felix Sierra Hurtado,2021-06-27,nuevo,0
105634,Emigdio Espada Samper,2021-11-18,nuevo,0
108400,Óscar del Garcia,2021-09-07,nuevo,0
114500,Geraldo Valle Peñalver,2020-07-18,nuevo,1
110627,Anselmo Carreño Zamorano,2024-05-21,nuevo,1
107163,Carla Crespi Piña,2020-03-01,nuevo,0
111737,Isidoro Lastra Izaguirre,2020-11-01,regular,2
114628,María Teresa Calleja Cabrero,2021-08-28,regular,3
101989,Trinidad Varela Aliaga,2021-01-09,nuevo,0
109534,Olivia Ramis Espada,2024-01-12,nuevo,0
107738,Azucena Pascual Diaz,2020-04-22,nuevo,0
100518,Jose Angel Cueto Herrera,2023-08-27,nuevo,0
110562,Martín Girona Royo,2021-02-08,nuevo,1
106161,Conrado Pagès Torralba,2020-11-18,nuevo,0
111657,Agustina Moll Clemente,2022-04-16,nuevo,0
114150,Visitación Clavero,2021-05-10,nuevo,1
112556,Benigno Cantero Alemany,2023-02-08,nuevo,0
108387,Félix Fortunato Vigil Alcántara,2021-08-20,nuevo,1
108387,Félix Fortunato Vigil Alcántara,2021-08-20,nuevo,1
109608,Baudelio Prats,2024-08-23,nuevo,1
104457,Bautista Ballesteros Gordillo,2024-06-13,nuevo,1
102762,Isabel Ojeda Pla,2023-10-11,nuevo,1
106482,Luna Abella Aguilera,2023-09-28,nuevo,0
106482,Luna Abella Aguilera,2023-09-28,nuevo,0
105912,Miguel Ángel Calzada Mancebo,2022-08-11,regular,3
114069,Marcio Toni Coll Pacheco,2021-10-31,nuevo,0
106548,Dora Juan Vilaplana,2023-02-08,nuevo,1
104856,Eva Nadal Amor,2021-04-22,nuevo,0
107645,Cruz Parejo Rozas,2020-03-29,nuevo,1
113807,María Cristina Solé Huertas,2023-08-05,nuevo,0
115077,Telmo Roberto Roman Alvarado,2024-02-18,nuevo,1
106359,Estela Dávila Granados,2023-09-21,nuevo,0
109742,Toni Mata Manso,2021-10-30,nuevo,0
102439,Dionisio Valencia Soria,2021-01-22,nuevo,0
103766,Margarita Pons Aznar,2022-01-08,regular,2
106433,Agapito Soto,2023-10-10,nuevo,0
108644,Sarita Lago Ibáñez,2022-05-27,regular,2
107847,Modesta Jordana Pozo Abascal,2022-08-21,nuevo,0
113089,Carmina Amo Ferrán,2023-03-05,nuevo,1
109666,Leandra Echevarría Mínguez,2021-01-21,nuevo,1
113983,Íñigo Bas Lopez,2023-02-07,nuevo,1
106341,Manolo Joan Pedrosa Pelayo,2022-09-15,nuevo,0
104822,Tadeo Tejera Muro,2020-03-07,nuevo,1
100019,Eusebia del Chaves,2023-06-23,nuevo,0
103561,Tadeo Perales-Torrens,2021-01-23,nuevo,0
103952,Paca Caridad Varela Cuevas,2022-10-15,regular,2
100050,Odalis Morera Monreal,2022-05-20,nuevo,1
100888,Concepción Ayllón Taboada,2021-01-03,nuevo,1
106262,Benigno Río Jove,2021-03-10,nuevo,1
107237,Hernando Merino-Criado,2021-02-11,nuevo,0
106990,Juana Vazquez Alfaro,2023-02-22,nuevo,0
108709,Aarón Enríquez Uribe,2020-08-06,nuevo,0
103169,Danilo de Cámara,2024-02-23,nuevo,1
102950,Agapito Bonilla Bosch,2023-04-30,nuevo,1
101425,Rafael Bou Alcázar,2020-06-06,nuevo,0
100140,Antonio Cándido Vives Caballero,2020-07-05,nuevo,0
110117,Miguela Alegria-Rodrigo,2023-09-01,nuevo,0
110571,Segismundo Reguera Romero,2022-02-03,nuevo,1
103198,Miguela Noemí Ojeda Bello,2023-06-25,nuevo,0
105132,Narcisa Amores Soto,2022-10-06,nuevo,0
100113,Ignacio Izaguirre Jurado,2023-03-31,regular,2
108161,Chita Flores-Bravo,2020-09-01,regular,2
113518,Modesta Villalobos,2020-10-26,nuevo,0
104560,Hernando Vaquero Verdejo,2024-04-30,nuevo,1
104596,Silvia Bou Coca,2022-05-18,nuevo,0
104691,Juana Gálvez Villegas,2024-02-26,nuevo,0
107952,Custodia Ferrández Poza,2024-05-09,nuevo,0
111615,Rafa Arco Cerdá,2021-04-17,regular,2
103278,Cruz Valls,2023-06-10,nuevo,1
104069,Jesusa Bautista Palomino,2022-01-28,nuevo,0
104409,Timoteo Sandoval Verdú,2022-07-09,regular,2
112381,Albert Cabezas Benítez,2022-05-05,nuevo,1
113371,Leyre Verdugo Paz,2022-05-11,nuevo,0
109730,Etelvina Calatayud Valenciano,2023-03-11,nuevo,0
110668,Benigna del Arenas,2020-08-07,nuevo,0
100452,Odalis Berenguer Peña,2020-11-09,nuevo,0
107263,Rosendo Chaves-Gargallo,2022-03-16,nuevo,1
103732,Faustino Arregui Diego,2021-04-28,nuevo,0
107257,Salud Huertas Daza,2020-10-25,nuevo,0
104370,Santiago Juan Francisco Carrión Seguí,2023-02-23,nuevo,0
104370,Santiago Juan Francisco Carrión Seguí,2023-02-23,nuevo,0
104987,Sara Galiano,2024-01-28,nuevo,1
103664,Imelda Sofía Ballesteros Barrera,2021-11-02,nuevo,0
102764,Onofre Rosendo Pons Losada,2022-02-17,nuevo,0
108851,Candelario Segura-Echevarría,2023-04-30,nuevo,1
111445,Ovidio Losa Moya,2021-01-08,nuevo,1
101856,Jordán Moya Expósito,2020-08-05,nuevo,1
101000,Santiago del Calderon,2023-05-25,nuevo,0
100390,Carlota Morillo Piñol,2021-03-06,nuevo,1
106427,Melisa Pino,2021-07-31,nuevo,0
101477,Florencio Collado Baeza,2024-03-14,nuevo,1
102241,Jerónimo Carmona Ruiz,2024-05-24,nuevo,0
114731,Gilberto Villena Salom,2021-06-09,regular,3
114240,Aránzazu Donoso Prada,2020-07-24,nuevo,0
108113,Raúl Peinado,2022-04-22,nuevo,1
100993,Rosalva Cuenca Collado,2020-06-09,nuevo,1
107033,Francisco Ribas Checa,2024-02-18,nuevo,0
104998,Adán Galvez Solano,2022-03-14,nuevo,0
103923,Alberto Salgado Riera,2021-09-26,nuevo,0
102973,Sandra Hervás Gisbert,2024-07-12,nuevo,0
106872,Claudio Arroyo Reig,2021-12-24,nuevo,1
111735,Ariel Saez Correa,2023-09-07,nuevo,1
104770,Silvia Camps Leiva,2021-07-01,nuevo,1
101294,Daniel Beltrán Canet,2022-09-19,nuevo,0
114589,Venceslás Sabas Romero Palomar,2022-11-08,nuevo,0
104174,Rosalinda Buendía,2021-06-26,nuevo,1
102536,Iker Caro Olivé,2022-04-17,nuevo,1
114228,Juan Bautista Borja Domingo Cortina,2021-12-29,nuevo,0
101908,Manuelita Sierra Fuente,2020-04-26,nuevo,1
112905,Rodolfo Barrio Iriarte,2022-08-09,nuevo,1
114785,Celestino Ramón Juliá,2022-05-27,nuevo,0
108561,Pastor Zorrilla-Benito,2023-11-11,nuevo,0
106034,Hernán Crespi Mate,2023-05-23,nuevo,1
107620,Carlito Erasmo Valcárcel Salvà,2023-12-11,nuevo,1
101152,Abel Cabello Gutierrez,2022-10-21,nuevo,1
101568,Candelaria Luque-Solera,2023-08-08,nuevo,1
103172,Matilde Espejo-Vendrell,2023-01-12,nuevo,0
109690,María Belén Ureña Bosch,2022-02-04,nuevo,0
107107,Victorino Barrena-Llorente,2021-09-01,nuevo,0
104161,Martin del Ferrán,2022-09-23,nuevo,0
104288,Jenny Gimenez Sevilla,2021-12-24,nuevo,0
102231,Antonia Gelabert Moll,2022-11-01,nuevo,0
111526,Goyo Mateu Verdejo,2021-07-28,nuevo,0
100175,Marcelino Camps Pinilla,2022-10-14,nuevo,0
101904,Saturnina Silva Lozano,2022-01-19,nuevo,0
109292,Fabián Bermejo-Zurita,2022-06-13,nuevo,0
108753,Cecilia Jordán Fábregas,2020-12-06,nuevo,0
111419,Luisa Robledo Fuster,2021-03-18,nuevo,0
103409,Ciro Bello Bautista,2024-08-02,nuevo,1
101539,Fidel Rosa Montenegro,2023-01-23,nuevo,1
102293,Edelmira del Valverde,2020-12-08,regular,2
109524,Maximino Barba-Caballero,2022-08-17,nuevo,0
101364,Teresa Roman Vara,2021-09-14,nuevo,0
104358,Juanito Pedraza Acosta,2022-11-03,nuevo,0
105261,Marciano Cánovas-Uría,2021-02-05,nuevo,0
111824,Gilberto Múñiz-Benítez,2021-09-15,nuevo,0
111808,Corona Segura Bernat,2023-08-09,nuevo,1
100681,Ambrosio Sanchez Chaves,2022-07-23,nuevo,1
112289,Efraín Calvo Barrios,2023-03-02,nuevo,0
103665,Iván Urrutia Roca,2021-11-09,nuevo,0
101662,Estefanía Valenzuela Tejedor,2022-02-12,nuevo,0
100509,María Pilar Ribera Criado,2021-12-12,nuevo,1
100167,Valeria Gámez Peral,2023-09-07,nuevo,0
112896,Azeneth Chus Ortuño Montalbán,2024-07-16,nuevo,1
109199,Domitila Crespi Espejo,2022-03-25,nuevo,0
112986,Zaira Santamaria Anguita,2022-09-10,nuevo,0
107366,Bernardino Real Luque,2021-04-11,regular,2
101915,Cintia Alondra Contreras Pelayo,2024-02-15,nuevo,0
107264,Jenaro Gallego,2023-01-28,nuevo,0
115003,Leoncio Nebot Nebot,2021-08-31,nuevo,0
115174,Jimena Aranda Pereira,2022-08-16,nuevo,0
107362,Milagros Salcedo Real,2023-06-19,nuevo,0
110729,Diego Lara Pareja,2023-12-12,nuevo,0
101105,Wilfredo Garrido Perelló,2023-04-23,nuevo,0
112190,Yaiza Juliá Alcaraz,2022-04-19,nuevo,1
109945,Julie Téllez,2022-08-25,nuevo,0
105311,Sosimo Mínguez Andres,2023-12-26,nuevo,0
111742,Ruperta Fajardo Ayllón,2024-03-27,nuevo,0
105755,Ricarda Armas Crespo,2024-07-23,nuevo,0
100153,Prudencio Andreu Montalbán,2021-09-24,nuevo,1
112345,Aroa Lucas Almansa,2023-10-21,nuevo,0
105680,Paulino Ovidio Villaverde Mariscal,2021-02-19,nuevo,0
110745,Marisa Cisneros Santiago,2020-09-14,regular,3
103552,Encarnación Mercader Blázquez,2023-01-29,nuevo,0
103723,Pepita del Ródenas,2020-09-25,nuevo,0
111460,Marisol Amat Arévalo,2021-10-31,nuevo,0
113312,Fabián Álamo Valentín,2020-07-22,nuevo,1
104539,José Amelia Font Casares,2022-05-25,regular,2
113980,Olga Company-Pagès,2024-06-06,nuevo,0
110015,Olimpia de Lucas,2021-03-26,nuevo,0
108464,Zacarías Ribes Costa,2023-04-14,nuevo,0
101992,Miriam Cuervo Codina,2023-07-30,nuevo,0
113725,Gisela Ibañez-Chamorro,2021-08-25,nuevo,0
108502,Sabina Palacios Ródenas,2023-06-10,nuevo,0
105142,Julieta Hernández Mateo,2022-12-26,regular,2
110744,Agustina Escalona,2022-09-22,nuevo,1
103812,Tito Portillo Sola,2024-05-31,nuevo,0
113563,Paulina Coello Mínguez,2023-07-15,nuevo,0
103451,Godofredo Collado Izaguirre,2021-02-12,nuevo,0
104592,Teobaldo Vendrell-Luna,2024-01-06,nuevo,0
107353,Cristian Arnal Granados,2023-09-20,nuevo,0
100206,Úrsula de Sáez,2023-09-16,nuevo,1
109328,Constanza Monreal Llabrés,2021-05-24,nuevo,1
106681,Lara Cañas Palomo,2024-01-29,nuevo,0
102750,Roberto Gomez Gabaldón,2021-06-15,regular,2
108498,Ariel Montero-Calzada,2022-08-05,nuevo,1
101850,Guiomar Puig Vazquez,2022-06-08,regular,2
110181,Sandra Cisneros Arévalo,2023-11-24,nuevo,1
103241,Jaime Oliveras-Antúnez,2024-03-24,nuevo,0
112341,Liliana Maza Arregui,2022-02-28,nuevo,0
103110,Itziar Mayo Campo,2022-12-03,regular,3
110180,Mario Nacho Morata Lledó,2021-02-23,nuevo,0
105935,Néstor del Almansa,2021-05-13,nuevo,0
114922,Marcio Vicente Somoza,2021-10-07,nuevo,0
105811,Ezequiel Orozco Cózar,2020-03-10,nuevo,1
108576,Haroldo Garrido,2023-02-16,regular,2
105635,Narcisa Duran España,2023-04-28,nuevo,1
104308,Matías Guardia Llopis,2024-08-20,nuevo,0
103157,Eutropio Grande Lobo,2023-09-26,nuevo,0
106535,Espiridión Valdés Alcántara,2020-06-20,nuevo,1
115237,Gonzalo Carlos Ramos,2024-08-25,nuevo,1
113537,Fortunato Caro-Bonet,2020-03-11,nuevo,0
112902,Otilia Nieto-Palomino,2022-08-18,nuevo,1
108892,María José Peinado Mascaró,2024-01-09,nuevo,1
103833,Fermín Gargallo Rincón,2020-08-05,regular,2
113572,Pánfilo Doménech,2021-01-17,nuevo,0
104777,Herminio Montserrat Baró,2020-10-03,nuevo,0
107998,Bautista Vizcaíno Madrigal,2020-05-17,nuevo,0
104277,Casandra Ortuño Márquez,2020-10-04,nuevo,1
115172,José Cornejo Ropero,2020-09-26,nuevo,0
111048,Marisol Jaén Almagro,2022-07-06,regular,2
114943,Adelia Rosa María Carvajal Ugarte,2020-10-01,nuevo,0
100279,Aura Lobato Vall,2020-03-23,nuevo,0
106772,Lisandro Cid Galiano,2020-07-21,regular,2
107416,Caridad Salvador Angulo,2024-02-07,nuevo,1
103253,Flora Franco,2022-03-28,nuevo,1
113158,Julio César Amo-Águila,2021-09-08,nuevo,0
110673,Nazaret Vega Barbero,2021-12-04,nuevo,0
114644,Raúl del Osuna,2022-04-19,nuevo,0
100290,Florinda del Monreal,2021-10-11,nuevo,0
103076,Wálter Correa Hernando,2021-08-06,nuevo,0
115004,Zaira del Luján,2023-07-02,nuevo,1
109583,Tatiana de Diaz,2024-04-05,nuevo,1
112247,Clemente de Cerdán,2024-02-23,nuevo,0
100271,Carolina de Llopis,2021-03-09,nuevo,0
104571,Angelino Sastre Madrid,2021-08-26,nuevo,1
113677,Isabel Batalla Sarabia,2021-06-03,regular,2
109584,Tadeo Zamorano Taboada,2023-08-09,regular,2
106697,Juan Pablo Aller Lopez,2020-07-06,nuevo,1
104317,Azahar Pons,2023-10-04,nuevo,1
103181,Nico Cáceres Castejón,2022-04-16,nuevo,0
112052,Remigio Zabaleta Tovar,2022-12-29,nuevo,1
101423,Anunciación Vilma Abascal Guardia,2023-03-19,nuevo,0
108276,Leonel Zurita Company,2020-05-28,nuevo,1
109066,Joan Virgilio Gisbert Porcel,2020-06-13,nuevo,0
112613,Fátima Gimenez-Sales,2023-01-04,nuevo,0
104558,Erasmo Carbajo Barriga,2024-05-02,nuevo,1
107813,Rico Rolando Pastor Diéguez,2021-06-22,nuevo,0
106298,Javier Ramirez Luque,2022-10-01,regular,2
114229,Brígida Olivares,2020-03-20,nuevo,0
111389,Gracia Armengol,2021-04-18,nuevo,1
103274,Alicia Puga Codina,2023-11-16,nuevo,1
103274,Alicia Puga Codina,2023-11-16,nuevo,1
101133,Leocadia Briones Lluch,2020-05-17,nuevo,0
110643,Andrés Felipe Clímaco Valverde Reyes,2022-07-27,nuevo,1
110522,Jaime Che Tamarit Pastor,2022-10-23,nuevo,1
110828,Amalia Vilar Exposito,2021-02-01,nuevo,1
106243,Nicolasa Toledo,2021-11-28,nuevo,1
111799,Ramona Piñol Urrutia,2023-10-02,nuevo,0
114596,Cirino Cipriano Parejo Gonzalo,2020-06-19,nuevo,1
107424,Olimpia Estrada,2021-10-27,nuevo,0
111325,Antonia Corbacho Heras,2023-02-09,nuevo,1
110153,Olalla Hernandez Iglesia,2020-10-12,nuevo,0
111204,Victoriano Domingo Villanueva Pablo,2022-10-04,regular,2
113182,Isaías del Prada,2024-06-17,nuevo,1
105521,Claudia Ureña Oliver,2022-11-16,nuevo,0
109409,Samanta Franco Barrena,2024-08-18,nuevo,0
113558,Abigaíl Cantón Pou,2020-11-16,nuevo,1
114832,Toni Borrego Leon,2022-08-02,nuevo,1
109257,Marina Fernandez Benítez,2022-10-15,nuevo,0
103787,Marcelo Múñiz Martínez,2020-05-06,nuevo,1
111570,Julieta Peña Vargas,2023-12-20,nuevo,0
108346,Luis Miguel Aristides Luís Morante,2022-04-11,nuevo,0
102162,Rebeca Villaverde Guijarro,2020-09-12,nuevo,0
103009,Yésica Ureña Ribas,2020-06-08,nuevo,0
101106,Melchor Bayo-Barriga,2020-06-19,regular,2
111472,Angelina Etelvina Priego Carreño,2021-09-10,nuevo,1
100693,Mariana Arenas Anglada,2022-12-27,nuevo,1
112182,Isaac Simó Espada,2023-09-02,nuevo,0
104957,Jose Carlos Novoa Mate,2022-05-07,regular,2
108308,Guillermo Cobo-Almagro,2021-12-07,nuevo,0
102766,Alba Pazos Ramos,2023-12-22,nuevo,0
103930,Piedad Vilalta Sobrino,2024-07-11,nuevo,0
114227,Elodia de Hierro,2024-08-14,nuevo,0
107779,Bruno Enrique Chico Cánovas,2020-05-04,nuevo,1
111240,Alonso Figueroa Rocamora,2021-03-28,nuevo,0
100629,Rodrigo Marcelo Azcona Valdés,2020-04-20,nuevo,1
102452,Marcelino Yuste Torres,2021-04-25,regular,2
111109,Narcisa Villena Frutos,2021-05-07,nuevo,0
103825,Bernardita Cornejo Jaén,2022-01-12,nuevo,0
113990,Leandro Calisto Acuña Haro,2023-04-21,regular,2
110845,Magdalena Mateu Vilaplana,2021-09-11,nuevo,0
100392,Buenaventura Calzada Moraleda,2020-07-27,nuevo,0
103744,Gerardo Pintor Olmedo,2021-11-06,nuevo,1
102177,Maribel Mate Frías,2021-04-05,nuevo,0
106690,Pascuala Donaire Solé,2024-05-08,nuevo,0
108859,Humberto Amorós Cantero,2023-12-15,nuevo,0
103319,Georgina Plana Salmerón,2022-03-26,nuevo,0
111289,Bartolomé Marí Zaragoza,2020-09-01,nuevo,0
109654,Che Gimeno Gámez,2022-12-20,nuevo,1
107433,Nerea Llobet Bernat,2020-11-09,nuevo,0
102788,Fanny Daza Mármol,2020-03-04,nuevo,0
101197,Cristian Pazos Benito,2020-12-22,nuevo,0
101677,Emperatriz Palma-Blanch,2020-11-18,nuevo,0
103948,Samanta Figuerola Toledo,2022-04-25,nuevo,1
107619,Camilo Severiano Toledo Patiño,2023-04-22,nuevo,1
104445,Amanda Pareja Piñeiro,2021-12-05,nuevo,0
114329,Luis Castilla Perelló,2024-04-20,nuevo,0
105723,Carlito Martinez Valdés,2021-10-29,nuevo,0
112122,Lucho de Conde,2023-04-29,nuevo,0
110696,Adela de Julián,2023-12-30,nuevo,1
113205,Fortunato Cabrero Cerdá,2023-03-22,regular,2
102370,Gerardo Garriga Torre,2022-02-06,nuevo,1
104968,Sofía Lucena Peiró,2024-01-06,nuevo,0
102218,Candelaria Cuesta Jordán,2023-05-08,nuevo,0
108149,Eva Baró Costa,2024-08-29,nuevo,0
110411,Marita Garzón-Zamora,2022-01-27,nuevo,0
103327,Martirio Anselma Martinez Guardiola,2024-04-03,nuevo,1
112779,Sonia Alberdi Cuéllar,2022-09-12,regular,2
103584,Pelayo Quintanilla Pulido,2023-12-21,nuevo,0
115218,Josefina Mena Pavón,2021-07-04,nuevo,0
115218,Josefina Mena Pavón,2021-07-04,nuevo,0
103620,Elodia Benavides Palacio,2022-01-15,nuevo,0
106218,Miguel Seguí Rius,2023-10-10,nuevo,0
102469,Aitor Céspedes Carballo,2023-11-08,nuevo,0
108278,Loreto Vara Viana,2023-01-24,nuevo,1
113181,Joan Llorente Díez,2023-04-17,nuevo,0
105974,Leonor Carrasco,2024-07-19,nuevo,0
110994,Victoria Luque-Rubio,2021-02-09,nuevo,0
103668,Ambrosio Carreño Anglada,2022-04-13,nuevo,0
105159,Gisela Marí Silva,2020-07-25,nuevo,0
107595,Serafina Benitez León,2023-10-28,nuevo,0
106977,Mariano de Santana,2023-12-04,nuevo,0
110212,Celso de Cantón,2024-02-16,nuevo,1
103424,Merche Sánchez,2021-09-26,nuevo,1
110718,Armida Muñoz-Losada,2021-10-06,nuevo,1
108200,Venceslás Carranza-Fuster,2020-09-27,nuevo,1
102410,Ana Belén Trillo Ferrán,2021-08-20,nuevo,0
103213,Cruz Campillo Cabrero,2023-07-02,nuevo,1
113333,Che Prieto Perelló,2021-03-21,nuevo,0
105367,René Wilfredo Vilaplana Vilar,2023-11-13,nuevo,0
111571,Agustina del Flores,2020-08-27,nuevo,0
102896,Zacarías Donaire-Salamanca,2024-07-21,nuevo,0
113631,Sancho Chico-Gomis,2020-08-02,nuevo,1
114355,Visitación Gabriela Aguado Conde,2020-11-30,nuevo,1
103643,César Malo,2024-05-27,nuevo,0
111530,Amaro Quirós Jerez,2021-04-11,nuevo,0
111456,Susana Verdejo Rodriguez,2024-05-31,nuevo,0
113063,Demetrio Fuente-Aguilar,2021-03-25,nuevo,0
109476,Paulino Verdugo Abellán,2024-06-23,nuevo,0
110194,Severiano Palomino,2021-05-02,nuevo,0
113417,Viviana Vilar Llorente,2022-12-07,nuevo,0
109062,Glauco Isaías Ricart Goñi,2024-08-13,nuevo,0
115081,Poncio Yuste Coello,2022-05-12,nuevo,0
113970,Gertrudis Cabrero,2020-09-12,nuevo,0
108549,Bartolomé Arias Batlle,2024-05-21,nuevo,0
105543,Berta Tolosa-Salcedo,2023-12-20,nuevo,0
105543,Berta Tolosa-Salcedo,2023-12-20,nuevo,0
105452,Jordán Serrano Segarra,2024-08-12,nuevo,1
107161,Anita Ramirez Peñalver,2020-12-20,nuevo,0
110686,Ángel de Castañeda,2020-05-30,nuevo,1
107867,Tristán Rocha Melero,2024-04-14,nuevo,1
102744,Armida Bibiana Serna Tomé,2020-05-19,nuevo,1
110083,Maxi Galan Narváez,2022-05-17,nuevo,0
109798,Leonel Eduardo Garay Fonseca,2020-09-27,nuevo,1
104959,Olalla Salamanca Ros,2023-09-20,nuevo,0
112797,Juan Lara Araujo,2020-08-16,nuevo,1
110573,Rodrigo Girona-Manjón,2022-12-04,nuevo,0
106475,Lorena de Pineda,2024-02-13,nuevo,0
107889,Clemente Santana Acosta,2021-11-12,nuevo,0
108812,Rufina Aroca Goicoechea,2022-05-24,nuevo,0
100493,Américo Cristóbal Goñi Hervás,2021-04-16,nuevo,1
112434,Venceslás Alcalá,2024-02-15,nuevo,0
101117,Aurora Blanch-Mulet,2023-01-04,nuevo,1
105638,Jose Angel del Garcia,2024-04-16,nuevo,1
113684,Gracia Rebollo Tomas,2020-12-24,nuevo,0
111519,Francisco Jose Calleja Hervás,2022-10-06,nuevo,0
114097,Marisa Calzada Mas,2023-02-19,nuevo,1
113412,Priscila Jordá,2021-11-04,nuevo,0
106590,Norberto Ródenas Blazquez,2023-09-11,regular,2
114135,Pascuala Imelda Acevedo Larrea,2023-09-11,nuevo,0
107558,Marc Abella Blanch,2021-10-16,nuevo,0
110693,Mariano Gámez-Segarra,2024-06-02,nuevo,0
112450,Jesús Ojeda,2021-12-19,nuevo,0
105242,Leandro Llopis Lillo,2021-05-03,nuevo,1
114403,Bartolomé José Mari Espejo Alcalde,2023-12-15,regular,2
102784,Asunción Bernat Toledo,2023-08-22,nuevo,1
111442,Amanda del Zamora,2024-01-14,nuevo,0
110662,José Ángel Arcos-Llorente,2020-06-24,nuevo,0
101697,María Pilar Roldán-Prieto,2021-07-04,nuevo,0
105686,Graciana Badía Diaz,2024-05-01,nuevo,0
102296,Isidro Cuervo,2021-07-06,nuevo,1
105940,Etelvina Ripoll Olmedo,2024-06-13,nuevo,0
107764,Leonor del Canet,2023-12-21,nuevo,0
110245,Jose Ramón Guardia Casal,2023-12-16,nuevo,1
109969,Zacarías Roma Ibarra,2021-02-28,nuevo,0
111034,Micaela del Álvaro,2020-12-22,nuevo,0
103314,Pío Bou-Echevarría,2021-04-10,nuevo,0
104782,Adán Gabino Carreras Jara,2022-06-14,nuevo,0
108351,Joaquín Arjona-Aragón,2021-04-24,nuevo,0
111585,Gala Julián Mulet,2024-07-17,nuevo,0
109785,Tito Montes Jimenez,2023-09-10,nuevo,0
109916,Soraya Antón Pombo,2023-09-15,nuevo,0
107606,Armando Aguado Becerra,2020-12-31,nuevo,1
100216,Adolfo Cerro Villegas,2023-02-26,nuevo,0
106708,Flavia Delia Pinto Sancho,2023-02-27,nuevo,1
112824,Marcio Alemany Cózar,2023-01-15,nuevo,0
108683,Alfonso Méndez-Gárate,2020-09-05,nuevo,0
114231,Domitila Bravo Rodriguez,2023-02-09,nuevo,0
103484,Godofredo Cornelio Molina Alvarado,2020-05-29,nuevo,0
107007,Paz Vives,2022-04-06,nuevo,1
105103,Luna Pedro Grande,2023-01-15,nuevo,0
106600,Marcos Sales Rueda,2021-08-14,nuevo,1
106600,Marcos Sales Rueda,2021-08-14,nuevo,1
103765,Lucila Valverde Rocamora,2020-09-02,nuevo,0
114546,Xavier Marí Coello,2021-02-20,nuevo,1
106411,César del Tenorio,2021-09-19,regular,2
111784,Emilia Pareja,2023-10-14,nuevo,1
100026,Odalys Blázquez Canales,2020-06-23,nuevo,1
110602,Miguela Mariscal Torrecilla,2022-05-20,nuevo,0
107660,Ariadna del Jover,2023-04-01,nuevo,1
113581,Primitivo Arce Sáez,2020-07-16,nuevo,1
109745,Casemiro Guillen Roda,2021-05-10,nuevo,0
114342,Cruz Raya,2021-07-07,nuevo,0
113427,Eladio Vicente Catalá,2021-07-05,nuevo,0
106684,Édgar Ribas Blanca,2022-08-20,nuevo,0
109172,Felipa Exposito Pellicer,2024-03-01,nuevo,0
110848,Elisabet Borrego Navarro,2022-09-05,nuevo,0
110040,Arcelia Nadal,2024-02-22,nuevo,0
112805,Sol Andrés-Peñalver,2023-10-14,nuevo,1
108585,Melisa Macias Galván,2020-04-18,nuevo,0
112011,Marisa Gargallo Bonet,2023-04-18,nuevo,1
113385,Marc de Porta,2020-08-21,nuevo,0
111935,Pili del Solano,2020-12-29,nuevo,0
115025,Francisco Amores Segovia,2023-04-29,nuevo,0
112891,Azeneth Castells Rebollo,2022-11-17,nuevo,0
101103,Ágata Ledesma,2024-07-27,nuevo,0
103277,Ema Rueda Esteve,2023-07-11,regular,2
105346,Santiago Cortes Vall,2024-03-03,regular,2
112241,Pío de Diez,2021-05-27,nuevo,1
112241,Pío de Diez,2021-05-27,nuevo,1
114143,María Del Carmen Manzano Laguna,2021-11-06,nuevo,1
113711,Plinio de Iglesia,2023-09-06,nuevo,0
108836,Cirino Oliveras Pellicer,2022-01-31,nuevo,0
111294,Camila del Sáez,2024-08-09,nuevo,0
102208,Begoña Gelabert Puente,2022-06-25,nuevo,0
104553,Valeria Zaragoza Sala,2023-03-28,nuevo,0
104403,Florinda Blázquez Plaza,2023-04-01,regular,2
107396,Nayara Calvet Bermejo,2023-08-15,nuevo,0
103719,Martirio Ugarte Roura,2023-06-16,nuevo,0
100973,Rosaura Pizarro Espejo,2022-06-15,nuevo,0
104580,María Fernanda Liliana Adán Navarro,2023-08-18,nuevo,0
106517,Gastón Marí Piña,2024-05-01,nuevo,1
100720,María Anacleto Peláez Salas,2023-04-20,nuevo,1
106156,Primitiva Llopis Marí,2023-09-07,nuevo,1
114699,Carlos Olmedo Gomis,2022-06-07,nuevo,0
102804,Samanta Guardia Bernal,2022-02-12,nuevo,0
102567,Inés Jerez Casas,2020-08-20,nuevo,1
104026,David Suárez Soler,2020-10-09,nuevo,0
106199,Moreno Prat-Albero,2020-09-27,regular,3
108225,Agapito Bonilla Godoy,2020-07-06,nuevo,0
113766,Casandra Mercader Jara,2020-08-06,nuevo,0
104064,Julie Beltran Salcedo,2020-10-10,nuevo,1
109890,Juanito Pedrosa Requena,2023-10-16,nuevo,1
102793,Blanca del Saldaña,2020-03-20,nuevo,0
105819,Nicodemo Orozco Nebot,2021-12-01,nuevo,0
103867,Trinidad Dalmau Vendrell,2021-05-16,nuevo,1
111256,Amado Terrón Borrás,2024-02-04,nuevo,0
113496,Silvio Huertas Segura,2024-05-06,nuevo,0
114162,Román Lucas Corral,2020-08-18,nuevo,0
111829,Ángeles de Pedro,2024-04-22,nuevo,0
103228,Maribel Verónica Heras Vicens,2024-01-14,nuevo,0
104215,Ámbar Marquez-Arco,2023-03-08,nuevo,1
103924,Felisa Escrivá Amo,2021-04-19,nuevo,0
110470,Patricio Abel Álvaro Tomás,2022-01-14,nuevo,0
111611,Amor Frías Ruiz,2020-10-16,nuevo,0
101402,Ruth Silva Aragón,2022-06-24,nuevo,0
108932,Soraya Cuervo Arnaiz,2021-09-05,nuevo,0
107704,Octavia de Tovar,2024-06-13,regular,2
103254,Paca del Valle,2022-03-24,nuevo,1
113448,Ruperto Valenzuela,2021-06-13,nuevo,0
102662,Clementina Batlle Belda,2022-07-18,regular,2
102159,Rosario Castell Cárdenas,2024-01-03,nuevo,0
108089,Eloísa Pía Vilaplana Valencia,2023-09-14,nuevo,0
100675,Cirino Gisbert Mariscal,2021-08-27,nuevo,0
111834,Albino Pont,2021-10-30,nuevo,0
107012,Adora Neira Jove,2024-07-30,nuevo,0
112656,Samuel Horacio Bayona Llorens,2021-03-17,regular,4
110198,Lupe Mariño Santos,2023-03-21,regular,2
103842,Quique Arnau Bautista,2022-10-09,nuevo,0
101816,Alicia Landa Jáuregui,2020-11-28,nuevo,0
112962,Encarnación Álamo Alfaro,2020-08-18,nuevo,1
102101,Fernando Duque-Franch,2022-03-04,nuevo,0
113733,Isabel Andres,2024-01-04,nuevo,0
106709,Reyna Casas Pino,2023-03-22,nuevo,0
101674,Cristian Patiño Becerra,2022-04-15,nuevo,0
110294,Bernarda Quintanilla Yáñez,2022-04-16,nuevo,0
104214,Fernando Pedrero-Osorio,2021-02-21,nuevo,0
111733,Victoriano Manso Lamas,2023-10-21,nuevo,0
111316,Hermenegildo Sabas Vall Lago,2022-12-02,nuevo,1
101549,Mamen del Lumbreras,2023-05-09,nuevo,1
111576,Román Moraleda Solsona,2023-06-18,nuevo,1
108548,Valeria Eufemia Merino Roig,2020-08-19,nuevo,1
105185,Renato Darío Prado Santos,2023-01-08,nuevo,0
101462,Cristina Busquets Espada,2022-06-27,nuevo,0
114624,Isidro Ignacio Quesada Tenorio,2020-12-26,nuevo,0
103221,Rosalva Lobo Flor,2022-04-23,nuevo,0
113133,Aarón Salinas Alberola,2023-04-13,regular,2
114271,Fulgencio Ribas,2022-01-05,nuevo,0
107171,Fidel Millán,2021-06-26,nuevo,0
107431,Máxima Sanjuan Torralba,2022-12-12,nuevo,0
114854,Mohamed Garcia Cabrera,2020-11-06,nuevo,0
101752,Delia Mir Rosa,2023-07-17,nuevo,0
103977,Hugo Planas Mármol,2021-12-16,nuevo,0
108354,Maxi Castillo Peralta,2022-08-16,nuevo,1
101773,Manola Corral Cepeda,2020-11-22,nuevo,1
109389,Tere Barranco Flores,2020-12-31,nuevo,0
110071,Timoteo Torrecilla,2022-01-16,nuevo,1
110861,Telmo Abellán Clavero,2024-04-22,nuevo,1
102017,Elisa Pol-Tur,2020-05-31,nuevo,0
102006,Ciro Gámez-Roman,2020-03-24,regular,2
103894,Sandalio Goicoechea Vall,2024-02-13,nuevo,0
103238,Ainara Gálvez Chico,2021-05-03,regular,2
104425,Maristela Mur,2021-11-23,nuevo,0
110271,Candela Iniesta,2023-02-03,nuevo,1
108589,Osvaldo Marino Valera Simó,2023-11-04,nuevo,0
110981,Francisco Jose Macias Mendizábal,2022-01-25,nuevo,0
102258,Jose Ignacio Macias Rios,2021-08-24,nuevo,1
104073,Pastora Cortes Castelló,2020-09-29,nuevo,0
105575,Samanta Román-Fonseca,2023-06-24,nuevo,0
109084,Consuela del Fortuny,2024-05-23,nuevo,0
114809,Gabriel Ruiz Borrego,2023-05-25,nuevo,0
105356,Rogelio Llobet Valencia,2020-12-01,nuevo,0
108419,Ruperta Zoraida Juan Oliver,2023-05-01,nuevo,1
106094,Pascuala Moles,2021-03-27,nuevo,0
107936,Fernando Bayo Zamora,2023-02-03,nuevo,0
115215,Perla Ballesteros Juliá,2020-07-19,nuevo,1
101520,María Cristina Jiménez,2024-05-31,nuevo,0
112725,Pablo Rodríguez Feijoo,2022-12-08,nuevo,1
101379,Nerea de Caro,2020-10-22,nuevo,0
105673,Paloma Valero Segarra,2021-09-24,nuevo,1
109216,Félix Conde Escolano,2024-04-26,nuevo,1
102588,Elisabet Alcalá,2023-07-20,nuevo,0
115200,Maximino Pastor Ortiz Ramón,2022-06-27,nuevo,1
105622,Felicidad Diéguez Melero,2024-04-30,regular,2
112278,Dolores Bilbao-Pinilla,2024-01-29,nuevo,0
111050,Viviana Belmonte Cueto,2021-12-21,nuevo,1
112822,Ceferino Niño Oliver,2024-07-07,nuevo,0
105843,Aristides Bru Olivares,2022-08-06,nuevo,1
107123,Luis Miguel del Colom,2021-03-05,nuevo,1
105833,Manuelita Cadenas Falcó,2021-08-10,nuevo,0
109822,Luisa Catalá Barros,2021-01-13,nuevo,0
104889,Flavia Molins Pinedo,2023-11-24,nuevo,0
105905,Máximo Clemente Sandoval Casares,2023-11-15,nuevo,0
100523,Carolina Amador-Mulet,2020-05-19,nuevo,0
108044,Emigdio Sola Torrijos,2020-11-05,nuevo,0
103608,Nuria Rovira Amaya,2021-07-03,nuevo,1
109121,Severiano Carbó Castilla,2020-09-27,nuevo,1
100235,Rolando Millán Mur,2022-03-10,nuevo,1
103797,Alejandro Téllez Fuertes,2020-09-08,nuevo,1
106319,Felicidad del Bermúdez,2020-09-27,nuevo,0
107095,Aurora de Mir,2020-04-20,nuevo,0
110203,Baldomero Sedano,2020-05-11,nuevo,0
101949,Regina Marcela Palacios Vélez,2023-10-09,regular,2
106362,Rufina Silva Dominguez,2020-04-22,nuevo,1
114645,Mauricio Ortega Codina,2022-01-28,nuevo,0
112213,Lorenza Acuña Álamo,2024-06-01,nuevo,1
106092,José Antonio Carvajal Olivé,2023-09-29,nuevo,1
110864,Desiderio del Antúnez,2023-07-17,nuevo,0
114158,Malena Marta Franch Guzmán,2022-09-25,nuevo,0
102225,Aristides Prat Neira,2022-04-27,nuevo,0
109299,Américo Garrido-Ruano,2023-04-04,nuevo,0
114093,Salud Carranza Rueda,2020-10-09,nuevo,1
105572,Arcelia Pi,2020-11-19,nuevo,0
104524,Mayte Tenorio Guzman,2021-12-08,nuevo,0
105794,Kike Mateos Sala,2022-10-25,nuevo,0
113693,Caridad Pastor Boix,2024-04-09,nuevo,0
105739,Roxana Viana Posada,2021-07-29,nuevo,0
102625,Toni Nicolás Sureda,2024-03-12,nuevo,1
104729,Américo Amorós-Santamaria,2022-01-30,nuevo,0
107819,Ale Aller Corral,2021-05-05,nuevo,0
108860,Ruperta Serra Taboada,2020-08-03,nuevo,1
114207,Renata Franch,2022-08-30,nuevo,0
109081,Leandro de Pascual,2023-08-02,nuevo,1
111572,Duilio Amaya Barbero,2022-07-10,nuevo,1
102438,Ovidio Chaparro Correa,2022-12-23,regular,2
106057,Isidoro del Ureña,2021-02-18,nuevo,0
109010,Reinaldo Puerta Poza,2021-07-15,nuevo,1
106353,Goyo Heredia Gomis,2020-03-14,regular,3
110534,Fabio Lillo Ibañez,2020-09-16,nuevo,0
103168,Azeneth Andres Milla,2020-03-22,nuevo,0
101810,Pepita Velasco Armas,2023-11-19,nuevo,0
112603,Marisol Jimenez Riquelme,2023-09-29,nuevo,0
107162,Esteban Mateo Castrillo,2021-03-27,nuevo,0
109457,Teodoro Bellido Andrés,2020-07-18,nuevo,1
105087,Rogelio Oliveras Valera,2023-09-30,nuevo,0
112541,Valentina Jara Salvador,2021-09-30,nuevo,0
107017,Celestino Galindo Ariza,2021-01-05,nuevo,1
112126,Rocío Guardiola Sabater,2020-12-15,nuevo,0
104946,Joan Alejandro Sanmiguel Pascual,2021-07-04,nuevo,0
106047,Chus Falcó Zabaleta,2022-06-08,regular,2
113150,Úrsula Sans Quesada,2022-10-01,nuevo,0
114535,Amado Bas Salvador,2021-12-29,nuevo,1
106920,Trinidad Murcia Colom,2024-06-02,nuevo,1
107227,Ovidio Canales Roca,2022-01-13,nuevo,0
101229,Jerónimo Amigó Feijoo,2023-08-03,nuevo,0
111989,Bonifacio de Cerro,2022-10-24,nuevo,0
106847,Luciana Tejada,2023-05-16,nuevo,0
108245,Óscar Seguí Moreno,2024-05-22,nuevo,0
112036,Valentín Sierra-Domingo,2023-03-16,nuevo,1
106556,Rico de Aramburu,2021-03-02,nuevo,0
100160,Macario Tamarit,2024-05-12,nuevo,0
108852,Marino Isidro Larrañaga Blanco,2020-12-27,nuevo,1
109780,Feliciano Solís Andrés,2020-07-31,nuevo,1
101590,Belen Salinas Enríquez,2022-08-22,nuevo,0
114774,Eusebio Pepe Leiva Nieto,2023-12-20,regular,2
114751,Rodolfo Morell,2021-02-27,nuevo,0
106688,Charo Coca Tamarit,2020-05-29,nuevo,0
114557,Lourdes Santamaria Barragán,2020-04-17,nuevo,0
111711,Arsenio Ferrero,2022-07-24,nuevo,0
110577,Ofelia Leiva Cerezo,2022-05-29,nuevo,0
112769,Seve Valls Marti,2022-11-30,nuevo,0
107481,Eligia Jurado Lladó,2022-08-25,nuevo,0
114434,Marcelino Martín Mulet Bustos,2021-03-27,regular,2
101557,Fernanda Batalla Arrieta,2021-01-19,regular,2
102829,Luis Valencia-Vilaplana,2023-12-12,nuevo,0
100437,Estrella Ródenas Egea,2023-04-24,nuevo,0
105790,David Batalla,2023-10-17,regular,2
112701,Estela Recio Martinez,2023-02-05,nuevo,0
101589,Odalis Tormo,2024-05-12,nuevo,1
107399,Mayte Checa,2020-12-31,regular,2
102781,Balduino Talavera Manzano,2023-07-12,nuevo,0
113996,Lina Teresa Mate Vilar,2024-01-06,nuevo,0
113996,Lina Teresa Mate Vilar,2024-01-06,nuevo,0
109243,Aurelio Viña,2023-01-03,nuevo,1
105687,Néstor Barrio Bertrán,2020-05-16,nuevo,0
103966,Lorenzo Borrego Martínez,2024-03-07,nuevo,1
104728,Salomón Clavero Tolosa,2023-05-08,regular,2
109166,Quirino Fuentes Mas,2020-08-04,nuevo,0
101239,Noemí Bastida Rico,2023-09-30,nuevo,1
102952,Dorotea Iris Guijarro Pera,2022-06-18,nuevo,0
110535,Apolonia de Bautista,2021-02-23,nuevo,1
111352,Adriana Vega Sola,2021-05-12,nuevo,0
112023,Belén Ariño Carbajo,2021-08-19,nuevo,0
114339,Guadalupe Tamarit-Canals,2020-04-17,nuevo,0
101498,Hermenegildo López Atienza,2021-08-21,nuevo,0
106466,Martina de Buendía,2020-06-29,nuevo,1
107356,Octavia de Pera,2021-10-03,nuevo,0
107824,Ariel Chaparro Batlle,2021-09-24,nuevo,1
107548,Fermín Otero Aroca,2022-09-20,nuevo,1
107914,Emma Castañeda Pujol,2021-03-02,nuevo,0
110615,María Arteaga Jordán,2023-12-08,nuevo,1
113336,Paco Curro Capdevila Rivas,2024-04-23,nuevo,0
105186,Jose Quintana Díez,2020-10-05,nuevo,0
105648,Amelia Guardiola-Gordillo,2020-08-14,nuevo,0
114637,Leoncio Torrent Rivera,2024-08-13,nuevo,1
105243,Toni Pazos-Ángel,2023-03-29,nuevo,0
102131,Agustín Leocadio Villar Rueda,2022-11-22,nuevo,0
102093,Débora Valle Tapia,2020-05-16,nuevo,0
105410,Soledad Moraleda Quevedo,2023-07-14,nuevo,0
100188,Yago Sala Jove,2022-01-08,regular,3
111652,Pastor Montes Rocamora,2021-02-16,nuevo,1
107939,María Carmen de Ropero,2024-08-23,nuevo,0
103656,Aitana Godoy Martín,2023-01-27,nuevo,1
103427,Clotilde del Posada,2023-11-06,nuevo,1
111927,Duilio Suárez-Benavent,2024-05-09,nuevo,0
101382,Arturo Marí Perelló,2020-09-25,nuevo,0
114945,Maite Canales Gordillo,2023-06-16,nuevo,1
108606,Isaías Bermejo Morera,2024-03-07,nuevo,0
107428,Amelia Paz Alcalde Ariño,2021-07-10,nuevo,0
105038,Dorita Montaña Marqués,2021-12-03,nuevo,0
104898,Haydée Daza,2023-06-15,nuevo,0
103176,Loreto del Ferreras,2023-10-22,nuevo,0
113258,María Dolores Godoy,2021-11-15,nuevo,0
112562,Modesto Vera Montalbán,2022-04-23,nuevo,1
108449,Berta Sarabia Gisbert,2021-08-07,nuevo,0
113183,Balduino Herranz-Jiménez,2022-11-09,nuevo,0
102236,Regina Javiera Checa Rojas,2020-03-02,regular,2
108069,Maribel Ávila-Farré,2021-02-24,nuevo,0
109960,Lola Mayol Carrión,2020-09-14,nuevo,1
104237,Isabela Iglesia Reyes,2023-01-22,regular,2
111540,Elodia Sanabria Roda,2020-12-03,nuevo,1
114230,Carlota Anguita-Tejero,2020-11-04,nuevo,0
111902,Patricio Dionisio Cuenca Arias,2023-01-15,nuevo,0
109765,Vasco Velasco,2023-11-18,nuevo,0
100025,Severo Osvaldo Bayón Rebollo,2021-12-12,nuevo,0
103364,Jacinto Toledo Benavente,2020-09-05,nuevo,1
101089,Eutropio Palma Aguilera,2021-07-01,nuevo,1
110887,Reyes Cortés,2021-02-13,nuevo,1
108734,Feliciana Concha Morán Palau,2023-07-21,nuevo,0
114264,Clarisa Jiménez Fortuny,2022-07-21,regular,2
102842,Judith Jordán-Zorrilla,2021-11-21,nuevo,0
110504,Araceli Sobrino,2023-03-13,nuevo,0
107538,Gustavo Casado Bonet,2021-12-15,nuevo,0
107471,Flora Ruiz Castells,2022-08-17,nuevo,0
114519,Adoración Cordero-Ibarra,2023-09-10,nuevo,0
104153,Maricela Becerra Arjona,2021-01-09,nuevo,0
109502,Áurea Villalba-Exposito,2020-10-16,nuevo,1
100696,Prudencia Torrent Madrigal,2020-04-18,nuevo,0
114303,Guiomar Marquez Aranda,2021-07-12,nuevo,0
106338,Jorge Arce Gimeno,2021-07-22,regular,2
101228,Herberto Sales-Báez,2024-02-13,nuevo,0
102000,Edgardo Gómez Álvaro,2023-01-05,nuevo,1
100277,Virgilio Agustí Durán,2020-03-07,nuevo,0
111826,Geraldo Agudo,2022-08-17,nuevo,1
105930,Ignacio Rómulo Uribe Quirós,2021-04-20,nuevo,0
102954,Nilda Sans-Sans,2023-11-24,nuevo,0
103638,Emigdio León,2021-04-10,nuevo,1
103907,Irma del Canals,2021-12-01,regular,2
104779,Humberto Santamaria Alcázar,2020-06-20,nuevo,1
105846,Dionisia Molins Cabello,2024-08-05,nuevo,0
115094,Flor Haro Sedano,2024-08-21,nuevo,1
104118,Eli Aragonés Villalba,2021-06-18,nuevo,0
111786,Marianela de Molina,2024-02-23,nuevo,1
101138,Omar Acuña Marín,2023-03-06,nuevo,0
102768,Heriberto Martinez-Hoz,2023-07-11,nuevo,0
108183,Paulina Jove Lobo,2024-08-21,nuevo,1
114529,Alfredo Vázquez Jimenez,2020-12-08,nuevo,0
112335,Reynaldo Patricio Haro Pedrero,2024-06-10,nuevo,0
107662,Ruperto Esteban Saez,2024-06-20,nuevo,0
109135,Alondra Soto,2024-05-14,nuevo,1
111563,Loida Sanjuan Tejero,2023-11-15,nuevo,0
102491,Sol Anguita,2023-11-24,regular,2
115071,Paola Palma Moliner,2024-04-01,nuevo,1
107743,Néstor Damián Badía Salcedo,2021-01-04,nuevo,0
103936,Esther Manu Valenzuela Arévalo,2023-01-27,nuevo,0
102385,Urbano Arnaiz Farré,2022-01-31,nuevo,1
108017,Clímaco de Vázquez,2024-06-22,nuevo,1
107085,Elba Canales Arellano,2020-12-18,nuevo,1
100116,Lorena Guardiola,2020-06-13,regular,2
101864,Lorena Castilla Arrieta,2020-04-15,nuevo,0
110751,Jessica Coloma Lerma,2024-01-23,nuevo,1
103120,Aníbal de Alemany,2024-07-02,regular,2
104259,Octavia Mateu Alfaro,2020-05-14,nuevo,0
114383,Gisela Ferrández Carreras,2023-01-03,regular,2
113178,Fernanda Nadal Pedrero,2023-05-12,nuevo,0
102820,Manolo Jaume Segarra,2022-03-26,nuevo,0
111860,Lina Estrada Blazquez,2024-06-25,nuevo,1
111679,Rogelio Bustos Rodrigo,2024-08-20,regular,3
114159,Juan Antonio Alcaraz Lorenzo,2021-01-10,nuevo,1
104700,Maribel Pi Espinosa,2023-10-22,regular,2
103803,Ezequiel Cuéllar Riba,2021-01-19,nuevo,1
106069,Lupe Jimena Rivera Bonet,2024-04-14,nuevo,0
103537,Mireia Alemán Arnal,2022-02-21,nuevo,0
103826,Calista Gomila Colom,2020-04-07,nuevo,0
106643,Abel de Marco,2022-10-22,nuevo,0
113470,Montserrat Roldan Valero,2024-06-30,nuevo,0
101947,Ramiro Alemán Cabrero,2021-07-28,nuevo,0
114913,Olga del Alcolea,2022-01-09,regular,2
112614,Jose Carlos de Infante,2020-03-03,nuevo,0
112981,Goyo Moreno,2022-09-25,nuevo,0
109803,Eustaquio Palomares Zabala,2023-12-21,nuevo,0
107270,Dolores Rodrigo Casal,2021-04-26,nuevo,0
112138,Alexandra Calderon Segarra,2022-10-30,nuevo,1
107930,Sigfrido Cánovas Roldan,2020-12-11,nuevo,1
107167,José María de Arnau,2020-08-09,regular,2
106964,Casandra del Vicente,2021-01-29,nuevo,0
105868,Alex Soria Villalonga,2022-11-11,nuevo,0
110860,Amador Pla-Ferrán,2020-11-07,nuevo,0
110387,Magdalena Laguna-Cervantes,2023-07-17,nuevo,0
100883,Cosme Mayol Galindo,2022-06-20,nuevo,1
100558,Paulino Valbuena,2021-10-20,nuevo,0
112627,Perlita Nidia Berrocal Llorens,2021-12-26,nuevo,0
101208,Maxi Pablo Rosado,2020-12-17,nuevo,1
111789,Eugenio Cabañas-Frías,2023-10-06,nuevo,1
107685,Julieta Blanes-Anguita,2021-04-28,nuevo,0
112022,Efraín Fábregas Perales,2020-04-26,nuevo,1
109703,Urbano Torralba,2022-01-25,nuevo,1
106539,Basilio Torrijos Prieto,2024-01-10,regular,2
110486,Blas Rocamora Cid,2024-05-15,nuevo,1
103212,Luis Albino Noguera Sabater,2023-04-03,regular,2
103631,Natalia Barral Anglada,2024-03-12,regular,2
101709,Ramona Elías Padilla,2022-02-10,nuevo,0
112845,Aitana Valls Coll,2020-06-03,regular,2
108459,Candela Expósito Colom,2023-08-24,nuevo,0
101141,Íñigo Rios Cerdá,2022-01-13,regular,2
103163,Albina Naranjo Canales,2022-11-21,nuevo,0
106208,Socorro Cámara Martin,2023-07-24,regular,2
113106,Brunilda Carmona Raya,2022-03-06,nuevo,0
103731,Belén Antúnez Vergara,2020-08-11,nuevo,0
110102,Máximo Sanmiguel Casanova,2023-03-05,nuevo,1
112020,Édgar Larrea Tenorio,2021-11-02,nuevo,1
102661,Matilde Chaves Carreño,2023-01-21,nuevo,0
108849,Nicanor Saez Saez,2022-05-29,nuevo,0
101308,Gertrudis del Corbacho,2021-01-02,nuevo,0
102568,Fabricio Niño Pombo,2021-09-29,nuevo,0
109191,Ricardo Sedano Laguna,2020-12-09,nuevo,1
102835,Beatriz Herminia Peña Balaguer,2021-11-04,nuevo,0
114902,Domingo Moraleda Navarro,2020-03-14,nuevo,0
109430,Dulce Rosalva Sarabia Lerma,2022-09-17,nuevo,0
102152,Narcisa Fortuny Alonso,2022-01-22,nuevo,0
112135,Amparo Sevillano Barreda,2020-07-03,nuevo,0
103836,Reina Perlita Fuente Bejarano,2023-12-30,nuevo,0
115089,Bárbara del Sotelo,2024-02-25,nuevo,0
114889,Abril Lumbreras Casanovas,2021-07-01,nuevo,0
112792,Dafne Valbuena Ortuño,2022-10-02,nuevo,0
110379,Lucía Menendez Quevedo,2021-06-13,nuevo,0
109327,María Cristina de Echevarría,2023-12-13,nuevo,0
105005,Melania Sanmiguel Vizcaíno,2024-08-16,nuevo,0
106627,Eloy Clavero Carrasco,2024-04-01,nuevo,1
109496,Diego Mateos Córdoba,2020-08-03,nuevo,1
101628,Esmeralda Noemí Girona Rosado,2023-07-02,nuevo,1
112459,Amor Gisbert-Bustamante,2023-08-11,regular,2
109715,Ángel Cózar Bermudez,2024-07-23,nuevo,0
100359,Norberto Rodríguez Conesa,2023-01-05,nuevo,0
100139,Miguela Pont-Trillo,2021-01-01,nuevo,0
108492,Sancho Vidal Giménez,2024-08-25,regular,2
109749,Olimpia Yáñez Armas,2021-03-07,nuevo,0
100383,Melchor Calderón Cantero,2020-11-13,nuevo,0
111182,Sandra Abad Ortiz,2023-05-22,nuevo,1
111725,Juan Bautista Sedano-Quintanilla,2024-04-15,nuevo,1
104858,Evita Perelló Mascaró,2020-08-23,nuevo,0
114483,Saturnino Parra Carbonell,2023-03-07,nuevo,0
113847,Victorino Bermudez Bernad,2023-10-09,nuevo,1
101440,Rebeca Valbuena,2023-03-15,regular,2
109570,Azucena Quiroga Leiva,2022-08-29,nuevo,0
100947,Gastón Barceló Daza,2023-10-27,nuevo,0
112903,América Martí Roca,2022-06-10,nuevo,0
105499,Georgina Rincón Macías,2022-11-08,nuevo,1
104917,Priscila Marqués Villar,2021-09-12,nuevo,0
108557,Alba Cabañas Monreal,2020-12-14,nuevo,0
110914,Joel Nogueira Sáez,2020-03-29,nuevo,0
101933,Marc Camino Ropero,2020-11-15,nuevo,0
102353,Amelia Ibarra Rios,2023-05-05,nuevo,1
103237,Amador Mateos Cerdán,2021-07-19,nuevo,0
114780,Máximo Bermúdez Garmendia,2021-09-30,nuevo,1
109494,Zaida Galindo Verdugo,2023-06-04,nuevo,1
112879,Primitivo Echevarría Ripoll,2020-12-18,nuevo,1
103808,María Carmen de Cazorla,2021-07-01,nuevo,0
114341,Delia Ribes-Solé,2022-09-07,nuevo,0
101937,Lupita del Nuñez,2023-02-28,nuevo,1
104155,Ricardo Pagès Amo,2023-12-02,nuevo,0
108989,Pacífica Andres Varela,2021-09-02,nuevo,0
102417,Chema Guitart Blanco,2022-06-26,nuevo,0
111904,Chita Artigas Marquez,2021-10-03,nuevo,0
106140,Nazario Ojeda Peiró,2022-07-09,nuevo,1
100786,Lorena de Ayuso,2020-12-18,nuevo,0
106790,Nilda María Teresa Sotelo Nuñez,2023-12-01,regular,3
111351,Jonatan Gracia Manrique,2020-03-31,nuevo,1
108037,Dimas Cruz Luís,2022-11-06,nuevo,1
108316,José María Solana Benavides,2021-08-06,regular,3
114741,Agustín de Roldán,2020-05-03,nuevo,0
105669,Haroldo Abril Baena,2023-04-03,nuevo,0
102173,Saturnina Carmelita Larrea Salvador,2020-10-24,nuevo,0
102170,Emperatriz Quintanilla Sanmartín,2021-01-06,nuevo,1
106629,Ana Sofía Amores Tolosa,2020-03-09,nuevo,0
104010,Samanta Casanovas Quevedo,2022-01-11,nuevo,1
104341,Catalina Vila Cruz,2020-03-31,nuevo,0
100911,Domitila Dueñas Alemany,2023-03-12,nuevo,1
106269,Anastasia Galvez Mas,2020-10-08,nuevo,1
102310,Loreto Piquer Jimenez,2021-06-15,nuevo,0
110034,Porfirio Doménech Mena,2021-12-13,nuevo,0
109450,Ruperta Bonilla-Cabo,2021-08-30,nuevo,0
106592,Marcos Maza-Abad,2024-04-01,nuevo,0
104459,Itziar Domingo Mulet,2020-11-30,nuevo,0
107598,Samu Vizcaíno Adán,2024-07-19,regular,2
109371,Miriam Recio-Teruel,2022-07-15,regular,2
114543,Haydée Cal Riba,2020-05-15,nuevo,1
104653,Ariel Díaz Coll,2024-05-10,nuevo,0
106219,Fausto Silva Tenorio,2023-11-26,nuevo,0
100443,Laura Poza Palau,2022-02-19,nuevo,1
103416,Flora del Granados,2020-12-16,regular,3
109592,Verónica Moles Andreu,2023-10-28,nuevo,0
113622,Visitación Blanca Ribera Muñoz,2020-03-31,nuevo,0
111921,Águeda Tovar Barrio,2023-06-18,regular,2
109650,Amor Cerdán Vizcaíno,2023-05-09,regular,2
112191,Dulce Abella Gisbert,2022-06-16,regular,2
105745,Marisol Pascual Cepeda,2022-06-10,nuevo,0
101055,Florinda Caro,2023-04-04,nuevo,0
111468,Bruno Blazquez,2022-09-18,nuevo,0
113589,Nélida del Rosado,2022-03-23,nuevo,1
103700,Ángela María Luisa Pomares Asenjo,2022-07-01,nuevo,0
100930,Vera Jordana Valero Nicolau,2024-03-11,nuevo,0
106469,Celestina Benítez Morell,2023-12-18,nuevo,0
108768,Genoveva Isern-Llanos,2024-05-25,nuevo,1
101830,Jose Manuel Eric Vilanova Morera,2020-03-23,nuevo,1
114283,Germán Barrios Quero,2020-04-09,nuevo,1
114168,Concepción Marí Guitart,2021-01-21,nuevo,1
112030,Chelo Gual Calderon,2021-09-15,nuevo,1
115022,Yéssica Mendez Rosell,2023-03-22,nuevo,0
102012,Haydée Jara Esteban,2023-08-01,nuevo,0
100914,Ceferino Barrios,2020-08-12,nuevo,0
112815,Baudelio Canals Solís,2022-05-11,nuevo,0
115158,Emelina Esparza Peñalver,2022-08-25,nuevo,0
115231,Jose Manuel Salcedo Pla,2023-05-06,nuevo,1
102607,Rubén Tudela Casanova,2024-06-26,nuevo,0
111457,Alejandro Cuadrado,2021-11-08,nuevo,0
104929,José Mari Jerez Bernat,2020-07-19,nuevo,1
109784,Pánfilo Vaquero Quero,2022-09-24,nuevo,0
106565,Ema Arjona Fuente,2024-05-26,nuevo,1
112672,Hipólito Américo Llanos Morán,2020-12-02,regular,2
100007,Tomasa Pina Peña,2023-05-08,nuevo,0
111173,Melisa Ramón,2024-02-14,regular,2
107836,Iván Iriarte Alberdi,2020-05-09,nuevo,0
106584,Cristóbal Gerónimo Galán Huertas,2022-09-23,nuevo,1
103362,Apolinar Ortega Viñas,2020-11-16,nuevo,0
110136,Micaela Grande Barragán,2021-08-25,nuevo,0
112130,Rosalinda Costa Araujo,2020-07-29,nuevo,0
101636,Eugenio Mendizábal Ávila,2021-12-21,nuevo,0
101142,Domitila Cadenas Durán,2021-08-01,nuevo,0
113596,Dionisia Esparza Rosselló,2021-01-27,nuevo,1
113596,Dionisia Esparza Rosselló,2021-01-27,nuevo,1
100360,Pascuala Lopez Coca,2021-02-15,nuevo,0
102071,Martin Ramírez Macias,2022-08-19,nuevo,0
103135,Alicia Campo Asenjo,2023-11-28,nuevo,0
105161,Régulo Escobar Juárez,2022-03-07,nuevo,0
106991,Santos Sobrino,2021-12-14,nuevo,1
103244,Damián Buenaventura Diez Cabo,2022-02-19,nuevo,0
102243,Fabián Aparicio-Querol,2020-10-08,nuevo,0
101475,Raimundo Juan Francisco Arnau Lloret,2023-08-17,nuevo,0
113375,Lourdes Llano Poza,2020-10-25,nuevo,1
110082,Melisa Jurado Martin,2022-12-23,nuevo,0
103260,Natividad Úrsula Casanova Bolaños,2020-11-20,nuevo,0
110214,Leyre Acero Asensio,2023-11-17,nuevo,0
104021,Cecilia Font Amo,2023-08-23,nuevo,1
113765,Luciana Olalla Zapata Oller,2020-07-10,nuevo,1
108567,Sergio Cruz Guardiola Doménech,2021-06-09,nuevo,0
103501,Balduino Valerio Dávila Rios,2021-10-08,nuevo,0
102659,Valero Ribera Vendrell,2020-11-02,nuevo,0
113161,Dimas Bruno Ledesma Fuertes,2023-07-01,nuevo,1
101131,Francisco Alcalde Bartolomé,2021-03-19,nuevo,0
114314,Nadia Tovar Peralta,2021-02-25,nuevo,1
101820,Moisés Zaragoza-Dueñas,2020-09-08,nuevo,1
107462,Eli Alcalá Sanmartín,2020-11-27,nuevo,1
113151,Noemí Martínez Saez,2021-12-31,nuevo,1
112160,Cipriano Colomer Perea,2022-10-05,regular,2
112708,Eliseo Guiomar Roldán Peñas,2023-02-18,nuevo,0
107065,Haroldo Bolaños-Montero,2024-08-06,nuevo,0
104319,Óscar Romeu Soto,2021-07-03,nuevo,1
109343,Teodosio del León,2021-02-03,regular,2
104670,Baldomero Carballo-Serrano,2022-06-12,nuevo,0
109429,Olegario Benito Campillo,2020-12-12,nuevo,0
105477,Luis Miguel Mármol Santiago,2023-02-14,nuevo,0
113670,Concha Martina Espejo Daza,2024-02-24,nuevo,1
101857,Juan Francisco del Sánchez,2024-04-13,nuevo,0
102283,Mario de Torrent,2022-05-19,regular,2
113554,Vera del Montaña,2023-04-03,nuevo,1
104009,Julio Carpio Catalá,2023-05-07,nuevo,1
106402,Jaime Lago Frutos,2022-09-16,nuevo,0
114308,Rodrigo del Anglada,2024-08-07,nuevo,0
114451,Ricarda Buendía Esteban,2022-03-01,nuevo,0
100387,Piedad Elena Montalbán Campos,2023-12-17,nuevo,0
101629,Gonzalo Pinto Coll,2024-03-21,nuevo,0
110907,Toño Vara,2023-03-11,nuevo,0
111905,Chema Franco Cabrera,2020-05-04,nuevo,0
114694,Vicenta Lozano Angulo,2023-12-18,nuevo,0
114527,Manuelita Ariño,2021-12-14,nuevo,0
107719,Marcela Gema Montaña Gutierrez,2023-10-28,nuevo,1
111949,Flavia Marcos-Palacio,2022-12-22,regular,2
111382,Jimena Carrión Benito,2023-12-12,nuevo,0
109102,Eugenia Fanny Maza Beltrán,2023-09-17,nuevo,0
114021,Modesta Riquelme Palomares,2020-12-09,nuevo,0
110059,Eutimio España-Alegre,2020-03-12,nuevo,0
101843,Nazaret Molins Manso,2020-09-14,nuevo,0
102498,Eloy del Arregui,2021-12-10,nuevo,1
100202,Cecilio Pastor Segovia Amador,2020-04-19,nuevo,0
112498,Eloísa Vila Lerma,2021-06-01,nuevo,0
103869,Julia Petrona Arellano Martínez,2024-01-15,nuevo,1
105055,Reyna del Roig,2023-02-19,nuevo,0
105890,Mariano de Uría,2021-09-19,regular,2
102703,Dimas Garmendia Moll,2020-04-16,nuevo,1
107923,Jose Carlos de Ramis,2021-10-09,regular,2
114073,Mireia Pla Arranz,2020-04-07,regular,2
100332,José Luis Martín Parra,2020-06-17,nuevo,0
103809,Petrona Yáñez,2023-05-07,nuevo,0
100936,Consuela Oliveras Asenjo,2021-03-02,nuevo,1
110652,Chema Juliá Barrera,2020-07-22,nuevo,0
101775,Urbano Plácido Prado Roda,2021-08-25,nuevo,0
101775,Urbano Plácido Prado Roda,2021-08-25,nuevo,0
112244,Florencia del Girón,2021-02-03,regular,3
108612,Dionisio Iniesta Bernat,2021-02-22,nuevo,0
110879,Borja Escamilla Lucas,2022-11-23,nuevo,0
114251,Feliciana Cabrero,2022-07-23,nuevo,0
100990,Marco Neira Botella,2023-07-01,nuevo,0
105444,Albino Gargallo,2021-03-06,nuevo,1
112979,Loida Cal Lobo,2022-07-18,nuevo,0
106994,Félix Salvà Salas,2022-10-30,nuevo,1
113314,Sergio Abella Salvà,2023-06-14,nuevo,0
105807,Cipriano Sebastián Arribas Pascual,2022-01-02,nuevo,0
113615,Isaac Ciriaco Río Reina,2020-10-14,nuevo,0
113562,Seve Caballero Berenguer,2021-10-16,nuevo,0
106575,Fidel Camino Baños,2021-10-22,nuevo,1
103053,Horacio Villanueva Amo,2020-03-12,nuevo,0
113463,Tristán Luz Hervás,2021-06-30,nuevo,1
108366,Rosendo Pacheco Rodrigo,2023-11-04,nuevo,0
104616,Renata Hernando Luján,2021-02-15,regular,2
103322,Javier Velázquez Agullo,2021-07-13,nuevo,1
113143,Cesar Osorio-Rey,2024-06-02,nuevo,1
106247,Jenny Aranda Montenegro,2023-09-06,nuevo,1
111565,Bibiana Amador Perales,2023-12-09,nuevo,1
106049,Norberto del Vergara,2023-04-30,nuevo,0
103312,Delia Villegas Villalobos,2023-03-12,nuevo,0
112102,Cristian del Lamas,2023-01-14,regular,2
112008,Irma Macias Bosch,2021-03-01,nuevo,0
112236,Teresa Peña Pera,2022-07-26,nuevo,0
114613,Custodio Asdrubal Solís Viñas,2020-03-30,nuevo,1
111197,Inocencio Velázquez Olmo,2020-07-13,nuevo,0
111596,Atilio Correa Adadia,2023-09-19,nuevo,0
108211,Bárbara Alfaro Tormo,2024-01-11,nuevo,0
111432,Sergio Chamorro Mendizábal,2022-12-29,nuevo,0
103629,Josefa de Huguet,2022-11-17,regular,2
113810,Isa del Tomas,2021-08-19,nuevo,0
110367,Claudia Cortés,2022-12-01,nuevo,1
101357,Reyes Galván Saez,2022-08-01,nuevo,0
105003,Flor Echevarría Sacristán,2023-12-25,nuevo,0
112082,Fito Castilla Prado,2021-12-12,regular,2
105824,Blanca Valero Peinado,2020-11-02,nuevo,0
114800,Angelino Casas,2023-06-03,regular,3
105671,Donato Andreu Castellanos,2022-11-24,nuevo,0
103113,Nuria Albina Roda Alegre,2023-11-24,nuevo,0
100183,Paola Diego Galvez,2023-06-04,nuevo,0
110005,Luciana Porras Estevez,2023-05-25,nuevo,0
100856,Serafina del Palmer,2021-09-08,regular,2
113125,Abril Durán Galván,2020-04-30,nuevo,0
104913,Hermenegildo Mauricio Urrutia Ballesteros,2021-02-17,nuevo,1
113304,Lupe del Caballero,2021-02-16,nuevo,1
101801,Jenaro Salamanca Montenegro,2024-06-01,nuevo,0
110622,Marco Hoyos-Balaguer,2020-04-15,nuevo,0
105483,Cayetano Mayoral Acevedo,2021-11-10,nuevo,0
112977,Mercedes Marqués Puerta,2023-09-03,nuevo,1
101969,Melisa Acosta,2020-12-09,nuevo,1
112968,Domitila Expósito-Barrio,2024-08-15,nuevo,0
112680,Piedad Feliu Valle,2022-11-07,nuevo,1
104698,Miriam Herranz-Barrios,2021-06-11,nuevo,0
104988,Charo Lamas Francisco,2022-10-10,nuevo,0
104651,Ramona del Ibáñez,2022-01-20,nuevo,0
101160,Rosario Carballo Diez,2021-09-14,nuevo,1
109406,Natalio Camps Barrios,2021-02-26,nuevo,1
114816,Guillermo Duarte Calvo,2022-08-11,nuevo,1
101326,Benjamín Murcia,2023-09-13,nuevo,0
110289,Crescencia Miró,2020-04-06,nuevo,0
112389,Quique Noguera Amorós,2023-10-17,nuevo,1
104797,Prudencia Piña Otero,2022-04-10,nuevo,0
106797,Enrique Blázquez Gimenez,2021-09-21,nuevo,0
105809,Luciana Paulina Mancebo Manzanares,2021-09-30,nuevo,0
101456,Rosalinda María José Tejero Caballero,2021-12-24,nuevo,0
105411,Jonatan Soto Mur,2024-02-27,nuevo,0
108334,Amado Aguilera Alcántara,2022-10-24,nuevo,0
102801,Marisa Estévez Molina,2023-04-05,nuevo,1
109837,María Luisa Mateo Cortés,2023-11-30,nuevo,1
110333,Rómulo del Porta,2021-11-28,nuevo,0
107617,Elisa Peña Frías,2020-06-28,nuevo,0
114132,Jordi Bueno Calzada,2023-07-14,nuevo,0
107816,Blas de Molins,2024-05-05,nuevo,0
104379,Plinio José Ángel Sabater Beltrán,2022-04-01,nuevo,0
108922,Cleto Hierro,2020-07-26,nuevo,0
112367,Nicanor Alvarez Hoyos,2023-11-25,regular,2
106717,Imelda Montenegro-Guzmán,2021-12-05,nuevo,0
110129,Nilo Clavero-Leon,2022-03-06,nuevo,0
103737,Débora Capdevila Rey,2022-09-17,nuevo,1
102262,Griselda Agudo Porta,2022-09-17,nuevo,0
107430,Eustaquio del Blasco,2022-08-15,nuevo,0
104006,Asdrubal Miralles Chacón,2023-01-01,nuevo,1
109303,Lorenzo Miranda Ramirez,2021-12-29,nuevo,0
113989,Gabino Losa Sevilla,2020-07-20,nuevo,0
111191,Andrea Doménech Aramburu,2023-04-05,nuevo,1
102395,Charo Tapia Cordero,2022-06-29,regular,2
101186,Florinda Piedad Hidalgo Guerrero,2023-08-04,nuevo,0
102008,Seve Morales-Oller,2022-10-26,nuevo,0
100194,Bonifacio Cabo Peñalver,2022-03-27,nuevo,1
113876,Ceferino Vizcaíno Reguera,2021-02-01,nuevo,0
108771,Abigaíl Pla Marquez,2023-11-27,nuevo,0
105526,Ernesto Galiano,2020-08-27,nuevo,1
100772,Fito Múñiz Baena,2021-05-03,regular,2
110588,Priscila Cuesta Ibañez,2023-11-15,nuevo,0
101479,Hernando Angulo Estevez,2023-02-02,nuevo,1
101847,Jennifer Peña Baeza,2023-10-22,nuevo,0
103741,Amando del Mesa,2021-12-19,nuevo,0
112432,Marisol Palomar-Aguilar,2021-01-31,nuevo,0
100406,Yaiza Cabañas Jurado,2023-06-14,nuevo,0
114853,Teobaldo Guillén Ricart,2023-08-23,nuevo,1
110266,Rosa Llobet Samper,2021-01-18,nuevo,0
110089,Samanta Adelina Palomar Núñez,2023-11-18,nuevo,1
113319,Adelia Terrón Santamaría,2020-09-16,nuevo,1
106318,Felisa Sevilla Aragonés,2023-02-21,nuevo,0
106582,Florinda Ágata Goicoechea Aller,2021-07-01,nuevo,0
110572,Rolando del Palacios,2020-04-14,nuevo,1
101448,Fortunato Conesa Aguiló,2021-01-30,nuevo,0
100343,Galo Roura Adán,2023-11-26,nuevo,0
107469,Josefa de Gaya,2020-03-22,nuevo,0
114587,Gema Manso Roldan,2020-11-17,nuevo,1
110720,Isidro Alvarez-Nogués,2022-09-24,nuevo,1
100728,Rico Mora Rueda,2022-04-11,nuevo,0
104578,Melania Boada Galvez,2024-02-19,nuevo,1
109169,Oriana del Hoyos,2021-09-03,nuevo,1
109251,Ana Pi Barrera,2022-10-13,nuevo,0
103517,Nicodemo Hernando Lumbreras Perez,2021-10-15,regular,3
113855,Gabriela Jurado Luna,2021-02-07,nuevo,0
112639,Perlita Palacio-León,2024-01-14,nuevo,0
107157,Jesusa Vicente,2021-02-02,nuevo,0
107852,Lola Juliá Moll,2022-07-20,nuevo,1
110179,Ileana Palomino-Morera,2022-05-09,nuevo,0
109492,Guadalupe Arregui Moles,2020-06-12,nuevo,0
101349,Josefa del Soria,2022-01-05,nuevo,0
100661,Calisto Páez Marquez,2022-03-23,nuevo,0
101493,Norberto Nogueira,2023-10-16,regular,2
112748,Juan Antonio Herranz Valencia,2021-05-24,nuevo,0
113283,Aurelia Portero Benavente,2020-11-02,nuevo,0
105155,Coral Nogueira,2021-06-16,nuevo,1
110508,Concha del Martin,2022-09-04,nuevo,0
109886,Bruno Chaparro Torralba,2023-11-06,nuevo,0
114917,Corona Cuevas Amor,2022-04-27,nuevo,0
109278,Jordi Jiménez Santiago,2024-04-08,nuevo,0
102525,Clímaco Ortega-Benitez,2020-04-23,nuevo,0
111981,Otilia Amo Pizarro,2022-06-03,nuevo,0
113197,Sofía Arnaiz Morell,2024-03-10,nuevo,1
105375,Sandra Iglesia Castells,2020-10-23,regular,2
103199,Américo Sarmiento Cabeza,2022-09-08,nuevo,1
105718,Matilde Cal-Crespo,2024-04-29,nuevo,1
111847,Pilar Pera Carreño,2021-02-08,nuevo,0
114178,Balduino Peña Santana,2022-08-22,nuevo,0
112800,Merche Vicente Batalla,2024-06-16,nuevo,0
108260,Alondra Arias-Sales,2023-10-28,nuevo,1
112512,Rodrigo Mayo Donoso,2021-08-06,nuevo,0
100041,María Carmen del Amor,2020-11-17,nuevo,0
110462,María Del Carmen Frías Pozo,2021-12-26,nuevo,0
113058,Noé Mate,2024-03-31,nuevo,0
112049,Ligia Eliana Tormo Fuertes,2022-05-23,nuevo,0
113775,Eliana Baró Mármol,2022-04-20,nuevo,1
111640,María Manuela Perelló Colomer,2022-01-21,nuevo,1
106817,Cirino Ramirez Gargallo,2021-11-04,nuevo,0
110560,Gracia del Bayona,2023-12-02,nuevo,0
111953,Erasmo Crespo,2021-08-29,nuevo,0
112700,Baudelio Marín-Cañizares,2021-05-02,nuevo,0
110705,Sancho Escobar Naranjo,2020-12-28,nuevo,1
102724,Samuel Almansa,2022-12-17,nuevo,0
114316,Jennifer Azorin-Perales,2024-01-17,regular,2
113353,Dafne Luís Morell,2023-01-03,nuevo,1
109336,Gloria Lladó Rovira,2021-12-16,nuevo,0
115151,Ciríaco Bonifacio Palomino Reina,2021-11-23,nuevo,0
107156,Primitiva Inmaculada Tamarit Sabater,2021-11-10,nuevo,1
111947,Anabel Cloe Plaza Fortuny,2020-03-26,nuevo,0
114371,Adelia Lerma,2020-03-13,regular,2
112218,Margarita Urrutia Carrasco,2022-02-25,nuevo,0
107231,Graciana Leal,2020-11-28,nuevo,0
110413,Eric Eustaquio Anaya Angulo,2020-08-23,nuevo,0
105076,Lucho Macías Plaza,2021-06-10,nuevo,0
110524,José Evaristo Ferrera Agullo,2023-05-01,nuevo,1
107881,Amalia España,2020-04-28,nuevo,1
105395,Carmelo Esparza Gracia,2021-01-22,nuevo,0
109642,Maricela Sala Vallejo,2020-09-24,nuevo,1
113321,Ildefonso Reguera Velázquez,2021-05-12,nuevo,1
107790,Maxi Alsina,2021-05-23,nuevo,0
104089,Sergio Llanos-Acevedo,2023-10-22,nuevo,0
101968,Ágata Torre Sáenz,2021-04-20,regular,2
114007,Galo del Escolano,2024-08-27,nuevo,0
113723,África Morena Pagès Tirado,2020-08-29,nuevo,0
114938,Evita Cid-Báez,2021-01-25,nuevo,0
107000,Micaela Marcos Sabater,2020-07-04,nuevo,1
100424,Xiomara Reig Torre,2021-01-19,nuevo,0
114445,Edelmira Ripoll Maza,2023-03-22,nuevo,0
110097,Evita de Nicolás,2021-01-08,nuevo,1
114804,Manu Sabater Bermudez,2021-12-23,regular,2
113357,Buenaventura de Dalmau,2024-04-01,nuevo,0
106143,Noé Espejo Roca,2021-06-30,regular,2
105662,Inés Cárdenas Roldán,2024-06-26,nuevo,1
111811,Gracia Sebastián Cepeda,2020-07-23,nuevo,0
109032,Hermenegildo Muñoz Pino,2023-02-16,nuevo,0
104597,Encarna de Prats,2023-09-24,nuevo,1
102660,Duilio Múgica-Cornejo,2020-04-02,nuevo,0
100142,Ángeles del Palomino,2023-05-10,nuevo,0
102598,Humberto Tirado Chamorro,2024-03-08,nuevo,0
106702,Adela Batalla Marcos,2021-09-26,nuevo,1
101378,Daniel Hierro Vidal,2021-04-05,nuevo,0
103675,Obdulia Lastra Escudero,2020-12-09,regular,2
109659,Trinidad Gutiérrez Rodrigo,2022-06-18,nuevo,0
106363,Luis Ángel Benavente Gabaldón,2023-11-01,nuevo,1
114593,Amada Ariel Cózar Bustamante,2020-05-25,nuevo,1
104742,Ofelia Feijoo-Castell,2022-08-29,nuevo,0
101139,Basilio Cisneros Haro,2021-10-06,nuevo,1
110450,Esther Anglada Salcedo,2020-12-06,nuevo,1
107375,María Fernanda Gomis,2023-09-25,nuevo,0
101788,Julián Tenorio Molina,2024-08-22,nuevo,0
112495,Oriana Alcántara-Bermudez,2020-06-07,regular,2
104647,Soraya Vives Lasa,2021-09-26,nuevo,0
107569,Amancio Cantero Velázquez,2021-03-27,nuevo,0
100460,Miguel Ángel Tejero-Puig,2020-06-13,nuevo,1
106116,Eli Estrella Cobo Velázquez,2020-09-30,nuevo,0
108180,Aureliano Carrión,2023-12-09,nuevo,0
111566,Azeneth Lloret Saez,2023-12-11,regular,2
100949,Juanito Español Osorio,2023-02-22,nuevo,0
109529,Micaela Peinado Pulido,2023-08-08,nuevo,0
106371,Diego Blanes Barrios,2023-12-16,nuevo,0
104629,Jonatan Mayoral Sanabria,2020-11-03,nuevo,0
107359,Nazaret Nogués-Alcaraz,2024-05-18,nuevo,1
105926,Florentino Villena Hernández,2023-11-16,nuevo,0
106041,Mamen Baquero Gisbert,2021-11-03,nuevo,0
100442,Juan Gargallo Acero,2021-04-14,regular,3
106660,Micaela Patiño Barrios,2020-04-03,nuevo,0
109795,Reyna Ana Belén Rodrigo Alberto,2023-04-12,nuevo,0
110431,Consuela Cepeda Álamo,2024-07-20,regular,2
108832,Rosendo Garrido Cañete,2020-04-02,nuevo,0
109047,Felicia Manuelita Córdoba Vidal,2023-08-25,nuevo,0
103831,Isabel Alcaraz Cerezo,2020-05-25,nuevo,1
114638,Rolando Arenas-Múgica,2020-12-13,regular,2
106145,Dominga Santamaria Acosta,2020-06-08,nuevo,0
114107,Matilde Alvarez,2021-02-20,nuevo,0
106345,Sonia Juárez Chaparro,2024-02-10,regular,2
115179,Loreto Pacheco,2022-06-22,nuevo,1
101959,Lorena del Somoza,2024-07-12,nuevo,1
109263,Anita Martina Coll Zabala,2020-11-18,nuevo,0
100156,Asunción Sanmiguel,2024-08-18,nuevo,0
110488,Saturnina Lladó Leon,2023-04-17,nuevo,0
112392,Nydia Navarro Larrañaga,2020-08-26,nuevo,0
104579,Jerónimo Blazquez-Baquero,2021-09-28,nuevo,1
101090,Abel Barragán Almeida,2020-11-19,nuevo,0
106050,Fabiola Zamorano Solano,2023-06-07,nuevo,1
111133,Guillermo Ojeda Pera,2020-06-28,nuevo,1
114267,Lupe Páez Amat,2022-06-15,nuevo,0
109123,Florencio Moles Giner,2023-04-22,nuevo,1
107951,Marcelino Bonilla,2021-09-11,nuevo,0
111102,Apolonia Hervia León,2024-06-08,nuevo,0
101675,Raúl Martinez Maza,2021-01-24,nuevo,0
106764,Javiera Raya Lara,2023-07-04,nuevo,0
113046,Cruz Rebollo Navas,2020-10-24,nuevo,0
106417,Juan Luis Camacho Aragón,2020-05-01,nuevo,1
114888,Jesús Vilaplana Coll,2023-10-18,nuevo,1
111440,Domingo Carretero,2023-03-27,nuevo,1
102327,Martirio Egea Garrido,2021-04-02,nuevo,0
107097,Amalia Borrell Jiménez,2021-05-31,nuevo,1
113377,Soledad María Fernanda Llorente Cobos,2022-09-28,nuevo,1
106451,Alejo Armando Aragonés Valero,2020-12-14,nuevo,1
114469,Inés Gimeno,2021-08-24,nuevo,0
101716,Bárbara Rosa,2021-11-21,nuevo,1
109891,Artemio Almansa,2021-03-13,regular,2
109173,Leoncio Ferrer Baños,2021-05-30,nuevo,1
108382,Reina del Manjón,2023-04-21,nuevo,0
109434,Edelmira Pozo Sarabia,2024-08-13,nuevo,0
103832,Cayetano Calleja Canals,2023-08-20,nuevo,0
106300,Nicolasa Campoy Miralles,2023-07-20,nuevo,1
103349,Arcelia Lledó-Coll,2020-12-01,nuevo,1
114825,Jennifer Ferrer-Dominguez,2020-08-13,nuevo,0
109178,Verónica de Peláez,2021-03-29,nuevo,0
110014,Emma Asenjo Ledesma,2021-04-07,nuevo,0
100588,Marcelo Fito Roldan Canals,2021-07-19,nuevo,0
109347,Ainara Saez-Vaquero,2021-08-02,nuevo,1
110965,Natalio Arranz Toro,2023-10-27,nuevo,0
114830,Narciso Ponce Olivares,2020-11-28,nuevo,0
110092,Margarita Saavedra-Cantero,2022-12-27,nuevo,0
102991,Heliodoro Font Mosquera,2021-11-16,nuevo,1
102991,Heliodoro Font Mosquera,2021-11-16,nuevo,1
114466,Ainara Ana Sofía Quintana Almeida,2023-07-27,nuevo,0
112287,Modesta Montenegro Muro,2022-04-30,nuevo,0
113824,Adelaida Luján Feijoo,2021-07-03,nuevo,0
111750,Martín Arias Castañeda,2023-09-25,nuevo,0
109588,Anacleto Cid Rodrigo,2021-08-02,nuevo,0
100265,Custodia Guillen Ordóñez,2020-03-17,nuevo,0
111740,Hilario Morera Oller,2023-12-20,nuevo,1
112270,Maximiliano Milla Collado,2022-02-19,nuevo,1
106789,Rufina Eufemia Rosado Coello,2020-06-08,nuevo,1
114851,Marcela de Oliver,2022-09-15,nuevo,0
110132,Melisa Ricarda Soto Soler,2020-09-26,nuevo,0
103865,Emilio Viña Guerra,2023-09-01,regular,2
110436,José Valverde Coca,2023-08-09,nuevo,0
110593,José Manuel Coronado Abascal,2023-10-13,nuevo,0
106275,Francisca Mendez Lloret,2021-03-04,nuevo,0
113522,Alfonso Heras Tovar,2023-11-03,nuevo,0
103712,Fabio Navas Valero,2020-07-16,nuevo,1
108439,Lorenzo Rozas,2020-04-23,nuevo,0
109787,Emperatriz Gonzalo Lozano,2021-08-22,nuevo,1
101530,Eva María Aguiló Hidalgo,2024-01-29,nuevo,1
112774,Goyo Checa Lasa,2021-10-17,nuevo,0
100924,Francisco Paredes Jover,2024-05-25,nuevo,1
112212,Telmo Berto Benet Ojeda,2020-05-27,nuevo,0
107330,Ildefonso Antúnez Perales,2021-08-18,nuevo,1
104365,Pío Gascón Suarez,2021-10-17,nuevo,0
100670,Juan Antonio Báez Carnero,2023-11-13,nuevo,0
103605,Toribio Prado Arrieta,2021-08-14,regular,2
105109,Berto Ponce Mercader,2023-07-15,nuevo,0
114038,Enrique Mayoral Prats,2021-05-05,nuevo,0
105249,Federico Valero Arranz,2021-04-21,nuevo,1
107184,Sofía Nazaret Capdevila Español,2021-02-11,nuevo,0
110889,Lucio Isern Gomila,2022-12-18,nuevo,0
102592,Moisés Santana Mayoral,2021-04-06,nuevo,0
105907,Diego Garmendia-Cuéllar,2020-08-05,nuevo,0
109974,Felix Vallés Acedo,2021-10-18,nuevo,1
106510,Aura Fuente Mercader,2021-01-20,nuevo,0
111206,Valentina Castañeda-Fernandez,2020-06-16,nuevo,1
107134,Esteban Roque Montalbán Borrás,2020-10-09,nuevo,0
102308,Ángel Conde Checa,2020-05-04,nuevo,0
108805,Visitación Rico Porta,2023-12-19,regular,2
103691,María Bueno Boix,2023-10-07,nuevo,1
100688,Cipriano Goicoechea Olmedo,2021-05-21,nuevo,0
100613,Caridad Alba,2021-10-23,nuevo,1
107168,Evelia Reyes Valls,2024-08-25,nuevo,0
112941,Rico Avilés Bonilla,2024-01-18,nuevo,0
103201,Berta Melero Tur,2020-06-17,nuevo,0
110460,Natividad Duran-Arenas,2024-04-16,nuevo,0
111169,Victor Herberto Miralles Berenguer,2021-03-31,nuevo,1
106630,Dolores Casares Mercader,2023-03-01,nuevo,1
104136,Andrés Felipe Cal Linares,2022-12-09,nuevo,1
101899,Reinaldo Quiroga Uribe,2022-05-19,nuevo,0
100283,Américo Salamanca Ballesteros,2020-09-19,nuevo,0
100259,Rebeca Artigas Lastra,2022-05-11,nuevo,0
111117,Rodrigo Valcárcel,2021-08-21,nuevo,0
114689,Dolores Vila Antón,2020-12-12,nuevo,0
104944,Nélida Criado Roma,2023-09-18,nuevo,0
102823,Jose Manuel Arcos Juliá,2022-03-05,regular,2
111532,Paca Pizarro Vergara,2021-05-25,nuevo,0
103526,Judith Machado Bellido,2021-12-20,regular,2
115040,Julio Olivé Pacheco,2021-04-04,nuevo,0
105224,Ciriaco Agustí Alegre,2023-12-28,nuevo,0
102286,Elisa Rosalía Peiró Cabo,2020-11-28,nuevo,1
106064,Martín Valenciano Grande,2023-10-10,nuevo,0
108079,Octavio Becerra,2020-03-06,nuevo,0
104655,Marcela Soraya Bastida Paredes,2020-06-21,nuevo,1
105001,Lupe Robles Aragonés,2022-11-16,nuevo,0
106711,Flor Querol-Baños,2020-06-02,nuevo,0
114534,Demetrio del Gomez,2023-08-02,nuevo,0
108677,Isabela Marqués Barberá,2023-05-28,nuevo,1
110404,Lourdes Vicens Piñol,2021-01-29,nuevo,0
105417,David Amaya Cañas,2022-06-11,nuevo,0
100476,Juan Pablo Prieto Ibarra,2021-02-10,nuevo,1
102556,Blanca Canals Robledo,2023-10-05,nuevo,1
108088,Lupita Torrecilla-Luján,2020-12-20,nuevo,0
100008,Duilio del Oliva,2023-05-23,nuevo,0
111850,Edmundo Nazario Montserrat Almagro,2021-10-30,nuevo,0
106412,Yolanda Pina,2022-07-02,nuevo,0
114281,Víctor Lastra Canales,2023-01-12,nuevo,1
113895,Leandro Bartolomé Peral Alberdi,2022-12-02,nuevo,0
105547,Toribio Cerezo Egea,2021-06-10,nuevo,1
102427,Óscar Estrada,2020-05-17,nuevo,0
106745,Mayte Alcalde Cervera,2020-06-04,nuevo,1
110007,Adán Sobrino-Viñas,2020-10-10,nuevo,0
114992,Ramón Gelabert-Román,2022-09-03,nuevo,1
102275,Ariel del Jaume,2024-05-03,nuevo,1
109204,Cloe Gelabert,2024-06-03,regular,2
101578,Geraldo Calvet Tapia,2021-05-20,nuevo,0
107265,Cornelio de Rovira,2021-06-26,nuevo,0
109260,Martin Jaume Tomas,2020-10-26,nuevo,0
110184,Gregorio Perera Donaire,2021-05-03,nuevo,0
103971,Sebastián Abad,2021-08-29,regular,2
105880,Matilde Arévalo Manzanares,2022-03-21,nuevo,0
114164,Gregorio Rodrigo Villegas,2023-04-07,nuevo,0
114540,Ileana Cámara Vázquez,2021-03-26,nuevo,0
107194,Mamen Bilbao-Luz,2022-07-14,nuevo,1
103868,Luciano Bejarano Contreras,2022-08-02,nuevo,1
114675,Samanta Gomila-Vila,2022-05-29,nuevo,0
106824,Melisa Múñiz-Recio,2021-09-03,nuevo,0
111241,Bibiana Rincón Mur,2023-03-31,nuevo,0
107549,Vinicio Valle Lobo,2021-10-18,nuevo,0
100782,Domingo Alcalá-Cordero,2023-09-08,nuevo,1
101750,Ciro de Godoy,2022-12-30,nuevo,1
110984,Gabriela Luján,2022-06-05,nuevo,1
106520,Iris Martín Silva,2021-03-30,nuevo,0
105775,Teo Gonzalo Ródenas,2020-10-14,nuevo,0
109284,Raúl de Losa,2024-08-15,regular,2
109370,Marisa Romeu Vara,2020-09-23,nuevo,0
102325,Benita Verdejo Tomé,2022-08-27,nuevo,0
110272,Emilia Jordán Alegre,2020-08-05,nuevo,0
105056,Claudio Armengol Benítez,2023-06-18,nuevo,0
110801,Borja Vergara Blasco,2020-07-01,nuevo,0
114053,Tomasa Montesinos Barceló,2024-02-21,nuevo,0
110483,Martin de Gabaldón,2022-12-21,nuevo,0
101728,Agustina Feijoo,2023-03-13,regular,2
100611,Cándido Rozas Colom,2021-11-08,nuevo,0
104667,Isa Orozco Garmendia,2023-08-07,nuevo,0
105414,Carmela Bernat,2020-11-01,nuevo,0
108104,Manolo Rivera Peralta,2022-10-29,nuevo,0
108175,Duilio Rodrigo Guillén,2023-06-24,nuevo,0
108536,Toño Romeu Baró,2022-04-16,regular,2
111350,Danilo Castejón Navarro,2024-07-03,nuevo,0
103751,Marisa Abellán Sanjuan,2020-10-09,nuevo,0
111408,Gastón Amador Llanos,2023-07-16,nuevo,0
100098,Cristian Rozas Bello,2023-10-09,nuevo,0
106986,Cleto Rojas Moll,2020-03-11,nuevo,0
103138,Roberta Albina Baquero Quiroga,2021-04-28,nuevo,0
101538,Anabel Piñol Vilar,2024-04-23,nuevo,0
111781,Norberto Hernando Rosell Galan,2023-09-21,nuevo,0
103649,Leonor Baeza Barco,2020-05-22,nuevo,1
113846,Yéssica Macias Madrid,2021-04-17,nuevo,0
101518,Francisco Doménech Goicoechea,2020-09-08,nuevo,0
114571,Bernarda Mateos Recio,2023-01-08,nuevo,1
104625,Néstor Nilo Miró Cobo,2022-04-20,nuevo,0
111862,Anabel Díez Barragán,2020-06-04,nuevo,0
106567,Eustaquio Riquelme-Córdoba,2022-09-05,regular,2
102091,Timoteo Barberá Arco,2020-06-01,nuevo,0
107098,Norberto Barral Pont,2024-04-01,nuevo,1
106172,Tiburcio de Larrañaga,2022-09-14,nuevo,0
107522,Teresita Pintor,2023-09-17,nuevo,0
100573,Alicia Gallardo-Gras,2020-07-03,nuevo,0
114820,Calixto Ropero Cerro,2022-08-05,nuevo,0
114138,Matías Arranz Coloma,2020-03-21,nuevo,0
103063,Ruperta Escamilla Zapata,2021-03-16,nuevo,0
100598,Andrea Dolores Casanova Peñas,2021-05-29,nuevo,1
106634,Vito Alfonso-Heras,2022-08-18,regular,2
114693,Guiomar Montoya Expósito,2023-07-14,nuevo,1
107876,Ariel Catalán Valdés,2021-11-22,nuevo,1
107346,Leonardo Solís Vaquero,2021-10-08,nuevo,0
106305,Verónica Oliver Carmona,2023-05-03,nuevo,0
112494,Victoria Tejero Pavón,2023-10-18,nuevo,1
114713,Toño Peña Calderon,2023-07-29,nuevo,0
113468,Nico Cuéllar,2020-09-12,nuevo,0
105977,Chucho Benito Vaquero,2021-08-30,nuevo,0
108563,Eustaquio Llano Zabaleta,2021-03-03,nuevo,0
101939,Eleuterio Pozuelo Lledó,2024-03-07,nuevo,0
113071,Eliana Menendez Vizcaíno,2021-10-10,nuevo,1
108101,Ligia Alicia Gimenez Armengol,2021-07-27,nuevo,1
101754,Angélica Montero Comas,2023-07-16,nuevo,0
103671,Anna Redondo-Calzada,2021-08-13,nuevo,0
111845,Jordán de Agustín,2024-03-15,nuevo,0
112501,Máxima Ávila Pomares,2023-05-23,nuevo,0
102362,Manola Quevedo Vallejo,2021-05-13,nuevo,0
104261,Vicenta Checa Ropero,2022-07-26,nuevo,1
105433,Nazaret Colom Pascual,2022-10-05,nuevo,0
106286,María Pilar Valentín Fernández,2024-01-31,nuevo,0
112248,Sabina Mancebo Ribera,2020-07-31,regular,3
114749,Quirino Alemany Roig,2020-07-03,nuevo,0
111930,Jordi Silva Casals,2020-05-02,nuevo,0
112187,Isa Azorin,2021-12-11,nuevo,0
114182,Lorenzo Gutierrez Alsina,2022-05-02,nuevo,0
113714,Jose Antonio Sanz Miró,2023-05-15,nuevo,1
105592,Petrona Santamaria Herranz,2022-10-12,nuevo,0
101172,Guiomar Orozco Bou,2020-03-23,nuevo,1
107928,Prudencia Borrell Araujo,2021-05-16,nuevo,0
112526,Venceslás Puerta-Adán,2020-06-08,nuevo,1
109615,Gastón Escalona-Almansa,2022-02-16,nuevo,0
111334,Máximo Fabricio Marí Borrell,2024-01-30,nuevo,0
114572,José Manuel Solís Soriano,2023-12-31,nuevo,0
113102,Pánfilo Salcedo Otero,2020-06-27,regular,2
114279,Elvira Ferreras Esparza,2024-05-30,nuevo,0
100875,Juana Meléndez-Cañizares,2021-03-26,nuevo,1
102298,María Ángeles Torralba,2021-10-09,nuevo,1
114499,Flavio Alejandro Ugarte Granados,2020-07-11,nuevo,0
102644,Lucas Torrents-Barco,2023-06-18,nuevo,0
114446,Isidora Gual-Grau,2021-07-07,nuevo,0
105348,Berto Montes Matas,2023-01-12,nuevo,0
109033,Duilio Pelayo Villena Sala,2024-08-10,nuevo,1
100582,Josué Arnaiz Vizcaíno,2023-09-23,nuevo,0
100205,Flor Rosalía Bastida Fabra,2022-08-26,nuevo,1
107897,Quirino Calderón,2022-04-26,nuevo,0
109834,Salud de Luz,2021-06-07,nuevo,0
102015,Nayara Hervia,2021-08-22,nuevo,0
111446,Sara Vega-Castell,2020-03-11,regular,3
111664,Cleto Fuentes Batlle,2020-05-20,nuevo,0
100906,Cornelio Castejón Roldán,2020-12-04,nuevo,0
100632,Xavier Boix Barroso,2022-04-17,nuevo,1
108462,Nicanor Cruz Soriano Bernad,2022-10-01,nuevo,0
112980,Natanael Peláez Guillen,2021-05-20,regular,2
101975,Julián Benet Echeverría,2022-04-11,nuevo,0
100163,Rocío Olalla Madrigal Roldán,2024-04-11,regular,2
104999,Édgar Gárate Rosado,2024-02-08,nuevo,1
112835,Albino Iñiguez Pereira,2024-01-23,nuevo,1
109558,Heliodoro Saura-Reyes,2020-05-14,nuevo,0
113645,Noemí Boada Campo,2020-08-06,nuevo,1
104714,Loreto Nélida Vélez Raya,2023-09-09,regular,3
109068,Áurea Palomar-Conesa,2021-07-26,regular,2
101432,María Ángeles Manso Pizarro,2022-12-21,nuevo,0
106869,Édgar Sancho Núñez,2020-03-06,nuevo,1
114238,Miguel Ángel Tirado Casas,2022-11-11,nuevo,1
107711,Fabiola Felicia Hierro Abella,2020-09-27,regular,2
107737,Ibán del Guzman,2021-09-03,nuevo,1
104284,Erasmo Molins Anglada,2021-06-28,nuevo,0
107532,Valentina Sebastián Patiño,2024-06-21,nuevo,1
112376,Jeremías Miralles Murillo,2020-10-02,nuevo,0
111049,Jennifer Azucena Vergara Osuna,2024-08-08,nuevo,1
110054,Amaro Palma Diaz,2022-12-10,nuevo,0
110852,Seve Saez Cifuentes,2021-04-24,nuevo,0
103385,Rómulo Jover Vergara,2022-08-09,nuevo,0
112643,Dionisia Nevado Morcillo,2024-06-11,nuevo,0
114249,Maricela Angelita Cuesta Tolosa,2020-07-11,nuevo,0
107463,Eliseo Neira,2024-07-23,nuevo,1
103332,Samu del Miranda,2022-07-03,nuevo,0
114852,Casandra Valenciano-Montes,2024-05-24,nuevo,0
110596,Amparo Aparicio,2021-09-14,nuevo,1
106405,Cipriano Ariza Aznar,2023-11-13,nuevo,1
108896,Filomena Carrera Aznar,2023-09-03,nuevo,0
102097,Calixta Isabel Cabezas Jordá,2024-08-01,nuevo,1
110196,Vinicio Villalonga Pedro,2023-10-28,regular,2
113075,Emelina Chus Pol Solana,2024-04-23,nuevo,0
108000,Melania Barco Nevado,2021-03-21,nuevo,0
105018,Elba Pereira Sierra,2023-05-31,nuevo,1
108739,Yaiza Ariño Larrañaga,2020-12-11,nuevo,0
101450,Marta Corbacho Mateu,2024-02-15,nuevo,1
106901,Sandalio Vendrell Serna,2023-09-20,nuevo,0
102611,Joaquín Pino Ramírez,2023-07-04,nuevo,0
108187,Sabas Valentín Cervera,2021-11-21,nuevo,1
103921,Dalila Izquierdo Vallés,2020-03-12,nuevo,0
102758,Buenaventura del Viña,2023-05-06,nuevo,0
106398,Gisela Maricruz Alemán Plana,2023-09-01,nuevo,1
110078,Clímaco Exposito,2024-05-28,nuevo,0
111889,Hortensia Morera,2024-03-24,nuevo,0
115123,Lalo Gutiérrez,2024-07-28,nuevo,1
102098,Pancho Zurita Terrón,2020-11-09,nuevo,0
114725,Virgilio de Duarte,2021-11-30,regular,2
105625,Adelia Pizarro Zamorano,2023-09-13,nuevo,0
109029,Tiburcio Custodio Palomar Guzmán,2020-06-21,nuevo,1
103472,Bienvenida Lopez Jáuregui,2022-02-03,nuevo,0
108267,Manuelita Piñol Carreras,2022-04-23,nuevo,0
102172,Natalio Quintanilla Ferrera,2024-06-25,nuevo,1
114385,Virgilio Bermúdez Sacristán,2020-10-04,regular,2
114313,Ciríaco Benet-Catalán,2022-09-07,regular,3
108591,Faustino Pío Ramis Carrasco,2024-03-09,nuevo,0
102011,Juan Blázquez Falcón,2021-10-28,nuevo,1
115240,Cristina Alberdi Casanovas,2024-07-18,nuevo,1
101284,Marco Leocadio Fuente Requena,2022-05-03,nuevo,1
113279,Araceli Grau Mayo,2023-09-04,nuevo,0
110029,Gertrudis Juan Chaparro,2022-12-21,nuevo,0
114954,Sebastián Bautista Escolano Muro,2021-05-28,nuevo,1
101020,Abilio Calixto Franch Fortuny,2024-03-07,regular,2
109519,Juan José del Díez,2021-07-27,nuevo,1
111003,Conrado Muñoz Viana,2021-01-18,regular,2
108668,Ani Quevedo Flores,2023-09-22,nuevo,1
102811,Feliciano Cuéllar Leiva,2024-07-26,nuevo,1
113449,Florencio Antón-Mur,2020-11-25,nuevo,1
101652,Arturo Perelló Puig,2022-05-23,nuevo,0
114975,José Cifuentes Escribano,2020-04-04,nuevo,0
101170,Jennifer Andrade Tejera,2024-03-01,nuevo,0
110721,Paola de Gimenez,2022-01-13,nuevo,0
109399,Apolinar Amancio Estrada Serrano,2024-07-22,nuevo,0
106257,Dionisia Piñol Chaves,2021-04-23,nuevo,1
105470,Santiago del Anglada,2021-06-03,regular,3
113605,Vicenta Zaragoza Téllez,2024-01-29,nuevo,1
110259,Joaquín Padilla Llorente,2020-05-06,nuevo,1
100868,Leonor Bonilla Tello,2022-08-26,nuevo,0
111167,Edu Maestre Canet,2021-05-12,nuevo,1
105094,Félix Campoy Pozo,2024-05-19,nuevo,0
105434,Rosaura Gomis Fernández,2022-03-11,nuevo,0
100542,Eloísa del Jurado,2023-07-21,nuevo,0
109325,Alba Araujo Tapia,2021-04-24,nuevo,0
101078,Ángeles Coello Cózar,2021-10-25,nuevo,1
101078,Ángeles Coello Cózar,2021-10-25,nuevo,1
106355,Georgina Acuña Andres,2022-06-19,nuevo,0
114548,Elías Garriga-Gonzalo,2020-07-20,regular,2
103391,Andrea Almazán Castrillo,2023-03-02,nuevo,0
113177,Apolinar Olmo Gil,2023-11-05,nuevo,0
111155,Octavia Gaya-Guerra,2023-01-29,nuevo,0
111452,Josep Pascual Sola,2022-06-14,nuevo,0
112508,Renato Guillén Castelló,2022-01-04,nuevo,1
110776,Abilio Cañellas Mateos,2023-11-15,nuevo,1
111006,Celestina Oliva Carrillo,2024-05-07,nuevo,0
103960,Elvira Roldan,2020-07-14,nuevo,0
114447,Celia Noguera-Rius,2023-10-05,nuevo,0
106644,Primitivo Cervera,2023-12-11,nuevo,0
106842,Trinidad Coll,2021-05-12,nuevo,0
112894,Juliana Bejarano Cerro,2023-08-31,nuevo,0
103587,Belen Garrido,2022-06-11,regular,2
112565,Georgina Chacón Morata,2021-09-02,nuevo,1
102564,Mayte Pavón Sáenz,2022-10-01,nuevo,1
110823,Lino Cortes Abella,2020-08-06,nuevo,1
113888,Godofredo Parejo Andrés,2021-02-02,nuevo,1
112393,Alondra Carbonell Palomino,2022-08-25,nuevo,1
105037,Matías Roig Sancho,2020-09-19,nuevo,1
101081,María Alcalá Montaña,2022-03-15,nuevo,0
105892,Carmelo Camacho Puente,2022-12-11,nuevo,1
105892,Carmelo Camacho Puente,2022-12-11,nuevo,1
110278,Jordana Alemany Robles,2021-01-18,nuevo,0
110645,Abel Benavent Roig,2020-08-18,regular,2
104967,Roberta Revilla,2023-09-26,nuevo,0
102024,Marita Manso Escudero,2024-03-03,nuevo,1
114004,Haydée Cuenca,2022-07-18,nuevo,0
107910,Jenny Lilia Torrent Vazquez,2022-08-07,nuevo,1
113595,Olegario Flor Muro,2023-04-02,nuevo,0
107322,Yésica del Peral,2021-04-02,nuevo,1
100227,José Luis Barba Posada,2024-03-18,nuevo,0
101014,Corona Infante Alegre,2022-08-13,nuevo,0
101930,Candelas Ríos,2021-01-18,nuevo,1
113055,Danilo Vallés Tovar,2020-03-16,nuevo,1
105252,David Aguiló Carreño,2022-10-25,nuevo,0
109597,Marcial Ibañez Torrijos,2024-07-21,nuevo,0
102180,Xavier Fuentes Peiró,2022-08-16,nuevo,0
100698,Sabas del Salvà,2024-08-16,nuevo,0
101125,Ema Chaparro,2023-12-22,nuevo,0
107379,Agustina del Figueras,2022-09-23,nuevo,0
112088,Lucho Vallés,2023-10-12,nuevo,0
112763,Marcelino Cervantes Porta,2023-04-03,nuevo,0
105111,Graciana Uribe-Domínguez,2023-08-30,nuevo,0
107903,Iris Soria Gimenez,2024-01-23,nuevo,0
101779,Vasco Pareja Moreno,2023-04-29,nuevo,0
112398,Petrona del Pou,2022-03-03,nuevo,0
102635,Segismundo Pedrero Casas,2020-11-08,nuevo,0
107545,Ramón Espinosa Acedo,2022-09-09,nuevo,0
107605,Aitana Mateos Viñas,2020-03-25,nuevo,1
103490,Leandra Clemente-Pujadas,2023-03-13,nuevo,0
101038,Leticia Paz-Santamaría,2021-03-05,nuevo,0
110449,Faustino Tur-Guitart,2020-09-19,nuevo,1
112715,Isaura Tamarit-Herranz,2022-10-02,nuevo,0
108506,Jose Miguel Ros Villalba,2023-10-20,nuevo,1
102650,Ibán Tolosa-Parra,2022-05-18,nuevo,0
110474,Asunción Carrión Rovira,2023-06-19,nuevo,1
102980,Onofre Vargas Ferrero,2023-01-21,nuevo,0
102548,Elpidio Pedraza,2020-07-05,nuevo,1
105133,Adela Calleja,2023-11-16,nuevo,0
102160,Roque del Viana,2022-05-13,nuevo,0
111330,Felipa Gibert Duque,2023-06-22,nuevo,1
109115,Quirino Soriano Cuevas,2020-05-12,nuevo,0
106446,Belén Vilaplana Peralta,2021-08-12,nuevo,0
103968,Cirino Bayo,2024-01-31,nuevo,0
101429,Ágata Bonilla Feijoo,2023-06-22,nuevo,0
113097,Rubén Viana Castell,2022-08-28,nuevo,0
102521,Leopoldo Puga Antúnez,2020-10-31,nuevo,0
112440,Toribio Ribas,2023-02-15,nuevo,1
108034,Iris Ripoll,2022-10-14,nuevo,0
113349,Roxana Melero Méndez,2020-04-21,nuevo,1
113452,Esmeralda de Alegre,2023-11-13,nuevo,0
100449,Herminio del Tomas,2023-10-26,nuevo,0
113218,Isidora de Conde,2020-03-08,nuevo,0
109477,Isabel Rosario Jáuregui Pedrero,2021-05-05,nuevo,0
105996,Teófila Cifuentes Lara,2023-03-07,nuevo,0
112493,Reinaldo Chamorro Cañete,2023-05-30,nuevo,0
107354,Coral del Camino,2023-11-01,nuevo,1
108554,Perlita Molina Zamorano,2023-02-27,nuevo,0
106280,Yolanda Palmira Bernat Alberto,2020-12-19,nuevo,0
113931,Germán Baños Valcárcel,2023-10-30,nuevo,0
107296,Jessica Álvaro Rozas,2022-07-30,nuevo,0
109497,Javiera Hidalgo Villalobos,2022-06-13,nuevo,1
106252,Rufina Llorens Ochoa,2023-04-01,nuevo,0
105927,Graciano Lladó Agustí,2023-07-21,nuevo,1
102461,Cecilia del Cañas,2022-06-07,nuevo,0
100023,Poncio del Ferrán,2023-03-27,nuevo,0
102067,Nando del Andrés,2021-07-14,nuevo,0
101654,Luisina del Escobar,2020-11-07,nuevo,1
108895,Calisto Blanes Barceló,2023-06-27,nuevo,1
108707,Anastasia Valls Gonzalo,2022-04-28,nuevo,1
110936,Lara Valderrama Madrid,2022-03-04,nuevo,1
101377,Violeta Cáceres Haro,2020-05-30,nuevo,0
101725,Che Daza Marco,2023-03-14,nuevo,1
110661,Vilma Mateu,2023-01-24,nuevo,0
103755,Bernardino Escobar Plana,2022-06-01,nuevo,0
110518,Leticia Saez Fabregat,2023-04-14,regular,2
108653,Apolonia Amador Rovira,2020-12-03,nuevo,1
104184,Ester del Gilabert,2021-01-06,nuevo,1
104083,Ester Escamilla Pinilla,2024-03-10,nuevo,0
109679,Severiano Castañeda Cases,2021-09-04,nuevo,1
109679,Severiano Castañeda Cases,2021-09-04,nuevo,1
111871,Mauricio Sanz Borrás,2024-08-24,nuevo,0
108475,Nieves Blanca Sancho,2021-05-03,nuevo,0
106580,Sarita Bermudez Sanabria,2023-01-20,nuevo,0
104559,Amparo Olivé-Quintero,2023-09-08,regular,3
103538,Leticia Marco Zabala,2021-03-27,nuevo,0
113032,David García Montes,2022-02-17,nuevo,0
107004,Amor Quintero Moreno,2020-03-03,nuevo,0
110774,Gabriel Norberto Zaragoza Téllez,2024-08-27,nuevo,0
109561,Mar Adriana Barbero Vilanova,2021-08-05,nuevo,1
114756,Jordán Colomer Valenzuela,2021-02-16,regular,3
113170,Anita Daza Manso,2020-09-02,nuevo,1
108790,Loida Tejedor Paredes,2021-03-06,nuevo,0
109952,Bárbara Hurtado Duran,2022-08-27,nuevo,1
100647,Aurelio Cerro Guardia,2020-04-21,nuevo,0
106382,Esteban Santos Múgica,2022-10-12,nuevo,1
107528,Rafaela Hervia Mendoza,2022-12-10,nuevo,1
115092,Lalo Ortega Rius,2022-11-12,nuevo,1
112540,Dimas Royo Villegas,2021-02-07,nuevo,0
107166,Hortensia Mir-Quirós,2023-07-24,nuevo,0
111661,Azahara Llorente Recio,2021-04-29,nuevo,0
112408,Dionisio de Álvarez,2021-10-13,nuevo,1
107698,Poncio del Rocamora,2022-06-16,nuevo,1
111183,Melania Cazorla,2020-09-08,nuevo,1
114656,Adela Figueras Samper,2021-07-24,nuevo,0
104876,David Julián Asenjo Montesinos,2024-04-02,nuevo,0
110737,Nando Jerez Tovar,2022-02-05,nuevo,0
113382,Ezequiel de Valls,2023-02-20,nuevo,0
105342,Maristela Morales Sanchez,2020-09-25,regular,2
113290,Blas Guardia Palomares,2021-01-24,nuevo,0
112259,Jordán Sevilla Botella,2020-04-17,nuevo,0
112181,Marcos Colomer Barón,2023-03-09,nuevo,1
107032,María del Medina,2023-06-23,nuevo,0
102161,Felisa Varela Font,2022-05-17,nuevo,1
100686,Eladio Vives,2021-01-12,nuevo,1
112396,Salomón Ropero,2020-06-25,nuevo,1
111436,Angelina Guijarro Millán,2021-12-26,nuevo,0
102462,Gastón Lladó Sevilla,2023-06-09,nuevo,0
112276,Ofelia Carbó Miró,2021-04-09,regular,2
111030,Sandra Díez-Hurtado,2023-06-13,nuevo,0
111890,Andrea del Páez,2020-06-10,nuevo,1
107129,Armando del Barco,2022-11-27,nuevo,1
106268,Jose Carlos Carlos Novoa,2020-03-06,nuevo,1
104942,Evangelina Borja Portero,2024-03-07,nuevo,0
105947,Isa Mulet Alegre,2023-03-31,nuevo,0
104584,Cirino Ródenas,2021-01-21,nuevo,0
105785,Teodoro del Acosta,2022-01-10,nuevo,0
112233,Clímaco Vázquez Martin,2020-06-28,nuevo,0
110423,Andrés Losada España,2021-05-23,nuevo,0
107570,Alejandro Duran Puga,2021-05-18,nuevo,0
113271,Martirio Carnero Camacho,2020-05-18,nuevo,0
110513,Julie Vallejo-Plana,2022-04-12,nuevo,0
100522,Alondra Campos Cabello,2024-07-30,nuevo,0
108715,Fernando Peinado Valcárcel,2024-07-07,nuevo,0
113708,Adelina Valentín Palacios,2022-10-28,nuevo,0
113921,Ruth Alegre Vall,2023-01-05,regular,2
103984,Tomasa Mendoza,2024-02-03,nuevo,1
114887,Adela Rosell Bermejo,2021-04-11,nuevo,0
113479,Espiridión Jaime Cerezo Leiva,2023-03-31,nuevo,0
100781,Mauricio Estévez Conde,2021-09-22,nuevo,0
110614,Sandra Fuster Peiró,2023-12-03,nuevo,0
112788,Jordán Manuel-Cabo,2021-02-06,regular,2
105608,Teodosio Cortina Llanos,2022-07-18,nuevo,0
105979,Maximiano Riquelme Mendez,2023-10-18,nuevo,1
108844,Onofre Osorio Barreda,2024-02-23,nuevo,1
103748,Leonardo Gallo Colom,2023-05-13,nuevo,0
102197,Cruz Boada Mayo,2022-01-24,nuevo,1
108562,Aureliano Cirino Martín Coello,2023-03-26,nuevo,1
104286,Paulina del Tena,2021-01-09,regular,2
112407,Severo Escalona Parra,2020-08-25,nuevo,0
108570,Azucena Uriarte Estévez,2021-02-12,nuevo,1
110409,Manuela del Cifuentes,2021-07-08,nuevo,0
109833,Norberto Vilalta Marqués,2021-10-02,nuevo,0
109806,Moisés Ayuso Gonzalez,2022-03-05,nuevo,0
106980,Olga Barberá Tolosa,2024-02-13,nuevo,0
101828,Verónica Luciana Baró Arcos,2023-07-10,nuevo,0
111825,Teodoro Casares-Figueras,2021-01-10,nuevo,0
109155,Jorge Bravo Martín,2023-09-18,nuevo,1
114739,Susana Gilabert-Narváez,2022-01-31,nuevo,1
115062,Jimena Barroso Chamorro,2023-01-16,nuevo,1
102377,Feliciano Pagès-Rubio,2021-05-21,nuevo,0
108552,Odalys Piñol,2021-04-14,nuevo,0
103840,Heriberto Reinaldo Gallardo Flores,2022-05-08,nuevo,1
114730,Fabiana Esteban Solé,2021-11-02,nuevo,0
101247,Tecla Barrera Agustí,2024-01-21,nuevo,0
107505,Leticia de Esteban,2022-04-17,nuevo,0
111484,Marcial Pelayo Aguilera,2021-02-03,nuevo,0
106512,Áurea Bernad Diez,2020-12-11,nuevo,1
111887,Custodio del Francisco,2020-10-02,nuevo,1
114257,Florina Piña Montesinos,2024-03-14,nuevo,0
105440,Lisandro Baeza Miranda,2022-06-20,nuevo,0
110760,Leire Tello Cal,2024-07-03,nuevo,0
111616,Eva Pino Cisneros,2020-03-18,nuevo,0
110230,José María Amaya Montserrat,2023-11-16,nuevo,0
114407,Nicanor Santamaria Tur,2020-05-29,nuevo,1
108965,Jaime Becerra Doménech,2021-11-18,nuevo,0
110682,Diego Jerez Ramírez,2023-11-25,nuevo,1
111755,Teodora Girón Palau,2020-09-15,nuevo,1
115127,Eva María Múgica Vilar,2023-07-11,nuevo,0
114860,Nicolasa Conesa Almansa,2021-12-07,nuevo,1
105511,Eulalia Jaén,2023-01-04,regular,2
105331,Ligia Granados Gordillo,2021-03-16,nuevo,0
104532,Marco Berrocal-Collado,2024-02-13,regular,2
109867,Pánfilo Juárez Saez,2023-01-13,regular,2
100366,Ceferino Kike Campillo Bas,2020-05-27,nuevo,0
112588,Herminio Matas Santiago,2021-04-12,nuevo,1
112090,Vicente Leocadio Bravo Marcos,2022-08-16,nuevo,0
100148,Domingo Coloma Maestre,2020-11-22,nuevo,1
101669,Porfirio Rovira Diez,2020-10-05,nuevo,0
111281,Édgar Pont Pulido,2022-01-27,nuevo,1
113784,Poncio de Sevillano,2022-08-14,nuevo,1
107651,Fanny Barrio Iglesia,2024-03-19,nuevo,0
108600,Elpidio del Pozo,2023-05-05,nuevo,0
111699,Geraldo Batalla-Figueras,2024-06-11,nuevo,0
107789,Natanael Lobato Caballero,2024-04-01,nuevo,1
103457,Reinaldo Madrid Lillo,2022-10-28,nuevo,1
112375,Graciano Cantón,2023-04-07,nuevo,1
111769,Angelita Oliver Benavente,2020-07-12,nuevo,1
103272,Graciano Gil Mateu,2023-02-17,nuevo,1
104941,Balduino Lozano Salvà,2024-02-14,nuevo,0
109224,Íngrid Pinto Viñas,2020-05-26,nuevo,0
112569,Primitiva Espejo Pino,2022-01-14,regular,2
106231,Pastora de Pizarro,2021-05-26,nuevo,0
113880,Loreto Gallart,2022-08-09,regular,2
112618,Claudio Soler Quintanilla,2020-11-07,nuevo,1
109048,Claudio Saturnino Arenas Diez,2021-06-20,nuevo,0
103927,Benita Samper Antúnez,2023-02-15,nuevo,0
113309,Azucena de Redondo,2020-12-13,nuevo,0
108081,Manu Álvaro Bilbao,2023-04-21,nuevo,1
100079,Celestino Quintanilla,2023-03-22,nuevo,0
107089,Omar Ibáñez Cano,2022-06-17,nuevo,0
102248,Fabiana Batalla Arnal,2022-10-12,nuevo,0
112836,Javier Dalmau Camacho,2021-08-29,nuevo,0
113360,Isidora Herranz Briones,2021-03-18,nuevo,0
114957,Baltasar Narváez,2020-08-29,nuevo,0
112888,Cristian Jose Miguel Iniesta Arce,2021-09-04,nuevo,0
107452,Pablo Quintana Gómez,2021-10-10,regular,2
102280,Nicanor Lobo-Saavedra,2022-05-07,nuevo,0
108124,Edmundo Cerro Correa,2021-10-20,nuevo,0
112288,Virgilio Zabala Peñas,2022-01-05,nuevo,0
103898,Fidel del Morales,2021-06-22,nuevo,1
113269,Raimundo Palmer Villa,2020-11-16,regular,2
107178,Amada Puga Ribes,2021-06-11,nuevo,1
109313,Lino de Carranza,2022-01-09,nuevo,1
114734,Hermenegildo Escamilla Bayona,2023-12-23,nuevo,0
103632,Nicolás Gabino Donaire Aroca,2020-03-20,nuevo,1
113432,Asdrubal de Agustín,2021-08-11,regular,2
106273,Haydée Ribera Bautista,2023-10-19,nuevo,0
108617,Kike Huerta Lobato,2024-06-02,regular,2
100393,Óscar Cervera Serna,2023-05-24,nuevo,0
103192,Maricruz Iglesia-Quintero,2021-03-16,nuevo,0
100017,Jimena Hervia Gonzalez,2020-11-01,nuevo,0
104201,Nydia Carbonell-Agustí,2022-10-22,nuevo,0
102673,Goyo Vicens Dueñas,2023-01-18,nuevo,0
114865,Erasmo del Mínguez,2021-04-07,nuevo,0
106165,Marcial Andreu Niño,2022-06-07,nuevo,0
114360,Encarnación Vila Figueroa,2023-07-21,nuevo,1
103494,Cándido Bermejo Morillo,2024-03-25,nuevo,1
109652,Ángela Bilbao Alcaraz,2021-12-17,nuevo,1
113200,Calixta Gloria Marco Chamorro,2021-06-18,nuevo,0
107395,Ámbar Carbajo Morera,2020-10-21,nuevo,1
104840,Reyna Pombo Herrero,2023-05-31,nuevo,1
100594,Dionisio Vázquez Maestre,2024-07-01,nuevo,0
112028,Serafina Itziar Palmer Saura,2021-03-07,nuevo,1
114515,Melisa Palomar,2023-10-13,nuevo,0
108738,Pepito del Higueras,2020-06-30,nuevo,1
105828,Catalina Cisneros Viñas,2022-11-05,nuevo,1
110750,Heraclio Ros Real,2022-04-26,nuevo,1
107962,Mauricio Aguiló Barreda,2022-03-22,nuevo,1
112471,Bernabé Ribas Alvarado,2024-06-09,nuevo,0
105888,Salvador Robledo-Pujol,2022-02-03,nuevo,0
102356,Sebastian Maximiliano Company Merino,2020-10-28,nuevo,0
106037,Ignacia Bayona Terrón,2020-06-14,nuevo,0
104799,Fausto Peñas Mur,2024-03-01,nuevo,0
110635,Ale Andrade-Vizcaíno,2022-05-25,nuevo,1
113474,Leopoldo Criado Huguet,2020-07-07,nuevo,0
104593,Porfirio Baró Exposito,2023-12-10,nuevo,0
111235,Febe de Salcedo,2020-09-08,nuevo,0
108657,Flavio Acuña,2024-06-17,nuevo,0
100164,Maura Carranza Galan,2021-03-03,nuevo,1
114439,Rafa de Codina,2022-07-06,nuevo,0
114703,Leonardo Román,2024-02-11,nuevo,1
115222,Micaela Luz Quirós Teruel,2020-10-08,nuevo,0
107381,Ofelia Murillo-Palomino,2021-11-16,nuevo,0
110202,Artemio Montes Llorens,2022-10-12,nuevo,0
106357,Tere Anastasia Cañellas Barba,2021-07-27,nuevo,0
111277,Vicenta Jaén Aguiló,2022-03-28,nuevo,0
109093,José Ángel Coca Morcillo,2023-12-27,nuevo,0
106008,Encarnación Lucila Parra Losada,2021-12-22,nuevo,0
107994,Albino Gonzalo Olivares,2022-01-15,regular,2
107639,Mateo Viña Busquets,2021-04-14,nuevo,0
106794,María Fernanda Pozuelo Feliu,2023-12-17,nuevo,0
110901,Custodio Company Amo,2021-09-18,nuevo,0
107759,Lupe Toledo Pozo,2021-06-29,nuevo,0
104838,Jovita Manjón Rico,2021-12-22,nuevo,0
102294,Narcisa Loreto Angulo Fuster,2020-12-16,nuevo,0
106549,Anita de Valentín,2023-04-23,nuevo,0
107899,Malena Torrecilla-Mir,2020-06-14,nuevo,0
104482,Gerónimo Berrocal Galindo,2021-11-13,nuevo,0
103717,Concepción Marín Malo,2020-04-07,regular,2
110838,Clara Gimenez Morante,2023-05-10,nuevo,1
106141,Blas Gracia Carrión,2023-01-24,nuevo,0
109957,Vanesa Porras,2021-11-08,nuevo,1
101550,Rafael Palomar-Lobo,2022-05-09,nuevo,0
111222,Calista Pombo Torrecilla,2021-11-16,nuevo,0
110332,Bernarda Segarra-Roman,2023-03-05,nuevo,0
102045,Seve Escolano-Novoa,2023-01-20,nuevo,1
100768,Bernarda Flores-Arranz,2023-11-29,regular,2
105694,Luis Ángel Coloma Dávila,2021-07-30,nuevo,0
107871,Buenaventura Zaragoza Garmendia,2024-08-29,nuevo,0
109701,Vito Osorio Castelló,2022-08-04,nuevo,0
107858,Tristán Acosta,2020-09-26,nuevo,1
103303,Irene Lorenzo,2021-09-12,nuevo,0
104518,Mohamed Jordá,2020-09-18,regular,2
112412,Jimena Baena Fabregat,2022-01-02,nuevo,1
114144,Simón Corominas Barriga,2020-03-11,regular,2
112566,Florinda del Castilla,2021-05-16,nuevo,1
112566,Florinda del Castilla,2021-05-16,nuevo,1
103293,Artemio Serna Molins,2022-10-25,nuevo,1
109012,Isabel de Bustos,2023-08-05,nuevo,0
101404,Marisol Espinosa Guillén,2022-08-02,nuevo,1
101383,Ciríaco Pareja Herranz,2021-05-14,nuevo,0
110341,Loida Judith Coca Cueto,2022-08-15,nuevo,0
105672,Nuria del Noguera,2022-04-29,nuevo,0
101639,Fanny Manrique-Daza,2023-11-17,nuevo,1
115247,Osvaldo Rómulo Bas Chaparro,2022-03-10,nuevo,1
106908,Gala Blanca Reig,2022-03-05,nuevo,1
106908,Gala Blanca Reig,2022-03-05,nuevo,1
108592,Emigdio Bautista Moya,2023-02-16,nuevo,1
106407,Amelia Avilés Coll,2022-05-19,nuevo,1
109075,Teodosio Plana Ripoll,2024-03-04,nuevo,0
111758,Juan Francisco Duilio Garay Gordillo,2020-03-21,nuevo,0
114686,Poncio del Francisco,2022-10-25,nuevo,0
101180,María Sacristán-Blanca,2020-08-07,regular,2
105449,Agustín de Girona,2024-06-26,nuevo,0
112437,Débora Cuervo Atienza,2020-03-07,nuevo,0
112834,José María Lamas Manzano,2024-08-09,nuevo,1
110323,Lorena Samper Torre,2023-01-04,nuevo,0
105079,Luz Borrell Martín,2024-05-07,regular,2
108649,Florentino Villanueva Jara,2021-03-23,nuevo,0
105176,Amado Toro Becerra,2024-06-21,regular,3
110143,Lucio Pera,2022-12-22,nuevo,0
100690,Eustaquio Nebot Vigil,2024-06-24,nuevo,0
113797,Isabel Nicolás Andreu,2021-05-11,nuevo,0
106526,Emiliana Nebot Marín,2020-09-03,nuevo,1
106489,Paula Gallo,2022-09-26,nuevo,0
110146,Arsenio Eduardo Bou Baños,2021-08-16,nuevo,0
107155,Yéssica Tovar Blanca,2021-12-14,nuevo,0
113099,Rocío Exposito Godoy,2021-12-14,regular,3
106611,Angelita Cuéllar Barceló,2020-04-04,nuevo,0
113339,Heraclio Hurtado Aroca,2021-05-01,nuevo,0
114807,Jose Casemiro Ferrán Roma,2022-05-27,regular,2
104350,Nereida Eva María Hervia Escalona,2023-05-06,nuevo,0
101885,Azahara Azahara Díaz Mas,2023-03-01,regular,3
113466,Yésica Elías,2022-12-29,nuevo,0
102495,Ágata Figueras Carrión,2020-06-29,nuevo,0
105948,Carlos Barral Rosado,2023-08-09,nuevo,1
103037,Nélida Oliver Sáenz,2020-08-09,nuevo,1
105778,Belen Garzón Martorell,2024-08-17,nuevo,1
111796,Jesús Pareja Villalobos,2021-09-12,nuevo,1
100846,Julián Navarro Ferrer,2023-02-14,nuevo,0
108735,María Belén Lozano Pinedo,2023-04-19,nuevo,0
111917,Rodolfo Ribes-Barroso,2023-03-08,nuevo,1
112380,Ascensión Tamara Adadia Sotelo,2022-10-15,nuevo,0
111872,Tomasa Serna Garmendia,2024-06-03,nuevo,0
112416,Agapito Trillo Castilla,2024-02-09,nuevo,0
107968,Basilio Hurtado Gisbert,2023-02-16,nuevo,0
113212,Damián de Enríquez,2022-05-10,nuevo,1
107341,Domitila Valdés Julián,2021-08-27,nuevo,0
114037,Fabricio Fuertes Rosa,2022-02-28,regular,2
112880,Gustavo Blasco Moll,2022-10-05,nuevo,0
107138,Marianela Eloísa Tapia Jáuregui,2024-01-10,nuevo,0
102965,Estela de Luna,2021-04-26,nuevo,1
102530,Baldomero Larrea-Salom,2020-05-27,nuevo,1
105773,Leopoldo Herminio Sancho Alsina,2022-01-19,nuevo,1
101049,Espiridión Alcalá Montserrat,2021-04-21,nuevo,0
107046,Cipriano Amat Pavón,2023-12-17,nuevo,1
101961,Ana Sofía Lluch,2023-12-16,nuevo,1
102531,Belén Torrents Acosta,2023-07-27,nuevo,0
111139,Irene Muñoz Cisneros,2021-02-08,nuevo,0
108430,Conrado Aranda Rincón,2022-07-12,nuevo,0
104918,Patricia Tomas Mur,2023-01-18,nuevo,1
109326,Nilo del Castellanos,2024-03-18,nuevo,1
105902,Georgina Ojeda,2023-10-07,nuevo,0
108287,Victoria Salas Juliá,2022-04-21,nuevo,0
104260,Anastasio del Solís,2023-06-18,regular,2
113347,Pacífica Roura-Batlle,2022-04-29,nuevo,0
113453,Inocencio Martinez Medina,2022-03-04,nuevo,0
105657,Benjamín José Antonio Valls Torrijos,2022-02-01,nuevo,0
112554,Hernán Peñalver Cámara,2021-10-26,nuevo,0
106098,Flavia Carmona Campo,2023-12-31,nuevo,0
105908,Ovidio Vila Berenguer,2021-07-10,nuevo,1
107374,Violeta Jaén Nevado,2022-10-12,nuevo,1
102979,Segismundo Norberto Ferrando Francisco,2020-03-02,nuevo,0
114496,Trinidad Alvarez Rovira,2023-01-13,regular,2
106722,Juliana del Castelló,2024-04-08,nuevo,1
107843,María Carmen de Murcia,2022-04-27,nuevo,1
108265,Itziar Natividad Ros Gallardo,2020-08-29,nuevo,0
113675,Ruperta Santamaria Ramón,2022-07-13,nuevo,1
112112,Adelaida Moliner,2022-12-14,nuevo,0
103139,Prudencio Mariano Escribano Mir,2021-12-29,nuevo,0
108326,José Luis Mayol Tapia,2021-10-05,nuevo,1
112266,Josué Daza Lucas,2023-10-14,nuevo,1
114384,Aníbal Goicoechea Español,2020-07-15,nuevo,0
111422,Juan Francisco Cases,2022-07-29,nuevo,0
101827,Aránzazu Coll Rojas,2021-04-14,nuevo,0
105549,Maricela Cabezas-Arenas,2021-02-27,nuevo,0
108786,Albert Casal,2022-12-05,nuevo,0
110918,Cecilio Buenaventura Ariza Cal,2021-01-11,nuevo,0
112330,Mirta Valdés Gámez,2022-11-15,nuevo,1
100561,Estefanía Falcón Gracia,2022-09-19,nuevo,1
113732,Cruz José Noriega Esteve,2024-05-01,nuevo,0
108436,Primitiva Juliá Ferreras,2023-05-01,regular,2
105436,Toño Collado,2021-09-10,nuevo,0
104438,Custodia Jove,2021-07-19,nuevo,0
110383,Rita Molins Ibáñez,2023-02-27,nuevo,0
108598,Ciro Melchor Agustí Botella,2021-09-30,nuevo,1
101443,Dorotea Niño Puig,2023-09-08,regular,2
108454,Melchor Iglesias Barrena,2020-11-08,nuevo,0
104407,Cruz Tamayo Amorós,2022-10-25,nuevo,1
114846,Felisa Sebastián-Torralba,2021-07-07,regular,2
101690,Cebrián del Morera,2024-06-23,nuevo,0
109918,Arsenio Español Verdugo,2020-03-02,nuevo,0
114016,Marcial Nuñez Arellano,2024-08-16,nuevo,0
105963,Lalo Dani Campos Francisco,2021-10-11,nuevo,0
102497,Dorotea Feijoo Salvà,2021-02-04,nuevo,1
112737,Paulino Miralles,2020-08-05,nuevo,0
100341,Modesto José Ángel Aranda Sierra,2023-07-06,nuevo,0
102409,Priscila Santiago Maldonado,2023-01-08,nuevo,0
109794,Ángela Jove,2020-06-13,nuevo,1
112997,Rico Rivera Hurtado,2023-11-07,nuevo,0
105783,Etelvina María Teresa Pla Ramírez,2023-01-17,nuevo,1
104577,Vicenta Carrasco Cuesta,2021-10-31,nuevo,0
103726,Berta Moles Cerdá,2022-02-26,nuevo,1
102786,Anacleto Rey,2021-12-07,nuevo,1
109716,Jesús de Aguiló,2022-10-15,nuevo,0
113400,Olalla del Barceló,2021-03-20,nuevo,0
114639,Ester Vilar-Marqués,2022-08-01,regular,2
101013,Remedios Rubio Martin,2021-12-05,nuevo,0
105281,Adela Bonilla Camps,2023-03-07,nuevo,0
104896,Carina Hernández,2021-05-03,nuevo,1
109959,Pastora Martí Córdoba,2023-09-04,nuevo,0
107122,Nidia Martí Tello,2020-07-08,nuevo,0
106550,Geraldo Trillo Martínez,2022-01-11,nuevo,0
104038,Luciano Quintero Herrero,2024-08-21,regular,2
100149,Godofredo Zurita Arranz,2021-05-14,nuevo,0
100286,Máxima Coca-Barceló,2020-03-26,regular,3
115033,María Teresa Andrés-Llorente,2021-06-14,nuevo,0
108556,Jordán Saura Alonso,2020-09-15,nuevo,1
112136,Alejo Villalonga Parra,2022-09-11,nuevo,0
113079,Yaiza Olmedo Camacho,2022-08-27,regular,3
109733,Sosimo Torrents Tirado,2023-07-14,nuevo,0
106771,Julieta Olivera Navarrete,2023-04-09,regular,2
104444,Susana Lloret Pedraza,2023-08-29,nuevo,0
107447,Inés Cantero-Bas,2020-10-05,nuevo,1
100237,Adelia Pozo Jaume,2022-03-05,nuevo,1
114937,Prudencio Dalmau Malo,2023-12-03,nuevo,1
110755,Evita Barberá Pedro,2024-08-17,nuevo,0
107124,Guiomar Navarro Echeverría,2020-10-22,nuevo,1
112994,Ángel Aramburu-Ropero,2021-01-27,nuevo,0
114883,Iván de Valero,2020-11-30,nuevo,1
103084,Patricio Herrero Juliá,2021-02-15,nuevo,0
114920,Patricia Carranza Navarrete,2020-05-22,nuevo,0
110295,Judith Peral Antúnez,2024-02-24,nuevo,1
100633,Ramón González Urrutia,2024-04-10,nuevo,0
106814,Custodio Acedo Marí,2023-05-25,nuevo,0
102494,Sandalio Solana-Ortuño,2024-02-29,regular,2
102666,Marta Fernandez Luz,2023-01-08,nuevo,0
112599,Santos Prats Valentín,2022-10-16,nuevo,0
113310,Anselma Diez Palau,2021-01-21,nuevo,0
113100,Evita Aragón Blanes,2021-06-16,nuevo,0
110527,Victor Manuel Carmona Correa,2022-03-05,regular,2
110061,Javi Alvarado Araujo,2021-01-17,nuevo,0
111812,Miguela Machado Blasco,2020-10-14,regular,2
112076,Marisela del Palacio,2022-03-11,nuevo,1
113190,Gilberto Agudo Esteban,2024-05-21,nuevo,0
104212,José María Bauzà Hernando,2020-04-30,nuevo,1
109687,Ileana Mar Cortes Prado,2020-06-16,nuevo,1
110594,Domitila Feijoo Laguna,2023-09-07,nuevo,0
103875,Alba Fernández Cid,2023-05-11,nuevo,0
109425,Antonio Paredes-Arroyo,2023-01-27,nuevo,1
110854,Cecilia Catalina Velázquez Tur,2023-11-16,nuevo,1
112843,Isaías Rey Blanch,2022-10-07,nuevo,0
114857,León Saldaña Armas,2020-04-01,nuevo,0
113995,Anastasio Nico Tirado Olivera,2021-04-20,nuevo,0
107427,Ester Álvaro Vilanova,2023-05-20,nuevo,1
112346,Valentina Manuel Carbonell,2021-05-30,nuevo,0
113194,Victoria Vallejo Herrera,2023-03-15,nuevo,0
111254,Abilio Escobar Cervera,2024-07-21,nuevo,1
114343,Leticia del Caparrós,2023-07-27,nuevo,0
109778,Isidoro Gabaldón Nebot,2020-11-17,nuevo,1
101736,Anabel del Pastor,2023-09-17,nuevo,0
107398,Roldán Crespi-Saldaña,2023-10-04,nuevo,1
111016,Luisa Bastida Ordóñez,2020-06-23,nuevo,0
104256,Guiomar Suárez Narváez,2024-06-08,nuevo,0
115178,Amancio Hernandez Bayón,2020-06-22,nuevo,1
102476,Leyre Miguela Tomé Arévalo,2021-03-25,nuevo,0
110757,Ximena Cueto,2023-07-21,nuevo,0
103714,Bernardita Saavedra Solé,2020-10-13,nuevo,0
113991,Plácido Prat Asenjo,2020-12-20,nuevo,1
101805,Reyes Villalobos Casals,2024-06-07,nuevo,0
100708,Odalys Hidalgo Frutos,2022-12-06,nuevo,1
111239,Amador Miguel Olivares,2022-06-08,nuevo,0
114330,Celia Verdugo Galván,2024-01-22,nuevo,0
105190,Aitor Acero Fuentes,2021-12-27,nuevo,0
113556,Elodia Guijarro Guardiola,2020-07-03,nuevo,0
105473,Marcos Aliaga Garrido,2024-04-21,nuevo,1
100073,Jose Angel Bartolomé Navarrete,2022-07-27,regular,2
107844,Trinidad Bueno Alemany,2021-04-26,nuevo,0
107844,Trinidad Bueno Alemany,2021-04-26,nuevo,0
112641,Olivia Torrents Cuesta,2023-12-18,nuevo,0
115036,Anunciación Santiago Valera,2024-07-07,nuevo,0
105102,Domingo Roldan-Conde,2022-04-23,nuevo,1
106765,Enrique Suarez Castilla,2021-09-08,nuevo,0
109383,Fabián Cabo Vergara,2023-04-21,nuevo,0
110794,Arsenio Cueto,2022-05-17,nuevo,1
101126,Gisela Casares Gascón,2024-06-29,nuevo,0
101242,Jerónimo Lluch Díez,2023-06-29,nuevo,0
112821,Eva María Ropero Bayo,2021-09-13,nuevo,0
114706,Jacinto Márquez Alfaro,2022-03-20,nuevo,1
102350,Maura Tur,2022-10-03,nuevo,0
111544,Jacinta Rico Cano,2022-12-04,nuevo,1
112201,Delia de Cózar,2021-08-24,regular,2
106781,Ricarda Romeu-Alcolea,2024-01-14,regular,2
109770,Juan Narváez Pol,2023-02-04,nuevo,0
112099,Palmira Avilés-Cañas,2022-02-01,nuevo,0
111922,Lucio Alvarez Bolaños,2023-11-29,nuevo,1
104359,Tania Solsona Olmedo,2020-07-02,nuevo,1
113528,Jessica Bolaños,2023-08-31,nuevo,0
114912,Remedios Barroso Vilar,2022-09-13,nuevo,1
108633,Leticia Acero-Lledó,2022-10-11,nuevo,0
106653,Verónica Fabregat Madrid,2023-08-19,nuevo,0
101101,Azahar Vizcaíno Manuel,2024-02-09,nuevo,0
110830,Violeta Manso Ayllón,2021-04-07,nuevo,0
109161,Piedad de Caro,2021-11-07,nuevo,0
108842,María Del Carmen Leal Durán,2022-12-24,nuevo,1
109739,Etelvina Aurelia Romero Lerma,2020-12-18,nuevo,0
107328,Carina Llamas,2022-11-07,nuevo,0
107623,Celso Mariscal,2020-11-02,nuevo,1
100988,Natividad Azahar Puig Arévalo,2023-04-11,nuevo,0
110659,Albano Palacio-Canals,2022-02-26,nuevo,1
102853,Zaida Cuesta Durán,2020-12-15,nuevo,0
111696,Chita Crespi,2021-08-24,nuevo,0
108854,Alberto Prado Fuster,2023-05-09,nuevo,1
100631,Roberto Sanmiguel Nebot,2022-06-18,nuevo,0
101250,Marcia Sarmiento,2024-02-02,nuevo,0
103180,Rafa Gomis Rocha,2022-06-16,nuevo,0
100483,Prudencia Simó Macías,2022-01-29,nuevo,0
109777,Simón Jordá Verdejo,2022-09-22,nuevo,0
109655,Ángela Castellanos Alberto,2020-09-02,nuevo,0
103041,Lucila Barriga,2024-03-31,nuevo,0
105011,Ximena Oliver-Carreño,2021-09-28,nuevo,1
113608,Carolina Sarabia-Saldaña,2021-05-14,nuevo,0
107001,Susana Pedrosa Sastre,2021-03-21,nuevo,1
107228,Yolanda Rey,2022-03-16,regular,2
103684,Maximiano Serra Calderon,2020-12-04,nuevo,1
106675,Manu Joel Amigó Carrera,2022-04-01,regular,2
106808,Luisina del Vicente,2022-08-24,nuevo,0
112338,Benita Uriarte,2020-07-31,nuevo,1
115153,Blanca Ribera Gómez,2023-10-27,nuevo,1
101317,Poncio del Ferrán,2024-02-24,nuevo,0
103226,Juan Julio Albero Morales,2024-06-13,nuevo,0
101073,Zoraida Palomar,2022-07-06,nuevo,0
104816,Miriam Solé Lozano,2024-02-03,nuevo,1
113164,Mauricio Carmona Cortés,2023-02-11,nuevo,0
110824,Milagros Ester Castell Torre,2021-01-04,nuevo,1
109853,María Cristina Ruano,2023-02-15,nuevo,0
105753,Agustín Neira Valenciano,2024-07-06,regular,2
110618,Itziar Garcés-Carnero,2020-07-22,nuevo,1
114247,Felipa Paniagua Niño,2023-02-18,nuevo,0
104617,Baldomero Morales Ibáñez,2021-07-15,nuevo,0
103098,Bernabé Anaya Merino,2022-03-10,nuevo,0
112169,Candelas Clavero Mesa,2020-04-13,regular,2
114700,Crescencia Solana Uribe,2020-12-25,nuevo,0
106870,Aarón Haro Barba,2023-01-03,nuevo,0
101301,Juan Bautista Heraclio Simó Mas,2022-07-21,nuevo,0
107286,Xavier Bellido Llamas,2020-10-31,nuevo,0
106285,Felipa Segovia Fiol,2020-12-16,nuevo,0
113113,Ernesto Pascual Crespo,2021-10-21,nuevo,1
113817,Eusebio Albero Giménez,2020-09-27,nuevo,1
105496,Lorenzo Artigas Ariza,2021-11-23,nuevo,0
105292,Ezequiel Castrillo Castrillo,2024-01-30,nuevo,1
109601,Paulino Colomer Duarte,2021-08-22,nuevo,0
110038,Baltasar Boada Cortes,2024-07-30,nuevo,0
101799,Guiomar Amores Valero,2023-11-19,nuevo,1
112150,Jenaro Revilla-Gimenez,2020-06-20,nuevo,0
109668,Maite Tenorio Pérez,2022-10-15,nuevo,1
105204,Mamen Peña Lago,2022-11-23,nuevo,1
108228,Yago Garriga Soto,2021-03-10,nuevo,0
105048,Sabina Tejedor,2024-05-16,nuevo,0
106442,Jose Miguel Valcárcel Corral,2022-08-25,regular,4
108637,Águeda Lorenzo Lumbreras,2022-06-09,nuevo,0
108106,Albino Villalonga Montenegro,2021-12-07,nuevo,0
102360,Nazaret Tovar Alberdi,2023-05-24,nuevo,0
114617,Severino Raimundo Santamaria Yáñez,2020-10-04,nuevo,1
103655,Rómulo Carreño Villalobos,2022-07-13,nuevo,1
107053,Américo Frías Cadenas,2024-04-02,nuevo,0
111372,Arturo Juan Pablo Pi Ribas,2021-05-07,nuevo,0
101287,Gilberto Luna Terrón,2021-07-13,nuevo,0
114217,Isabela Revilla Agudo,2024-02-22,nuevo,1
104446,Federico del Piñeiro,2024-02-11,nuevo,0
111609,Clotilde Cabrera-Benet,2023-08-26,nuevo,0
102138,Ruy Niño Pablo,2024-05-11,nuevo,1
106788,Celia Romeu Molins,2020-04-21,nuevo,0
110829,Mohamed Miguel Ángel Lerma Alvarez,2022-02-06,regular,2
112209,Olga Caro Criado,2020-09-15,nuevo,0
109874,Leonardo del Barros,2021-01-19,nuevo,0
115176,Úrsula del Esparza,2021-09-04,nuevo,0
113251,Carlos Romeu Alberola,2022-04-24,nuevo,0
114697,Carmelita Rosselló Ripoll,2022-02-23,nuevo,0
106895,Benjamín Blanco Diez,2022-12-28,nuevo,0
109885,Hilda Múgica Cabello,2024-08-15,nuevo,1
113341,Julie Barriga,2020-06-05,nuevo,1
110734,Débora Castellanos Pacheco,2021-10-18,nuevo,0
111828,Gastón Vega Mercader,2022-06-08,nuevo,1
108565,Marita Tatiana Losada Barral,2021-11-19,nuevo,0
107152,Marcio Martin Alcalde,2022-07-14,nuevo,0
100964,Raimundo Miranda Mora,2024-04-05,nuevo,0
106013,Raquel Josefa Girona Álvarez,2024-02-05,nuevo,1
104883,Ainara Rufina Pomares Amorós,2024-08-17,regular,2
115135,Wilfredo Renato Báez Llabrés,2021-11-16,regular,2
100141,Leonardo Querol Vargas,2021-01-18,nuevo,0
112612,Maricruz Ojeda,2022-06-05,nuevo,0
112047,Macaria Adán Heredia,2021-02-14,nuevo,1
115009,Corona Dalmau Quintanilla,2021-06-08,nuevo,0
108907,Mario Enríquez,2024-01-03,nuevo,0
106937,Fanny Amat Ramón,2023-07-30,nuevo,0
106543,Blanca Matas-Iglesias,2024-03-15,nuevo,0
105244,Aránzazu Catalá Gras,2022-11-07,nuevo,0
111381,Martina Quesada Meléndez,2023-06-20,nuevo,0
110031,Daniel Escrivá Jáuregui,2022-06-30,nuevo,1
104432,Nidia Sevillano Estévez,2021-07-13,nuevo,1
113010,Glauco Guzmán,2022-02-09,nuevo,1
100407,Godofredo Rueda Báez,2024-02-01,nuevo,0
108213,Casandra Corral Catalán,2021-04-17,nuevo,0
109197,Albano de Luz,2021-01-24,nuevo,0
113027,Leandro Tamarit Manrique,2021-12-29,nuevo,0
110604,Venceslás Campos Nuñez,2022-07-19,nuevo,1
110738,Olimpia Alba Ripoll,2023-11-11,nuevo,0
110583,Olga Maxi Larrañaga Arnaiz,2024-06-09,nuevo,1
109136,Octavia Salomé Guardia Valencia,2023-07-29,nuevo,0
108235,Lupita del Mas,2021-06-06,nuevo,0
111023,Cándido del Barberá,2023-12-06,nuevo,0
111564,Jesús Palomo Solana,2022-06-24,regular,2
111215,Bartolomé Lucena-Viña,2021-12-10,nuevo,1
111557,Fátima Téllez Catalá,2020-11-21,nuevo,0
104400,Clementina Amorós-Hoyos,2020-03-22,nuevo,1
105253,Cayetana Marti Arenas,2020-03-25,nuevo,0
100012,Paloma Gaya-Tello,2020-10-13,regular,2
104761,Virginia Requena Mur,2021-08-22,regular,2
101178,Felix Báez,2022-07-29,regular,2
110140,Margarita Bellido Cortina,2020-11-17,nuevo,0
110694,Blanca Dorita Carrera Acosta,2022-08-17,nuevo,0
102864,Blanca Abellán Diaz,2022-06-15,regular,2
106472,Miriam Pereira Herrero,2024-04-07,nuevo,0
112058,Pascuala Castrillo-Mateu,2022-09-27,nuevo,1
106229,Jonatan Serra Larrañaga,2021-07-13,nuevo,0
109219,Cecilia Fátima Rosado Mora,2020-07-04,nuevo,0
112041,Buenaventura Lumbreras-Barriga,2023-04-13,nuevo,0
102990,Antonia Bartolomé-Arnau,2023-04-06,nuevo,1
109154,Josefa Marin Verdugo,2023-09-28,nuevo,0
111082,Martina del Díaz,2022-01-27,nuevo,0
107118,Ani Bernal-Silva,2023-01-24,nuevo,0
111208,Corona Espinosa Mur,2022-02-09,nuevo,1
107011,Jacinta Álamo Cámara,2022-10-12,nuevo,1
111531,Anacleto Palomar Bejarano,2022-07-19,nuevo,0
113326,Liliana Sáez Segarra,2020-09-05,nuevo,0
111761,Luisa Álamo Jover,2020-12-09,nuevo,0
108928,Natanael del Toro,2023-06-05,nuevo,1
112593,Nereida Tamayo Saez,2023-05-01,nuevo,0
101441,Ernesto Palomar Anguita,2023-08-09,nuevo,0
115169,Elpidio Rodriguez,2021-07-26,nuevo,0
102876,Mercedes Tejada Llano,2023-03-05,nuevo,0
112179,Ovidio Rico Balaguer Cruz,2024-02-09,nuevo,0
109109,Nereida Mosquera Caro,2023-01-26,nuevo,0
115166,Luisina del Segura,2022-01-27,nuevo,0
114740,Nico Roldan Calatayud,2021-06-17,nuevo,0
112282,Porfirio Oliver Cabañas,2021-10-07,nuevo,0
111340,Blanca Manzanares Solé,2022-08-15,nuevo,0
107233,María Jesús Camino Rincón,2022-10-16,nuevo,0
103727,Maxi Vives Pareja,2024-06-21,nuevo,1
102773,Bernardita Alegre Corbacho,2023-09-27,nuevo,1
109817,Albert Montero-Ruano,2021-02-18,nuevo,0
100455,Anastasio Ordóñez Gonzalez,2024-02-25,nuevo,0
109014,Amor Ángela González Jara,2021-01-29,nuevo,0
108190,Roxana Agudo Cervera,2023-04-10,nuevo,0
101368,Cecilia Barros Calzada,2024-01-18,nuevo,0
103713,Juan Luis Nuñez,2024-01-22,nuevo,0
101389,Ema Araujo Montesinos,2024-06-20,nuevo,1
109043,Florencio Moya Galiano,2023-07-23,regular,2
101001,Alba Belda Perelló,2023-04-12,nuevo,0
107762,Natanael Melchor Expósito Manzano,2021-08-11,nuevo,0
103554,Marisol Botella Calderón,2022-02-05,nuevo,0
104115,Fernando Navarrete-Navarro,2023-08-09,nuevo,0
109830,Anacleto de Pinedo,2022-04-13,nuevo,0
101668,Bernardo Luna Clemente,2023-01-29,nuevo,0
112782,Jordana Yuste Palacio,2021-08-12,nuevo,0
103174,Luis Ángel Coloma Cortina,2022-04-09,nuevo,0
113536,Reyna Carvajal,2022-07-30,nuevo,0
109540,Samu Giménez,2022-12-04,nuevo,1
114643,Victor Asenjo-Roda,2021-01-16,regular,2
100489,Pepito Cebrián Mayol Talavera,2023-04-01,nuevo,1
103231,Arsenio Reig-Niño,2024-05-19,nuevo,0
103829,Amílcar Godoy Mate,2023-12-01,nuevo,0
110825,Damián Font-Piñol,2022-02-09,nuevo,0
113482,Espiridión Muñoz Montesinos,2024-01-25,nuevo,0
105209,Maristela Naranjo-Colomer,2023-01-17,nuevo,0
107849,Alcides Puente,2022-09-04,nuevo,1
111425,Ricarda del Romeu,2021-05-15,nuevo,0
105705,Ángeles de Sainz,2023-10-16,nuevo,0
115014,Josep Balaguer Noriega,2020-08-22,nuevo,0
100704,Bernardino Folch Clemente,2021-10-13,nuevo,1
105106,Candelas Simó Villalonga,2020-12-17,nuevo,0
113859,Rómulo Torralba Sanabria,2020-10-24,nuevo,0
103292,Benjamín Segovia Álamo,2022-04-14,nuevo,1
108126,Pilar Valcárcel Figuerola,2023-01-23,nuevo,0
111866,Teresita Gutierrez Lara,2021-10-28,nuevo,1
110601,Amparo Viñas-Tudela,2020-03-25,nuevo,0
109520,Miguela Company Alegria,2024-04-18,nuevo,1
114998,Rogelio Peñalver Bartolomé,2023-03-03,nuevo,0
114054,Calixto Dueñas-Salom,2024-03-09,nuevo,0
104910,Patricia Casares,2022-03-10,nuevo,1
104441,Alba Sobrino,2021-06-30,nuevo,0
108429,Lupita María Luisa Chamorro Jaén,2020-10-18,nuevo,0
108429,Lupita María Luisa Chamorro Jaén,2020-10-18,nuevo,0
100987,Gabriel Pla-Fernández,2023-02-12,nuevo,0
113831,Teodosio Giralt Pedrero,2021-10-27,nuevo,1
114806,Aránzazu Domínguez Quintanilla,2024-06-13,nuevo,1
114393,Ariadna Costa Molins,2021-11-02,nuevo,0
114120,Arsenio Rebollo,2020-09-15,nuevo,1
107706,Demetrio Madrid Contreras,2022-07-25,nuevo,0
112242,Édgar Quintanilla Bellido,2022-11-30,nuevo,0
106258,Amado Alberto Córdoba,2021-11-23,nuevo,0
111678,Violeta Figuerola Báez,2020-08-03,nuevo,1
106090,Jose Ramón Ferrero Aramburu,2022-06-22,nuevo,0
110667,Noelia Boada Cruz,2020-07-06,nuevo,0
105239,Anabel Bernad Lladó,2020-05-10,nuevo,0
112066,Eleuterio Robles Roselló,2020-03-09,nuevo,1
101199,Constanza Merino-Bravo,2021-11-29,nuevo,1
112374,Ariadna Guillén Guillen,2022-09-12,nuevo,0
109711,Máxima Escribano Blázquez,2021-12-05,nuevo,0
114133,Jacobo Vazquez Villalba,2020-12-30,nuevo,0
107520,Rocío Carnero Dueñas,2023-06-05,nuevo,0
106813,Raimundo Tomé Lozano,2024-07-16,regular,2
109992,Lorenzo Rios Santana,2023-04-25,nuevo,1
109207,Ema Montero,2022-05-03,nuevo,0
108321,Martín de Ortuño,2020-07-21,nuevo,0
109557,Bárbara Castillo-Gracia,2024-06-13,nuevo,0
110226,Leopoldo Iglesias Poza,2022-12-08,nuevo,0
107176,Camila Bayón Valdés,2024-01-03,nuevo,0
104471,Amalia Carballo Cruz,2020-05-26,nuevo,0
100892,Moisés Puerta Alcántara,2023-03-26,nuevo,1
110986,Rita Pedraza Ferrando,2024-07-17,nuevo,1
101970,Fidela Alcalá Varela,2021-07-02,regular,2
112596,Palmira Bolaños Cal,2022-07-12,nuevo,0
105758,Rodrigo Román Nogueira,2024-06-21,nuevo,0
106528,Ciríaco José Ángel Dalmau Roldan,2024-08-12,nuevo,1
106295,Verónica de Naranjo,2021-01-20,nuevo,1
115173,Raúl Olmo Vicente,2020-08-04,nuevo,0
107596,Clotilde Acero Palomino,2023-07-15,nuevo,1
109111,Leocadio Abilio Benavent Tovar,2023-06-26,nuevo,0
103250,Damián Pomares,2020-06-14,nuevo,0
106571,Juanita Ágata Juliá Prat,2020-10-10,nuevo,0
106639,Jose Francisco Calleja Torrijos,2024-03-23,nuevo,0
107352,Ámbar Crespo Meléndez,2021-03-30,nuevo,0
114293,Obdulia Barragán-Blanch,2024-04-10,nuevo,0
109401,Matías de Montenegro,2021-10-15,nuevo,1
112061,Fátima Pi,2021-11-17,nuevo,0
107474,Abilio Dominguez Aguado,2022-04-18,nuevo,0
112505,Cruz Montesinos León,2021-10-23,nuevo,1
112258,Chus Llobet Ibáñez,2023-07-31,nuevo,0
114351,Carlito Amigó,2023-02-02,nuevo,0
113515,Ignacio Valcárcel Asensio,2021-09-07,regular,2
101240,Guillermo Martorell Moya,2020-07-17,nuevo,0
102290,Jonatan Cánovas Lucas,2024-06-11,nuevo,0
102741,Manuelita Constanza Robles Mateo,2022-11-18,nuevo,1
108468,Jose Luis Rufino Olivé Gallo,2024-06-03,nuevo,1
104586,Lorenzo de Vilalta,2022-09-26,nuevo,1
109228,Corona Ayala,2021-11-14,nuevo,0
101230,Odalis Enríquez Ángel,2024-04-27,nuevo,1
109201,Sosimo Bayo,2022-08-18,regular,2
106981,Jose Luis Barrena Peláez,2020-10-19,nuevo,1
105179,Ambrosio Parejo,2023-02-12,nuevo,0
112021,Silvio Aguirre,2024-01-01,nuevo,0
110725,Margarita Mateos Cisneros,2022-09-03,nuevo,1
104294,Juan Francisco de Manso,2020-03-29,nuevo,0
101059,Mamen Nicolau-Iborra,2021-03-31,nuevo,0
106263,Salomón Reyes Paredes,2020-09-28,nuevo,1
111037,Rosaura Andres Río,2022-03-13,nuevo,0
100282,Baltasar del Gómez,2023-01-03,nuevo,1
109236,Jose Angel Bernad Jurado,2021-07-15,regular,2
109509,Dafne Carmen Mateos Ferrández,2021-06-12,nuevo,1
100969,Norberto de Nuñez,2022-06-21,nuevo,0
110574,Elisabet Feijoo,2024-05-17,nuevo,1
103954,Jose Francisco Pazos Andrade,2024-05-05,nuevo,0
101940,Marino Verdejo Dalmau,2022-08-23,nuevo,0
113173,Roldán Solé Girón,2023-08-07,nuevo,0
101275,Cipriano Grau Rocha,2022-04-12,regular,2
100620,Ariel Aguirre Conesa,2020-11-13,nuevo,0
113243,Fernando Buenaventura Bejarano Salvà,2024-04-25,nuevo,0
101743,Santiago Reig,2024-04-01,nuevo,0
101391,Fausto Sabater Anguita,2020-10-25,nuevo,1
102204,Maristela Echevarría Camps,2024-03-02,nuevo,1
109772,Iván Losada Guijarro,2020-11-18,nuevo,0
109848,Cayetana de Borrell,2023-10-25,nuevo,0
103569,Nilo Manjón-Moya,2023-12-11,nuevo,0
110545,Víctor Casal Donoso,2024-05-16,nuevo,1
110405,Amílcar Robledo,2021-01-31,nuevo,0
106117,Nydia Vall Roma,2021-04-21,nuevo,0
106053,Pepita Viana Reyes,2020-03-25,nuevo,0
103179,Eugenio Villaverde Plaza,2020-10-29,nuevo,0
103193,Bárbara Peñalver Chico,2022-10-07,nuevo,0
109500,Florina de Manrique,2020-10-17,nuevo,0
106100,Anna Pascual Agullo,2024-02-06,nuevo,0
107030,Úrsula Palomares Mir,2023-07-08,nuevo,0
100576,María Cristina Dalmau Tur,2022-12-13,nuevo,0
110553,Nerea de Donaire,2023-03-02,nuevo,0
106657,Juanita Rocamora,2023-07-11,nuevo,1
113727,Andrea Gordillo Muro,2020-05-31,nuevo,1
106277,Rubén Pareja Bernat,2022-11-22,nuevo,0
109473,Leandro Barrio Pagès,2020-09-27,nuevo,0
113999,Clímaco Matas Reig,2020-12-23,nuevo,1
111084,Diana Chacón Asenjo,2021-01-05,nuevo,0
105898,Áurea Guardia Rey,2022-01-23,nuevo,0
105725,Lorenza Georgina Fabregat Izaguirre,2022-02-27,nuevo,0
110186,Efraín Jaume Haro,2022-02-19,regular,2
110832,Miguel Ángel Iglesias,2020-08-07,nuevo,0
100270,Mohamed Borrego-Daza,2020-07-21,nuevo,1
100270,Mohamed Borrego-Daza,2020-07-21,nuevo,1
100630,Cesar Manzano-Jimenez,2021-01-04,nuevo,0
111971,Juan Bautista de Crespi,2024-08-28,nuevo,1
103082,Evita de Guardiola,2022-01-10,nuevo,0
103467,Teófila Salom Romeu,2021-02-06,nuevo,0
106431,Feliciano de Mariño,2020-10-16,nuevo,1
107063,Bernardo Acedo Iñiguez,2020-07-27,nuevo,0
112589,Edelmira Cabeza-Sanz,2023-09-04,nuevo,1
112216,Amando Mas-Chacón,2021-07-31,nuevo,0
115138,Cloe Mariño,2023-08-19,nuevo,0
105544,Carmelo Mayol,2024-02-17,nuevo,0
110239,Rolando Rios-Redondo,2024-05-13,nuevo,1
104357,Jeremías Bonifacio Sanz Carnero,2022-01-29,nuevo,1
114202,Abigaíl Román Gracia,2023-08-28,nuevo,1
102114,Poncio Múñiz Rocha,2024-04-16,nuevo,1
108220,Camilo Fernandez Paredes,2021-12-21,nuevo,1
110233,Jerónimo del Dominguez,2023-01-14,nuevo,0
112121,Germán Calderón,2020-10-20,nuevo,0
114776,Cándido Tolosa Mateos,2021-05-10,nuevo,0
103217,Jessica Crespi Arana,2023-04-17,nuevo,0
103815,Angelina Catalán Egea,2022-12-01,nuevo,0
108322,Vito Melero,2024-05-22,regular,3
113372,Herminio Coll Cabello,2022-08-22,nuevo,0
102279,Vicente del Arranz,2021-02-25,nuevo,0
104600,Amaya Nuñez Sevillano,2020-06-22,nuevo,0
100014,Clímaco Murcia Grau,2023-09-19,nuevo,0
114376,Eli Rosselló-Sebastián,2023-03-05,nuevo,0
112669,Leocadio Verdú Esparza,2021-07-16,nuevo,0
101526,María Dolores Gómez Pereira,2022-07-25,nuevo,1
102366,Chelo Ferrández,2021-11-21,nuevo,1
104649,Hilda Pablo Chamorro,2020-08-12,nuevo,0
111245,Xavier Grau Alemán,2022-07-25,nuevo,0
112198,Amaro Monreal Baeza,2023-07-13,regular,2
110533,Abigaíl Fanny Leal Alfonso,2020-05-23,nuevo,1
100375,Lupe Cuevas Rueda,2023-09-24,nuevo,1
113267,Maite Macías Puerta,2023-02-05,nuevo,1
106478,Ruperta de Teruel,2024-03-16,regular,3
100526,Artemio Quiroga Lago,2020-10-22,nuevo,0
109132,Luciano Bernad Salvador,2022-06-27,nuevo,1
115211,Alcides Moles Cabrera,2022-02-16,nuevo,0
112766,Erasmo Llorente Chamorro,2021-04-19,nuevo,0
106896,Vasco Ocaña Merino,2022-04-12,nuevo,0
110340,Saturnina Conesa Jover,2022-04-22,nuevo,0
103592,Elvira Sureda-Guijarro,2024-06-11,nuevo,0
113800,Trini Nogués Guitart,2021-03-13,nuevo,1
111107,Ariel Esteban Blanca,2021-08-27,nuevo,0
107905,Anacleto Mas-Campillo,2021-10-15,nuevo,0
102959,Eloísa Escrivá Aguilera,2022-12-25,nuevo,0
111816,Rosenda de Campo,2023-03-28,nuevo,0
100530,Jacinta de Olivera,2021-08-15,nuevo,1
103715,Plácido Pelayo Vicente,2021-04-29,nuevo,0
104733,Victor Manuel Acero-Zorrilla,2021-08-16,nuevo,0
109462,Flavio Sanjuan Marqués,2021-01-25,nuevo,1
112474,Flor Llano Machado,2021-08-10,nuevo,0
101395,Leocadia Fábregas Torrijos,2021-07-26,nuevo,0
113043,Epifanio Torrijos Cózar,2022-10-26,nuevo,0
112202,Olalla Juliá Navarrete,2023-05-19,nuevo,1
112583,Verónica Buendía Peinado,2021-05-08,nuevo,0
109990,Fulgencio Francisco,2024-08-05,nuevo,0
111172,Pepito Manuel Orozco,2024-03-03,nuevo,0
109634,Pilar Arana Novoa,2021-08-14,nuevo,0
110575,Diego de Garcia,2022-07-09,nuevo,0
112004,Zaira Osuna Llopis,2022-05-05,nuevo,0
105632,Nicodemo Boada Gálvez,2020-04-17,nuevo,1
109466,Dionisio Iglesias Alvarez,2021-02-23,nuevo,0
106564,Rómulo Juárez-Tejedor,2022-02-04,regular,2
104704,Melania Cárdenas Cervera,2020-06-19,nuevo,1
101713,Aura Zapata Porta,2024-02-10,nuevo,0
115184,Jacobo Guardia,2023-05-23,regular,2
100956,María Teresa Fabregat Duque,2020-05-01,nuevo,0
106676,Chita Salgado Cal,2021-06-02,regular,4
103454,Eloísa Zapata Arjona,2020-04-01,regular,2
109580,Leoncio Martorell Estévez,2023-01-16,nuevo,1
114623,Encarnación Soriano,2024-01-15,nuevo,0
112804,Erasmo Alemany Miró,2023-12-02,nuevo,0
108596,Sandra Luque-Córdoba,2020-08-23,nuevo,0
102072,Lino Arjona Miguel,2023-09-28,nuevo,0
115157,Mamen Figueroa Salgado,2020-06-17,regular,2
110170,Salud Pardo Sastre,2022-04-14,nuevo,1
100159,Chuy Aznar Rivas,2021-06-10,nuevo,0
107006,Amaya Nicolau Martin,2023-04-14,nuevo,1
112081,Cecilia Galvez Arroyo,2020-11-27,nuevo,0
109095,Damián Falcón Rocha,2023-04-20,nuevo,0
100353,Dulce de Real,2022-12-04,nuevo,0
106079,Elvira Jovita Peiró Bou,2024-06-19,nuevo,0
106237,René Tena,2020-08-01,nuevo,1
112733,Epifanio Agustín Villena,2023-09-16,nuevo,1
112323,Pablo Chaparro Elorza,2021-12-19,nuevo,0
108947,Pedro Viñas Reina,2022-06-03,nuevo,0
111164,Florentina Abascal,2023-07-12,nuevo,1
102921,Rita Aguilera Echeverría,2023-06-01,nuevo,0
108504,Jacobo Carpio-Rosa,2020-11-27,nuevo,0
104645,Josué Narváez Esparza,2023-03-21,nuevo,1
100662,Emelina Porta Crespi,2024-02-04,nuevo,1
107058,Samanta de Roig,2021-02-10,nuevo,1
110182,Aitor Bermúdez Galiano,2022-04-03,nuevo,1
103666,Paulino Quevedo Cobos,2021-07-27,nuevo,1
107980,Albano de Cerro,2023-08-06,regular,2
100307,Pelayo Duarte Infante,2022-09-23,nuevo,1
110528,León Aller Márquez,2022-04-17,nuevo,0
104791,Elías Rafael Burgos Cid,2022-01-11,nuevo,0
102357,Saturnino Calleja Uría,2021-09-03,nuevo,0
111895,Lucio Marcelino Lopez Velasco,2020-04-01,regular,2
111997,Anabel Reguera Espada,2024-08-02,nuevo,0
101928,Roberto Cardona Márquez,2023-07-29,nuevo,0
114545,Teófilo Almansa Nicolau,2022-03-12,nuevo,0
103428,Zaida Carnero Agudo,2022-10-22,nuevo,1
108942,Clotilde Salamanca Román,2023-09-08,nuevo,1
103639,Trini Cantero-Rodríguez,2020-12-30,nuevo,1
113254,Elena Duque Jódar,2023-11-04,nuevo,0
101267,Caridad Peñalver Paredes,2024-02-05,nuevo,0
101561,Prudencio Nilo Arjona Huguet,2023-08-04,nuevo,0
114608,Rolando Yuste,2024-01-17,nuevo,1
111788,Bruno Somoza Aragonés,2022-07-15,regular,2
110327,Odalys Paredes Guillén,2022-02-10,nuevo,1
107180,Héctor Diego Mayoral Ramirez,2022-09-25,nuevo,0
104110,María Manuela León Cardona,2022-06-06,nuevo,1
113162,Pedro del Coll,2022-12-08,nuevo,1
107868,Isabela Aguilera,2021-07-13,nuevo,0
104905,Fabiana Padilla Gallo,2022-09-14,nuevo,0
107295,Pánfilo Pascual Álvarez,2021-07-13,nuevo,0
100515,Lalo Cases Busquets,2023-10-17,nuevo,0
100895,Josué Zaragoza Leon,2023-05-23,nuevo,0
108602,Dionisio Omar Macías Ballester,2020-08-30,nuevo,1
111578,Augusto Rosado Soler,2020-10-26,nuevo,1
100900,Guillermo Hierro-Armas,2023-10-13,nuevo,0
100208,Federico Castañeda Saez,2022-03-10,regular,2
100459,Clotilde Feijoo Piñeiro,2023-02-08,nuevo,0
110247,Danilo Apolinar Gaya Anguita,2023-01-07,nuevo,0
102431,Inocencio Maldonado Borja,2023-06-18,nuevo,0
108443,Soledad Franch Mendez,2024-03-15,nuevo,0
112399,Macarena Bravo Carrillo,2021-02-19,nuevo,0
109300,Alex Vilanova,2023-06-29,nuevo,1
103390,Cornelio del Abad,2023-04-10,nuevo,1
109906,Octavia del Múgica,2021-09-01,nuevo,0
103912,Clímaco Ugarte-Casares,2021-09-01,regular,2
105384,Rosalina Cuenca Durán,2021-02-07,nuevo,1
108908,Nicolás Vilalta Arana,2020-09-06,nuevo,0
100553,Jose Luis Núñez Nicolás,2021-09-16,nuevo,0
109632,Moisés Perea Barbero,2024-06-10,nuevo,0
110463,Onofre Carbonell Marquez,2022-12-15,nuevo,0
103145,Rómulo Romeu Taboada,2024-01-25,nuevo,0
106918,Dorita Balaguer-Taboada,2020-12-02,nuevo,0
102057,Cruz Arellano-Pina,2023-06-04,regular,2
101926,Ernesto Bernat Múgica,2024-08-25,nuevo,0
100635,Saturnino Pino-Coronado,2021-04-30,nuevo,0
106083,Noelia Leiva Trujillo,2021-12-23,nuevo,0
108509,Esperanza Arregui Varela,2024-07-29,nuevo,0
114453,Georgina Lillo,2021-09-21,nuevo,0
115070,Lucila Alegre Salvà,2023-01-18,nuevo,0
108620,Severiano Falcó Portero,2021-11-20,nuevo,0
113380,Pelayo Paniagua Valero,2021-02-06,nuevo,0
100106,Almudena Gilabert Torrent,2021-05-29,nuevo,0
103042,Ofelia Azcona Aramburu,2020-07-25,nuevo,0
112431,Jacinto Fuster-Paniagua,2022-04-14,nuevo,0
110362,Luciano Quintana Abella,2022-10-16,nuevo,0
101710,Rufino de Ocaña,2023-11-05,nuevo,0
100090,Ángela Verdugo Elorza,2023-11-05,nuevo,0
107015,José Mari Arranz Nogués,2023-03-24,nuevo,0
110434,Adriana del Busquets,2022-03-22,nuevo,0
103175,Rodolfo Cuenca Rosselló,2023-01-28,nuevo,0
100918,Sabas Madrid Alcolea,2021-01-24,nuevo,1
107834,Fabio Hilario Andreu Roma,2023-09-29,nuevo,1
106733,Reyna Figueras Escobar,2022-03-28,nuevo,0
101950,Claudia Carlota Solsona Diez,2024-05-19,nuevo,0
112237,Edu del Casals,2021-06-24,nuevo,0
111041,Adrián Burgos Mur,2022-02-06,nuevo,0
106369,Asunción Farré Gimenez,2021-07-14,nuevo,1
100002,Miriam Jimenez Estrada,2021-07-18,nuevo,0
108033,Severino Carro Rosales,2023-07-07,nuevo,1
112530,Clotilde de Villalobos,2023-10-05,nuevo,1
106048,Baldomero Serra Mendizábal,2023-04-28,nuevo,0
109128,Rosario del Perales,2020-09-17,nuevo,1
114358,Manu Ordóñez Chaves,2022-07-20,regular,2
102721,Priscila Portillo Feijoo,2022-11-25,nuevo,1
108784,Lucho Huerta Salvà,2022-08-22,nuevo,1
103118,Lupe Ferrández Portillo,2024-06-11,nuevo,0
111129,Abilio Izquierdo-Gámez,2023-05-09,nuevo,0
114752,Flavio Tello,2022-10-05,nuevo,0
110641,Sabas Amor Bru Plaza,2023-05-31,nuevo,1
109769,Eloísa del Jiménez,2022-01-10,nuevo,0
103763,Ruy Coello Carrión,2022-04-24,nuevo,1
100214,Jose Manuel Batlle-Pardo,2020-05-28,nuevo,0
100779,Paca Saavedra Tejada,2020-10-15,nuevo,0
103497,Olga Gálvez Pardo,2021-08-30,regular,2
113746,Gilberto Adelardo Navarro Rodrigo,2020-07-22,regular,2
102044,Ricardo del Reina,2021-04-01,nuevo,0
108921,Ernesto Bello Navarro,2024-06-14,nuevo,1
105421,Jose Carlos del Lasa,2021-03-23,nuevo,1
106155,Mirta Benítez Samper,2023-10-10,nuevo,1
109760,Severino Izquierdo Ferrero,2022-04-19,nuevo,0
108358,Caridad Cueto,2022-05-07,nuevo,1
112895,Merche Rivera,2021-09-21,nuevo,0
111759,Nadia Hernández Francisco,2023-03-23,nuevo,0
114235,Blanca Sans,2022-01-31,nuevo,0
112626,Amador Lucho Ávila Mata,2021-07-01,nuevo,0
110206,Gema Contreras Agullo,2022-08-05,nuevo,0
108466,Toño Berenguer-Romeu,2023-12-04,regular,2
112053,Tito Borja-Agustí,2020-11-14,nuevo,0
104168,Josefina Palau Chaparro,2023-11-08,nuevo,0
110961,Sandalio Puig,2022-12-28,nuevo,0
103789,Lope Valls,2024-07-03,nuevo,0
108587,Narcisa Moles Reyes,2020-08-11,nuevo,1
100584,Cristóbal Estevez Bellido,2020-06-05,nuevo,0
108692,Cruz Estrada Cantón,2020-07-25,regular,2
108692,Cruz Estrada Cantón,2020-07-25,regular,2
100117,Primitivo Severino Oliveras Olivera,2020-12-06,nuevo,0
106645,Edelmiro Castrillo Castro,2023-04-19,nuevo,0
114071,Fabiola Rovira Sainz,2020-09-10,nuevo,0
115204,Paca Daza,2020-03-30,nuevo,0
113959,Zacarías Alba,2022-08-18,regular,2
108713,León Páez Lasa,2024-08-11,nuevo,0
101764,Mariano Ocaña,2021-03-17,regular,2
101876,Roxana Seco Rosell,2022-10-09,nuevo,0
112158,Antonio Lerma Bárcena,2021-05-10,nuevo,1
111537,Florentina Riquelme-Navas,2020-05-10,nuevo,1
110446,Matilde Oliver Torrijos,2023-11-07,nuevo,1
103225,Pía Hidalgo-Guitart,2023-04-05,nuevo,0
100527,Albert Urrutia-Gomez,2021-06-25,regular,2
107726,Ignacio Alsina Torrecilla,2023-12-25,nuevo,0
102947,María Manuela Arana Sola,2022-01-15,nuevo,0
104474,Bienvenida Múgica Rosselló,2020-07-03,nuevo,0
112092,Wilfredo Vicente,2022-12-26,nuevo,0
105656,Eufemia de Gracia,2023-08-24,nuevo,0
108885,Gisela Menendez,2023-03-30,nuevo,1
106060,Bruno Busquets Sandoval,2022-03-10,nuevo,1
100960,Anna Sanmiguel Ortega,2020-08-07,nuevo,0
112637,Lupe Piñol Comas,2023-10-05,nuevo,1
106343,Eli del Cabañas,2023-06-19,nuevo,1
103634,Abraham Galán Almeida,2021-11-01,nuevo,1
101051,Esther Rocha,2023-08-12,nuevo,1
108783,Edu Cristóbal Saldaña Sainz,2020-11-25,nuevo,0
108712,Ainoa Vilanova-Villaverde,2022-10-30,nuevo,1
103381,Loreto Mata Gil,2020-09-13,nuevo,0
103677,Jenny Miranda Jiménez,2022-10-07,nuevo,0
105777,Dan Feijoo Antúnez,2023-09-24,nuevo,0
114089,Belén Tamarit Perez,2024-01-29,regular,2
106574,Cosme Guijarro Muro,2021-04-04,nuevo,1
105180,Benito Arana Múgica,2021-07-14,nuevo,1
101608,Zaira Rosales Huertas,2023-02-18,nuevo,1
103611,Florentino Jaime Gárate Lago,2022-11-08,nuevo,0
115187,Heliodoro Ferrera,2022-09-28,nuevo,0
106636,Azahar Aurelia Vives Calatayud,2022-12-17,nuevo,0
110002,Curro Diego,2024-06-09,regular,2
100792,Jimena Armas Piñol,2023-09-19,nuevo,1
108985,Ezequiel Américo Jáuregui Pazos,2023-12-11,nuevo,0
103057,Plinio Campos Montalbán,2021-05-19,nuevo,1
110048,Leocadia Feijoo Montalbán,2021-01-29,nuevo,1
101981,Demetrio José María Martinez Hernandez,2024-06-14,nuevo,1
111426,Julia Gilabert Álamo,2021-08-06,nuevo,0
103599,Domingo Lucena Gallart,2024-05-07,nuevo,1
100934,Hilario Segarra Español,2021-11-07,regular,2
112156,Angelina Miranda Zorrilla,2020-09-22,nuevo,1
113391,Celestino Bernad Contreras,2021-05-17,nuevo,1
107425,Bartolomé Carrasco Jerez,2021-04-04,nuevo,0
105627,Almudena Báez Tolosa,2023-01-28,nuevo,1
101683,Herminia Expósito Exposito,2021-12-04,nuevo,0
104180,Nidia Palau Barreda,2023-05-13,nuevo,1
112219,Juanita Galiano Jove,2020-12-21,nuevo,0
113157,Rogelio Acero Muñoz,2021-11-14,nuevo,0
106447,Nélida Cerdá Fabra,2021-04-06,nuevo,0
104117,Carlota Calvet Recio,2023-07-31,nuevo,0
100989,Samu Amador Gallart,2021-06-08,nuevo,0
111704,Claudio Duque Barrio,2024-06-08,nuevo,1
111646,Ignacia Noriega Torrecilla,2022-03-07,nuevo,0
102897,Íngrid Perelló Roda,2022-10-07,nuevo,1
103779,Simón Viña Comas,2021-07-30,nuevo,1
105659,Leonel del Cerro,2022-12-29,nuevo,0
111723,Hermenegildo Acevedo Camacho,2021-02-04,nuevo,0
103094,José Ángel Girona-Blanco,2022-10-15,nuevo,0
103156,Herberto Paz,2022-07-27,nuevo,0
113262,Eloísa Beltran,2024-06-01,nuevo,0
111394,Dalila Vicente Zabaleta,2020-10-14,nuevo,0
101824,Consuela de Flores,2021-12-05,nuevo,0
114989,Tomás Coello Fuente,2024-04-09,nuevo,0
101099,Loreto Riquelme Morillo,2023-09-06,nuevo,0
110397,Bernarda Casares-Gallego,2022-12-14,nuevo,0
102845,Jose Antonio Echevarría Torre,2022-08-09,nuevo,1
109079,Pascual Porcel,2020-12-21,nuevo,0
103343,Vilma Castrillo Sanjuan,2021-10-01,nuevo,1
100039,Adelia Aguiló Nuñez,2022-02-01,nuevo,1
106541,Chuy Jose Ignacio Gimenez Matas,2021-05-05,nuevo,1
114569,Paca Haydée Fonseca Pintor,2023-07-10,nuevo,1
108708,Albano Martí Zorrilla,2024-03-23,nuevo,0
103357,Emperatriz Mercader,2021-01-01,nuevo,0
113026,Ariel del Berrocal,2021-03-28,nuevo,0
109646,Néstor Bernad,2020-07-23,nuevo,0
111746,Tristán Palomares Casado,2022-07-04,nuevo,0
111802,Hernando Cánovas Cabanillas,2024-02-06,nuevo,0
112858,Yaiza Adelaida Otero Ballester,2024-04-10,nuevo,1
110699,Luisa Sancho Gabaldón,2023-10-23,nuevo,0
111187,Pablo Alarcón Cañizares,2020-05-18,nuevo,0
112192,Olivia Puerta Morante,2020-12-04,nuevo,0
107814,Marcela Reig Sáenz,2021-03-05,nuevo,0
115140,Lope Belmonte Escudero,2020-10-28,nuevo,0
109099,Pío Campillo Menéndez,2021-02-06,nuevo,0
108221,Otilia Ayala,2022-11-14,nuevo,1
114378,Julio César Noriega-Cifuentes,2021-10-19,nuevo,0
110700,Baudelio Aller Gil,2023-11-29,nuevo,1
102429,Iris Valderrama Borja,2021-10-30,nuevo,0
105044,Felicia Fabiola Cordero Quintero,2021-09-24,nuevo,0
105347,Basilio Rueda,2024-04-15,nuevo,0
108955,Fausto Cardona Badía,2021-08-01,nuevo,1
111940,Camila Amo Segarra,2022-01-20,regular,2
104812,Anna Núñez Goñi,2021-03-14,nuevo,0
108477,Asdrubal Ricardo Bauzà Osuna,2020-04-04,nuevo,1
100687,Crescencia Sancho Alsina,2023-08-21,regular,2
107438,Julia Valenciano Luján,2023-04-04,nuevo,0
102354,Florina Cornejo Carballo,2023-12-24,nuevo,0
106354,Maximiano de Bernal,2022-04-17,nuevo,0
104570,Joaquín Galiano,2022-12-26,nuevo,0
108214,Edmundo Ros Río,2022-12-29,regular,2
102753,Purificación Eusebia Garay Bermúdez,2021-01-22,nuevo,0
109078,Rosalinda Santamaría Pina,2023-01-05,nuevo,0
108074,Sigfrido Ferrero Feijoo,2024-07-04,nuevo,0
109110,Gervasio Ledesma Gomis,2023-04-14,nuevo,1
101041,José María Burgos Quiroga,2021-07-15,nuevo,1
115233,Valero Múñiz Franco,2020-05-19,nuevo,1
107492,Celso Hernando Mulet,2022-06-29,nuevo,0
101266,Cándida de Enríquez,2020-11-03,nuevo,1
112772,Nicodemo Ferrán Pablo,2023-08-23,nuevo,1
114443,Susana Ibañez,2023-11-08,nuevo,1
107060,Trinidad del Izaguirre,2022-10-31,nuevo,0
100278,Iván Agustí,2024-02-06,nuevo,1
105085,Azeneth Fernández Julián,2023-06-25,nuevo,0
110277,Mariana Planas,2020-09-26,nuevo,0
109438,Encarnación Conesa Villena,2020-03-10,nuevo,0
102383,Sigfrido Pera Poza,2020-05-25,nuevo,0
100572,Jose de Arnal,2020-08-11,nuevo,0
101436,Azeneth Bustamante Girón,2020-06-21,nuevo,1
112095,Jordana Rita Segovia Palomino,2024-06-02,nuevo,0
113282,Ceferino Quintero Vázquez,2024-03-14,nuevo,1
109440,Enrique Llano Taboada,2021-03-12,nuevo,0
105353,Rufino Pardo,2022-10-10,nuevo,0
112874,Serafina Falcó Segarra,2021-01-14,nuevo,1
111719,Nuria Emma Paredes Luna,2020-04-24,nuevo,1
110707,Angelino Aguilera-Manuel,2022-05-01,nuevo,0
105446,Pánfilo Prieto Pozuelo,2020-11-11,nuevo,1
101008,Amparo Salas Morales,2023-01-27,nuevo,0
112963,Isabel Abascal Palomares,2023-07-19,regular,2
104544,Guadalupe Gárate Jordá,2020-09-09,nuevo,0
112988,Vinicio de Cuéllar,2021-03-11,nuevo,0
113745,Ildefonso Royo-Casares,2023-08-30,nuevo,0
114448,Chucho Bonet Simó,2022-04-07,nuevo,1
102065,Aurora Belmonte Alberola,2024-04-12,nuevo,1
101137,Amalia Solsona-Salvador,2021-08-18,nuevo,0
109883,Carla Balaguer Coronado,2022-10-05,nuevo,0
114421,Teresita Aranda,2021-03-30,nuevo,0
105344,Ariel Sosa Uribe,2024-04-19,nuevo,0
110178,Rosalinda Chaves,2021-02-15,nuevo,0
100295,Jonatan Vila Company,2023-08-13,nuevo,0
109740,Odalis Vilaplana,2021-08-01,nuevo,0
110205,Heraclio Casas Puga,2021-08-03,nuevo,0
108781,Eduardo Armengol Peinado,2021-08-20,nuevo,1
111522,Lorenzo Bautista Beltran,2020-12-28,nuevo,1
102404,Rufina Rovira Marti,2021-10-27,nuevo,0
110322,Soraya Donoso Zorrilla,2023-03-28,nuevo,1
103999,Aránzazu Roselló Tomé,2024-03-20,nuevo,1
114533,Cecilia Ayala Samper,2023-03-31,nuevo,1
103742,Nayara Cañas Orozco,2020-05-01,nuevo,0
111701,Hernando Checa Rosales,2021-10-07,nuevo,0
114373,Cosme Criado Pizarro,2021-12-26,nuevo,0
102720,Severiano Cobos,2020-09-22,nuevo,1
114344,Jafet Ballester-Colomer,2022-01-12,regular,3
112714,Alejo Garrido-Sebastián,2023-12-03,nuevo,1
105151,María José Pintor Chaves,2022-09-07,regular,2
102809,Adelardo Carrasco Roldán,2024-08-15,nuevo,1
109018,Emilio Cid Cortina,2022-02-27,nuevo,0
100557,Casemiro Serna Muro,2023-01-24,nuevo,0
113909,Aránzazu Falcó Alfonso,2022-12-21,nuevo,0
104796,Renato Tomás Ruiz Castellanos,2020-10-03,nuevo,0
102470,Nico Gascón Corominas,2024-01-17,nuevo,0
103739,Goyo del Ricart,2023-11-16,nuevo,1
104287,Anunciación Ropero Cuesta,2023-03-27,nuevo,0
112644,Emelina Escolano Vega,2022-09-27,nuevo,0
109909,Iván Reyes-Diéguez,2023-09-30,nuevo,1
102605,Jerónimo Pérez Cortes,2021-06-20,regular,2
100363,Gervasio Cid Bermúdez,2021-07-05,nuevo,0
106925,Bautista Castell Prats,2024-05-05,nuevo,0
101705,Juan Luis Cabo Vicens,2022-08-19,nuevo,1
102140,Araceli Carpio Vargas,2020-07-10,nuevo,0
103240,Leocadia Fernandez-Iglesia,2024-01-20,nuevo,0
102384,Albina Oller Almansa,2020-08-19,nuevo,0
107315,Clotilde Colom Vaquero,2021-07-08,nuevo,0
104312,Paula Soler Pacheco,2024-08-19,nuevo,1
109478,Narciso Trinidad Linares Amat,2020-05-19,nuevo,0
101313,Zaida Cal Díez,2021-06-07,nuevo,0
114688,Juana Tomas Conesa,2023-12-19,nuevo,1
103931,Morena de Talavera,2020-11-07,nuevo,0
106184,Victor Hierro Tejero,2022-12-21,nuevo,1
114947,Silvia Royo-Boada,2021-04-12,nuevo,1
101592,Angelita Pili Boix Ballester,2023-12-18,nuevo,1
114626,Eligio Cueto Acevedo,2020-04-02,nuevo,0
102163,Ramona de Mata,2022-05-16,nuevo,1
102397,Amanda Pintor Infante,2020-11-26,nuevo,1
100318,Gonzalo Casanovas Lloret,2020-11-03,nuevo,1
109517,Demetrio Pérez Morera,2021-04-17,nuevo,0
111304,Marina Gámez Piña,2021-08-31,nuevo,0
105234,Pío Juanito Juárez Sabater,2024-06-16,regular,2
113873,Isidro Grau Mayoral,2023-07-26,nuevo,0
105069,Clotilde Cadenas Cámara,2024-03-04,nuevo,1
104037,Aránzazu Benítez Abellán,2023-11-03,nuevo,0
108988,Leoncio Lillo Campos,2023-05-02,nuevo,0
103021,Geraldo Carreras Álvaro,2024-06-16,nuevo,0
109904,Nereida Ojeda Ribera,2024-02-20,nuevo,1
111580,Melisa Alcolea Granados,2023-11-03,nuevo,1
108229,Venceslás Anacleto Yáñez Ariza,2023-11-09,nuevo,1
112742,Silvio Peral-Macias,2024-03-28,nuevo,1
109106,Dominga Tomás Coloma,2021-05-24,nuevo,1
105296,Consuela Gala Suárez Salinas,2022-05-19,nuevo,0
103973,Luis Miguel Cañas Alarcón,2023-08-24,nuevo,0
105371,Armando Trujillo Ayllón,2021-09-02,nuevo,0
104134,Cecilio Mateos Lozano,2021-09-22,nuevo,1
100975,Felicidad Girón Rodríguez,2022-10-14,nuevo,0
107292,Curro del Cordero,2022-08-01,regular,2
109176,Atilio Caballero Artigas,2024-06-21,nuevo,1
109611,Carmelita Santamaría Aller,2023-04-28,nuevo,0
109753,Maxi Checa Hernández,2021-05-16,nuevo,1
112328,Natividad Laguna Cabezas,2021-06-11,nuevo,0
113861,Inocencio Martinez Carrión,2021-03-04,nuevo,0
112458,Soraya Arcos Castells,2022-10-14,regular,2
109548,Jimena Ferrándiz Plana,2021-04-17,regular,2
105017,Lupe Carreras Lobo,2021-05-31,nuevo,0
115143,Sol Alba Cordero,2023-09-17,nuevo,1
109180,Juliana Peña Guillen,2021-08-05,nuevo,1
110875,Amarilis Bustamante Lobato,2020-12-12,nuevo,0
107491,Loreto Vila Bellido,2023-05-08,nuevo,0
113240,Maura Rivero Osorio,2023-03-03,nuevo,0
101641,Geraldo Figueroa Berenguer,2020-05-11,nuevo,0
101291,Gilberto Piña Solé,2022-01-27,nuevo,0
111874,Salomón Cámara Malo,2024-07-22,nuevo,1
101381,Filomena Macías,2021-02-20,nuevo,0
104676,Candelaria Peña Piñol,2023-09-05,nuevo,0
114234,Estrella Moliner Uriarte,2023-02-16,nuevo,0
111353,Jacinta del Llorente,2022-07-03,nuevo,1
110223,Cosme Carbajo Avilés,2021-12-10,nuevo,1
100893,Estela Busquets Gomila,2021-09-19,nuevo,0
107288,Yaiza Pujol,2020-04-15,nuevo,0
104877,Dani Salas Camacho,2024-08-19,nuevo,1
112262,Gisela Frías Arellano,2021-02-07,nuevo,0
107907,Charo Inés Cardona Moliner,2024-03-19,nuevo,1
112448,Rafa del Zamorano,2020-11-02,nuevo,1
108195,Manolo Garrido Hervás,2023-04-14,nuevo,1
114616,Primitivo Carbó Cadenas,2022-08-28,nuevo,0
110302,Trinidad Iriarte Olmo,2023-11-27,nuevo,0
109042,Ale Ángel Palau,2022-01-21,nuevo,0
110930,Mayte Ligia Checa Lozano,2023-04-13,nuevo,0
102467,Agustina Perales Carranza,2023-09-24,nuevo,0
107658,Jorge Cáceres Ferrer,2022-08-19,nuevo,0
110107,Nazaret Sanjuan,2022-10-09,nuevo,1
109789,Rafael Ribera Peral,2021-02-12,nuevo,0
101914,Emigdio Pereira Bauzà,2022-05-12,regular,2
113332,Amado Martin Peñalver Jáuregui,2022-08-02,regular,2
111363,Maxi Francisco Escolano,2022-03-03,nuevo,1
102737,Alba Montserrat Marín,2022-05-23,nuevo,0
100727,Conrado Sierra Saavedra,2022-01-24,nuevo,1
107215,Valentín Cabrera Morera,2024-04-25,nuevo,0
108246,Ariel Amat Barrio,2020-08-30,nuevo,1
101797,Roldán Ramos Navarrete,2022-02-26,regular,3
103846,Marino Sainz Cánovas,2022-10-12,nuevo,0
106403,Danilo Ledesma,2024-01-10,nuevo,0
110993,Daniel del Salinas,2021-08-05,nuevo,0
100937,Pilar Maura Pereira Alvarado,2024-04-29,nuevo,1
102266,Cruz del Amigó,2022-08-10,nuevo,0
100825,Mamen Martín Fajardo,2022-05-21,nuevo,1
112514,Perlita del Checa,2022-12-22,nuevo,0
107275,Zaida Rosalía Pardo Castell,2021-12-03,nuevo,1
111594,Lidia Nilda Calvo Navarrete,2022-11-13,nuevo,0
101390,Fabiola Barco Valcárcel,2024-03-14,nuevo,0
103565,Rosario Iglesias-Ureña,2024-06-18,nuevo,0
109077,Eugenio Llorente Buendía,2020-06-09,nuevo,0
105430,Leoncio Sanabria Puente,2021-02-02,nuevo,1
107828,María Noemí Santos Goñi,2022-03-06,nuevo,1
105691,Íngrid de Cifuentes,2022-08-17,nuevo,1
113060,Domitila Ríos Mas,2021-12-12,nuevo,1
107879,Trini Anglada Asensio,2022-01-07,nuevo,0
101869,Dionisia Sevilla Plaza,2023-09-03,regular,2
113374,Charo Lumbreras,2022-08-28,nuevo,0
108203,Evita Tamayo Pardo,2021-05-24,nuevo,0
111608,Samu Granados Arce,2020-03-10,nuevo,1
107487,Epifanio Mercader Domingo,2024-05-19,nuevo,0
109656,Soledad Leocadia Mateu Botella,2022-03-23,nuevo,0
100807,Jose Luis Casanovas Costa,2020-06-28,nuevo,1
104806,Román Duarte-Casal,2023-12-20,nuevo,0
113759,Alfonso Acedo Sandoval,2023-07-18,nuevo,0
112261,Tecla de Leon,2024-08-07,nuevo,0
110301,Espiridión Marí Ródenas,2023-07-12,nuevo,0
114256,Armando Cerro,2021-03-19,nuevo,0
110427,Abilio Serna Alfonso,2022-05-22,regular,2
109156,Federico Izquierdo Cañizares,2020-10-20,nuevo,1
107512,Valerio Pujol,2023-01-12,nuevo,0
108057,Dafne Urrutia-Alcolea,2021-12-27,nuevo,1
104495,Alma Conesa Olmedo,2021-12-27,regular,2
102633,Jordán Santamaria Verdú,2021-10-25,nuevo,0
113869,León Sanmiguel Morell,2021-03-30,nuevo,1
108897,Sigfrido Gutiérrez Mancebo,2021-06-12,nuevo,0
108624,Damián Bertrán Grau,2024-03-27,nuevo,0
107833,Paula Falcón Alemán,2023-01-20,nuevo,1
104389,Olivia Feliu Soria,2020-04-08,nuevo,1
100146,Leyre Rovira Castrillo,2022-05-25,nuevo,1
106468,Apolonia Duran Caballero,2022-02-22,nuevo,0
102034,Ruperto Esteban Juliá Soler,2020-08-12,nuevo,0
114218,Augusto Luz,2020-10-11,nuevo,1
101166,Lidia Gomila Noguera,2023-04-29,nuevo,0
111693,Silvia Rosado Huertas,2023-12-14,regular,2
102051,Primitivo Vergara Herrera,2023-01-21,nuevo,0
103761,Marita Giménez Lorenzo,2023-08-10,nuevo,0
110817,Arcelia Solsona Carranza,2022-11-09,nuevo,1
112677,Gabriel Viñas Peralta,2022-07-31,nuevo,0
104436,Amanda Valls Armengol,2020-09-26,nuevo,0
103431,Vinicio Celestino Aramburu Bueno,2021-02-19,regular,2
108191,Ileana Infante Pintor,2024-06-19,nuevo,0
113656,Febe Llopis Chaves,2021-01-07,nuevo,0
107070,Fernando Pacheco Teruel,2024-08-24,regular,2
104362,Perla Mancebo-Villalba,2022-11-12,nuevo,0
110617,Saturnino Fortuny Feliu,2023-12-17,nuevo,1
109455,Epifanio Tena Bueno,2020-07-25,nuevo,1
101772,Mayte Aznar Bonet,2021-08-20,nuevo,0
103512,Manola Águila Barragán,2024-04-27,nuevo,0
100272,Augusto Diéguez Machado,2022-05-09,nuevo,1
112985,Mireia Casas,2021-04-06,regular,2
108437,Mireia Mesa Barón,2022-11-18,nuevo,0
112606,Jafet Teobaldo Jordán Osorio,2024-08-14,nuevo,0
112765,Camilo Prats Riba,2021-12-18,nuevo,0
102033,Elba Viñas Roldan,2023-06-21,nuevo,0
114924,Armando Juliá Higueras,2020-03-19,nuevo,0
112317,Martina Bonet-Blázquez,2023-05-17,regular,2
109006,Amaya Álamo,2021-09-20,nuevo,1
115050,Augusto Cuenca Casares,2021-09-08,regular,2
103811,Yaiza Carvajal Goñi,2022-11-20,nuevo,0
113586,Salomé Guzmán-Estévez,2020-09-09,nuevo,0
100833,Purificación Luján Iñiguez,2023-01-31,nuevo,0
100833,Purificación Luján Iñiguez,2023-01-31,nuevo,0
109997,Noa Higueras Vigil,2022-12-27,nuevo,1
114300,Plinio Mateos Benitez,2020-11-13,nuevo,0
104347,Yéssica Vilaplana Escamilla,2020-07-14,nuevo,0
110654,Graciana Ortega-Conesa,2021-06-06,nuevo,0
100546,Angelina de Tamayo,2020-06-18,regular,2
103242,Lorenzo Almansa,2020-05-20,nuevo,0
108931,Araceli Albero Maza,2024-02-05,nuevo,0
108503,Margarita Saavedra Fiol,2021-08-27,nuevo,1
111714,Alonso Páez Tomé,2023-07-06,nuevo,0
109324,Augusto Sanchez Cases,2023-03-18,nuevo,1
112304,Fortunato Emilio Montserrat Amor,2021-07-23,regular,2
110962,Aitana Álvarez Landa,2021-01-10,nuevo,0
107565,Gema Fuster Atienza,2024-08-24,nuevo,0
114206,Cándida Cabeza Acero,2022-06-06,nuevo,0
111780,Noa Peláez Barón,2024-05-05,nuevo,0
106641,Maxi Pla Fernández,2022-03-22,regular,3
112152,Ximena del Verdejo,2024-06-10,nuevo,1
107695,Azahara Capdevila,2021-04-15,nuevo,1
108231,Íngrid Catalina Arrieta Lucena,2022-07-03,nuevo,1
112652,Eligia Arce Torres,2020-08-07,nuevo,1
107127,Octavia Roma,2021-12-12,nuevo,1
104279,Eduardo Rovira Pallarès,2021-10-14,nuevo,0
102984,Maxi de Pozo,2022-10-18,nuevo,0
113483,Isidora de Requena,2022-10-15,nuevo,0
100131,Maura Heras Villanueva,2022-05-27,nuevo,0
113410,Amada Dominguez Cervantes,2024-05-26,nuevo,0
107981,Ani Barberá Palomar,2020-11-24,nuevo,1
102668,Liliana Sofía Ferrer Daza,2023-09-25,nuevo,1
107139,Bernardita Falcó-Saldaña,2023-12-23,nuevo,0
103224,Loreto Fiol Carbonell,2022-04-21,nuevo,0
109375,Eusebia Morcillo Alvarez,2023-07-22,nuevo,0
107694,Tecla Alexandra Infante Fonseca,2022-04-02,nuevo,1
105393,Victor Cortes Llano,2022-10-13,nuevo,0
100615,Constanza Arnaiz Arregui,2023-06-06,nuevo,0
101467,Epifanio Ciriaco Flor Rey,2024-08-20,nuevo,1
104498,Josefa Lucena Sanmiguel,2022-06-20,nuevo,0
103043,América Benitez Carballo,2021-07-28,regular,2
109127,Toño Valderrama Báez,2024-04-24,regular,2
102420,Marina del Piñol,2020-07-07,nuevo,0
105086,Marianela Almansa Iniesta,2020-03-12,nuevo,1
103295,Fortunata Vila Ortiz,2023-11-02,nuevo,1
106738,Purificación Dueñas,2021-09-11,nuevo,1
101501,Juana del Mate,2024-07-28,nuevo,1
113015,Lope de Manrique,2023-05-25,nuevo,1
109019,Lucio Chus Tejero Valero,2022-04-05,nuevo,0
101522,Sofía Acero Bayo,2020-05-21,nuevo,1
114205,Lola Menéndez,2021-11-11,regular,2
111123,Valentín Iglesias,2023-10-13,nuevo,1
104233,Aurelio Tejero,2020-09-14,nuevo,0
107687,Aránzazu Blanco Amo,2024-08-25,regular,2
108821,Nélida Torrecilla Blanco,2020-06-02,nuevo,0
104431,Adelardo Campillo Ros,2020-12-16,nuevo,0
112046,Maricela del Carreras,2023-04-17,nuevo,0
100391,Paloma Mascaró Llobet,2024-02-28,nuevo,1
112538,Alma de Cobo,2021-12-29,nuevo,0
107125,Lola del Palma,2020-09-23,nuevo,1
105914,Alfonso Escudero-Borja,2023-11-06,nuevo,1
112183,Xavier Montes Revilla,2021-05-07,nuevo,0
108593,Débora Gaya,2021-07-05,nuevo,1
104807,Rosalía Viana Álamo,2022-02-01,nuevo,0
113328,Alicia Robles Sobrino,2020-09-25,nuevo,0
113951,Rufina Llopis Aguilar,2021-12-31,nuevo,1
111552,Luz Salom Rosales,2021-08-11,nuevo,0
108239,Cristóbal Ribes Moliner,2023-01-29,nuevo,0
108045,Elisa Julián,2020-12-15,nuevo,0
115227,Emilia Acevedo Robledo,2020-06-13,nuevo,1
103994,María Belén Yéssica Reyes Ochoa,2021-07-24,nuevo,0
111835,Albano Roman Rocha,2024-03-22,nuevo,0
111919,Urbano Rodríguez,2021-02-09,nuevo,1
114873,Segismundo Serrano Bello,2023-03-24,nuevo,1
113401,Amanda Botella Nevado,2023-09-21,nuevo,1
106610,Ale Sevillano Mancebo,2020-11-05,nuevo,0
105320,Florencia Montaña Anguita,2020-03-24,nuevo,1
107120,Segismundo del Nogués,2023-06-22,nuevo,0
102422,Pastor Herranz Larrea,2023-02-17,nuevo,0
105605,Celso Aguado Caro,2024-07-05,nuevo,1
101751,Germán Crespi Perea,2023-04-10,nuevo,0
114048,Julián de Castrillo,2023-01-31,nuevo,1
112255,Odalys Fajardo,2021-01-28,nuevo,0
115125,Vidal Aparicio,2023-01-11,nuevo,0
100339,Lola Casanovas Ramirez,2021-04-28,nuevo,1
108408,Mamen Suárez Cerro,2022-09-04,nuevo,1
111856,Máxima Mas Román,2023-07-09,nuevo,0
101342,Eduardo Peláez Pelayo,2022-04-11,nuevo,0
114864,Amelia Pedrero Pino,2020-04-07,nuevo,1
107983,Lucila Atienza Barrena,2021-03-16,nuevo,1
112087,María Ángeles Ballester Verdugo,2023-01-01,nuevo,0
103641,Débora Concepción Barceló Sanjuan,2022-10-19,regular,2
100330,Régulo Escrivá Plana,2024-03-29,regular,2
113763,Nacio de Carballo,2024-07-08,nuevo,1
103005,Alberto Iniesta Escudero,2023-10-08,nuevo,1
106961,Adán Garcés Crespi,2020-04-02,nuevo,1
104091,Piedad Landa-Marín,2021-08-13,nuevo,0
111308,Dan del Montaña,2024-08-05,nuevo,1
109829,Juanito Saturnino Torre Amador,2023-03-04,nuevo,1
102323,Raúl Barriga Segarra,2022-10-18,nuevo,1
106668,Alex de Huguet,2024-04-28,nuevo,1
107010,Isabel Bayona Jaén,2023-09-13,nuevo,0
103550,Donato Conde Rebollo,2020-08-16,nuevo,0
109651,Aurelia de Perera,2023-03-21,nuevo,0
108364,Fito de Valverde,2022-09-01,nuevo,1
104204,Macarena Chaparro Soria,2020-06-02,regular,2
114511,Marc Paredes Alarcón,2021-09-27,nuevo,0
111762,Custodia Claudia Villaverde Peñas,2020-12-14,nuevo,0
112419,Ismael del Pastor,2024-06-16,nuevo,1
114796,Gonzalo Balaguer,2021-01-17,nuevo,0
113351,Rita Cal Sáez,2021-03-08,nuevo,1
114018,Hugo de Pérez,2020-09-19,nuevo,0
106186,Juanito Paz Iñiguez,2022-12-10,nuevo,0
101640,Ariadna Mínguez Fabregat,2020-03-22,nuevo,0
109131,Melchor Verdejo Bonet,2021-05-09,nuevo,0
100061,Salomón Aragonés Mariño,2021-07-19,nuevo,1
101241,Mireia Alcántara Grande,2020-06-12,nuevo,1
105761,Juan Carlos Manzanares Corbacho,2022-12-11,nuevo,1
105137,Jeremías Mendizábal,2022-06-16,nuevo,1
102344,Isabela Moreno,2023-09-13,nuevo,0
102121,Carmina Mateos Bellido,2023-04-18,nuevo,1
101525,Jose Miguel Palacios Camacho,2023-02-26,nuevo,0
107618,Gabriela Hervia Ayuso,2024-07-16,nuevo,0
100154,Gastón Bernad Tapia,2022-02-20,nuevo,0
100482,Concha Galván Cano,2021-03-19,nuevo,1
106123,Bonifacio Víctor Oller Borrego,2024-05-24,nuevo,0
112653,María Jesús Rey Abad,2020-07-27,nuevo,0
107675,Telmo Agudo-Abril,2024-05-12,nuevo,1
107102,Leonel Matas Benet,2020-05-31,nuevo,1
112113,Amado Edu Robledo Abad,2023-05-09,nuevo,0
101763,María José Ferrández Enríquez,2023-06-04,nuevo,0
108943,Candelaria Rosa Caro,2024-05-17,nuevo,0
107716,Rosalía Almazán Román,2024-04-29,nuevo,0
109978,Emilia Andrade,2024-05-28,nuevo,1
114149,Encarnita Santamaria Verdejo,2023-11-12,nuevo,1
107480,Cruz Benavent Córdoba,2023-01-21,nuevo,1
106213,Inocencio Adadia Chacón,2020-03-27,nuevo,0
112694,Elodia Cid-Villa,2024-07-11,nuevo,1
104854,Celso de Nicolás,2020-07-01,nuevo,1
102712,Guillermo Guerrero Lopez,2024-07-04,nuevo,1
106767,Vicente Téllez Montenegro,2022-12-13,regular,2
104151,Severo Girona Ángel,2021-01-08,nuevo,1
112386,Héctor Pancho Palomino Real,2023-03-24,nuevo,1
101334,Maristela Luís Martinez,2024-03-01,nuevo,0
114661,Fabricio Gracia Bautista,2021-11-25,regular,2
111047,Regina de Torralba,2022-05-27,nuevo,0
108379,Ruben Vergara,2022-02-05,nuevo,0
109329,Bernabé Osorio Sevilla,2022-02-06,nuevo,0
114629,Hernando Quintanilla Juan,2022-02-09,nuevo,1
115107,Pastor Puente-Gual,2022-03-01,nuevo,1
110251,Angelina Cifuentes Oliveras,2020-08-26,nuevo,0
114211,Lucio Galvez Montesinos,2023-10-21,nuevo,1
103851,Catalina Garmendia Acero,2023-03-08,nuevo,1
108341,Olalla Carnero Orozco,2024-08-04,nuevo,0
104125,Marita Nogués-Díaz,2023-02-21,nuevo,0
113082,Maximiano Santamaria Ribera,2023-08-04,nuevo,0
113967,Macario Mata Gelabert,2020-07-25,nuevo,0
111556,Jimena Cortina Alarcón,2024-08-20,nuevo,1
104789,Montserrat Montserrat-Domínguez,2023-08-21,nuevo,1
102867,Noelia Puente Villegas,2021-04-15,nuevo,0
111969,Carlito Hurtado Rivero,2024-02-17,nuevo,0
101387,Lucila María Cristina Ayuso Álvarez,2020-06-15,nuevo,1
105942,Palmira Barroso Olivé,2024-02-13,nuevo,0
103068,Elvira Maestre-Chico,2024-07-31,nuevo,0
114115,Adelardo Galan Roldán,2021-08-17,nuevo,0
103630,Odalys del Zabaleta,2021-12-12,nuevo,1
114737,Casandra Azorin Balaguer,2020-04-19,regular,2
112990,Pelayo Pacheco Girona,2021-08-18,nuevo,0
113944,Nereida España Diez,2024-01-21,nuevo,0
103029,Jimena del Valcárcel,2020-12-30,nuevo,0
102970,Fabián Sanz Arranz,2022-04-10,nuevo,1
111665,Amaya Bautista Lillo,2021-10-13,nuevo,1
109901,Abilio Infante Jaén,2020-07-12,nuevo,0
111146,Flavio Cervantes Múgica,2020-09-26,nuevo,0
108647,Bruno Acuña Guillen,2021-03-08,nuevo,0
106137,Valentina Pozuelo-Escrivá,2021-06-01,nuevo,1
108802,Jose Francisco Niño Marco,2021-11-22,regular,2
104264,Octavia Gascón García,2024-06-20,nuevo,0
113019,Guiomar Pozuelo,2023-11-11,regular,2
100646,Mauricio Quesada,2022-06-23,nuevo,1
115037,Elena Llano Barrio,2022-04-30,nuevo,0
102075,Esperanza Segura Villaverde,2024-04-14,nuevo,0
112245,Fulgencio Moles Juliá,2023-04-11,nuevo,1
100342,Lola Corral,2021-11-04,nuevo,1
108042,Ana Arias Atienza,2020-06-29,nuevo,0
101623,Sebastian Villa Pazos,2022-10-31,nuevo,0
112876,Joaquina Sotelo Sosa,2020-09-17,regular,2
113690,Valentín Valls Martinez,2024-05-26,nuevo,0
107142,Encarna Molina Coll,2021-04-27,nuevo,0
105797,Blanca Reguera,2024-03-09,nuevo,0
107185,Victoria de Gelabert,2020-07-02,nuevo,0
114537,María Ángeles de Jaén,2021-10-27,nuevo,0
108233,Obdulia Redondo,2021-01-05,nuevo,1
105476,América Llamas,2024-07-18,nuevo,0
110282,Adolfo Cerezo-Palau,2020-07-16,nuevo,0
112117,Manu Baró,2023-08-02,regular,2
110368,Benigna Carnero Rubio,2023-08-04,nuevo,1
114425,Consuelo Barberá Vilalta,2022-10-30,nuevo,0
100075,Galo de Melero,2023-01-07,nuevo,0
110850,Victoriano Aristides Lillo Orozco,2020-05-14,nuevo,0
111373,África Tere Blázquez Carvajal,2020-03-20,nuevo,0
110269,Pascuala Pons Tamayo,2022-11-28,nuevo,0
108634,Bernardita Aroca Dávila,2022-12-09,nuevo,0
114382,Bibiana Pizarro Jara,2022-01-21,nuevo,0
102052,Nidia Pi Solsona,2023-09-25,nuevo,0
102542,Fausto Rojas Velasco,2020-05-06,nuevo,0
101302,Nacho del Millán,2023-12-12,nuevo,0
105878,Jose Ignacio Echevarría Folch,2021-09-01,nuevo,1
107369,Rogelio Ugarte Gabaldón,2020-09-29,nuevo,0
111623,Juan Antonio Conde Meléndez,2024-06-24,regular,2
101305,Elías Velázquez Valbuena,2022-09-29,nuevo,1
114166,Guillermo Flores-Durán,2022-09-06,nuevo,0
102600,Marisol del Diaz,2022-04-30,nuevo,0
112809,Victoria Nieto Riera,2021-07-08,nuevo,0
102574,Paola Clotilde Jara Páez,2022-03-20,nuevo,0
111473,Gonzalo Raya-Barón,2024-05-18,nuevo,0
103187,María Hurtado,2022-11-03,nuevo,1
112146,Paola Echevarría Agudo,2022-07-19,nuevo,0
102769,Fortunata Gomez Ureña,2022-07-31,nuevo,0
104832,Lupe Rius Campoy,2024-06-13,nuevo,0
104224,Gracia Gonzalo-Parra,2022-01-30,nuevo,0
115030,Luis Miguel del Blazquez,2022-12-24,nuevo,0
102107,Dorita de Ródenas,2024-08-20,nuevo,1
102680,Tamara Vallejo Gil,2021-07-31,nuevo,0
110954,Candelas Pomares Pujadas,2023-12-15,regular,2
112881,Emperatriz Rodriguez Ariza,2024-03-12,nuevo,1
113592,Modesta Concepción Roman Fiol,2022-02-21,nuevo,0
101388,Mar Gabaldón Burgos,2021-10-19,nuevo,0
115064,David Ayuso-Castilla,2023-09-13,nuevo,0
114784,Eusebio Oliver Guillén,2021-11-25,nuevo,1
113916,Sara Carro Miró,2020-09-30,nuevo,0
115045,Perlita Sarmiento Iriarte,2024-01-20,nuevo,0
107084,Marcial Feliu Barral,2021-05-22,nuevo,0
113365,Maximiliano Godoy Jimenez,2020-08-04,regular,2
113193,Clotilde Vigil,2020-07-21,nuevo,1
101280,Natividad Rivera Salinas,2024-06-04,nuevo,0
113222,Esmeralda Grande Vilalta,2023-05-09,nuevo,0
100805,Sarita Garcés Guitart,2023-05-05,regular,2
101556,Cirino Baró,2024-03-02,nuevo,0
114778,Amílcar Sigfrido Salas Sans,2020-05-02,nuevo,0
111383,Íñigo Alberto Mate,2021-10-21,nuevo,0
104567,Matías Santiago,2022-11-02,nuevo,0
112995,Rómulo Comas Llanos,2021-09-25,regular,2
115058,José Ramirez,2021-06-12,nuevo,0
104842,Aarón Higueras Galvez,2022-01-25,regular,2
103595,Amalia Díez Castillo,2021-12-24,nuevo,0
106036,Rogelio Galvez Badía,2023-11-18,regular,2
106853,Paulino del Lledó,2020-08-02,nuevo,0
110113,Juan Pablo Sala Santana,2024-07-20,nuevo,1
108706,José Benavent Gimenez,2024-01-25,nuevo,0
104178,Damián Garrido,2024-02-26,nuevo,0
113860,Hermenegildo Jódar Lluch,2023-01-07,nuevo,0
109107,Aureliano Jurado Lledó,2021-01-13,nuevo,1
103453,Rolando Romeu Delgado,2022-07-10,nuevo,1
103696,Iris Barrio Salvà,2020-07-28,regular,2
104243,Roberto Costa Gaya,2020-07-18,nuevo,0
111349,Delia Guzmán Nadal,2023-12-17,nuevo,1
102199,Cruz Quintana Enríquez,2023-08-03,nuevo,0
108967,Manuel Murcia Pi,2024-07-06,nuevo,0
104426,Etelvina Leal-Uriarte,2022-07-10,nuevo,0
106151,Darío Goñi-Feijoo,2021-05-21,nuevo,0
100944,Candela Leiva-Miró,2020-03-15,nuevo,1
100823,Benigna Casas-Arcos,2024-03-08,nuevo,0
105006,Judith Saldaña-Gonzalez,2022-03-13,nuevo,0
106613,Azucena Pérez Herranz,2024-08-10,nuevo,0
112470,Heriberto Conde Madrid,2023-01-15,nuevo,1
108357,Espiridión Figueras Alarcón,2022-08-14,regular,3
105620,Cándido Julián,2022-04-04,nuevo,0
104548,Débora Herrero Montes,2021-11-06,regular,3
112176,Rubén Daza Rubio,2020-12-10,nuevo,0
102539,Ildefonso Aragón Guerra,2022-04-18,nuevo,0
115182,Marcelino Robledo Montaña,2023-10-11,nuevo,0
109504,Luis Miguel Olmedo,2022-05-28,nuevo,0
105208,Jose Carlos Amorós Miguel,2022-08-17,nuevo,0
114039,Demetrio Camino Mateos,2023-12-01,nuevo,1
113576,Lucas Sola Ramirez,2022-09-28,regular,2
103055,Teobaldo Águila Roma,2021-07-11,nuevo,0
103676,Bartolomé Amador Martí,2021-07-23,nuevo,0
107777,Oriana Arévalo Machado,2022-01-26,nuevo,1
107219,Eustaquio Montero Zapata,2023-08-18,nuevo,0
106723,Eusebio Hidalgo Casares,2021-09-16,nuevo,0
103301,Germán Sedano Valcárcel,2022-06-23,nuevo,1
103311,Alejandra Redondo-Torrents,2023-01-24,nuevo,0
107222,Rafaela Verdejo-Román,2020-09-08,regular,2
108520,Nico Samu Ripoll Isern,2021-07-24,nuevo,0
110683,Apolinar de Marquez,2021-01-15,nuevo,0
105955,Amador de Guzmán,2021-04-03,nuevo,1
110999,Agapito Font Piquer,2021-01-17,regular,2
112601,Malena Alsina,2023-05-28,nuevo,0
111272,Óscar Dalmau Iglesia,2024-05-01,nuevo,0
103463,Marcelino Calvet Pedrosa,2021-04-18,nuevo,0
113490,Marianela Mancebo-Olivares,2023-09-09,nuevo,0
114538,Laura Palomar,2021-05-02,nuevo,1
107644,Gertrudis Font Macías,2020-09-05,nuevo,1
100055,Lidia Montoya-Pont,2024-04-14,nuevo,0
112257,Ema Checa Echevarría,2023-02-02,nuevo,1
103452,Edmundo de Benítez,2020-11-25,regular,2
106306,Gerónimo Rodríguez Peñas,2024-02-25,nuevo,1
110094,José Mari Domingo Navarro,2022-05-06,nuevo,1
101482,Juan Ortega-Sevillano,2020-04-03,nuevo,0
104874,Cristóbal Gabino Borja Arellano,2024-08-03,nuevo,1
113088,Priscila Olmedo Garay,2022-07-30,nuevo,1
108039,Adora Corral Baquero,2021-08-26,nuevo,1
112343,Aroa Izquierdo,2022-05-11,nuevo,0
103336,Luis Cabezas Pla,2021-08-07,nuevo,0
106017,Celestino Trujillo Arribas,2022-07-27,nuevo,1
104927,Antonia Cáceres Linares,2023-10-05,nuevo,0
109139,Rosario Gisbert Blasco,2022-03-15,nuevo,1
105798,Eli Cervera Mateo,2022-06-23,nuevo,0
111486,León Viñas Macías,2023-06-30,nuevo,0
110354,Chucho Gallardo Vendrell,2022-08-18,nuevo,0
105084,Eladio Antón-Villalobos,2021-05-12,regular,2
106646,Azucena Borrás-Canales,2020-04-24,nuevo,0
112482,Anastasio Royo,2023-02-10,nuevo,0
111250,Lorena Espinosa Cazorla,2020-03-09,nuevo,0
105491,Joaquina del Puerta,2023-09-29,nuevo,0
100769,Martina Garcés Revilla,2024-08-08,regular,2
102066,Emelina Estevez Novoa,2023-01-07,nuevo,0
114798,Obdulia Cabeza Costa,2021-12-22,nuevo,1
111688,Clotilde Tur Berenguer,2021-12-28,nuevo,1
107312,Eustaquio Tapia Isern,2023-01-31,nuevo,0
104525,Cristian Cifuentes-Araujo,2024-05-10,nuevo,0
111569,Daniel Gustavo Costa Vilalta,2022-06-11,nuevo,0
110525,Cesar Seco Valls,2022-09-06,nuevo,0
102718,Jorge Marco Andrade,2022-05-22,nuevo,0
102080,Segismundo Ricart Montaña,2022-04-22,nuevo,1
111582,Ignacia Pont Estevez,2020-08-08,nuevo,1
108915,Heliodoro Marín Puerta,2022-11-28,nuevo,0
100952,Ovidio Artigas Rivas,2022-01-20,nuevo,1
108059,Lisandro Cuenca Casanova,2024-08-11,nuevo,0
102483,Sarita Arregui-Villalobos,2022-04-03,nuevo,0
110455,Marcial Porcel-Araujo,2023-08-27,nuevo,0
109182,Rafaela Benítez Canals,2023-11-20,nuevo,1
111405,Jeremías Luque Tejedor,2022-02-11,nuevo,1
101760,Mariana Prieto,2022-09-29,nuevo,1
109985,Tiburcio Arribas Landa,2021-06-11,nuevo,0
104423,Edelmiro Ureña Daza,2020-06-28,nuevo,0
106705,Cleto Baró Alba,2024-05-11,nuevo,1
113672,Aitana Alemany Vives,2023-01-22,nuevo,0
109917,Heraclio Mateos Casado,2023-03-18,nuevo,0
105183,Eustaquio Perea Borja,2022-03-10,nuevo,0
108534,Sol Villalba Palmer,2021-06-13,nuevo,0
103702,Nando Roma Calzada,2024-07-30,nuevo,0
104244,Zoraida del Arnau,2022-02-17,nuevo,1
100689,Gisela Saura-Ariza,2021-05-06,nuevo,0
103433,Marcelino Guzman Pinilla,2020-09-07,nuevo,0
113396,Antonio Baquero Saez,2023-07-18,nuevo,1
104945,Graciela Llabrés,2024-08-13,nuevo,0
100967,Fernando del Aliaga,2022-02-27,nuevo,0
115108,Rosa Alegre Azcona,2020-06-09,nuevo,1
114775,Eduardo Querol Frías,2022-03-23,nuevo,0
110396,Josefa Albero Poza,2021-08-11,nuevo,0
102714,Basilio Jódar,2022-03-13,nuevo,0
104758,Norberto Poza Ribera,2021-02-07,nuevo,0
113291,Jacobo Juliá,2024-01-17,regular,2
112351,Josefa Abellán Bellido,2022-07-14,nuevo,0
114866,Rita Huguet González,2024-08-21,nuevo,0
106321,Carmen Alba Ripoll,2021-05-11,nuevo,0
113473,Miriam Andres Madrid,2020-07-01,nuevo,0
105976,Victor Samper Briones,2023-02-08,nuevo,1
103573,Concepción Jaén Donoso,2022-09-07,nuevo,0
112998,Jordi Cid Peral,2023-11-15,nuevo,1
105300,Rufino del Goicoechea,2023-01-07,nuevo,0
112313,Celestina Calvo Huguet,2020-12-26,nuevo,1
112952,Amaya Peinado Nebot,2024-02-14,nuevo,0
101206,Anunciación Marquez Nadal,2021-05-24,nuevo,0
113491,Inés Nadal Ariño,2020-05-06,nuevo,0
113051,Berto del Blanch,2023-05-15,nuevo,1
104972,Paloma Reyna Raya Oliveras,2023-01-30,nuevo,0
115137,María Fernanda Tapia Pérez,2021-02-25,nuevo,0
113227,Jose Miguel Morales Bautista,2024-05-07,nuevo,1
106784,Camilo del Figueras,2024-06-21,nuevo,1
103601,Sebastian Duran Casado,2023-09-09,nuevo,1
106491,Godofredo Nevado Alcalde,2024-07-08,nuevo,0
108610,Emperatriz Guardiola Arellano,2023-03-28,nuevo,1
114090,Marisol Llabrés,2024-07-18,nuevo,0
108071,Marcos Calderon,2020-04-13,regular,2
108578,León Ramis Sanmiguel,2020-12-29,nuevo,0
107974,Rómulo del Tejedor,2021-05-21,nuevo,0
114507,Carmen Casals-Pardo,2022-08-20,nuevo,0
101626,Martín Fonseca Pardo,2021-05-18,nuevo,0
100537,Milagros de Lumbreras,2024-08-07,nuevo,0
108767,Macarena de Soler,2021-07-20,nuevo,1
107971,Juan Luis Cid,2023-03-05,nuevo,0
113225,Roldán Antón-Torrijos,2022-08-05,nuevo,0
104213,Jesusa Giralt Bejarano,2022-04-01,nuevo,1
106457,Delfina de Cases,2023-06-08,nuevo,0
103508,Víctor Serrano Echeverría,2024-03-15,regular,2
108394,Alejo Ibáñez-Cabeza,2020-10-22,regular,2
109525,Cándido Paniagua-Naranjo,2021-11-24,nuevo,0
107113,Socorro Amaya Querol,2022-08-13,nuevo,0
111695,Buenaventura Tomás Carbó,2021-02-19,nuevo,0
102709,Teófilo Sainz Hernández,2022-01-14,nuevo,1
105032,Débora Rosa Vicente,2024-04-20,nuevo,0
106515,Caridad Araceli Cerdán Esparza,2022-03-05,nuevo,0
104663,Georgina Santos Feliu,2021-10-05,regular,2
104022,Modesta Millán Bermejo,2021-03-22,nuevo,1
101855,Jeremías Olivé,2021-09-17,nuevo,0
114690,Horacio Erasmo Sans Tejero,2021-12-27,nuevo,1
102873,Augusto Lopez Amat,2022-04-29,nuevo,0
103031,Luis Miguel Bárcena Cobo,2021-07-17,nuevo,0
109398,Regina Blanco-Marí,2023-06-03,nuevo,1
101646,Aitana Encarnita Martorell Bernat,2020-08-22,nuevo,1
103418,Alfonso Cervera Vigil,2021-03-07,nuevo,1
103477,Camila Segarra Esteve,2021-09-17,nuevo,0
114874,José María Bayón Vizcaíno,2024-08-18,nuevo,1
111054,Maite de Torrijos,2023-10-19,nuevo,1
101793,Lucila Olmo,2023-12-01,nuevo,1
113719,Matías Cazorla Jove,2022-10-19,regular,2
103798,Isaura Coloma-Castilla,2023-03-14,nuevo,0
103369,Petrona Azorin Rueda,2021-05-14,nuevo,0
111560,Amor Pedro Carbajo,2021-07-19,nuevo,0
111726,Milagros Obdulia Dueñas Pereira,2021-10-11,nuevo,0
107197,Begoña Gutierrez,2023-04-28,nuevo,0
115017,Juan José Urbano Cañellas Aranda,2020-11-08,nuevo,1
105110,Eugenia Chelo Juárez Garzón,2024-05-17,nuevo,0
106025,María Oller Castejón,2023-10-05,nuevo,0
111642,Luis Miguel Peñas Saavedra,2022-03-24,nuevo,0
108796,Ignacio Martín Cisneros,2023-11-24,nuevo,1
111249,Enrique Matías Capdevila Bosch,2022-06-20,nuevo,1
114484,Tiburcio de Guitart,2022-10-03,nuevo,0
100127,Heliodoro Calderon Bustos,2020-11-04,nuevo,0
105960,Nélida Lluch Álamo,2021-12-03,nuevo,0
103877,Ale Pineda Tomás,2023-01-11,nuevo,0
111128,Gervasio Norberto Suárez Sacristán,2021-11-22,nuevo,0
113636,Abel Álvarez Armas,2020-06-21,nuevo,1
104452,Febe Chaves Méndez,2020-07-14,nuevo,1
107148,Anselma del Revilla,2023-06-11,nuevo,0
103532,Marcio Martin Laguna Salas,2021-08-20,nuevo,1
110923,Onofre Corbacho Herrera,2022-09-10,nuevo,1
100828,María Jesús del Roca,2021-07-21,nuevo,0
109832,Alberto Rafael Tejero Hernandez,2020-12-18,nuevo,0
107791,Celso Coello Abella,2021-06-13,nuevo,0
100985,Juan Tomé,2020-10-07,regular,3
111474,Gabino Azorin Valero,2021-06-29,nuevo,0
111198,Ariel Gaspar Espinosa Zorrilla,2020-12-30,nuevo,0
107784,Micaela Ordóñez Maldonado,2024-03-29,nuevo,1
110381,Paulina del Cervantes,2024-07-11,nuevo,0
114919,Pili Malo,2020-03-03,regular,2
102444,Clímaco Trillo Alcalá,2022-03-18,regular,2
108555,Juana Franch Sanz,2020-04-27,nuevo,0
110542,Angelina Mena Terrón,2021-03-12,nuevo,0
100346,Blas Quero Arenas,2021-06-06,nuevo,0
100815,Apolonia Mayte Piña Mulet,2021-11-21,nuevo,1
106167,Fernanda Luz-Guardia,2024-06-29,nuevo,0
113000,Montserrat Zapata Abellán,2021-04-12,nuevo,0
111398,Abel Blasco Marí,2023-08-27,nuevo,0
114142,Rosaura Gonzalez Mercader,2023-02-18,nuevo,1
115221,Evita de Guerrero,2022-10-18,nuevo,1
111518,Rogelio Patiño Tena,2022-09-10,nuevo,1
112299,Clemente Espada Olivera,2020-10-11,nuevo,0
105780,Emiliano Tirado Miró,2023-09-30,nuevo,1
102117,Gala Salas Amo,2021-06-25,nuevo,0
110027,Gertrudis Palau Sierra,2021-10-03,nuevo,0
100794,Candelario Edu Gascón Reig,2021-02-28,nuevo,0
106899,Felisa Linares Mendoza,2022-10-09,nuevo,0
102675,Asunción Nadal Corral,2022-12-06,nuevo,0
100095,Alex Corral Mora,2022-12-23,nuevo,0
104226,Charo Falcón Carbajo,2023-06-17,nuevo,0
103757,Sandra Castañeda-Gabaldón,2023-09-26,nuevo,0
102892,Rosalía Gisbert-Porras,2021-12-29,nuevo,1
102372,Sancho Puente Zabala,2024-03-18,nuevo,0
111421,Julián Sánchez Montero,2021-12-30,nuevo,0
114627,Dan Recio Machado,2024-07-25,nuevo,0
103229,Jessica Samper Gascón,2024-02-22,nuevo,0
107864,Flavio Ramis-Espejo,2024-03-06,nuevo,0
106360,Luna Chaparro Novoa,2020-10-20,nuevo,1
114338,Evaristo Fiol Salgado,2021-01-11,nuevo,1
113103,Cayetano Carmona-Cámara,2020-11-22,nuevo,0
107327,Fabián Toledo-Cordero,2020-03-13,nuevo,0
106029,Enrique Puga Reguera,2024-06-02,nuevo,0
111046,Cristina Saura Marquez,2021-01-25,nuevo,1
113430,Otilia Abad,2020-08-23,regular,2
111105,Reina Malo Fabra,2021-09-23,nuevo,1
101866,Ariel del Jódar,2022-11-22,nuevo,0
113947,Cristóbal Ortuño Ballester,2022-06-24,nuevo,0
104613,Severino Vall Jove,2024-03-10,nuevo,0
110050,Belén Juárez,2021-02-02,nuevo,1
102646,Leoncio Ildefonso Mir Marí,2020-09-04,nuevo,1
102244,Irene Pinto Guardiola,2023-04-18,nuevo,0
105374,Amaya Pérez-Álvarez,2020-07-30,nuevo,0
102337,Amado Rivero Vilalta,2021-06-03,nuevo,0
100951,Moisés Alex Alfonso Guardiola,2020-09-24,nuevo,0
111261,Jesusa de Carbó,2022-07-31,nuevo,0
101121,Sergio Clemente,2023-01-14,nuevo,0
110790,Ema Torre,2020-06-20,nuevo,0
102205,Calixta Quintanilla Mena,2023-03-09,nuevo,0
100420,Horacio Berrocal Tejero,2020-06-18,nuevo,0
100923,Salud Rodriguez,2021-06-27,nuevo,1
109447,Consuelo Espada-Caballero,2023-08-07,nuevo,1
108670,Ligia Cervantes Perelló,2024-04-14,nuevo,1
110228,Carmela Huguet Cánovas,2022-05-11,nuevo,0
105409,Hortensia Bernad Valdés,2023-09-07,nuevo,1
105789,Remedios Quero-Márquez,2022-01-30,nuevo,0
105743,Candelario Lalo Vara Almansa,2023-08-31,nuevo,1
107668,Olimpia Bienvenida Rueda España,2021-11-15,nuevo,0
105568,Cleto Castilla Viña,2021-02-16,nuevo,0
108136,Nacho Tovar Pareja,2023-07-30,nuevo,0
101203,Aitor Rius Calvo,2020-11-10,nuevo,1
110819,Ainara Morán Bautista,2022-08-05,regular,2
105766,Edu Perales,2021-06-22,nuevo,0
108390,Clara Santana Ripoll,2020-04-10,nuevo,0
101971,Vicenta Rosell-Moreno,2023-02-19,nuevo,1
111303,Rufina Nieto,2021-06-21,regular,2
104019,Milagros Linares-Barón,2022-06-08,nuevo,0
110344,Aitor Tamayo,2022-04-30,nuevo,1
103688,Baudelio Barriga-Espinosa,2020-09-20,nuevo,1
113109,Rosario del Esteve,2020-12-16,nuevo,0
101998,Candelas del Otero,2020-05-21,nuevo,0
104034,Abilio Frías Ferrán,2021-11-16,nuevo,0
111247,Hilario Bastida,2022-08-02,nuevo,0
101249,Amaya Sanz Palomino,2022-08-17,nuevo,0
102193,Teodoro Bas-Gimenez,2020-09-04,nuevo,1
102713,Teófila Fabregat Guardia,2022-04-19,nuevo,1
109185,Danilo Jurado,2023-08-20,nuevo,0
102191,Bruno Báez Tomé,2022-04-06,nuevo,0
104671,Chus Amo Tapia,2021-05-15,nuevo,0
105143,Armando Ordóñez Doménech,2020-07-23,nuevo,0
105985,Emiliana Gibert,2022-03-17,nuevo,0
106566,Manuelita Beltrán Bayón,2023-05-27,nuevo,1
107805,Josué Tello-Cobo,2020-04-21,nuevo,0
111955,Eliseo de Pinto,2023-07-10,nuevo,1
106944,Arturo Sotelo Molins,2021-07-11,nuevo,1
111790,Jaime Español Ángel,2023-08-12,nuevo,0
112904,Ascensión Salamanca Céspedes,2023-04-18,nuevo,0
109511,Florentina Codina Barriga,2024-04-04,nuevo,1
110056,Lupe Juárez Exposito,2023-05-26,nuevo,0
110536,Jerónimo Montero Lledó,2020-08-01,nuevo,1
110642,Blanca Moll-Calderón,2023-05-27,nuevo,0
102137,Mateo de Escribano,2022-06-20,nuevo,0
101066,Seve Lara Borrego,2021-01-06,nuevo,0
114061,Fortunata del Amigó,2020-11-22,regular,3
100601,Lucho Lerma Torre,2020-04-24,nuevo,1
104228,Reyes de Larrea,2021-09-15,nuevo,0
110814,Mariano Planas Alemany,2024-03-05,regular,3
107578,Custodia Casanova Guzman,2021-11-29,nuevo,0
100078,Esperanza Castelló Calderon,2022-02-01,nuevo,0
107547,Maristela Beltran Pagès,2022-07-31,nuevo,0
102899,Lilia Solano Durán,2020-06-06,nuevo,0
104821,Bibiana Yuste,2021-05-21,nuevo,0
109507,Esther Amaya-Arnal,2023-10-17,nuevo,0
114498,Marino Plana Valenzuela,2021-01-25,nuevo,1
114140,Joaquina Edelmira Solsona Prats,2020-05-03,nuevo,0
106414,Camilo Valero Mancebo Roldán,2024-04-15,nuevo,0
109445,Ernesto Arenas Bertrán,2023-08-19,nuevo,0
109065,Sara Gimenez Castejón,2023-06-01,nuevo,0
112043,Amaro del Villa,2023-11-30,nuevo,0
108008,Ramiro Boix Mur,2021-05-03,nuevo,1
105469,Pastora Benavent Borrego,2022-12-21,nuevo,0
105952,Esteban Somoza Rincón,2022-01-17,nuevo,0
115203,Isidro Pineda,2023-07-11,nuevo,0
111158,Heliodoro Sánchez Cisneros,2022-02-17,nuevo,0
103392,Juliana Viana Salamanca,2020-11-03,nuevo,0
105416,Angelina Saez Jiménez,2023-05-26,nuevo,1
102561,Vera del Nicolás,2021-09-04,nuevo,0
108163,Andrés Barreda Posada,2023-09-13,nuevo,1
102636,Eva María Mulet Galvez,2021-07-13,nuevo,0
105257,Manola Calzada Mas,2021-03-18,nuevo,0
103531,Leocadio Cabañas Mata,2022-06-18,nuevo,0
108568,Ariel Tomas Sotelo,2020-09-25,nuevo,1
101909,Emiliano Ros Barrio,2022-02-18,nuevo,0
112622,Zoraida Santana Sacristán,2022-07-06,nuevo,1
114438,Violeta Moya Uriarte,2024-07-16,nuevo,1
100236,Juanita Hoz Lobato,2022-11-09,nuevo,1
112220,Fabio Perez Exposito,2020-12-31,nuevo,1
101605,Rosalía Tejero Chaves,2020-06-16,nuevo,0
107985,Samu Alarcón,2023-09-26,regular,2
109311,Alberto Milla-Doménech,2023-11-05,nuevo,0
111870,Adolfo Rincón Laguna,2021-08-02,nuevo,1
103491,Amado Pellicer Aroca,2024-05-28,nuevo,0
111151,Iker Galan Aguado,2022-11-27,nuevo,0
101995,Aitana Marcia Viñas Cuervo,2020-12-14,nuevo,0
102825,María Ángeles Martinez Barberá,2020-12-26,nuevo,0
114474,Saturnina Etelvina Aliaga Blázquez,2024-03-26,nuevo,0
110569,Édgar Mayol Gallardo,2022-06-28,regular,2
113925,Tiburcio Jara,2023-12-24,nuevo,1
101343,Jose Francisco Redondo Feliu,2022-02-20,nuevo,0
108513,Ángel Higueras Carrasco,2023-12-06,nuevo,1
101620,Jerónimo Verdugo Arévalo,2022-03-13,nuevo,0
111906,Adrián Villa Arana,2020-09-21,nuevo,0
105288,Eva Plana Sarmiento,2021-09-27,nuevo,0
102061,Valentín Garay-Amat,2021-12-25,nuevo,0
102480,Diana Palma,2022-05-25,nuevo,0
102480,Diana Palma,2022-05-25,nuevo,0
102220,Jose Carlos Pastor Alcalde,2020-08-01,nuevo,0
109866,Cristóbal Inocencio Roman Roura,2021-03-31,regular,2
106039,Candelas Caro Llanos,2021-04-28,nuevo,0
100261,Otilia Ribera Palomo,2020-11-20,nuevo,0
114597,Alexandra Ayuso Martí,2023-12-21,nuevo,0
110232,Laura Aramburu-Carrillo,2023-08-16,nuevo,1
112978,Melania Marcos Álvarez,2020-05-30,nuevo,0
109094,Eufemia Adelaida Badía Valenzuela,2021-05-10,nuevo,0
103745,Bartolomé del Larrañaga,2021-09-23,nuevo,1
102027,Soraya Paredes Jódar,2022-12-15,nuevo,0
106989,Paco Requena Chamorro,2023-11-28,nuevo,0
104235,Amor Felicia Guzmán Vilalta,2020-09-10,nuevo,0
101918,Casemiro Gallo-Hernandez,2021-11-07,nuevo,0
101829,Jonatan de Balaguer,2020-07-09,nuevo,1
109766,Agapito Palacios Canales,2022-02-05,nuevo,0
112608,Antonio Torrens Cámara,2022-10-27,nuevo,0
112942,Sigfrido Quiroga Serra,2022-04-23,nuevo,1
106234,Fabiana Amores Clavero,2021-05-28,nuevo,0
114547,Moisés Ferrando,2021-05-27,nuevo,0
112847,Fabiana Ordóñez Pozuelo,2024-07-02,nuevo,0
106284,Olalla Pérez Alcántara,2022-11-21,nuevo,0
104209,Berto Calderon-Cabezas,2021-11-22,nuevo,0
112820,Alma Céspedes Quesada,2021-10-17,nuevo,0
100225,Natalio Vizcaíno Ugarte,2020-12-25,nuevo,0
110003,María Teresa Jover Valverde,2022-01-05,nuevo,1
109334,Zaira del Soriano,2022-11-03,nuevo,0
113722,Raimundo Buendía Lledó,2021-04-02,nuevo,0
106470,Carmelita Bárcena Céspedes,2020-11-30,nuevo,0
113957,Calisto Atienza Sastre,2024-05-20,nuevo,0
114672,Débora Expósito Parra,2021-01-25,nuevo,1
113747,María Del Carmen Apolonia Carrera Feijoo,2021-04-12,nuevo,0
115145,Pepe Verdugo Díez,2022-01-07,nuevo,1
110955,Jose Francisco del Zorrilla,2020-07-24,nuevo,1
100847,Ana América Sanmartín Puig,2021-08-14,nuevo,1
104290,Benito Coloma Vazquez,2021-06-20,nuevo,1
105561,Araceli Mir Perez,2020-06-09,nuevo,1
113235,Estela Terrón-Gámez,2021-09-30,nuevo,0
102552,Ascensión Coloma,2022-05-04,nuevo,0
113918,Édgar Rovira Elías,2021-08-09,nuevo,1
111121,Ramiro Canet Moles,2022-07-06,nuevo,0
100118,Ruth del Salas,2024-07-12,nuevo,1
108838,Mireia Fiol Tamarit,2022-10-06,nuevo,1
105967,Ciríaco Cortina Hierro,2022-02-24,nuevo,0
108196,Reyna Arana Ríos,2021-05-26,nuevo,0
112363,Febe Cózar Barba,2024-07-18,nuevo,0
114044,Carlos Campillo Montesinos,2021-11-03,nuevo,0
108660,Gilberto Estévez Oliveras,2021-03-02,nuevo,0
107490,Teresa Morales Blanch,2023-07-12,nuevo,0
100006,Porfirio Aitor Priego Iñiguez,2024-02-05,nuevo,1
105343,Prudencia Reina Querol,2022-06-11,nuevo,1
109112,Lorenza Jaén Álvarez,2023-09-20,nuevo,0
110788,María Pilar Palau,2023-10-15,nuevo,0
104325,Alicia Trillo Salvador,2020-11-14,regular,2
101064,Odalys Piñol Manzano,2021-09-15,nuevo,1
102591,Elías de Duran,2023-08-16,nuevo,1
108435,Reinaldo Baeza Cobos,2022-05-30,nuevo,0
113047,Jose Luna Sanjuan,2021-08-04,regular,2
109353,Herminia Sastre Velázquez,2024-05-13,nuevo,0
111063,Juan Manuel Carrión Ibáñez,2021-02-05,nuevo,0
103736,Francisca Conde Marco,2023-11-28,regular,3
113919,Baltasar Canals Landa,2023-04-26,nuevo,1
110590,Gonzalo Busquets Suárez,2022-01-10,nuevo,1
103518,Haroldo Vendrell Iñiguez,2022-02-12,nuevo,0
106987,Clotilde Huertas-Carbajo,2024-08-06,nuevo,0
111614,Rosalinda Casandra Isern Saura,2024-04-29,nuevo,0
110756,Francisco Javier Zabaleta Sandoval,2024-08-14,nuevo,1
106768,Demetrio Roldan Lago,2021-09-04,nuevo,0
105623,Balduino Esteve Donoso,2021-08-19,nuevo,0
101606,Édgar Caparrós Verdugo,2020-05-01,nuevo,1
101734,Gabriela Leal Crespi,2023-01-16,nuevo,0
110517,Salomón Rovira,2024-01-12,nuevo,0
110902,Visitación Solano Marqués,2021-08-12,nuevo,0
114558,Claudio Martin Guerrero,2022-08-23,nuevo,0
109505,Manuel Cabezas,2020-03-14,nuevo,1
111641,Guiomar Carranza Calderón,2023-11-06,nuevo,1
103813,Ximena Bernad-Burgos,2021-08-25,nuevo,0
114278,Íngrid Olivares Romero,2021-02-28,nuevo,0
114991,Juanita Uría-Camino,2022-04-30,nuevo,0
110555,Pía Díez Lamas,2022-08-22,nuevo,1
110168,Concha Blanca Atienza,2021-01-18,nuevo,0
111707,Gabriel Cervera Rey,2023-09-08,regular,2
101762,Fabricio de Villegas,2021-11-12,nuevo,0
105402,Constanza Valencia Murcia,2023-07-12,nuevo,0
102740,Candelario Alvarado Dominguez,2021-09-29,nuevo,0
113830,Azucena de Santana,2022-09-17,nuevo,0
115000,Pablo Iniesta Alcázar,2022-06-23,nuevo,1
102473,Leonardo Solera Terrón,2022-12-09,nuevo,1
106739,Lupita Custodia Escobar Cabezas,2024-04-11,nuevo,0
106892,Jonatan Saldaña Fuentes,2020-07-17,nuevo,0
112200,Emperatriz Roldán-Castell,2021-03-20,nuevo,0
112911,Ana Valls Luz,2022-12-09,regular,3
109686,Lina Díaz Agustí,2024-07-10,nuevo,0
104207,Charo Pozuelo Martin,2023-10-14,nuevo,0
106372,Rafaela del Agustín,2022-02-07,nuevo,0
110351,Alejo Salgado Sarabia,2021-02-24,nuevo,0
109362,Azucena del Téllez,2021-07-18,regular,2
110349,Gonzalo Pallarès Valera,2020-06-14,regular,2
100233,Clemente Amorós Higueras,2022-03-11,nuevo,0
108259,Ana Ramona Baños Arce,2023-09-13,regular,2
107562,Esperanza Yuste Rivero,2023-10-28,nuevo,0
109796,Borja Madrigal-Calatayud,2022-04-29,nuevo,0
106169,Noelia Pedro Álvarez,2021-06-07,nuevo,0
111476,Encarnita Quirós,2023-05-01,nuevo,0
103597,Noelia de Amigó,2024-07-21,regular,2
106289,Isabela Folch Palau,2023-04-05,nuevo,0
104633,María Del Carmen Recio Mayol,2023-11-28,nuevo,0
100126,Corona Mir Moliner,2020-11-01,nuevo,0
107642,Urbano Cerezo Mínguez,2020-10-30,nuevo,0
106230,Rafaela Leiva-Pol,2021-12-13,nuevo,0
113543,Domingo Calixto Moll Navarrete,2022-03-21,nuevo,1
101297,Fernanda Ribas,2023-12-30,nuevo,0
101977,Angelita Arco Planas,2021-11-19,regular,2
114708,Ciríaco Nebot Garcés,2020-07-28,nuevo,0
110268,Renata Fiol Moya,2023-02-06,nuevo,1
112773,Kike del Sanjuan,2022-11-21,nuevo,0
105751,Ágata Guerra Arcos,2020-09-10,nuevo,1
108153,Miguel Fajardo,2024-08-25,nuevo,0
115109,Adoración Cerdán Peñas,2020-06-06,nuevo,1
103087,Teobaldo Josué Prieto Feijoo,2023-06-21,nuevo,0
114459,Macarena Pozo Llamas,2023-01-23,nuevo,0
106883,Trinidad Sanmartín Vergara,2021-08-26,nuevo,0
114502,Eladio del Pozo,2020-06-18,nuevo,1
107674,Emma Zabaleta Torrent,2024-08-26,nuevo,0
103346,Alberto Castelló,2023-05-11,nuevo,0
108173,Agustina Saura Crespi,2020-10-13,nuevo,0
114683,Rufina Rios Zamorano,2022-03-20,nuevo,0
105871,Felicia Garmendia Salinas,2022-11-28,nuevo,0
106507,Felipa Casas Almeida,2022-10-09,nuevo,0
102798,Plinio Páez Rosales,2022-05-01,nuevo,1
100919,Nayara Rafaela Piñeiro Ortuño,2020-06-27,nuevo,0
101647,Gloria Andres-Bárcena,2021-04-06,nuevo,0
105123,Olalla Berrocal Robledo,2020-11-03,nuevo,1
105127,Silvio Izquierdo,2024-08-23,nuevo,0
113171,Gervasio Campos Palomo,2022-09-01,nuevo,1
113624,Aura del Ribera,2024-01-16,nuevo,0
104622,Adrián Jódar,2021-06-03,nuevo,1
106810,Armida Plaza Calvo,2021-10-26,nuevo,0
100365,Amor Constanza Poza Espejo,2021-12-19,nuevo,0
111480,Adelaida Febe Sarmiento Riquelme,2021-08-22,nuevo,0
102126,Omar Bellido,2021-08-09,nuevo,1
108151,Lisandro Teodoro Pelayo Hierro,2021-04-03,nuevo,0
112316,Eli de Duque,2020-11-22,regular,2
112762,Isa Alcázar Bastida,2023-02-12,nuevo,0
108718,Rubén Borrego-Huertas,2020-11-17,nuevo,0
113014,Celso Pinto Enríquez,2022-01-11,nuevo,0
100056,Lucio del Pacheco,2020-08-21,regular,2
100639,Amor del Galván,2024-05-09,nuevo,0
100303,Leocadio Herrera Río,2024-02-02,nuevo,1
110959,Rubén Polo Dueñas,2023-03-03,nuevo,0
105812,Germán del Pereira,2020-12-10,regular,2
101277,Encarnación Belda Bermúdez,2022-09-16,nuevo,0
114179,Cristian Rogelio Melero Vega,2023-10-24,nuevo,0
112913,Felicidad de Marín,2020-09-24,nuevo,1
110248,Lázaro Campillo Quintana,2021-09-12,nuevo,0
113569,Verónica Baeza-Ripoll,2021-04-22,nuevo,1
113338,Consuelo Palau Chacón,2022-07-30,nuevo,0
104433,Laura Blasco Quintanilla,2023-09-28,nuevo,0
103645,Gabriel Gonzalez Arroyo,2023-04-04,nuevo,0
104144,Timoteo Yuste,2020-06-05,nuevo,0
102879,Feliciana Fuente Sebastián,2022-02-03,nuevo,1
112395,Reyes del Navas,2023-01-21,nuevo,0
106494,Rico Luna Ródenas,2023-03-12,nuevo,0
113368,Narcisa Valero Calvo,2022-11-24,nuevo,0
110479,Rafa Mora,2024-03-17,nuevo,1
110454,Iker Mir Patiño,2022-03-06,nuevo,0
105241,Teo Sainz Gilabert,2020-04-18,nuevo,1
114657,Amelia Suarez,2022-11-13,nuevo,1
110489,Santos Jaén-Andres,2023-06-01,nuevo,0
106938,Óscar Marin Cózar,2022-06-24,nuevo,0
107241,Estefanía Valbuena Blanch,2023-07-19,nuevo,0
114125,Nazaret Hernán Cases Monreal,2024-03-22,nuevo,0
109946,Leocadia Pedrero,2024-01-28,regular,3
113390,Eligio Bernad Gálvez,2021-01-24,nuevo,0
110161,Lázaro Arana Salgado,2023-08-04,regular,2
102594,Norberto Jerónimo Barrera Dueñas,2022-07-01,nuevo,1
111310,Susana Roig Pol,2024-06-20,nuevo,0
102394,Angelita Ramón Cueto,2024-04-08,nuevo,0
100524,Miriam del Quero,2021-12-11,nuevo,0
106377,Heliodoro Pérez-Santamaría,2024-07-13,nuevo,0
106982,Lázaro Núñez Pons,2020-10-30,nuevo,1
113717,Salomón Cañas Nevado,2020-03-06,nuevo,0
106678,Josué Samu Balaguer Padilla,2020-05-04,nuevo,0
103901,Elodia Jimenez-Sanz,2023-11-25,nuevo,0
115005,Isidoro Lozano Porcel,2021-01-14,nuevo,1
112892,Lorena Tormo Arana,2020-05-18,nuevo,1
114591,María Dolores Linares Pablo,2024-05-14,nuevo,0
107957,Blas Torrents Tamayo,2021-04-05,nuevo,1
107571,Adelina Esteve Rosselló,2024-05-14,nuevo,1
111315,Jeremías Barrio Zamorano,2024-04-29,nuevo,0
106778,Tomás Marí-Ribes,2021-06-17,regular,2
112349,Ambrosio Jose Ignacio Julián Mariscal,2022-08-05,nuevo,0
110162,Rafa de Arana,2021-03-01,nuevo,1
100672,Evaristo de Álamo,2020-07-04,nuevo,0
104189,Cirino Valencia Mesa,2020-06-16,nuevo,1
100667,Eva Sureda Valencia,2022-03-30,nuevo,0
103267,Jimena de Cabezas,2023-03-05,nuevo,0
101888,Gastón Artigas Murcia,2020-10-18,nuevo,0
111459,Adán Adán Alemán,2020-05-20,nuevo,0
108473,Palmira Alsina Osuna,2024-04-08,nuevo,0
109912,Irene Nebot Valbuena,2021-03-21,regular,2
111140,Eutropio Camino Donoso,2020-12-31,nuevo,1
112648,Leocadio Luís Aznar,2021-10-26,nuevo,0
109092,Anna Guijarro Guerra,2022-07-25,nuevo,0
107688,Fortunata Matas,2023-09-11,nuevo,1
106032,Mónica Porta Tur,2020-11-18,nuevo,0
106091,Jenny Bernat,2020-12-26,nuevo,0
106239,Florina Montoya,2020-03-03,nuevo,1
107351,María José Ocaña,2020-03-01,nuevo,1
107831,Cristian Escolano-Valverde,2020-07-14,nuevo,0
100761,Juan Luis Guillén Rosselló,2024-01-26,regular,3
106255,Nélida Ibáñez-Porras,2020-09-02,nuevo,0
101907,Rosario Palomares Hervia,2023-06-12,regular,3
112235,Albano Castelló Ariño,2022-05-26,nuevo,0
112016,María Fernanda Planas Casanova,2021-02-09,nuevo,1
112331,Abilio Aragón Llorente,2020-03-01,nuevo,0
103819,Alcides Vilar,2020-12-04,nuevo,0
106270,Renata Martín Parra,2023-10-09,nuevo,0
104301,Victor Jaume Prado,2020-05-02,nuevo,1
105570,Godofredo Coll-Batalla,2020-05-19,nuevo,1
114389,Manola del Quirós,2020-03-11,regular,3
107942,Heraclio Jordán Figueras,2023-03-07,nuevo,0
110786,Julio César Llabrés Gibert,2020-05-16,nuevo,0
104165,Pascuala Gimeno Carro,2024-05-23,nuevo,0
111224,Socorro Carretero-Martorell,2020-07-06,nuevo,0
105972,Marcial Arnaiz Herranz,2020-10-09,nuevo,0
103580,Judith Sala Crespi,2024-04-29,nuevo,0
102833,Jenaro Pareja Pareja,2022-10-13,nuevo,0
105450,Carmelita Ureña,2022-02-15,regular,2
103473,Anastasia Barreda Berenguer,2020-06-04,regular,2
106328,Nadia Badía Leal,2021-02-23,nuevo,0
100138,Nilda Valencia,2023-06-17,nuevo,0
107044,Matías Saldaña,2024-03-31,nuevo,0
104893,Heriberto Alfonso Almansa,2023-10-19,nuevo,1
102181,Nicolasa Varela Pinedo,2024-06-24,nuevo,0
110321,Leopoldo Urrutia Prats,2022-04-09,nuevo,0
107731,Narcisa de Gascón,2020-03-12,nuevo,0
103178,Jorge Llabrés Calderon,2020-08-24,nuevo,0
104855,Víctor Ramón Conesa Salinas,2020-05-01,nuevo,0
104638,Saturnino Gomis-Galvez,2022-10-07,nuevo,0
105116,Josué Mena,2021-10-15,nuevo,0
114497,Nico Tamarit Mena,2020-03-26,nuevo,0
107649,Valerio Jove Portero,2022-05-10,nuevo,1
104262,José Luis Alvarado Portero,2024-05-30,nuevo,1
112537,Tomás Font,2023-01-16,nuevo,0
101332,Olegario Valcárcel Lucas,2024-07-21,nuevo,1
110210,Candelario Ferrera-Vélez,2024-07-20,nuevo,0
112735,Emigdio Laguna-Palmer,2021-09-26,regular,3
110675,Encarnación Villa,2021-10-23,regular,3
107003,Eutropio Prats Roman,2021-09-07,nuevo,1
109551,Nuria Tamarit Lara,2024-06-30,nuevo,0
106942,Enrique de Pons,2023-11-17,nuevo,0
108018,Juana Roma-Castells,2023-04-13,nuevo,1
106242,Cristian Barreda-Escobar,2022-12-16,nuevo,1
109522,Salud Virginia Diéguez Gárate,2020-07-10,regular,2
106882,Carla Conde Valdés,2020-10-28,nuevo,1
113052,Nazario Alsina Benavides,2023-10-23,nuevo,0
110343,Paz de Aguirre,2020-11-02,nuevo,0
104531,Lilia Cortes Vallejo,2021-05-03,nuevo,1
110315,Marcos de Valera,2020-06-26,nuevo,0
104674,Galo Vidal Noriega,2022-02-06,nuevo,0
112174,Carlos Folch Mate,2023-07-23,nuevo,1
106997,Gloria Villaverde Luján,2023-06-18,nuevo,1
101253,Natalio Antúnez Ramírez,2023-09-25,nuevo,0
111471,Ligia Fortuny Bejarano,2024-06-16,nuevo,0
103375,Palmira Lucila Cervera Caro,2021-02-26,nuevo,0
102815,Horacio Pozo Villaverde,2022-06-06,nuevo,0
104720,Dalila Fonseca Vallés,2021-01-24,nuevo,0
106545,Azahara Esteban-Bello,2020-03-05,nuevo,1
110041,Germán Montaña Santamaría,2022-09-28,regular,3
104859,Nidia de Castells,2023-02-24,nuevo,0
107902,Nerea Seguí Ayuso,2021-09-10,nuevo,0
111230,María Carmen Llopis Jurado,2023-09-12,nuevo,0
108581,Pánfilo Requena-Vidal,2021-06-12,nuevo,0
108428,Leticia Vazquez Izquierdo,2020-06-12,nuevo,1
110177,Eligia Comas Mateu,2020-03-17,nuevo,0
104364,Eustaquio Quevedo Bayona,2023-03-25,nuevo,0
112155,Guiomar Frutos Morell,2023-02-05,nuevo,1
100771,Irma de Román,2023-08-13,nuevo,0
110358,Miriam Fernández,2023-12-27,nuevo,0
112726,María Pilar Sanmartín Sáez,2023-11-26,nuevo,0
108866,Azeneth Tirado Ayala,2023-05-11,nuevo,1
100250,Nicolasa Gomez Cortina,2024-07-12,nuevo,1
114490,Guadalupe Coll-Rodríguez,2024-07-20,nuevo,0
109767,Alex Alcaraz Morillo,2021-04-07,nuevo,0
107240,Alejo del Villalobos,2022-02-14,nuevo,0
114431,Alicia Gutiérrez-Sevilla,2022-04-14,nuevo,0
103420,Gertrudis Valcárcel-Rovira,2024-03-27,nuevo,0
110274,Gil Bernabé Jaén Manrique,2024-06-21,nuevo,0
110016,Jordi Abad Amaya,2021-03-20,nuevo,0
114951,María Carmen del Luque,2023-12-23,nuevo,0
104977,Porfirio Guijarro,2021-03-05,regular,2
104545,Fabián Canales Miranda,2023-02-10,nuevo,1
105566,Bernabé Castilla,2020-11-01,nuevo,0
107940,Alejandra Griselda Luz Gabaldón,2020-05-03,nuevo,1
100717,Darío Santiago Carrasco,2024-05-21,nuevo,0
115035,Cruz Camino Rojas,2023-10-12,nuevo,0
112339,María Dolores Vicente Barco,2021-04-13,nuevo,1
102049,Maximiliano Gallart-Estrada,2020-06-26,nuevo,1
105998,María Dolores Almansa,2020-11-11,nuevo,0
106601,Beatriz Berta Haro Casals,2020-03-26,nuevo,0
107246,Encarnita Olivares Martínez,2020-05-02,nuevo,0
113457,Casemiro Carvajal Jáuregui,2023-05-14,nuevo,0
104179,María Luisa Jáuregui,2022-02-16,nuevo,0
104810,Nayara Reig Maldonado,2023-07-11,nuevo,0
110917,Purificación Mata,2024-06-07,nuevo,0
114773,Armando Canet Leiva,2024-02-07,regular,4
107141,Florentina Cañete-Asenjo,2021-06-23,nuevo,0
107191,Leire Salgado Corbacho,2021-05-08,nuevo,0
101461,Rico Sacristán-Cañellas,2024-04-02,nuevo,1
105990,Albina Isabel Bernal Ayuso,2023-05-17,nuevo,0
109861,Piedad Moya Perera,2023-10-04,nuevo,0
110949,Ileana Expósito Teruel,2021-02-22,nuevo,0
102001,Sandalio Arnau,2021-09-28,nuevo,0
112764,Sergio Rico Vera,2023-03-20,nuevo,0
112806,Desiderio Taboada-Barco,2023-04-16,nuevo,0
108176,Nydia Lucas,2022-11-15,nuevo,0
100405,Nadia Abascal Ayllón,2020-03-16,nuevo,1
100385,Benjamín Fernández-Andreu,2021-07-06,nuevo,1
114723,Cecilio Ribes-Morcillo,2023-08-16,nuevo,0
114779,Ámbar de Barreda,2022-08-30,regular,2
110345,Segismundo Barón Coll,2021-01-18,nuevo,1
101634,Domingo Prat,2022-01-01,nuevo,0
114878,Martina Marín Navarrete,2022-08-03,nuevo,1
113773,Alonso Casanova Juan,2020-06-24,nuevo,1
104785,Damián Casado Lumbreras,2022-07-02,nuevo,1
106971,Abel Candelario España Calderon,2023-05-15,nuevo,0
103926,Hortensia Palomar Cuenca,2023-01-19,nuevo,1
113529,Borja Lago Expósito,2023-06-22,regular,2
104159,Águeda Ruano,2021-10-21,nuevo,1
107450,Felicia Estrada Valle,2021-04-13,nuevo,0
113141,Vasco Terrón Pérez,2021-06-13,nuevo,0
114091,Maximino Río Torrents,2023-08-18,regular,2
114797,Norberto Ramón Ramirez,2021-07-03,regular,2
113551,Che Lucas Mercader,2021-04-18,nuevo,1
108416,María Del Carmen Romeu Zapata,2022-11-02,nuevo,0
102194,Bernardita Pepita Cañas Tejera,2023-04-28,nuevo,0
111329,Sabina Villanueva Baquero,2020-12-17,nuevo,0
112662,José Luis Ballesteros Roig,2021-10-16,nuevo,1
110017,Narcisa Aparicio Rivero,2021-01-11,nuevo,0
101016,Lucio Pelayo-Pérez,2021-11-12,nuevo,0
105125,Alejandra Ferrera Prieto,2022-03-15,nuevo,0
113165,Ainara Armengol Rojas,2022-02-23,nuevo,0
107419,Aureliano Hervia Arnaiz,2023-08-15,nuevo,1
107410,Gloria Serna,2022-07-20,nuevo,0
108990,Leocadia Barco Cadenas,2020-11-30,nuevo,0
102872,Fabián Lastra Porras,2020-06-24,nuevo,0
100010,Marta de Roldán,2022-07-03,nuevo,1
110137,Juana Ugarte Quiroga,2020-03-25,nuevo,1
101839,Pepe Valcárcel Uriarte,2021-10-17,nuevo,0
104805,Borja Moreno-Miranda,2021-02-23,nuevo,0
100256,Eloy Rincón Sáenz,2022-11-07,nuevo,0
107027,Teófila Benet Bautista,2022-10-14,regular,2
105714,Martin Ballester Roselló,2023-11-24,nuevo,1
112678,Miguel Mercader Matas,2021-11-01,nuevo,0
103325,Amaya Jaume Bonet,2021-03-20,nuevo,0
107715,Cruz Calzada Fuentes,2024-04-11,nuevo,0
101582,Paulino Castro Cáceres,2023-02-22,nuevo,0
111149,Isaías Castejón-Bautista,2023-02-05,nuevo,1
100925,Ana Sofía Sala Cal,2021-05-14,nuevo,1
102780,Corona Alegria Santamaria,2020-12-24,nuevo,0
110701,Ainoa Pou Puig,2022-08-06,nuevo,0
107892,Dalila Mariño Ruano,2024-03-01,nuevo,0
106133,Marisela Seco Batalla,2021-03-24,regular,3
113217,Clotilde Múñiz-Peláez,2020-11-03,nuevo,0
105321,Tatiana Florina Cánovas Navarro,2021-06-18,nuevo,0
107313,Ileana Blanco Fuente,2023-06-26,nuevo,0
107103,Baldomero Pérez Armas,2021-10-18,nuevo,0
106043,Raquel Casas Tejedor,2022-04-13,nuevo,0
103776,Cornelio Uriarte Fernández,2022-10-12,nuevo,0
104836,Filomena Araujo Baeza,2020-12-11,nuevo,1
112329,Estela del Espejo,2024-02-11,regular,2
104965,Mercedes Múgica-Cano,2024-04-23,nuevo,1
110972,Natanael Sigfrido Tudela Escolano,2023-04-10,nuevo,0
100540,Carmen Porta Gracia,2020-03-15,nuevo,0
107484,Eva Egea Esteve,2022-07-31,nuevo,0
102746,Gala del Perez,2020-06-13,nuevo,0
103720,Ramón Lloret-Pomares,2021-09-23,nuevo,0
114855,Gisela Jaume Tovar,2023-09-30,regular,2
113660,Edgardo Villalba Fonseca,2023-11-20,nuevo,1
109338,Camila Fortuny Cardona,2022-02-12,nuevo,0
113320,Aarón Riquelme Escolano,2020-08-01,nuevo,0
104469,Reina Ortiz Manuel,2020-08-22,nuevo,0
100668,Eloísa Camps-Manzano,2021-03-18,nuevo,1
107576,Lorena Lara Borrell Cerezo,2024-01-30,nuevo,0
111212,Carlito Quintero,2020-11-07,nuevo,0
108550,Calista Alcántara-Pina,2024-05-02,nuevo,1
105064,Berta Hoz,2022-12-12,nuevo,1
111024,Melchor Rico Jordá Amores,2020-03-28,nuevo,1
110976,Andrés Felipe Jorge Ugarte Donoso,2024-08-09,nuevo,0
101354,María Pinilla Santamaría,2023-05-03,nuevo,0
113324,Victor Toño Nadal Garay,2020-05-11,nuevo,0
107115,Pío Esteban-Segarra,2020-05-13,regular,4
115217,Itziar Cerdán Gilabert,2024-03-04,nuevo,0
108663,Cristina Borja Rebollo,2020-03-09,nuevo,0
102704,Goyo Cabo Mesa,2020-06-19,nuevo,0
103331,Yéssica Cano Rico,2020-06-04,nuevo,0
108054,Pili Pedraza Vergara,2023-02-28,nuevo,0
111830,Vicenta Marin Luna,2021-01-24,nuevo,0
109589,Matilde Bárcena,2022-05-29,nuevo,1
103585,Vinicio Moya Vega,2024-04-26,nuevo,0
114715,Segismundo Aristides Pujadas Villalba,2021-09-04,nuevo,1
113455,Olimpia Zapata-Zorrilla,2021-02-03,nuevo,0
105646,Julián del Cerdán,2020-12-09,nuevo,0
103377,René Molins Anaya,2022-12-31,nuevo,1
101257,Vicente de Terrón,2021-08-07,nuevo,0
106191,Jose Ramón Gámez Baró,2022-07-26,nuevo,0
111705,Adora Landa Milla,2022-08-09,nuevo,0
113844,Carmelo Viña,2020-05-07,nuevo,0
113971,Serafina Campos Hierro,2021-10-22,nuevo,0
109443,Lucio Pintor Mendoza,2022-01-20,nuevo,1
113988,Rafa Bernat-Romeu,2024-06-18,nuevo,1
105349,Eduardo Marcial Solera Ponce,2021-04-21,nuevo,0
111004,Prudencia Gallardo Comas,2024-05-17,nuevo,1
112491,Marcia Otero Coloma,2022-01-10,nuevo,0
111477,Nicolás de Reina,2022-02-18,regular,2
111126,Adán Arranz Vallejo,2021-11-14,nuevo,1
104176,Irene del Baena,2021-05-10,nuevo,1
113461,Diego Guzman Folch,2024-02-22,nuevo,1
104911,Fortunato Alonso Ramos,2021-04-27,nuevo,0
101853,Cruz Trillo Izquierdo,2021-11-17,regular,2
106317,Juliana Tejedor Sala,2022-02-22,nuevo,0
112973,Miguela Valenciano Hernández,2024-01-19,nuevo,1
101960,Adolfo de Sacristán,2021-10-04,nuevo,0
101960,Adolfo de Sacristán,2021-10-04,nuevo,0
102106,Clímaco Leal Aznar,2023-04-05,nuevo,0
100134,Jordi Porcel,2020-12-17,nuevo,0
105030,Eutropio Álvarez Soler,2021-06-30,nuevo,1
100929,Rocío Amigó Zamorano,2022-05-16,nuevo,0
100824,Cristian Serrano Mínguez,2021-01-26,regular,2
107577,Manuela de Alberola,2020-08-17,nuevo,0
111633,Reinaldo Mas-Mercader,2021-08-19,regular,2
101215,Iker Salcedo Moraleda,2023-06-12,nuevo,0
100505,Albert Ariza Castejón,2022-10-15,nuevo,0
112478,María Dolores Naranjo Marí,2024-04-21,nuevo,1
114684,Bautista Cadenas,2022-08-24,nuevo,1
110189,Bernarda Ródenas,2022-05-31,nuevo,1
106531,Juan Luis Mena Sanabria,2022-07-27,nuevo,0
103073,Remigio Rocamora Garmendia,2020-04-25,nuevo,0
110151,Buenaventura Moreno Zamora,2020-07-04,nuevo,0
109577,Isabela Nogués Diaz,2023-02-15,nuevo,0
113117,Amílcar Alba Lasa,2020-03-01,nuevo,0
108648,Ariel Estevez Nieto,2024-06-13,regular,2
113972,Imelda Artigas Alberdi,2022-01-25,nuevo,1
109274,Pastora Rodríguez Vaquero,2023-08-27,nuevo,1
103710,Evangelina Adelina Bayón Múñiz,2024-07-04,nuevo,0
114930,Agustín Pera-Menendez,2022-10-10,nuevo,0
104850,Isabel Raquel Puga Infante,2021-06-16,regular,2
104749,Eligio Hidalgo Font,2020-09-25,nuevo,1
104269,Kike Gracia,2024-05-10,nuevo,0
111715,Cloe Rodríguez Vélez,2022-05-28,regular,2
112327,Jose Miguel Ripoll,2023-12-21,nuevo,1
111795,Remigio Iñiguez,2020-12-31,nuevo,0
108906,Amparo Moraleda Pol,2023-06-11,nuevo,0
104187,Rosendo Jonatan Albero Ricart,2022-11-02,nuevo,0
110407,Esmeralda Delgado Pelayo,2022-11-09,nuevo,1
105302,Tamara Acero Nebot,2021-04-21,nuevo,0
102924,Pilar Alcalá Luque,2023-09-15,nuevo,0
106589,Loreto Anselmo Méndez Isern,2023-03-09,nuevo,0
101811,Ana Sofía Martin Espejo,2022-01-16,nuevo,0
107420,Martina Gutiérrez Barriga,2022-11-20,nuevo,1
103142,Ambrosio Salomón Puga Iborra,2021-10-04,nuevo,1
110020,Calixta Almazán Goicoechea,2023-12-05,nuevo,1
109348,Dan España Camps,2020-08-22,nuevo,1
101325,Jose Ignacio Ramírez Marí,2022-12-18,nuevo,1
104313,Lola Pablo Villaverde,2023-10-01,nuevo,0
107495,Oriana Boada Nebot,2022-02-22,nuevo,0
108703,Bernardita Angelina Castro Vega,2021-07-28,nuevo,0
109873,Alba Medina Sanmartín,2023-01-18,nuevo,0
114801,Rolando González Calzada,2020-03-21,nuevo,0
110049,Ximena Paola Jordán Anglada,2020-12-17,nuevo,0
109581,Edgardo Merino,2021-11-11,regular,2
113808,Gastón Lumbreras-Calderon,2021-09-14,nuevo,0
111912,Lina Garriga Canales,2020-05-07,nuevo,0
110579,Dora Ortuño Zamora,2024-03-17,nuevo,0
105542,Salvador Lastra Nuñez,2020-11-15,nuevo,0
111429,Angelina Piedad Talavera Ibañez,2020-10-23,nuevo,1
106173,Ruth Urrutia Lillo,2023-12-11,nuevo,1
101541,Abilio Carrillo Cámara,2023-09-02,nuevo,0
109410,Jacobo Pereira,2020-09-14,regular,2
102682,Rafa Palomar Sanchez,2020-08-12,nuevo,0
111186,Olegario Alejo Araujo Castrillo,2021-03-25,nuevo,0
113705,Marcelo Diego Hoz,2024-08-22,nuevo,0
106314,Dimas Lumbreras Nogueira,2022-01-10,nuevo,0
101192,Armando Cal Monreal,2023-07-23,nuevo,0
113965,Encarna Silvia Abella Expósito,2022-12-31,nuevo,1
105294,Pascual Talavera Bou,2022-04-05,nuevo,0
101543,Claudio Barrio Villar,2020-05-19,nuevo,0
111494,Áurea Clavero,2020-04-19,nuevo,0
111517,Rafaela Esteban Saura,2020-12-11,regular,2
107057,Marcelo Gutierrez,2022-01-12,nuevo,0
102540,Eugenia de Marin,2020-07-31,nuevo,0
100954,Modesto Jove Luna,2023-08-27,nuevo,1
107242,Felicidad Dominguez,2023-01-30,regular,2
106732,Elvira Arranz Pedraza,2024-08-10,nuevo,1
104847,Cosme Falcó,2021-05-06,nuevo,1
106802,Lorenzo Óscar Herranz Jimenez,2020-05-22,regular,3
108011,Luís Pedro Pino Roca,2024-04-27,nuevo,0
104331,Nicanor Abella Heras,2023-05-21,nuevo,0
108925,Priscila Pons Ojeda,2023-03-25,nuevo,1
105335,Juan Manuel Aguilera Yáñez,2020-04-28,nuevo,0
107331,Sandalio Sobrino Adadia,2022-01-24,nuevo,1
109349,Jovita Rueda Torrent,2020-07-15,nuevo,1
104730,Paco Rodriguez-Figueras,2023-01-27,nuevo,0
111487,Renato Tudela Suarez,2024-06-14,nuevo,0
106542,Adelaida Acuña-Arnaiz,2020-09-15,nuevo,0
111175,Goyo Herrera,2022-04-15,nuevo,1
105306,Camilo Páez Jimenez,2024-07-26,nuevo,0
105162,Moisés Luciano Puig Santiago,2023-02-21,nuevo,0
107861,Flora Gibert,2021-09-01,nuevo,0
102157,Anabel Juliá Portillo,2020-09-03,nuevo,1
101063,Reinaldo Córdoba Pont,2022-11-30,nuevo,0
110809,Clímaco del Baeza,2024-05-26,nuevo,0
101168,Dionisia del Guillen,2021-12-06,regular,2
111415,Nazaret Ribera-Mendizábal,2021-10-27,nuevo,1
103637,Teodora Puente Flor,2023-07-02,nuevo,0
107652,Adán Andrade Viana,2024-06-03,nuevo,0
105589,Reinaldo Montaña Llamas,2022-05-13,nuevo,1
111131,Chus Cuevas Rubio,2023-08-03,nuevo,1
107193,Anacleto Pellicer-Ballesteros,2022-09-21,nuevo,1
104492,Paz Uriarte Salazar,2024-06-11,nuevo,0
107267,Máxima del Guerrero,2023-10-30,nuevo,0
111333,Abel del Manuel,2021-11-08,nuevo,1
104981,Tito Martin Puente,2021-12-25,nuevo,1
108336,Antonio Gonzalo Arribas,2023-08-29,nuevo,0
111770,Zoraida Carretero,2023-12-29,nuevo,1
104947,Petrona Ruiz,2021-12-01,nuevo,1
102783,Tiburcio de Teruel,2021-03-24,regular,4
100718,Héctor Casal Paredes,2021-05-12,nuevo,0
110012,Josep Cueto Villa,2021-11-13,nuevo,0
102503,Jordi Guijarro Bermúdez,2024-04-20,nuevo,0
104361,Florencio Sevillano-Balaguer,2020-09-07,nuevo,0
104172,Lupe Meléndez Acevedo,2023-09-20,nuevo,0
108083,Genoveva Nazaret Ferrera Sancho,2020-06-18,nuevo,0
115191,Rogelio Herranz-Ríos,2024-08-19,nuevo,0
114781,Vasco Jenaro Coll Barreda,2023-11-09,nuevo,1
100396,Ramón Canet Hernandez,2021-06-01,nuevo,0
113924,Florencio Soriano Herranz,2021-11-27,nuevo,0
114513,Desiderio Reig Hoz,2021-12-19,nuevo,0
107187,Miriam Laguna,2022-03-30,nuevo,1
104493,Elba Flores Barragán,2024-01-15,nuevo,0
101366,Jose Marciano Herrera Roca,2024-08-27,nuevo,0
114837,Chus Fajardo-Verdú,2021-02-20,regular,3
114192,Pánfilo Ricart Cabezas,2022-05-04,nuevo,1
108788,Socorro Rozas Montero,2021-12-30,nuevo,1
114398,Sol Bibiana Barbero Romero,2022-04-11,nuevo,0
112145,Ciriaco Valenzuela,2023-05-31,regular,2
113585,Prudencia Torralba,2020-11-27,nuevo,1
105918,Baudelio Sola-Rocha,2022-05-19,nuevo,0
104969,Soledad Cantón Pablo,2020-09-11,nuevo,1
102915,Roldán de Oller,2022-05-03,nuevo,1
110519,Marciano Vega Tejedor,2021-08-11,nuevo,0
105645,Máxima Paca Pablo Burgos,2024-01-26,nuevo,0
103767,Martin Lumbreras Pavón,2022-05-05,nuevo,1
103441,Herberto Cabañas Torrens,2021-12-27,nuevo,0
112044,Isaac Amaya Peñas,2020-05-18,nuevo,0
112325,Olegario Gras Ferreras,2023-06-30,nuevo,0
107358,Pascual Macias Font,2024-01-28,nuevo,0
106807,Serafina del Gallo,2022-01-15,nuevo,0
109880,Asdrubal Cordero Rovira,2020-05-04,nuevo,0
102144,Santos Quirós Agustí,2022-03-14,nuevo,1
105105,Lucho Uribe,2021-06-28,nuevo,0
105074,Manolo Vaquero Bayo,2023-11-11,nuevo,0
101572,Sigfrido Recio Camps,2023-10-10,nuevo,0
104080,Miguel Peña Coll,2024-04-20,nuevo,0
101123,Amador del Giménez,2020-08-05,nuevo,1
102787,Melchor Mata Solís,2023-10-03,nuevo,0
114528,María Feliu Figueroa,2020-12-25,regular,2
102968,Fortunata Coello Andreu,2022-05-25,nuevo,0
102505,Leire Montoya-Godoy,2022-03-08,regular,2
105989,Juan Antonio Cuesta Alvarez,2023-07-26,nuevo,0
111658,Ofelia Sureda Galan,2022-08-22,nuevo,1
108868,Pedro Coloma Fuertes,2023-10-16,nuevo,0
111001,Gregorio Oliveras Aguado,2021-04-12,nuevo,0
107165,Catalina Villalonga Escamilla,2020-05-28,regular,2
111541,Sandra Suárez,2020-05-08,nuevo,0
100729,Jimena Duarte,2024-02-20,nuevo,0
107588,Paco de Álvarez,2020-12-27,nuevo,1
107544,Jacinto Bernad Borrell,2021-08-21,nuevo,0
100413,Clementina Oller,2023-03-17,nuevo,1
111339,Carmela Acevedo,2022-02-10,nuevo,0
109709,Óscar Salmerón,2021-09-24,nuevo,0
105746,Pablo Pont Ramos,2021-05-31,nuevo,0
107669,Rebeca de Palau,2021-12-01,nuevo,0
100826,Cleto del Sebastián,2021-04-26,nuevo,1
103268,Gilberto Ferrera Novoa,2021-11-12,nuevo,1
103975,Rico Tur,2024-08-12,nuevo,0
108809,Lalo Acosta Gárate,2021-05-09,nuevo,0
108307,Evelia Santos,2022-04-11,nuevo,0
100418,Josep Gual Aznar,2022-09-13,nuevo,1
111262,Gema Izquierdo-Sala,2024-02-20,nuevo,0
109818,Bernardino Moraleda Pont,2022-11-15,nuevo,0
106749,Humberto Marqués Isern,2023-05-10,nuevo,0
108968,Cipriano Río Llorente,2020-03-28,nuevo,1
112378,Ambrosio Márquez-Francisco,2024-02-19,nuevo,0
111089,Cayetana Torre Bellido,2021-02-06,regular,2
115020,Febe del Barriga,2020-03-05,nuevo,0
102083,Javi Cañete Diaz,2020-03-09,regular,3
108946,Agapito Victor Manuel Barreda León,2021-06-01,nuevo,1
110739,Angelita Rocamora-Gomis,2023-03-23,nuevo,0
112162,Eligio Ferrera Gomis,2021-04-25,nuevo,1
103374,José Ángel Romeu-Velasco,2022-05-02,nuevo,0
105727,Édgar Ayuso Barrios,2023-05-06,nuevo,0
104108,Marcelo Cid Córdoba,2021-03-29,nuevo,0
110637,Irene Patricia Casanova León,2021-03-12,nuevo,0
104381,Primitiva Lorenzo Padilla,2023-10-23,nuevo,0
107724,Aurelio Iborra Ramis,2020-12-13,regular,2
101067,Amado Mesa Cuéllar,2020-11-13,nuevo,1
103914,Ascensión Pina Ferrández,2021-03-06,nuevo,0
113480,Bernardino Bosch Narváez,2020-06-28,nuevo,0
105537,Lalo Carbó Catalán,2021-03-28,nuevo,0
108003,Demetrio de Calatayud,2022-05-25,nuevo,0
105388,Corona Morell Navarrete,2020-05-31,regular,2
105733,Cándida Pagès Pareja,2024-03-11,nuevo,1
111691,Hernán Bernat Balaguer,2022-10-19,regular,2
102739,Omar del Mena,2020-05-17,nuevo,0
105053,Guiomar Tello,2024-01-04,nuevo,0
104001,Armida Font-Jaén,2021-10-05,nuevo,0
109761,Alejandra Donaire Arias,2020-04-15,nuevo,1
102428,Cayetano Calisto Revilla Rosell,2022-08-21,nuevo,0
111939,Imelda Posada-Vargas,2021-09-24,nuevo,0
106834,Eusebia Delfina Lerma Ortiz,2022-02-12,nuevo,0
110124,Pastora Boix,2023-08-30,nuevo,0
101688,Belen Grande Noguera,2023-05-28,nuevo,1
100852,Consuelo Llamas Rozas,2021-07-18,nuevo,0
111739,Godofredo Gerónimo Ramos Guzmán,2020-03-24,nuevo,1
109088,Paca Ruiz Batalla,2023-11-02,regular,2
112785,Claudia del Mateos,2023-07-12,regular,3
114594,Noemí Vilar Gomis,2022-11-16,nuevo,0
105879,Alondra Millán Elorza,2022-01-12,nuevo,0
108528,Osvaldo de Corral,2023-05-03,nuevo,1
102840,Basilio Cerdá Pino,2020-06-18,nuevo,1
111280,Seve Rojas Piñol,2021-03-18,nuevo,0
104612,Ana Sofía Manso-Samper,2023-04-27,regular,3
109541,Américo Cuéllar Aparicio,2023-11-01,nuevo,1
109208,Heliodoro Mínguez Carballo,2022-12-16,nuevo,1
111009,Visitación Gascón Julián,2023-10-14,nuevo,0
109824,José Catalá Galvez,2022-10-08,nuevo,0
102490,Bernarda Pineda Falcón,2024-06-12,nuevo,0
111923,Efraín Miguel Ángel Peral Patiño,2023-07-19,nuevo,1
106906,Manolo Lopez Perelló,2022-11-22,nuevo,0
107391,Anunciación Abril Cortés Andrés,2022-08-13,nuevo,1
111444,Paca Checa Santos,2021-08-24,nuevo,1
102850,Pacífica Lamas Macías,2021-07-26,nuevo,0
114070,Nicanor Martinez Fabra,2020-04-06,nuevo,1
106666,Juan Francisco Estrada Valverde,2021-12-16,nuevo,1
105882,Julia Javiera Morante Rovira,2021-07-16,nuevo,0
110263,Macaria Martinez Contreras,2022-11-19,nuevo,1
104453,Tiburcio Ramírez Adán,2020-03-06,nuevo,0
109950,Micaela Gonzalez Quesada,2022-12-05,nuevo,0
107422,Federico Mascaró Barriga,2024-05-10,nuevo,1
113601,Belén Nogueira Jódar,2021-01-23,nuevo,0
109828,María Sandoval Ariño,2022-10-20,nuevo,0
112839,Bernardo Morillo Santana,2023-06-10,nuevo,0
106485,Hortensia de Reguera,2022-05-29,nuevo,0
106618,Patricio Cabeza-Amat,2020-10-02,nuevo,0
110458,Ruben Tejedor-Pozuelo,2024-06-28,nuevo,1
111152,Duilio Fermín Vázquez Amo,2022-11-06,nuevo,0
113516,Eugenia Quero,2021-09-21,nuevo,1
115116,Encarna Rafaela Ayuso Exposito,2023-07-21,nuevo,0
111252,Nazario Simó Contreras,2020-06-22,regular,2
113246,Jose Ignacio España,2021-11-29,regular,3
114062,Javi Gutierrez Múñiz,2021-03-23,nuevo,0
102142,Lupe Barral,2023-07-07,nuevo,1
113297,Bernarda Narcisa Carmona Nebot,2022-11-01,nuevo,0
105189,Manuelita Morante Rios,2020-08-22,nuevo,1
115104,Pastor de Yuste,2021-08-08,nuevo,0
112238,Cecilio Blanch Urrutia,2020-12-21,nuevo,0
111549,Chuy Iriarte Corbacho,2022-07-11,nuevo,0
102745,David Vilaplana,2024-02-06,nuevo,1
107254,Simón Ríos Céspedes,2020-04-11,nuevo,0
113285,Severo del Silva,2020-05-13,nuevo,0
103507,Nieves Ariza-Alberto,2023-05-20,nuevo,0
101680,Balduino del Cabañas,2023-10-07,nuevo,0
104250,Joan Arnaiz Soler,2022-10-05,nuevo,0
103148,Apolinar Cañellas Portillo,2021-03-01,nuevo,1
108131,Leire Canet Lago,2020-10-04,nuevo,1
110487,Ildefonso de Lledó,2020-08-13,nuevo,0
107005,Leyre Asensio Alfaro,2023-06-26,nuevo,1
100581,Antonia Isern Cervantes,2023-08-20,nuevo,1
109663,Macarena Camps Pinto,2022-06-15,nuevo,0
112992,Benigna Barranco Carbajo,2021-01-24,nuevo,1
104071,Nando Pinto Pizarro,2023-10-11,nuevo,0
113501,Samu Campos Dalmau,2023-03-22,nuevo,0
103344,Lucio Rey Ortiz,2022-03-07,nuevo,0
113185,Domingo Cervera Jódar,2022-11-15,regular,2
107405,Jacinto Lumbreras-Morata,2023-03-20,nuevo,0
112776,Bartolomé Trujillo,2023-08-22,nuevo,1
103673,David Bartolomé Quesada Múñiz,2020-11-15,regular,2
100560,Fabiola Barrena Ropero,2020-09-08,nuevo,0
105238,Ana Sofía Mayoral Viña,2023-03-18,nuevo,0
107806,Sandra Bastida Tamarit,2023-09-06,nuevo,1
113408,Manuel Corbacho-Clemente,2022-11-16,nuevo,0
111042,Custodia Pelayo,2021-01-24,nuevo,0
100513,Luis Miguel Aramburu Plaza,2023-05-09,nuevo,1
112922,María Cristina Maestre Adadia,2024-07-12,regular,2
101082,Gastón Victoriano Coronado Vizcaíno,2020-07-30,nuevo,0
101665,Febe Guillén,2022-08-29,nuevo,0
109205,Serafina Peñas Silva,2024-07-01,nuevo,0
101932,Cristina Pavón Acosta,2023-08-28,nuevo,0
115053,Olegario del Galvez,2023-05-18,regular,3
101151,Ariadna Arribas,2023-10-09,nuevo,0
102839,Tiburcio Torrens,2022-11-09,nuevo,0
105950,Azahar Maza Acero,2021-12-28,regular,2
108933,Ángeles Cases Maldonado,2020-05-26,nuevo,1
115235,Tania Ríos Quero,2022-05-02,regular,2
114263,Eloísa Bernat Jordá,2024-07-09,regular,2
111868,Clementina Novoa-Mármol,2020-05-28,nuevo,0
114099,Consuela Calzada Neira,2022-12-20,nuevo,0
100831,Jenaro Anastasio Alegre Bou,2021-03-30,nuevo,0
108312,Cristina Aller Campoy,2020-09-07,nuevo,0
104753,Graciela Neira Vergara,2022-05-02,nuevo,0
115189,Alonso Adán Otero,2020-03-24,nuevo,0
115131,Roque del Perales,2020-08-13,nuevo,1
100636,Asdrubal Lamas Múgica,2021-01-06,nuevo,1
112557,Lucio Montserrat Llabrés,2021-06-12,nuevo,0
106800,Epifanio Isidoro Solana Marco,2021-10-24,nuevo,0
107988,Celestino Llano Gabaldón,2024-06-14,nuevo,0
106967,Santiago Ibañez Acevedo,2024-02-20,nuevo,1
104143,Victor Crespi Molins,2024-06-10,nuevo,1
107028,Hector Olmedo-Miró,2024-08-12,nuevo,0
109184,Ramón Llamas Borrell,2024-03-23,regular,2
100877,Sabas de Aguilar,2021-12-10,regular,2
104870,Morena Jimenez Tena,2023-10-23,nuevo,0
105316,Sergio Moreno Guijarro,2023-04-30,nuevo,0
105223,Cándido Rius Sobrino,2022-03-26,nuevo,1
100005,Lupe Conde-Córdoba,2024-06-18,regular,2
103052,Ambrosio de Sanmartín,2021-07-28,nuevo,0
105692,Melchor Balaguer Clavero,2023-06-27,nuevo,0
103125,Román Dueñas-Carlos,2024-07-24,nuevo,0
114600,Elodia Estévez Solano,2021-06-26,nuevo,0
110853,Arcelia Gil Tamarit,2024-02-21,nuevo,0
102492,Francisco Jose del Clemente,2022-01-15,nuevo,0
113366,Graciela Sol Morcillo Cáceres,2023-11-25,nuevo,0
103855,Eutropio Conesa Mateos,2022-09-29,nuevo,0
113126,Alicia de Millán,2021-11-07,nuevo,0
104778,Baudelio Madrid,2023-02-03,nuevo,1
109908,Dominga Amaya Arce Cantero,2023-03-06,nuevo,0
114641,Adelina Villalba Bru,2021-08-30,nuevo,0
107510,Omar Sebastián Mateos Cuesta,2023-08-08,nuevo,1
114906,Soraya Jaén-Taboada,2020-11-14,nuevo,0
106458,Anita Cuervo,2024-08-17,nuevo,0
106294,Jordi Cuadrado Ledesma,2024-04-13,nuevo,0
101149,Amaro Izquierdo,2020-11-07,nuevo,1
111454,Luz Mármol-Valero,2021-01-27,nuevo,0
100575,Paulina Martín-Gargallo,2021-11-29,nuevo,0
103770,América Pardo Céspedes,2023-07-18,nuevo,0
111929,Sarita Herrero Saavedra,2020-07-14,nuevo,0
104147,Nazaret Gilabert Salvà,2023-06-26,nuevo,0
100854,Joaquina Herrera Malo,2022-09-26,regular,2
110175,Macaria Jaén-Duran,2021-03-22,nuevo,1
110967,Alejo Donaire Herranz,2023-04-24,nuevo,0
105920,Febe Santamaria Canet,2020-04-04,nuevo,1
113122,José Luis Cadenas Porras,2022-08-20,nuevo,0
113404,Jose Miguel Agullo-Ferrándiz,2024-01-06,nuevo,0
109359,Palmira Belda Castells,2023-05-25,nuevo,1
106615,Leyre Mármol,2020-05-28,nuevo,0
106003,Emperatriz Morata Badía,2021-07-15,nuevo,0
109164,Alfonso José Mari Sanmartín Pons,2020-07-27,nuevo,0
110894,Francisca Guzmán,2024-02-08,nuevo,0
104496,Guiomar Moll Zorrilla,2020-09-30,nuevo,1
108174,Bernardita Coronado Heras,2023-11-04,nuevo,0
106656,Sandalio Escudero Sans,2022-10-12,nuevo,0
112040,Aurora Botella Guillén,2021-09-30,nuevo,1
102369,Perla Saldaña Reyes,2023-08-08,nuevo,0
112308,Trinidad Gómez Antón,2020-07-30,nuevo,1
104781,Yésica Zabala-Catalán,2021-04-13,nuevo,1
112324,Rafael Chamorro Casas,2020-09-28,nuevo,1
107993,Agustina Peñas,2021-08-12,nuevo,0
102951,Zaida de Vaquero,2022-05-05,nuevo,1
105626,Eutropio Daza,2023-12-04,nuevo,1
106972,Dani Ugarte Antón,2022-08-20,nuevo,1
108717,Begoña Lola Izaguirre Arenas,2020-11-17,nuevo,0
110648,Cruz Heras Morell,2024-01-03,nuevo,0
113209,Gilberto Gomila Vilaplana,2021-12-27,nuevo,0
101842,Juan Pablo Giralt,2021-03-26,regular,2
105987,Jenaro Ros Bilbao,2022-08-20,regular,2
100538,Rogelio Octavio Ballesteros Álamo,2022-10-07,nuevo,1
102807,Zoraida Bartolomé Agustí,2024-06-20,nuevo,1
105802,Azahara Araujo Cruz,2023-03-16,nuevo,0
105597,Anna Cisneros Sedano,2024-01-10,nuevo,0
107207,Benjamín Recio Guijarro,2021-10-23,nuevo,0
107344,Heriberto Mancebo Rivero,2024-06-20,regular,2
112534,Tomasa Rubio-Rocamora,2023-11-19,regular,2
107561,Rafaela Antón Tovar,2020-09-29,nuevo,1
108097,Emelina Luís Carbó,2021-05-30,nuevo,0
111368,Andrea Barros Cañas,2024-05-24,nuevo,0
100785,Paloma Acosta Paz,2024-08-09,regular,2
112250,Noa Cristina Sainz Requena,2021-02-05,nuevo,0
101410,Guiomar Aliaga Colomer,2023-08-24,nuevo,0
110730,Fabián Vives,2023-10-26,nuevo,0
100155,Reyes Fuente,2022-01-21,nuevo,1
107807,Edu Adadia Sanz,2020-03-28,nuevo,0
103010,Vanesa Llobet Tolosa,2023-10-26,nuevo,0
101687,María Teresa Mancebo Delgado,2024-01-12,nuevo,1
111094,Clarisa Valcárcel Campo,2021-06-26,nuevo,0
104015,Olalla Ferrández Velázquez,2024-06-23,nuevo,0
107456,Efraín Lino Arnaiz Rodríguez,2022-04-11,nuevo,0
112914,Miguel Ángel Méndez Zamorano,2020-04-02,nuevo,0
103864,Antonia Puga Azorin,2024-03-07,nuevo,0
102734,Nieves del Casals,2024-06-09,nuevo,1
101896,Isa Hilda Ayala Morán,2024-05-15,nuevo,1
105443,Javiera Villalobos,2021-01-03,regular,2
100570,María José Aramburu Luna,2023-07-12,regular,2
106710,Aníbal Piñol Sandoval,2021-07-16,nuevo,0
105855,Amelia Clotilde Blanca Arregui,2022-10-30,nuevo,1
101817,Manuela Arribas Izquierdo,2022-01-11,nuevo,1
110258,Amado del Jove,2022-06-26,nuevo,0
108320,Rosalina del Girona,2020-09-25,nuevo,1
103395,María Fernanda Reina Blanca,2023-02-02,nuevo,1
103328,Ariel Villalonga Espejo,2021-02-11,nuevo,0
106103,Cristian Carballo Barrena,2024-04-23,nuevo,0
102976,Clementina Belmonte,2021-09-19,nuevo,1
100981,Benigna Aparicio Royo,2021-06-17,nuevo,1
110493,Rafaela Campos Ballesteros,2023-09-15,nuevo,1
100191,Milagros del Valero,2023-06-21,nuevo,1
109332,Evaristo Aramburu-Río,2021-05-13,nuevo,1
105089,Ana Sofía Pol-Aranda,2021-08-09,nuevo,0
100700,Lupita Salamanca Losa,2024-06-21,nuevo,0
115190,Hortensia Bello Meléndez,2020-09-19,nuevo,0
100607,Marcial Benítez,2022-03-04,regular,2
112469,Paco del Jordán,2021-05-30,regular,2
100302,Edmundo Galan Velasco,2023-08-27,nuevo,0
114833,Nélida Álvarez Cáceres,2023-01-31,nuevo,0
103421,Virgilio Llamas Vendrell,2022-08-09,nuevo,1
101061,Galo Gomez Vall,2020-10-26,regular,2
114057,Ruperta Cortes Jove,2022-11-15,nuevo,1
103445,Bernardita Ribes Bastida,2024-04-19,nuevo,0
101070,Sosimo Segovia Martínez,2020-12-11,regular,2
110717,Hortensia Cloe Echeverría Gomis,2023-06-18,nuevo,1
102206,Alondra Seco Cáceres,2022-08-26,nuevo,1
109436,Noemí Águila Pardo,2022-08-26,nuevo,1
107340,Ileana Gallo,2024-07-13,nuevo,0
108209,Tomasa Benet Figueras,2023-02-23,nuevo,0
107680,Cecilia Ramos Diego,2020-08-23,nuevo,1
111313,Juan Tiburcio Calderon Quintero,2023-05-23,regular,2
113504,Abril Santamaria Pintor,2024-08-23,nuevo,0
107684,Guiomar Molina Hoz,2021-08-13,nuevo,0
112947,Toribio Jiménez Arellano,2022-08-25,regular,3
109008,Amalia del Soria,2021-03-19,regular,3
107997,Santiago Sala Pacheco,2024-08-19,nuevo,1
111260,Herberto Sastre Carrillo,2021-05-03,nuevo,1
112741,Gilberto Cañizares Leon,2024-02-13,nuevo,0
105601,Ariadna Olivera Arregui,2024-03-27,nuevo,0
109152,Juan Antonio Rosales Valentín,2020-04-12,regular,2
107023,Marcelo Solé Verdejo,2023-05-22,nuevo,1
114620,Adelardo Benito Bejarano,2020-04-09,nuevo,0
104894,Zoraida Acevedo Jordá,2024-01-02,nuevo,0
100226,Jimena Araujo Aparicio,2022-11-03,nuevo,0
114363,Joel Cifuentes-Samper,2020-04-25,nuevo,1
103355,Ariel Sandoval Goicoechea,2022-06-03,nuevo,0
105896,Jacobo Nieto Coello,2021-08-05,nuevo,1
110678,Manu Llabrés-Oliveras,2020-07-05,nuevo,0
108755,Dionisio Casals Gallart,2020-12-23,nuevo,0
103437,Benita Sáenz Lamas,2023-01-15,nuevo,0
114566,Clotilde Portero Maza,2021-01-16,nuevo,0
114374,Áurea Esteve Arévalo,2024-01-06,nuevo,0
101694,Encarnación Lago-Martin,2020-05-13,nuevo,0
106894,Néstor Garzón Reig,2020-04-17,nuevo,0
101046,Ricarda Palacios-Pizarro,2020-09-23,nuevo,0
103447,Aureliano Jenaro Vigil Ripoll,2024-05-14,nuevo,0
112758,Josué Borja Navarro,2020-04-23,nuevo,0
108051,Remigio Cepeda-Anaya,2021-10-03,regular,3
109147,Rosendo Franch Somoza,2024-03-14,nuevo,1
110928,Gabriel Ródenas Carbajo,2020-10-22,nuevo,1
111297,René Vendrell-Alcolea,2020-03-04,nuevo,1
104736,Margarita Tena,2020-05-21,nuevo,1
104497,Gabriela Carrera Chamorro,2022-10-18,nuevo,0
101219,Vilma Isa Tormo Lastra,2023-07-04,nuevo,0
113447,Anita Barón Coca,2023-09-13,nuevo,1
113704,Nadia Márquez Román,2021-06-03,nuevo,0
106016,Amaro Escobar Batalla,2022-11-04,nuevo,0
109720,Cesar Cecilio Piquer Aparicio,2023-04-18,nuevo,0
103988,Celestino Agullo Melero,2022-04-10,nuevo,1
104912,Toño Riba Jimenez,2024-06-08,nuevo,0
109493,Roxana Rozas Exposito,2022-02-21,nuevo,1
104494,Espiridión Lozano-Aranda,2024-03-03,nuevo,1
106945,Matías Madrigal,2022-10-16,regular,3
105700,Simón Ochoa Castrillo,2021-04-29,nuevo,1
108353,Efraín Barón Escrivá,2024-02-07,nuevo,1
112260,Reyna Aguirre Arcos,2022-08-31,nuevo,0
113993,María Dolores Miguel Dueñas,2024-02-14,nuevo,0
100957,Josué Porcel,2023-01-06,nuevo,1
111984,Ana Belén Eulalia Cabeza Soria,2022-05-21,nuevo,1
111427,Vidal Gutiérrez,2024-07-12,nuevo,0
102870,Arturo Peñas Linares,2021-07-20,regular,2
111970,Néstor Alcántara Alcolea,2021-05-23,nuevo,1
104434,Jesusa Arana Tomas,2024-08-10,nuevo,0
104974,Luz Barreda Pallarès,2021-10-23,nuevo,1
114208,Nacio Verdejo Yáñez,2023-02-18,nuevo,0
102962,Noelia Guadalupe Lobato Colomer,2022-10-16,nuevo,0
114173,Gisela Taboada Pera,2021-04-19,nuevo,1
102201,Amaya Macías Mendoza,2023-08-14,nuevo,0
100099,Iris Molina Alegria,2024-01-01,nuevo,1
102558,Amanda Calderon,2023-10-01,nuevo,0
111376,Adelina Chelo Naranjo Jaume,2022-03-31,nuevo,0
108446,Heraclio Villegas Gras,2022-06-19,regular,2
112116,Basilio Torralba-Nieto,2023-10-19,nuevo,0
104200,Carina Lastra Martin,2023-02-13,nuevo,0
109638,Joaquín Saldaña,2022-02-24,nuevo,1
105540,Venceslás Bonilla Casanova,2021-02-10,nuevo,0
101649,Geraldo del Díaz,2024-03-13,nuevo,0
112875,María Carmen Polo Paz,2022-10-02,nuevo,0
112916,Ester del Sarabia,2023-10-08,nuevo,0
112184,Borja Pardo Murillo,2020-06-04,nuevo,1
109889,Augusto Castro Bauzà,2022-12-14,regular,2
111384,Lupita Pastor,2020-05-10,nuevo,0
106198,Matías Artigas Mariscal,2020-09-14,nuevo,1
106296,Vinicio Sainz Fajardo,2020-06-03,nuevo,0
104500,Anna Bayón-Torre,2023-06-26,nuevo,1
101155,Germán Rivera-Sureda,2022-10-01,nuevo,0
102256,Albert Gallardo Echeverría,2022-03-20,nuevo,0
115152,Feliciana Arjona Ugarte,2024-04-15,nuevo,1
109875,Edelmira Canals Maldonado,2021-09-01,nuevo,0
103171,Nacho del Ugarte,2020-08-03,nuevo,0
107401,Hipólito Barón Moliner,2023-05-09,nuevo,1
110249,Noelia Priscila Porcel Guerrero,2024-06-30,nuevo,0
107159,Candelaria Mena-Tapia,2020-09-03,nuevo,0
112283,Luis Ángel Ropero,2023-10-31,regular,2
103109,Lupe Lopez Fabra,2022-03-05,nuevo,0
104549,Amalia Jerez-Canals,2023-04-19,nuevo,0
111916,Albert Fortuny Martin,2024-06-27,nuevo,0
114590,Itziar Bárcena,2020-05-05,regular,2
105424,María Carmen Montesinos-Caballero,2020-12-03,nuevo,0
102050,Silvestre de Herrero,2023-12-06,regular,2
113169,Alejandro Belda Arjona,2023-02-27,nuevo,1
111836,Fulgencio Serna Alcalde,2022-09-22,nuevo,0
109209,Juan José Alfonso Castell,2022-08-10,nuevo,0
108816,Evita Jaume,2023-09-06,nuevo,1
114682,Aristides Pozuelo Nuñez,2023-08-09,nuevo,0
114076,Jessica Cornejo Guerra,2022-08-15,nuevo,0
100263,Milagros Fuertes Salamanca,2021-05-31,nuevo,1
113923,Adalberto Águila,2020-06-14,nuevo,1
111562,Teodosio Castelló Saura,2021-08-17,nuevo,1
104062,Trinidad Cabello Garcia,2024-05-26,nuevo,1
105535,Nélida Infante Bilbao,2021-12-26,nuevo,0
114487,Carmelo Bauzà,2021-09-19,nuevo,0
114258,Marta Novoa Cal,2021-01-16,regular,2
106617,Fátima Herranz Andreu,2020-10-07,nuevo,0
108121,Crescencia de Barrena,2022-06-23,nuevo,0
108156,María Manuela Arnau Cabrera,2022-05-19,nuevo,0
101803,Casandra Barón Castells,2023-08-22,nuevo,0
104737,Ileana Ofelia Paredes Fuentes,2020-12-10,nuevo,0
102386,Aureliano Benavente Avilés,2022-02-06,regular,3
106695,Ricardo Blanca-Lladó,2024-06-17,nuevo,0
105760,Omar Castell-Pulido,2021-05-11,nuevo,0
102977,Yésica Reguera Gimenez,2022-09-06,nuevo,1
108681,Perla Barros Verdejo,2021-10-04,nuevo,0
101844,Ester Manzanares Priego,2021-03-15,nuevo,0
101735,Pastor Toni Andrés Buendía,2024-02-22,nuevo,1
102912,Valentín Berrocal,2020-08-08,nuevo,0
111412,Inocencio Mulet Boada,2021-07-25,regular,2
108339,Luna Feliu Abellán,2024-07-10,nuevo,0
113823,Jovita Marti Casado,2020-11-06,nuevo,0
101987,Tadeo Sigfrido Lladó Pina,2020-09-28,nuevo,0
109562,Morena Oller Cervera,2022-04-30,nuevo,0
106547,Samuel Amaya,2021-05-07,nuevo,0
114244,Dionisio Andrade,2022-10-12,nuevo,0
107099,Lourdes Marisol Codina Guzman,2023-05-12,nuevo,0
102812,Cristóbal Mur-Paniagua,2021-11-24,nuevo,0
100660,Beatriz Ángel,2022-04-25,nuevo,0
109987,Nerea Alvarado Escribano,2021-05-04,nuevo,1
102512,María Teresa Salazar Mendoza,2021-12-02,nuevo,1
111590,Regina Haro Cifuentes,2023-03-07,nuevo,1
104283,Elena Menéndez,2023-11-10,nuevo,0
109340,Ibán Clavero Pombo,2020-05-31,nuevo,0
111465,Ágata Buendía Falcón,2023-04-06,nuevo,0
108801,Venceslás Cecilio Martin Quiroga,2022-10-06,nuevo,0
101494,Xavier Coronado Tudela,2022-09-22,premium,8
112664,Diego Arana,2024-07-27,nuevo,0
112838,Francisca Chacón Sáenz,2023-02-25,premium,14
109203,Clemente Gibert Pinto,2021-09-08,regular,6
112921,Cloe Gisbert-Sáez,2020-04-11,regular,6
106073,Celestino Canales Gomis,2022-04-11,premium,8
104916,Charo Zoraida Marin Marin,2021-12-15,nuevo,0
104916,Charo Zoraida Marin Marin,2021-12-15,nuevo,0
111182,Sandra Abad Ortiz,2023-05-22,nuevo,1
115119,Miguel Ángel Campillo Guardiola,2020-11-28,premium,8
105752,Calixta Gutiérrez-Cantero,2023-11-15,premium,13
110071,Timoteo Torrecilla,2022-01-16,nuevo,1
110955,Jose Francisco del Zorrilla,2020-07-24,nuevo,1
100114,Paulina Cervera Carrera,2023-02-03,premium,7
115047,Rosalina Carlos Pozo,2021-09-30,nuevo,0
105469,Pastora Benavent Borrego,2022-12-21,nuevo,0
100595,Lina Torrent Polo,2022-12-12,regular,2
111522,Lorenzo Bautista Beltran,2020-12-28,nuevo,1
104780,Susana Julie Cobos Salvador,2024-06-10,premium,7
104917,Priscila Marqués Villar,2021-09-12,nuevo,0
110270,Modesta Clara Rodríguez Madrid,2021-06-16,nuevo,0
107828,María Noemí Santos Goñi,2022-03-06,nuevo,1
103983,Bernardino Puga Pedro,2022-01-28,nuevo,0
110336,Jose Ignacio Teruel-Perales,2023-05-29,nuevo,1
107940,Alejandra Griselda Luz Gabaldón,2020-05-03,nuevo,1
106084,Begoña Pastor Carreras,2020-03-11,nuevo,0
104994,Mohamed Wálter Gomila Planas,2021-02-02,premium,10
102677,Juan Antonio Gomila Blasco,2021-07-09,premium,9
113829,Bautista Madrid Meléndez,2020-04-04,regular,2
103577,Arsenio Pavón Rozas,2020-11-04,regular,4
112849,Sara del Alberdi,2022-07-19,regular,2
109655,Ángela Castellanos Alberto,2020-09-02,nuevo,0
103303,Irene Lorenzo,2021-09-12,nuevo,0
101514,Ariel Yáñez Bravo,2020-10-23,nuevo,0
100502,Severo Álvaro Barrena,2023-07-15,nuevo,1
109581,Edgardo Merino,2021-11-11,regular,2
114308,Rodrigo del Anglada,2024-08-07,nuevo,0
102037,Rolando Nilo Prado Hierro,2024-03-25,nuevo,0
105181,Celia Encarnacion Vicens Pi,2021-12-06,nuevo,0
108816,Evita Jaume,2023-09-06,nuevo,1
113264,Toribio Ramirez Neira,2020-10-05,nuevo,0
106303,Virginia Anita Pereira Saavedra,2021-01-09,nuevo,0
107626,Pilar Daza Posada,2020-07-12,nuevo,1
113229,Saturnino Jose Manuel Agullo Gárate,2024-08-21,nuevo,0
100708,Odalys Hidalgo Frutos,2022-12-06,nuevo,1
110206,Gema Contreras Agullo,2022-08-05,nuevo,0
103401,Telmo Avilés-Royo,2022-04-19,regular,2
112844,Amado Marin Velázquez,2021-01-20,nuevo,1
111247,Hilario Bastida,2022-08-02,nuevo,0
112710,Carla del Herrera,2024-08-27,nuevo,0
110887,Reyes Cortés,2021-02-13,nuevo,1
100960,Anna Sanmiguel Ortega,2020-08-07,nuevo,0
108203,Evita Tamayo Pardo,2021-05-24,nuevo,0
110799,Quirino de Carrión,2020-12-17,nuevo,0
100330,Régulo Escrivá Plana,2024-03-29,regular,2
106459,Casemiro Agustí Sosa,2023-02-13,nuevo,0
102593,Rosaura Correa Jáuregui,2021-08-19,nuevo,0
112504,Angelina Manjón Dalmau,2021-05-01,nuevo,0
100178,Calixto Torrecilla Rueda,2020-10-09,regular,5
110368,Benigna Carnero Rubio,2023-08-04,nuevo,1
102544,Eliseo Alba,2024-02-29,premium,10
104621,Juan Manuel Alba Espada,2024-01-21,nuevo,1
108918,Marino Hilario García Canet,2020-12-07,nuevo,1
112144,Pili Acedo-Madrigal,2021-07-06,nuevo,0
101304,Sebastián Galván Guillén,2024-03-31,nuevo,1
102477,Flora Cózar Espejo,2020-06-23,nuevo,1
103986,Porfirio Sainz Sandoval,2023-10-20,nuevo,0
101099,Loreto Riquelme Morillo,2023-09-06,nuevo,0
102662,Clementina Batlle Belda,2022-07-18,regular,2
110236,Pepito Carnero Galván,2022-05-07,nuevo,0
110252,Eloísa Estefanía Reguera Pou,2020-06-16,nuevo,0
112196,Martín Duran Valdés,2020-08-31,nuevo,0
111050,Viviana Belmonte Cueto,2021-12-21,nuevo,1
108000,Melania Barco Nevado,2021-03-21,nuevo,0
105308,María Belén Alcalde Vergara,2022-02-28,nuevo,0
104794,Albert Benito Córdoba,2022-01-31,nuevo,0
108950,Pelayo Castells Cantero,2024-02-26,nuevo,0
106929,Cosme Sanmartín Lasa,2023-04-27,nuevo,0
106929,Cosme Sanmartín Lasa,2023-04-27,nuevo,0
108204,Esperanza Rocamora-Hervia,2022-07-10,nuevo,1
100853,Gertrudis Julieta Almeida Acevedo,2023-11-21,nuevo,0
104589,Aureliano Ródenas-Vergara,2020-11-16,nuevo,1
112959,Mariana Roxana Fabra Carreño,2022-03-08,regular,6
113757,Lucila Mata,2021-12-11,nuevo,1
113232,Rico Orozco-Daza,2023-08-14,regular,2
114336,Ricardo Taboada-Manuel,2022-12-23,regular,2
102607,Rubén Tudela Casanova,2024-06-26,nuevo,0
106413,Rosalina Villalba Ibáñez,2023-11-14,nuevo,0
105911,Chus Rocamora Morcillo,2021-08-14,regular,6
101571,Mirta Frías Baena,2022-04-10,regular,2
107658,Jorge Cáceres Ferrer,2022-08-19,nuevo,0
110717,Hortensia Cloe Echeverría Gomis,2023-06-18,nuevo,1
112666,Dulce Martina Melero Martinez,2023-05-18,regular,4
103317,Néstor Iglesia Oliva,2023-09-22,premium,11
100367,Adalberto Gaspar Lumbreras Puig,2022-11-03,nuevo,0
110460,Natividad Duran-Arenas,2024-04-16,nuevo,0
101729,Tania Valbuena,2022-06-25,nuevo,1
105728,Flavia Tudela Bravo,2024-06-19,nuevo,0
100893,Estela Busquets Gomila,2021-09-19,nuevo,0
113017,Consuelo Briones-Lasa,2024-06-20,nuevo,0
107562,Esperanza Yuste Rivero,2023-10-28,nuevo,0
105913,Alex Ros Gascón,2020-09-20,nuevo,0
108242,Amado Asenjo-Araujo,2020-09-05,nuevo,1
106469,Celestina Benítez Morell,2023-12-18,nuevo,0
114178,Balduino Peña Santana,2022-08-22,nuevo,0
102209,Silvio Pareja Carretero,2022-04-01,nuevo,1
111821,Joaquín Jerez-Mata,2020-11-22,regular,6
104430,Renata Mas Barral,2022-02-15,regular,6
106733,Reyna Figueras Escobar,2022-03-28,nuevo,0
103542,Sancho Cerro Palomares,2023-05-26,nuevo,0
104085,Dora Borrell,2020-11-25,nuevo,0
100860,María Jesús Rubio Tejedor,2021-02-26,nuevo,1
107523,Gloria Ordóñez-Gonzalez,2024-03-04,nuevo,0
114980,Belen del Cuéllar,2021-04-30,premium,9
100686,Eladio Vives,2021-01-12,nuevo,1
114765,Águeda Luján Almazán,2021-12-28,nuevo,0
104834,Chus Cabrero Cervantes,2023-01-15,nuevo,0
104118,Eli Aragonés Villalba,2021-06-18,nuevo,0
104172,Lupe Meléndez Acevedo,2023-09-20,nuevo,0
109116,Lourdes Coca,2021-10-02,premium,7
104784,Patricia Azcona,2020-10-24,nuevo,1
111232,Maxi Nerea Sala Diego,2021-12-29,regular,2
104795,Horacio Belmonte Garrido,2022-06-04,regular,6
110225,América Galván Esteve,2020-10-30,nuevo,0
105260,Belen Plaza Hernandez,2023-11-26,nuevo,0
110194,Severiano Palomino,2021-05-02,nuevo,0
104833,Tristán Campoy Cortina,2022-05-16,nuevo,1
102263,Cirino Gomez Alberola,2023-01-04,nuevo,0
101117,Aurora Blanch-Mulet,2023-01-04,nuevo,1
102256,Albert Gallardo Echeverría,2022-03-20,nuevo,0
112671,Isidora Ropero Nieto,2023-07-07,nuevo,1
108013,Augusto Palomares-Cadenas,2020-11-19,nuevo,1
106222,Andrea Márquez Ávila,2023-10-06,regular,2
106654,Blanca Llano Fabra,2022-07-02,nuevo,0
101973,América Pedrero,2023-05-27,nuevo,0
101853,Cruz Trillo Izquierdo,2021-11-17,regular,2
100642,Cecilia Herrero Trillo,2021-12-03,nuevo,1
114261,Agustín Heredia Escudero,2022-03-16,regular,2
110870,Jorge Martín,2021-10-07,regular,6
112389,Quique Noguera Amorós,2023-10-17,nuevo,1
100297,Fito Portillo Piquer,2020-06-09,nuevo,0
105260,Belen Plaza Hernandez,2023-11-26,nuevo,0
103649,Leonor Baeza Barco,2020-05-22,nuevo,1
111076,Jovita Llopis Martin,2024-03-01,premium,9
102181,Nicolasa Varela Pinedo,2024-06-24,nuevo,0
111864,Francisco Javier Solsona Oliveras,2023-08-06,premium,8
108562,Aureliano Cirino Martín Coello,2023-03-26,nuevo,1
104385,Lope Simó Carballo,2021-04-05,nuevo,1
102780,Corona Alegria Santamaria,2020-12-24,nuevo,0
113995,Anastasio Nico Tirado Olivera,2021-04-20,nuevo,0
111890,Andrea del Páez,2020-06-10,nuevo,1
108710,Imelda Durán Guardia,2023-12-19,premium,10
108955,Fausto Cardona Badía,2021-08-01,nuevo,1
101090,Abel Barragán Almeida,2020-11-19,nuevo,0
108693,Celso Uribe,2023-11-01,premium,9
109543,Jose Angel Urrutia Andreu,2024-01-19,nuevo,1
109604,Domitila Perez Luís,2023-01-28,regular,2
105723,Carlito Martinez Valdés,2021-10-29,nuevo,0
111544,Jacinta Rico Cano,2022-12-04,nuevo,1
107459,Hilario Cid Goñi,2020-09-14,premium,15
103991,Lalo Gabino Guerra Puente,2024-07-08,nuevo,0
107065,Haroldo Bolaños-Montero,2024-08-06,nuevo,0
101698,Mayte Acedo-Olivera,2024-01-29,premium,8
104937,Marc Pérez Pedrero,2020-04-15,nuevo,0
103121,Cosme Benítez-Acero,2024-08-08,premium,8
111276,Godofredo Palomar Barriga,2020-07-11,premium,15
111276,Godofredo Palomar Barriga,2020-07-11,premium,15
109014,Amor Ángela González Jara,2021-01-29,nuevo,0
105338,Emma Íngrid Jara Neira,2021-11-21,nuevo,0
110620,Paloma Carreño Villar,2023-11-30,nuevo,0
108516,Julieta Delgado Luján,2021-07-13,premium,9
103537,Mireia Alemán Arnal,2022-02-21,nuevo,0
105291,Chita Campoy Sebastián,2022-09-23,nuevo,0
109813,Sandalio Duarte Solís,2021-08-25,premium,9
103008,Etelvina Valentín Barros,2022-07-17,nuevo,0
103008,Etelvina Valentín Barros,2022-07-17,nuevo,0
113540,Evangelina Calzada,2024-01-21,premium,10
100857,Adrián de Salvador,2023-02-14,nuevo,1
112890,Haydée Gibert Rivas,2022-06-11,nuevo,0
103430,Timoteo López Peñas,2022-09-09,premium,13
106199,Moreno Prat-Albero,2020-09-27,regular,3
112068,Martín de Puerta,2023-06-17,nuevo,0
108343,Adelaida de Campillo,2021-02-20,nuevo,0
110942,Carmen Valls Artigas,2022-04-14,premium,10
108614,Jacinto Vilanova Carreño,2022-03-03,nuevo,0
107287,Gerardo Cañellas Albero,2022-07-30,nuevo,1
110899,Borja Flores Bustos,2024-06-29,nuevo,0
106583,Isaura Guitart Valle,2024-07-31,regular,3
105160,Candelario Bermudez,2020-06-30,nuevo,1
105500,Primitiva Chaparro Riera,2023-08-26,nuevo,1
101206,Anunciación Marquez Nadal,2021-05-24,nuevo,0
109415,Carla del Bautista,2024-03-25,nuevo,0
111066,Anna de Viana,2021-07-30,premium,9
100085,Eladio Miralles Alberola,2023-11-30,nuevo,1
106679,Donato Torrijos Donaire,2023-09-02,nuevo,0
103395,María Fernanda Reina Blanca,2023-02-02,nuevo,1
105664,Toribio Carpio,2023-02-07,nuevo,0
109011,José Martinez Montaña,2021-11-13,nuevo,0
109011,José Martinez Montaña,2021-11-13,nuevo,0
113927,Odalys Maite Castelló Robles,2023-03-13,nuevo,0
101494,Xavier Coronado Tudela,2022-09-22,premium,8
104756,Zaida Lladó Durán,2021-12-25,nuevo,0
102851,Aníbal Emilio Escribano Gisbert,2024-07-05,nuevo,0
110952,Consuela Quero,2021-09-11,nuevo,0
110961,Sandalio Puig,2022-12-28,nuevo,0
109887,Carmelita Corominas Pedrosa,2021-11-01,premium,12
102717,Emilia Cisneros Mayoral,2022-01-23,nuevo,0
110059,Eutimio España-Alegre,2020-03-12,nuevo,0
114909,Eduardo Juan Luis Coll Rovira,2020-07-17,nuevo,0
103547,Kike del Bellido,2023-07-06,nuevo,1
102833,Jenaro Pareja Pareja,2022-10-13,nuevo,0
114072,Epifanio Ayuso Nevado,2021-03-31,regular,6
106707,Isa Rueda Montesinos,2023-03-17,regular,6
107433,Nerea Llobet Bernat,2020-11-09,nuevo,0
106259,Anabel Tejero,2023-07-07,nuevo,1
109835,Roberta Mayo Carranza,2022-01-05,regular,5
109835,Roberta Mayo Carranza,2022-01-05,regular,5
115139,Kike Mulet Robles,2022-09-30,nuevo,0
103614,Aroa Crespo Tejada,2023-09-22,regular,6
102121,Carmina Mateos Bellido,2023-04-18,nuevo,1
108077,Petrona Martinez-Morante,2021-12-09,premium,11
107692,Ágata Codina Leon,2024-08-15,nuevo,1
107692,Ágata Codina Leon,2024-08-15,nuevo,1
104326,Chelo Calzada Miguel,2021-03-20,nuevo,1
100056,Lucio del Pacheco,2020-08-21,regular,2
106963,Inés Benito Cámara,2023-07-03,regular,6
110066,Vito Armengol Rius,2021-04-05,nuevo,1
100896,Amador Quintanilla Ángel,2023-11-19,regular,2
113066,Teo Hernandez Font,2023-06-22,regular,3
108951,Luciano de Madrigal,2021-12-07,nuevo,0
102632,Sofía Bertrán,2024-03-21,nuevo,0
113297,Bernarda Narcisa Carmona Nebot,2022-11-01,nuevo,0
101375,Eugenio Calvet Calleja,2023-12-28,nuevo,1
107739,Osvaldo de Amigó,2022-08-11,nuevo,1
112917,Fanny Cañas Olmo,2023-03-10,nuevo,0
110207,Cloe Jove Pacheco,2020-09-26,regular,6
106560,Felix Terrón Pizarro,2021-03-28,nuevo,0
109397,Narciso Barros Carretero,2021-01-18,regular,6
105041,Inés Elisabet Quintana Valera,2020-07-21,premium,7
100741,Delia Pizarro Arribas,2020-08-30,nuevo,0
105549,Maricela Cabezas-Arenas,2021-02-27,nuevo,0
105176,Amado Toro Becerra,2024-06-21,regular,3
111064,María Jesús Lupe Mateu Fabra,2023-11-23,nuevo,1
105030,Eutropio Álvarez Soler,2021-06-30,nuevo,1
101065,Albina Carballo-Quero,2021-08-10,nuevo,0
109979,Esperanza Aznar Almazán,2021-03-10,premium,10
100719,Tito Lucena Campo,2022-02-07,nuevo,0
104602,Tomás Gutierrez Benet,2024-01-29,nuevo,0
109774,Otilia Valcárcel Correa,2023-07-02,nuevo,0
102424,Lucas Cabañas Calatayud,2024-06-11,nuevo,0
102090,Rosario Rodríguez-Ayuso,2021-05-06,nuevo,0
109388,Ángel Barrera Cobos,2021-04-25,nuevo,0
104923,Adelia Cuevas-Cabrera,2023-10-13,nuevo,0
104895,Ceferino de Martí,2023-08-05,premium,7
102196,Ismael Carbajo Camino,2024-06-20,regular,2
103630,Odalys del Zabaleta,2021-12-12,nuevo,1
112896,Azeneth Chus Ortuño Montalbán,2024-07-16,nuevo,1
108328,Adriana Bastida Alberto,2021-12-07,nuevo,1
102164,Jessica de Tenorio,2023-02-24,nuevo,0
113989,Gabino Losa Sevilla,2020-07-20,nuevo,0
110759,Petrona de Figuerola,2023-09-15,nuevo,1
111601,Yéssica Blazquez-Ordóñez,2020-12-30,regular,4
107217,Dan Aguilera Juliá,2022-06-01,nuevo,1
100616,Zoraida Daza Uriarte,2020-09-22,nuevo,0
111642,Luis Miguel Peñas Saavedra,2022-03-24,nuevo,0
108203,Evita Tamayo Pardo,2021-05-24,nuevo,0
108300,Juan Manuel Baquero Ramón,2020-10-15,premium,9
106494,Rico Luna Ródenas,2023-03-12,nuevo,0
113991,Plácido Prat Asenjo,2020-12-20,nuevo,1
105136,Moreno Montoya Batalla,2020-12-29,regular,2
105908,Ovidio Vila Berenguer,2021-07-10,nuevo,1
104379,Plinio José Ángel Sabater Beltrán,2022-04-01,nuevo,0
101922,Nieves Zabaleta,2023-05-20,premium,8
101922,Nieves Zabaleta,2023-05-20,premium,8
102822,Adolfo Renato Acevedo Camps,2020-12-03,regular,2
114311,Evelia del Calzada,2023-04-11,nuevo,0
108396,Juan Bautista Hernando Barral,2020-08-09,premium,12
102326,Basilio Marín Pulido,2021-03-15,regular,3
110848,Elisabet Borrego Navarro,2022-09-05,nuevo,0
113805,Jesús Amores Quirós,2021-06-05,nuevo,0
111681,Elisa Cecilia Benet Goicoechea,2020-08-04,nuevo,0
100909,Emiliano Benito Salamanca,2023-07-27,regular,5
102683,Julio César Riquelme Lumbreras,2023-07-21,nuevo,1
113792,Félix Cepeda Bastida,2023-10-25,nuevo,0
106292,Seve Berrocal Robles,2022-06-13,nuevo,0
110014,Emma Asenjo Ledesma,2021-04-07,nuevo,0
100206,Úrsula de Sáez,2023-09-16,nuevo,1
112767,Mariano Guzmán Sáez,2021-07-19,nuevo,0
107043,Maximiliano Araujo Espejo,2024-07-14,premium,15
107881,Amalia España,2020-04-28,nuevo,1
105799,Rosalinda Trujillo-Zabaleta,2020-03-12,nuevo,0
109949,Lorena Almeida-Vargas,2020-04-01,regular,2
110377,Irma Olivé Moya,2024-03-06,regular,2
107330,Ildefonso Antúnez Perales,2021-08-18,nuevo,1
112176,Rubén Daza Rubio,2020-12-10,nuevo,0
113469,Graciano Mayoral Alvarado,2020-12-27,nuevo,0
103200,Jose Antonio Aramburu Marin,2020-09-19,nuevo,1
102447,José Mari Alcolea Cabanillas,2023-07-18,nuevo,1
106799,Obdulia Manrique Duarte,2022-04-03,nuevo,1
112394,Fabián Cabello Yáñez,2022-01-20,nuevo,0
111456,Susana Verdejo Rodriguez,2024-05-31,nuevo,0
100824,Cristian Serrano Mínguez,2021-01-26,regular,2
115212,Carolina Palau Toledo,2024-02-16,nuevo,0
107407,Calista Dominguez Benavent,2021-01-06,nuevo,0
110506,Lorena Lago Peña,2022-05-19,premium,7
115067,Paula Coloma Manzanares,2024-06-05,regular,5
105200,René Escrivá Priego,2022-07-24,nuevo,1
113520,Anna del Ávila,2020-05-30,nuevo,0
109213,Olalla Andreu Larrañaga,2021-08-03,premium,7
